version,source,caller,caller_occurrence,caller_va,callee,callee_va,call_sites
5.5.00,crt1.c,_gnu_exception_handler@4,0,0x00401000,_fpreset,0x00431260,1
5.5.00,crt1.c,_gnu_exception_handler@4,0,0x00401000,signal,0x00432520,6
5.5.00,crt1.c,__mingw_CRTStartup,0,0x00401150,main,0x00431110,1
5.5.00,crt1.c,__mingw_CRTStartup,0,0x00401150,_pei386_runtime_relocator,0x00431230,1
5.5.00,crt1.c,__mingw_CRTStartup,0,0x00401150,_fpreset,0x00431260,1
5.5.00,crt1.c,__mingw_CRTStartup,0,0x00401150,_cexit,0x00432500,1
5.5.00,crt1.c,__mingw_CRTStartup,0,0x00401150,__p__environ,0x00432510,1
5.5.00,crt1.c,__mingw_CRTStartup,0,0x00401150,__p__fmode,0x00432530,1
5.5.00,crt1.c,__mingw_CRTStartup,0,0x00401150,_setmode,0x00432540,3
5.5.00,crt1.c,__mingw_CRTStartup,0,0x00401150,__getmainargs,0x00432550,1
5.5.00,crt1.c,__mingw_CRTStartup,0,0x00401150,SetUnhandledExceptionFilter@4,0x00432980,1
5.5.00,crt1.c,__mingw_CRTStartup,0,0x00401150,ExitProcess@4,0x00432990,1
5.5.00,crt1.c,mainCRTStartup,0,0x00401270,__mingw_CRTStartup,0x00401150,1
5.5.00,crt1.c,WinMainCRTStartup,0,0x00401290,__mingw_CRTStartup,0x00401150,1
5.5.00,async.cpp,async::set_timeout(long),0,0x004012E0,SetCommTimeouts@8,0x004329A0,1
5.5.00,async.cpp,"async::async(int, long, long, int, int)",0,0x00401330,operator new(unsigned int),0x0042C8A0,1
5.5.00,async.cpp,"async::async(int, long, long, int, int)",0,0x00401330,sprintf,0x00432560,1
5.5.00,async.cpp,"async::async(int, long, long, int, int)",0,0x00401330,MessageBoxA@16,0x00432760,1
5.5.00,async.cpp,"async::async(int, long, long, int, int)",0,0x00401330,SetCommTimeouts@8,0x004329A0,1
5.5.00,async.cpp,"async::async(int, long, long, int, int)",0,0x00401330,CreateFileA@28,0x004329B0,1
5.5.00,async.cpp,"async::async(int, long, long, int, int)",0,0x00401330,GetCommState@8,0x004329C0,1
5.5.00,async.cpp,"async::async(int, long, long, int, int)",0,0x00401330,SetupComm@12,0x004329D0,1
5.5.00,async.cpp,"async::async(int, long, long, int, int)",0,0x00401330,CloseHandle@4,0x004329E0,1
5.5.00,async.cpp,"async::async(int, long, long, int, int)",0,0x00401330,SetCommState@8,0x004329F0,1
5.5.00,async.cpp,"async::async(int, long, long, int, int)",0,0x00401330,GetCommModemStatus@8,0x00432A00,1
5.5.00,async.cpp,"async::async(int, long, long, int, int)",1,0x00401520,operator new(unsigned int),0x0042C8A0,1
5.5.00,async.cpp,"async::async(int, long, long, int, int)",1,0x00401520,sprintf,0x00432560,1
5.5.00,async.cpp,"async::async(int, long, long, int, int)",1,0x00401520,MessageBoxA@16,0x00432760,1
5.5.00,async.cpp,"async::async(int, long, long, int, int)",1,0x00401520,SetCommTimeouts@8,0x004329A0,1
5.5.00,async.cpp,"async::async(int, long, long, int, int)",1,0x00401520,CreateFileA@28,0x004329B0,1
5.5.00,async.cpp,"async::async(int, long, long, int, int)",1,0x00401520,GetCommState@8,0x004329C0,1
5.5.00,async.cpp,"async::async(int, long, long, int, int)",1,0x00401520,SetupComm@12,0x004329D0,1
5.5.00,async.cpp,"async::async(int, long, long, int, int)",1,0x00401520,CloseHandle@4,0x004329E0,1
5.5.00,async.cpp,"async::async(int, long, long, int, int)",1,0x00401520,SetCommState@8,0x004329F0,1
5.5.00,async.cpp,"async::async(int, long, long, int, int)",1,0x00401520,GetCommModemStatus@8,0x00432A00,1
5.5.00,async.cpp,async::~async(),0,0x00401710,CloseHandle@4,0x004329E0,1
5.5.00,async.cpp,async::~async(),1,0x00401750,CloseHandle@4,0x004329E0,1
5.5.00,async.cpp,async::close(),0,0x00401790,CloseHandle@4,0x004329E0,1
5.5.00,async.cpp,async::flush_buffer(),0,0x004017C0,PurgeComm@8,0x00432A10,1
5.5.00,async.cpp,"async::write(char*, int)",0,0x004017F0,WriteFile@20,0x00432A20,1
5.5.00,async.cpp,async::read_char(char*),0,0x00401860,ReadFile@20,0x00432A30,1
5.5.00,async.cpp,async::read_string(char*),0,0x00401900,ReadFile@20,0x00432A30,1
5.5.00,Bixby110chkdlg.cpp,bixby110checkout::bixby110checkout(),0,0x00401A60,bixby110io::bixby110io(),0x00408760,1
5.5.00,Bixby110chkdlg.cpp,bixby110checkout::bixby110checkout(),0,0x00401A60,bixby110io::~bixby110io(),0x004087A0,1
5.5.00,Bixby110chkdlg.cpp,bixby110checkout::bixby110checkout(),0,0x00401A60,dlgelement::dlgelement(),0x00421C70,18
5.5.00,Bixby110chkdlg.cpp,bixby110checkout::bixby110checkout(),0,0x00401A60,operator delete(void*),0x0042C880,1
5.5.00,Bixby110chkdlg.cpp,bixby110checkout::bixby110checkout(),0,0x00401A60,operator new(unsigned int),0x0042C8A0,18
5.5.00,Bixby110chkdlg.cpp,bixby110checkout::bixby110checkout(),0,0x00401A60,_Unwind_SjLj_Register,0x00431790,1
5.5.00,Bixby110chkdlg.cpp,bixby110checkout::bixby110checkout(),0,0x00401A60,_Unwind_SjLj_Unregister,0x00431870,1
5.5.00,Bixby110chkdlg.cpp,bixby110checkout::bixby110checkout(),0,0x00401A60,_Unwind_SjLj_Resume,0x00431E50,1
5.5.00,Bixby110chkdlg.cpp,bixby110checkout::bixby110checkout(),1,0x00402070,bixby110io::bixby110io(),0x00408760,1
5.5.00,Bixby110chkdlg.cpp,bixby110checkout::bixby110checkout(),1,0x00402070,bixby110io::~bixby110io(),0x004087A0,1
5.5.00,Bixby110chkdlg.cpp,bixby110checkout::bixby110checkout(),1,0x00402070,dlgelement::dlgelement(),0x00421C70,18
5.5.00,Bixby110chkdlg.cpp,bixby110checkout::bixby110checkout(),1,0x00402070,operator delete(void*),0x0042C880,1
5.5.00,Bixby110chkdlg.cpp,bixby110checkout::bixby110checkout(),1,0x00402070,operator new(unsigned int),0x0042C8A0,18
5.5.00,Bixby110chkdlg.cpp,bixby110checkout::bixby110checkout(),1,0x00402070,_Unwind_SjLj_Register,0x00431790,1
5.5.00,Bixby110chkdlg.cpp,bixby110checkout::bixby110checkout(),1,0x00402070,_Unwind_SjLj_Unregister,0x00431870,1
5.5.00,Bixby110chkdlg.cpp,bixby110checkout::bixby110checkout(),1,0x00402070,_Unwind_SjLj_Resume,0x00431E50,1
5.5.00,Bixby110chkdlg.cpp,bixby110checkout::~bixby110checkout(),0,0x00402680,bixby110io::~bixby110io(),0x004087A0,2
5.5.00,Bixby110chkdlg.cpp,bixby110checkout::~bixby110checkout(),0,0x00402680,dlgelement::~dlgelement(),0x00421C90,18
5.5.00,Bixby110chkdlg.cpp,bixby110checkout::~bixby110checkout(),0,0x00402680,operator delete(void*),0x0042C880,18
5.5.00,Bixby110chkdlg.cpp,bixby110checkout::~bixby110checkout(),0,0x00402680,_Unwind_SjLj_Register,0x00431790,1
5.5.00,Bixby110chkdlg.cpp,bixby110checkout::~bixby110checkout(),0,0x00402680,_Unwind_SjLj_Unregister,0x00431870,1
5.5.00,Bixby110chkdlg.cpp,bixby110checkout::~bixby110checkout(),0,0x00402680,_Unwind_SjLj_Resume,0x00431E50,1
5.5.00,Bixby110chkdlg.cpp,bixby110checkout::~bixby110checkout(),1,0x00402B60,bixby110io::~bixby110io(),0x004087A0,2
5.5.00,Bixby110chkdlg.cpp,bixby110checkout::~bixby110checkout(),1,0x00402B60,dlgelement::~dlgelement(),0x00421C90,18
5.5.00,Bixby110chkdlg.cpp,bixby110checkout::~bixby110checkout(),1,0x00402B60,operator delete(void*),0x0042C880,18
5.5.00,Bixby110chkdlg.cpp,bixby110checkout::~bixby110checkout(),1,0x00402B60,_Unwind_SjLj_Register,0x00431790,1
5.5.00,Bixby110chkdlg.cpp,bixby110checkout::~bixby110checkout(),1,0x00402B60,_Unwind_SjLj_Unregister,0x00431870,1
5.5.00,Bixby110chkdlg.cpp,bixby110checkout::~bixby110checkout(),1,0x00402B60,_Unwind_SjLj_Resume,0x00431E50,1
5.5.00,Bixby110chkdlg.cpp,bixby110checkout::ChkStop(),0,0x00403040,pushbutton::WasPushed(),0x00422910,1
5.5.00,Bixby110chkdlg.cpp,bixby110checkout::SendInteractiveAction(int),0,0x00403070,"TimeDelay(HWND__*, unsigned int)",0x00408040,2
5.5.00,Bixby110chkdlg.cpp,bixby110checkout::SendInteractiveAction(int),0,0x00403070,"bixby110io::writereg(unsigned char, unsigned char, unsigned char)",0x00409530,1
5.5.00,Bixby110chkdlg.cpp,bixby110checkout::SendInteractiveAction(int),0,0x00403070,"bixby110io::readreg(unsigned char, unsigned char)",0x00409570,2
5.5.00,Bixby110chkdlg.cpp,bixby110checkout::SendInteractiveAction(int),0,0x00403070,bixby110io::getCMDbuf(unsigned char),0x004095E0,1
5.5.00,Bixby110chkdlg.cpp,bixby110checkout::SendInteractiveAction(int),0,0x00403070,bixby110io::CollectResponse(),0x00409690,1
5.5.00,Bixby110chkdlg.cpp,bixby110checkout::SendInteractiveAction(int),0,0x00403070,sprintf,0x00432560,1
5.5.00,Bixby110chkdlg.cpp,bixby110checkout::ReadInteractiveResult(int),0,0x00403270,"TimeDelay(HWND__*, unsigned int)",0x00408040,2
5.5.00,Bixby110chkdlg.cpp,bixby110checkout::ReadInteractiveResult(int),0,0x00403270,"bixby110io::readreg(unsigned char, unsigned char)",0x00409570,3
5.5.00,Bixby110chkdlg.cpp,bixby110checkout::AnalyzeInteractiveResult(int),0,0x00403340,"bixby110io::writereg(unsigned char, unsigned char, unsigned char)",0x00409530,1
5.5.00,Bixby110chkdlg.cpp,bixby110checkout::AnalyzeInteractiveResult(int),0,0x00403340,bixby110io::getCMDbuf(unsigned char),0x004095E0,25
5.5.00,Bixby110chkdlg.cpp,bixby110checkout::AnalyzeInteractiveResult(int),0,0x00403340,manual3checkbox::SetChecked(),0x004223C0,1
5.5.00,Bixby110chkdlg.cpp,bixby110checkout::AnalyzeInteractiveResult(int),0,0x00403340,manual3checkbox::SetUnchecked(),0x00422400,1
5.5.00,Bixby110chkdlg.cpp,bixby110checkout::SendAutomaticAction(int),0,0x00403850,"bixby110io::writereg(unsigned char, unsigned char, unsigned char)",0x00409530,2
5.5.00,Bixby110chkdlg.cpp,bixby110checkout::SendAutomaticAction(int),0,0x00403850,manual3checkbox::IsChecked(),0x004222C0,1
5.5.00,Bixby110chkdlg.cpp,bixby110checkout::SendAutomaticAction(int),0,0x00403850,manual3checkbox::IsUnchecked(),0x00422300,1
5.5.00,Bixby110chkdlg.cpp,bixby110checkout::SendAutomaticAction(int),0,0x00403850,manual3checkbox::IsIndeterminate(),0x00422340,1
5.5.00,Bixby110chkdlg.cpp,"bixby110checkout::IterativeRead(unsigned int, unsigned char, unsigned char)",0,0x00403950,"TimeDelay(HWND__*, unsigned int)",0x00408040,3
5.5.00,Bixby110chkdlg.cpp,"bixby110checkout::IterativeRead(unsigned int, unsigned char, unsigned char)",0,0x00403950,"bixby110io::writereg(unsigned char, unsigned char, unsigned char)",0x00409530,1
5.5.00,Bixby110chkdlg.cpp,"bixby110checkout::IterativeRead(unsigned int, unsigned char, unsigned char)",0,0x00403950,"bixby110io::readreg(unsigned char, unsigned char)",0x00409570,1
5.5.00,Bixby110chkdlg.cpp,"bixby110checkout::IterativeRead(unsigned int, unsigned char, unsigned char)",0,0x00403950,bixby110io::CollectResponse(),0x00409690,2
5.5.00,Bixby110chkdlg.cpp,"bixby110checkout::IterativeScan(unsigned int, unsigned char, unsigned int)",0,0x00403A30,"TimeDelay(HWND__*, unsigned int)",0x00408040,2
5.5.00,Bixby110chkdlg.cpp,"bixby110checkout::IterativeScan(unsigned int, unsigned char, unsigned int)",0,0x00403A30,bixby110io::sendcommand(char*),0x00408980,1
5.5.00,Bixby110chkdlg.cpp,"bixby110checkout::IterativeScan(unsigned int, unsigned char, unsigned int)",0,0x00403A30,bixby110io::CollectResponse(),0x00409690,1
5.5.00,Bixby110chkdlg.cpp,"bixby110checkout::IterativeScan(unsigned int, unsigned char, unsigned int)",0,0x00403A30,pushbutton::WasPushed(),0x00422910,1
5.5.00,Bixby110chkdlg.cpp,"bixby110checkout::IterativeScan(unsigned int, unsigned char, unsigned int)",0,0x00403A30,edit::Settext(char const*),0x00422DB0,1
5.5.00,Bixby110chkdlg.cpp,"bixby110checkout::IterativeScan(unsigned int, unsigned char, unsigned int)",0,0x00403A30,sprintf,0x00432560,1
5.5.00,Bixby110chkdlg.cpp,bixby110checkout::ReadAutomaticResult(int),0,0x00403D60,bixby110checkout::SendAutomaticAction(int),0x00403850,1
5.5.00,Bixby110chkdlg.cpp,bixby110checkout::ReadAutomaticResult(int),0,0x00403D60,"bixby110checkout::IterativeRead(unsigned int, unsigned char, unsigned char)",0x00403950,4
5.5.00,Bixby110chkdlg.cpp,bixby110checkout::ReadAutomaticResult(int),0,0x00403D60,"bixby110checkout::IterativeScan(unsigned int, unsigned char, unsigned int)",0x00403A30,1
5.5.00,Bixby110chkdlg.cpp,bixby110checkout::ReadAutomaticResult(int),0,0x00403D60,bixby110checkout::AnalyzeAutomaticResult(int),0x00403B50,2
5.5.00,Bixby110chkdlg.cpp,bixby110checkout::ReadAutomaticResult(int),0,0x00403D60,"TimeDelay(HWND__*, unsigned int)",0x00408040,7
5.5.00,Bixby110chkdlg.cpp,bixby110checkout::ReadAutomaticResult(int),0,0x00403D60,"bixby110io::writereg(unsigned char, unsigned char, unsigned char)",0x00409530,5
5.5.00,Bixby110chkdlg.cpp,bixby110checkout::ReadAutomaticResult(int),0,0x00403D60,"bixby110io::readreg(unsigned char, unsigned char)",0x00409570,1
5.5.00,Bixby110chkdlg.cpp,bixby110checkout::ReadAutomaticResult(int),0,0x00403D60,bixby110io::getCMDbuf(unsigned char),0x004095E0,2
5.5.00,Bixby110chkdlg.cpp,bixby110checkout::ReadAutomaticResult(int),0,0x00403D60,bixby110io::CollectResponse(),0x00409690,3
5.5.00,Bixby110chkdlg.cpp,bixby110checkout::ReadAutomaticResult(int),0,0x00403D60,manual3checkbox::SetChecked(),0x004223C0,4
5.5.00,Bixby110chkdlg.cpp,bixby110checkout::ReadAutomaticResult(int),0,0x00403D60,manual3checkbox::SetUnchecked(),0x00422400,4
5.5.00,Bixby110chkdlg.cpp,bixby110checkout::ReadAutomaticResult(int),0,0x00403D60,manual3checkbox::SetIndeterminate(),0x00422440,2
5.5.00,Bixby110chkdlg.cpp,bixby110checkout::ReadAutomaticResult(int),0,0x00403D60,pushbutton::WasPushed(),0x00422910,2
5.5.00,Bixby110chkdlg.cpp,bixby110checkout::ReadAutomaticResult(int),0,0x00403D60,edit::Settext(char const*),0x00422DB0,6
5.5.00,Bixby110chkdlg.cpp,bixby110checkout::ReadAutomaticResult(int),0,0x00403D60,sprintf,0x00432560,6
5.5.00,Bixby110chkdlg.cpp,"bixby110checkout::writeln(void*, char*)",0,0x00404480,strlen,0x00432580,1
5.5.00,Bixby110chkdlg.cpp,"bixby110checkout::writeln(void*, char*)",0,0x00404480,WriteFile@20,0x00432A20,1
5.5.00,Bixby110chkdlg.cpp,bixby110checkout::GenerateReport(),0,0x004044C0,"FormatTime(_SYSTEMTIME*, char*)",0x004082D0,1
5.5.00,Bixby110chkdlg.cpp,bixby110checkout::GenerateReport(),0,0x004044C0,bixby110io::getCMDbuf(unsigned char),0x004095E0,4
5.5.00,Bixby110chkdlg.cpp,bixby110checkout::GenerateReport(),0,0x004044C0,"bixby110io::getUnit0Data(unsigned char, char*)",0x00409CB0,11
5.5.00,Bixby110chkdlg.cpp,bixby110checkout::GenerateReport(),0,0x004044C0,"bixby110io::getCmdData(unsigned char, char*)",0x00409E60,1
5.5.00,Bixby110chkdlg.cpp,bixby110checkout::GenerateReport(),0,0x004044C0,manual3checkbox::IsChecked(),0x004222C0,3
5.5.00,Bixby110chkdlg.cpp,bixby110checkout::GenerateReport(),0,0x004044C0,manual3checkbox::IsUnchecked(),0x00422300,6
5.5.00,Bixby110chkdlg.cpp,bixby110checkout::GenerateReport(),0,0x004044C0,manual3checkbox::IsIndeterminate(),0x00422340,6
5.5.00,Bixby110chkdlg.cpp,bixby110checkout::GenerateReport(),0,0x004044C0,edit::Gettext(),0x00422D70,1
5.5.00,Bixby110chkdlg.cpp,bixby110checkout::GenerateReport(),0,0x004044C0,sprintf,0x00432560,30
5.5.00,Bixby110chkdlg.cpp,bixby110checkout::GenerateReport(),0,0x004044C0,strlen,0x00432580,43
5.5.00,Bixby110chkdlg.cpp,bixby110checkout::GenerateReport(),0,0x004044C0,strcpy,0x00432590,1
5.5.00,Bixby110chkdlg.cpp,bixby110checkout::GenerateReport(),0,0x004044C0,strcat,0x004325C0,12
5.5.00,Bixby110chkdlg.cpp,bixby110checkout::GenerateReport(),0,0x004044C0,MessageBoxA@16,0x00432760,2
5.5.00,Bixby110chkdlg.cpp,bixby110checkout::GenerateReport(),0,0x004044C0,CreateFileA@28,0x004329B0,2
5.5.00,Bixby110chkdlg.cpp,bixby110checkout::GenerateReport(),0,0x004044C0,CloseHandle@4,0x004329E0,2
5.5.00,Bixby110chkdlg.cpp,bixby110checkout::GenerateReport(),0,0x004044C0,WriteFile@20,0x00432A20,31
5.5.00,Bixby110chkdlg.cpp,bixby110checkout::GenerateReport(),0,0x004044C0,GetLocalTime@4,0x00432A40,1
5.5.00,Bixby110chkdlg.cpp,bixby110checkout::Bixby110UpdateData(),0,0x00405880,bixby110io::getCMDbuf(unsigned char),0x004095E0,5
5.5.00,Bixby110chkdlg.cpp,bixby110checkout::Bixby110UpdateData(),0,0x00405880,bixby110io::CalculateChecksum(unsigned char),0x0040A010,1
5.5.00,Bixby110chkdlg.cpp,bixby110checkout::Bixby110UpdateData(),0,0x00405880,edit::Gettext(),0x00422D70,4
5.5.00,Bixby110chkdlg.cpp,bixby110checkout::Bixby110UpdateData(),0,0x00405880,edit::Settext(char const*),0x00422DB0,6
5.5.00,Bixby110chkdlg.cpp,bixby110checkout::Bixby110UpdateData(),0,0x00405880,edit::SetBkColor(unsigned long),0x00422E40,5
5.5.00,Bixby110chkdlg.cpp,bixby110checkout::Bixby110UpdateData(),0,0x00405880,sprintf,0x00432560,6
5.5.00,Bixby110chkdlg.cpp,bixby110checkout::Bixby110UpdateData(),0,0x00405880,strcpy,0x00432590,3
5.5.00,Bixby110chkdlg.cpp,bixby110checkout::Bixby110UpdateData(),0,0x00405880,strcmp,0x004325B0,2
5.5.00,Bixby110chkdlg.cpp,bixby110checkout::Bixby110UpdateData(),0,0x00405880,strcat,0x004325C0,1
5.5.00,Bixby110chkdlg.cpp,bixby110checkout::Bixby110UpdateData(),0,0x00405880,SetWindowTextA@8,0x00432770,1
5.5.00,Bixby110chkdlg.cpp,"bixby110checkout::Bixby110SetupCheckoutInteractiveTests(int, int, int, int)",0,0x00405D00,"manual3checkbox::CreateManual3checkbox(char const*, int, int, HWND__*, HINSTANCE__*)",0x00422200,2
5.5.00,Bixby110chkdlg.cpp,"bixby110checkout::Bixby110SetupCheckoutInteractiveTests(int, int, int, int)",0,0x00405D00,manual3checkbox::SetIndeterminate(),0x00422440,2
5.5.00,Bixby110chkdlg.cpp,"bixby110checkout::Bixby110SetupCheckoutInteractiveTests(int, int, int, int)",0,0x00405D00,"statictext::CreateStatictext(char const*, int, int, int, int, HWND__*, HINSTANCE__*)",0x00423190,1
5.5.00,Bixby110chkdlg.cpp,"bixby110checkout::Bixby110SetupCheckoutInteractiveTests(int, int, int, int)",0,0x00405D00,sprintf,0x00432560,2
5.5.00,Bixby110chkdlg.cpp,"bixby110checkout::Bixby110SetupCheckoutInteractiveTests(int, int, int, int)",0,0x00405D00,GetTextExtentPoint32A@16,0x004326D0,1
5.5.00,Bixby110chkdlg.cpp,"bixby110checkout::Bixby110SetupCheckoutInteractiveTests(int, int, int, int)",0,0x00405D00,GetDC@4,0x00432780,1
5.5.00,Bixby110chkdlg.cpp,"bixby110checkout::Bixby110SetupCheckoutInteractiveTests(int, int, int, int)",0,0x00405D00,ReleaseDC@8,0x00432790,1
5.5.00,Bixby110chkdlg.cpp,"bixby110checkout::Bixby110SetupCheckoutAutomaticTests(int, int, int, int)",0,0x00405FA0,"manual3checkbox::CreateManual3checkbox(char const*, int, int, HWND__*, HINSTANCE__*)",0x00422200,1
5.5.00,Bixby110chkdlg.cpp,"bixby110checkout::Bixby110SetupCheckoutAutomaticTests(int, int, int, int)",0,0x00405FA0,manual3checkbox::SetIndeterminate(),0x00422440,1
5.5.00,Bixby110chkdlg.cpp,"bixby110checkout::Bixby110SetupCheckoutAutomaticTests(int, int, int, int)",0,0x00405FA0,"statictext::CreateStatictext(char const*, int, int, int, int, HWND__*, HINSTANCE__*)",0x00423190,1
5.5.00,Bixby110chkdlg.cpp,"bixby110checkout::Bixby110SetupCheckoutAutomaticTests(int, int, int, int)",0,0x00405FA0,sprintf,0x00432560,1
5.5.00,Bixby110chkdlg.cpp,"bixby110checkout::Bixby110SetupCheckoutAutomaticTests(int, int, int, int)",0,0x00405FA0,GetTextExtentPoint32A@16,0x004326D0,1
5.5.00,Bixby110chkdlg.cpp,"bixby110checkout::Bixby110SetupCheckoutAutomaticTests(int, int, int, int)",0,0x00405FA0,GetDC@4,0x00432780,1
5.5.00,Bixby110chkdlg.cpp,"bixby110checkout::Bixby110SetupCheckoutAutomaticTests(int, int, int, int)",0,0x00405FA0,ReleaseDC@8,0x00432790,1
5.5.00,Bixby110chkdlg.cpp,"bixby110checkout::Bixby110SetupCheckoutIndividualizationData(int, int, int, int)",0,0x00406140,"pushbutton::CreatePushbutton(char const*, int, int, HWND__*, HINSTANCE__*)",0x004227C0,3
5.5.00,Bixby110chkdlg.cpp,"bixby110checkout::Bixby110SetupCheckoutIndividualizationData(int, int, int, int)",0,0x00406140,"edit::CreateEdit(char const*, int, int, int, int, HWND__*, HINSTANCE__*, unsigned long)",0x00422CB0,3
5.5.00,Bixby110chkdlg.cpp,"bixby110checkout::Bixby110SetupCheckoutIndividualizationData(int, int, int, int)",0,0x00406140,"statictext::CreateStatictext(char const*, int, int, int, int, HWND__*, HINSTANCE__*)",0x00423190,2
5.5.00,Bixby110chkdlg.cpp,"bixby110checkout::Bixby110SetupCheckoutIndividualizationData(int, int, int, int)",0,0x00406140,GetTextExtentPoint32A@16,0x004326D0,1
5.5.00,Bixby110chkdlg.cpp,"bixby110checkout::Bixby110SetupCheckoutIndividualizationData(int, int, int, int)",0,0x00406140,GetDC@4,0x00432780,1
5.5.00,Bixby110chkdlg.cpp,"bixby110checkout::Bixby110SetupCheckoutIndividualizationData(int, int, int, int)",0,0x00406140,ReleaseDC@8,0x00432790,1
5.5.00,Bixby110chkdlg.cpp,"bixby110checkout::Bixby110Checkout(HINSTANCE__*, int, unsigned char)",0,0x00406460,bixby110checkout::SendInteractiveAction(int),0x00403070,2
5.5.00,Bixby110chkdlg.cpp,"bixby110checkout::Bixby110Checkout(HINSTANCE__*, int, unsigned char)",0,0x00406460,bixby110checkout::ReadInteractiveResult(int),0x00403270,2
5.5.00,Bixby110chkdlg.cpp,"bixby110checkout::Bixby110Checkout(HINSTANCE__*, int, unsigned char)",0,0x00406460,bixby110checkout::AnalyzeInteractiveResult(int),0x00403340,2
5.5.00,Bixby110chkdlg.cpp,"bixby110checkout::Bixby110Checkout(HINSTANCE__*, int, unsigned char)",0,0x00406460,bixby110checkout::SendAutomaticAction(int),0x00403850,1
5.5.00,Bixby110chkdlg.cpp,"bixby110checkout::Bixby110Checkout(HINSTANCE__*, int, unsigned char)",0,0x00406460,bixby110checkout::AnalyzeAutomaticResult(int),0x00403B50,1
5.5.00,Bixby110chkdlg.cpp,"bixby110checkout::Bixby110Checkout(HINSTANCE__*, int, unsigned char)",0,0x00406460,bixby110checkout::ReadAutomaticResult(int),0x00403D60,1
5.5.00,Bixby110chkdlg.cpp,"bixby110checkout::Bixby110Checkout(HINSTANCE__*, int, unsigned char)",0,0x00406460,bixby110checkout::GenerateReport(),0x004044C0,1
5.5.00,Bixby110chkdlg.cpp,"bixby110checkout::Bixby110Checkout(HINSTANCE__*, int, unsigned char)",0,0x00406460,bixby110checkout::Bixby110UpdateData(),0x00405880,1
5.5.00,Bixby110chkdlg.cpp,"bixby110checkout::Bixby110Checkout(HINSTANCE__*, int, unsigned char)",0,0x00406460,"bixby110checkout::Bixby110SetupCheckoutInteractiveTests(int, int, int, int)",0x00405D00,1
5.5.00,Bixby110chkdlg.cpp,"bixby110checkout::Bixby110Checkout(HINSTANCE__*, int, unsigned char)",0,0x00406460,"bixby110checkout::Bixby110SetupCheckoutAutomaticTests(int, int, int, int)",0x00405FA0,1
5.5.00,Bixby110chkdlg.cpp,"bixby110checkout::Bixby110Checkout(HINSTANCE__*, int, unsigned char)",0,0x00406460,"bixby110checkout::Bixby110SetupCheckoutIndividualizationData(int, int, int, int)",0x00406140,1
5.5.00,Bixby110chkdlg.cpp,"bixby110checkout::Bixby110Checkout(HINSTANCE__*, int, unsigned char)",0,0x00406460,"ISBeep(unsigned long, unsigned long)",0x00407AE0,2
5.5.00,Bixby110chkdlg.cpp,"bixby110checkout::Bixby110Checkout(HINSTANCE__*, int, unsigned char)",0,0x00406460,"SetupDebugWindow(HWND__*, HINSTANCE__*)",0x00407B10,1
5.5.00,Bixby110chkdlg.cpp,"bixby110checkout::Bixby110Checkout(HINSTANCE__*, int, unsigned char)",0,0x00406460,CloseDebugWindow(),0x00407D10,1
5.5.00,Bixby110chkdlg.cpp,"bixby110checkout::Bixby110Checkout(HINSTANCE__*, int, unsigned char)",0,0x00406460,ShowDebugWindow(),0x00407D70,1
5.5.00,Bixby110chkdlg.cpp,"bixby110checkout::Bixby110Checkout(HINSTANCE__*, int, unsigned char)",0,0x00406460,"TimeDelay(HWND__*, unsigned int)",0x00408040,34
5.5.00,Bixby110chkdlg.cpp,"bixby110checkout::Bixby110Checkout(HINSTANCE__*, int, unsigned char)",0,0x00406460,"bixby110io::getrs232port(unsigned char, unsigned char)",0x004087B0,1
5.5.00,Bixby110chkdlg.cpp,"bixby110checkout::Bixby110Checkout(HINSTANCE__*, int, unsigned char)",0,0x00406460,bixby110io::freers232port(),0x00408940,1
5.5.00,Bixby110chkdlg.cpp,"bixby110checkout::Bixby110Checkout(HINSTANCE__*, int, unsigned char)",0,0x00406460,bixby110io::scanio(unsigned char*),0x004089E0,1
5.5.00,Bixby110chkdlg.cpp,"bixby110checkout::Bixby110Checkout(HINSTANCE__*, int, unsigned char)",0,0x00406460,"bixby110io::writereg(unsigned char, unsigned char, unsigned char)",0x00409530,12
5.5.00,Bixby110chkdlg.cpp,"bixby110checkout::Bixby110Checkout(HINSTANCE__*, int, unsigned char)",0,0x00406460,"bixby110io::readreg(unsigned char, unsigned char)",0x00409570,8
5.5.00,Bixby110chkdlg.cpp,"bixby110checkout::Bixby110Checkout(HINSTANCE__*, int, unsigned char)",0,0x00406460,bixby110io::getCMDbuf(unsigned char),0x004095E0,3
5.5.00,Bixby110chkdlg.cpp,"bixby110checkout::Bixby110Checkout(HINSTANCE__*, int, unsigned char)",0,0x00406460,bixby110io::CollectResponse(),0x00409690,15
5.5.00,Bixby110chkdlg.cpp,"bixby110checkout::Bixby110Checkout(HINSTANCE__*, int, unsigned char)",0,0x00406460,"bixby110io::GetEEPROMContents(HWND__*, char)",0x004096F0,2
5.5.00,Bixby110chkdlg.cpp,"bixby110checkout::Bixby110Checkout(HINSTANCE__*, int, unsigned char)",0,0x00406460,"bixby110io::getUnit0Data(unsigned char, char*)",0x00409CB0,2
5.5.00,Bixby110chkdlg.cpp,"bixby110checkout::Bixby110Checkout(HINSTANCE__*, int, unsigned char)",0,0x00406460,bixby110io::CalculateChecksum(unsigned char),0x0040A010,1
5.5.00,Bixby110chkdlg.cpp,"bixby110checkout::Bixby110Checkout(HINSTANCE__*, int, unsigned char)",0,0x00406460,dlgmsgrouter::RemoveMessageRoute(HWND__*),0x00421B70,1
5.5.00,Bixby110chkdlg.cpp,"bixby110checkout::Bixby110Checkout(HINSTANCE__*, int, unsigned char)",0,0x00406460,manual3checkbox::IsChecked(),0x004222C0,2
5.5.00,Bixby110chkdlg.cpp,"bixby110checkout::Bixby110Checkout(HINSTANCE__*, int, unsigned char)",0,0x00406460,manual3checkbox::SetChecked(),0x004223C0,5
5.5.00,Bixby110chkdlg.cpp,"bixby110checkout::Bixby110Checkout(HINSTANCE__*, int, unsigned char)",0,0x00406460,manual3checkbox::SetUnchecked(),0x00422400,5
5.5.00,Bixby110chkdlg.cpp,"bixby110checkout::Bixby110Checkout(HINSTANCE__*, int, unsigned char)",0,0x00406460,"pushbutton::CreatePushbutton(char const*, int, int, int, int, HWND__*, HINSTANCE__*)",0x00422740,2
5.5.00,Bixby110chkdlg.cpp,"bixby110checkout::Bixby110Checkout(HINSTANCE__*, int, unsigned char)",0,0x00406460,"pushbutton::CreatePushbutton(char const*, int, int, HWND__*, HINSTANCE__*)",0x004227C0,1
5.5.00,Bixby110chkdlg.cpp,"bixby110checkout::Bixby110Checkout(HINSTANCE__*, int, unsigned char)",0,0x00406460,pushbutton::WasPushed(),0x00422910,6
5.5.00,Bixby110chkdlg.cpp,"bixby110checkout::Bixby110Checkout(HINSTANCE__*, int, unsigned char)",0,0x00406460,"edit::CreateEdit(char const*, int, int, int, int, HWND__*, HINSTANCE__*, unsigned long)",0x00422CB0,1
5.5.00,Bixby110chkdlg.cpp,"bixby110checkout::Bixby110Checkout(HINSTANCE__*, int, unsigned char)",0,0x00406460,edit::Gettext(),0x00422D70,2
5.5.00,Bixby110chkdlg.cpp,"bixby110checkout::Bixby110Checkout(HINSTANCE__*, int, unsigned char)",0,0x00406460,edit::Settext(char const*),0x00422DB0,8
5.5.00,Bixby110chkdlg.cpp,"bixby110checkout::Bixby110Checkout(HINSTANCE__*, int, unsigned char)",0,0x00406460,"dlgbox::CreateDialogBox(char const*, unsigned long, char const*)",0x00423540,1
5.5.00,Bixby110chkdlg.cpp,"bixby110checkout::Bixby110Checkout(HINSTANCE__*, int, unsigned char)",0,0x00406460,sprintf,0x00432560,5
5.5.00,Bixby110chkdlg.cpp,"bixby110checkout::Bixby110Checkout(HINSTANCE__*, int, unsigned char)",0,0x00406460,memcpy,0x00432570,1
5.5.00,Bixby110chkdlg.cpp,"bixby110checkout::Bixby110Checkout(HINSTANCE__*, int, unsigned char)",0,0x00406460,strlen,0x00432580,1
5.5.00,Bixby110chkdlg.cpp,"bixby110checkout::Bixby110Checkout(HINSTANCE__*, int, unsigned char)",0,0x00406460,atoi,0x004325A0,1
5.5.00,Bixby110chkdlg.cpp,"bixby110checkout::Bixby110Checkout(HINSTANCE__*, int, unsigned char)",0,0x00406460,strcat,0x004325C0,2
5.5.00,Bixby110chkdlg.cpp,"bixby110checkout::Bixby110Checkout(HINSTANCE__*, int, unsigned char)",0,0x00406460,MessageBoxA@16,0x00432760,7
5.5.00,Bixby110chkdlg.cpp,"bixby110checkout::Bixby110Checkout(HINSTANCE__*, int, unsigned char)",0,0x00406460,SetTimer@16,0x004327A0,1
5.5.00,Bixby110chkdlg.cpp,"bixby110checkout::Bixby110Checkout(HINSTANCE__*, int, unsigned char)",0,0x00406460,DispatchMessageA@4,0x004327B0,1
5.5.00,Bixby110chkdlg.cpp,"bixby110checkout::Bixby110Checkout(HINSTANCE__*, int, unsigned char)",0,0x00406460,GetMessageA@16,0x004327C0,1
5.5.00,Bixby110chkdlg.cpp,"bixby110checkout::Bixby110Checkout(HINSTANCE__*, int, unsigned char)",0,0x00406460,TranslateMessage@4,0x004327D0,1
5.5.00,Bixby110chkdlg.cpp,"bixby110checkout::Bixby110Checkout(HINSTANCE__*, int, unsigned char)",0,0x00406460,ShowWindow@8,0x004327E0,2
5.5.00,Bixby110chkdlg.cpp,"bixby110checkout::Bixby110Checkout(HINSTANCE__*, int, unsigned char)",0,0x00406460,KillTimer@8,0x004327F0,1
5.5.00,Bixby110chkdlg.cpp,"bixby110checkout::Bixby110Checkout(HINSTANCE__*, int, unsigned char)",0,0x00406460,DestroyWindow@4,0x00432800,18
5.5.00,Bixby110chkdlg.cpp,"bixby110checkout::Bixby110Checkout(HINSTANCE__*, int, unsigned char)",0,0x00406460,Beep@8,0x00432A50,3
5.5.00,Bixby110chkdlg.cpp,"bixby110checkout::Bixby110Checkout(HINSTANCE__*, int, unsigned char)",0,0x00406460,GetCurrentDirectoryA@8,0x00432A60,1
5.5.00,Bixby110chkdlg.cpp,"bixby110checkout::Bixby110Checkout(HINSTANCE__*, int, unsigned char)",0,0x00406460,WinExec@8,0x00432A70,1
5.5.00,Bixby110chkdlg.cpp,bixby110checkout::AnalyzeAutomaticResult(int),0,0x00403B50,bixby110io::getCMDbuf(unsigned char),0x004095E0,10
5.5.00,Bixby110chkdlg.cpp,bixby110checkout::AnalyzeAutomaticResult(int),0,0x00403B50,manual3checkbox::SetChecked(),0x004223C0,3
5.5.00,Bixby110chkdlg.cpp,bixby110checkout::AnalyzeAutomaticResult(int),0,0x00403B50,manual3checkbox::SetUnchecked(),0x00422400,3
5.5.00,Bixby110DataElements.cpp,"ISBeep(unsigned long, unsigned long)",0,0x00407AE0,Beep@8,0x00432A50,1
5.5.00,Bixby110DataElements.cpp,"SetupDebugWindow(HWND__*, HINSTANCE__*)",0,0x00407B10,"edit::CreateEdit(char const*, int, int, int, int, HWND__*, HINSTANCE__*, unsigned long)",0x00422CB0,1
5.5.00,Bixby110DataElements.cpp,"SetupDebugWindow(HWND__*, HINSTANCE__*)",0,0x00407B10,GetStockObject@4,0x004326E0,2
5.5.00,Bixby110DataElements.cpp,"SetupDebugWindow(HWND__*, HINSTANCE__*)",0,0x00407B10,SelectObject@8,0x004326F0,1
5.5.00,Bixby110DataElements.cpp,"SetupDebugWindow(HWND__*, HINSTANCE__*)",0,0x00407B10,MessageBoxA@16,0x00432760,1
5.5.00,Bixby110DataElements.cpp,"SetupDebugWindow(HWND__*, HINSTANCE__*)",0,0x00407B10,GetDC@4,0x00432780,1
5.5.00,Bixby110DataElements.cpp,"SetupDebugWindow(HWND__*, HINSTANCE__*)",0,0x00407B10,ReleaseDC@8,0x00432790,1
5.5.00,Bixby110DataElements.cpp,"SetupDebugWindow(HWND__*, HINSTANCE__*)",0,0x00407B10,CreateWindowExA@48,0x00432810,1
5.5.00,Bixby110DataElements.cpp,"SetupDebugWindow(HWND__*, HINSTANCE__*)",0,0x00407B10,SendMessageA@16,0x00432820,1
5.5.00,Bixby110DataElements.cpp,CloseDebugWindow(),0,0x00407D10,DestroyWindow@4,0x00432800,2
5.5.00,Bixby110DataElements.cpp,ShowDebugWindow(),0,0x00407D70,ShowWindow@8,0x004327E0,3
5.5.00,Bixby110DataElements.cpp,"strsearch(char*, char*)",0,0x00407EC0,strlen,0x00432580,2
5.5.00,Bixby110DataElements.cpp,"strsearchtail(char*, char*)",0,0x00407F40,strlen,0x00432580,3
5.5.00,Bixby110DataElements.cpp,"strchrsearch(char*, char*)",0,0x00407FD0,strlen,0x00432580,2
5.5.00,Bixby110DataElements.cpp,"TimeDelay(HWND__*, unsigned int)",0,0x00408040,SetTimer@16,0x004327A0,1
5.5.00,Bixby110DataElements.cpp,"TimeDelay(HWND__*, unsigned int)",0,0x00408040,DispatchMessageA@4,0x004327B0,2
5.5.00,Bixby110DataElements.cpp,"TimeDelay(HWND__*, unsigned int)",0,0x00408040,GetMessageA@16,0x004327C0,1
5.5.00,Bixby110DataElements.cpp,"TimeDelay(HWND__*, unsigned int)",0,0x00408040,TranslateMessage@4,0x004327D0,1
5.5.00,Bixby110DataElements.cpp,"TimeDelay(HWND__*, unsigned int)",0,0x00408040,KillTimer@8,0x004327F0,1
5.5.00,Bixby110DataElements.cpp,CalibrateMicrosecondTimer(HWND__*),0,0x00408140,GetSystemTimeAsFileTime@4,0x00432A80,2
5.5.00,Bixby110DataElements.cpp,CalibrateMicrosecondTimer_6E030(HWND__*),0,0x00408230,GetSystemTimeAsFileTime@4,0x00432A80,2
5.5.00,Bixby110DataElements.cpp,"FormatTime(_SYSTEMTIME*, char*)",0,0x004082D0,sprintf,0x00432560,1
5.5.00,Bixby110DataElements.cpp,"GetCompressedDate(_SYSTEMTIME*, char*)",0,0x004084C0,sprintf,0x00432560,1
5.5.00,Bixby110DataElements.cpp,TextBased_0_255_RangeCheck(char*),0,0x00408500,sprintf,0x00432560,2
5.5.00,Bixby110DataElements.cpp,TextBased_0_255_RangeCheck(char*),0,0x00408500,strlen,0x00432580,2
5.5.00,Bixby110DataElements.cpp,TextBased_m128_p127_RangeCheck(char*),0,0x004085F0,atoi,0x004325A0,2
5.5.00,Bixby110DataElements.cpp,"RangeCheckAssumingValidEntry(_BXDataElement_*, char*)",0,0x004086E0,atoi,0x004325A0,2
5.5.00,Bixby110DataElements.cpp,"bixby110io::getrs232port(unsigned char, unsigned char)",0,0x004087B0,"async::async(int, long, long, int, int)",0x00401520,2
5.5.00,Bixby110DataElements.cpp,"bixby110io::getrs232port(unsigned char, unsigned char)",0,0x004087B0,operator delete(void*),0x0042C880,1
5.5.00,Bixby110DataElements.cpp,"bixby110io::getrs232port(unsigned char, unsigned char)",0,0x004087B0,operator new(unsigned int),0x0042C8A0,2
5.5.00,Bixby110DataElements.cpp,"bixby110io::getrs232port(unsigned char, unsigned char)",0,0x004087B0,_Unwind_SjLj_Register,0x00431790,1
5.5.00,Bixby110DataElements.cpp,"bixby110io::getrs232port(unsigned char, unsigned char)",0,0x004087B0,_Unwind_SjLj_Unregister,0x00431870,2
5.5.00,Bixby110DataElements.cpp,"bixby110io::getrs232port(unsigned char, unsigned char)",0,0x004087B0,_Unwind_SjLj_Resume,0x00431E50,1
5.5.00,Bixby110DataElements.cpp,bixby110io::sendcommand(char*),0,0x00408980,"async::write(char*, int)",0x004017F0,1
5.5.00,Bixby110DataElements.cpp,bixby110io::sendcommand(char*),0,0x00408980,strlen,0x00432580,1
5.5.00,Bixby110DataElements.cpp,bixby110io::scanio(unsigned char*),0,0x004089E0,async::read_char(char*),0x00401860,1
5.5.00,Bixby110DataElements.cpp,bixby110io::scanio(unsigned char*),0,0x004089E0,async::read_string(char*),0x00401900,1
5.5.00,Bixby110DataElements.cpp,bixby110io::scanio(unsigned char*),0,0x004089E0,async::get_read_string_buf_count(),0x00401A50,1
5.5.00,Bixby110DataElements.cpp,bixby110io::scanio(unsigned char*),0,0x004089E0,edit::Settext(char const*),0x00422DB0,1
5.5.00,Bixby110DataElements.cpp,bixby110io::scanio(unsigned char*),0,0x004089E0,sprintf,0x00432560,1
5.5.00,Bixby110DataElements.cpp,bixby110io::scanio(unsigned char*),0,0x004089E0,strcpy,0x00432590,2
5.5.00,Bixby110DataElements.cpp,bixby110io::scanio(unsigned char*),0,0x004089E0,Beep@8,0x00432A50,1
5.5.00,Bixby110DataElements.cpp,"bixby110io::regio(unsigned char, unsigned char, unsigned char, unsigned char)",0,0x004093F0,edit::Settext(char const*),0x00422DB0,1
5.5.00,Bixby110DataElements.cpp,"bixby110io::regio(unsigned char, unsigned char, unsigned char, unsigned char)",0,0x004093F0,strlen,0x00432580,1
5.5.00,Bixby110DataElements.cpp,"bixby110io::regio(unsigned char, unsigned char, unsigned char, unsigned char)",0,0x004093F0,strcpy,0x00432590,1
5.5.00,Bixby110DataElements.cpp,"bixby110io::writereg(unsigned char, unsigned char, unsigned char)",0,0x00409530,"bixby110io::regio(unsigned char, unsigned char, unsigned char, unsigned char)",0x004093F0,1
5.5.00,Bixby110DataElements.cpp,"bixby110io::readreg(unsigned char, unsigned char)",0,0x00409570,"bixby110io::regio(unsigned char, unsigned char, unsigned char, unsigned char)",0x004093F0,1
5.5.00,Bixby110DataElements.cpp,"bixby110io::readreg(unsigned char, unsigned char)",0,0x00409570,Beep@8,0x00432A50,1
5.5.00,Bixby110DataElements.cpp,bixby110io::CollectResponse(unsigned char*),0,0x00409640,bixby110io::scanio(unsigned char*),0x004089E0,1
5.5.00,Bixby110DataElements.cpp,bixby110io::CollectResponse(),0,0x00409690,bixby110io::scanio(unsigned char*),0x004089E0,1
5.5.00,Bixby110DataElements.cpp,"bixby110io::GetEEPROMContents(HWND__*, char)",0,0x004096F0,bixby110io::scanio(unsigned char*),0x004089E0,5
5.5.00,Bixby110DataElements.cpp,"bixby110io::GetEEPROMContents(HWND__*, char)",0,0x004096F0,"bixby110io::regio(unsigned char, unsigned char, unsigned char, unsigned char)",0x004093F0,5
5.5.00,Bixby110DataElements.cpp,"bixby110io::GetEEPROMContents(HWND__*, char)",0,0x004096F0,SetTimer@16,0x004327A0,5
5.5.00,Bixby110DataElements.cpp,"bixby110io::GetEEPROMContents(HWND__*, char)",0,0x004096F0,DispatchMessageA@4,0x004327B0,10
5.5.00,Bixby110DataElements.cpp,"bixby110io::GetEEPROMContents(HWND__*, char)",0,0x004096F0,GetMessageA@16,0x004327C0,5
5.5.00,Bixby110DataElements.cpp,"bixby110io::GetEEPROMContents(HWND__*, char)",0,0x004096F0,TranslateMessage@4,0x004327D0,5
5.5.00,Bixby110DataElements.cpp,"bixby110io::GetEEPROMContents(HWND__*, char)",0,0x004096F0,KillTimer@8,0x004327F0,5
5.5.00,Bixby110DataElements.cpp,bixby110io::write_char(char),0,0x00409F70,"async::write(char*, int)",0x004017F0,1
5.5.00,Bixby110DataElements.cpp,bixby110io::read_char(),0,0x00409FB0,async::read_char(char*),0x00401860,1
5.5.00,Bixby110DataElements.cpp,bixby110io::status_read_char(unsigned char*),0,0x00409FE0,async::read_char(char*),0x00401860,1
5.5.00,Bixby110DataElements.cpp,"__static_initialization_and_destruction_0(int, int)",0,0x0040A1C0,dlgelement::dlgelement(),0x00421C70,1
5.5.00,Bixby110DataElements.cpp,"__static_initialization_and_destruction_0(int, int)",0,0x0040A1C0,dlgelement::~dlgelement(),0x00421C90,2
5.5.00,Bixby110DataElements.cpp,"__static_initialization_and_destruction_0(int, int)",0,0x0040A1C0,_Unwind_SjLj_Register,0x00431790,1
5.5.00,Bixby110DataElements.cpp,"__static_initialization_and_destruction_0(int, int)",0,0x0040A1C0,_Unwind_SjLj_Unregister,0x00431870,1
5.5.00,Bixby110DataElements.cpp,"__static_initialization_and_destruction_0(int, int)",0,0x0040A1C0,_Unwind_SjLj_Resume,0x00431E50,1
5.5.00,Bixby110dlg.cpp,bixby110control::bixby110control(),0,0x0040A330,bixby110io::bixby110io(),0x00408760,1
5.5.00,Bixby110dlg.cpp,bixby110control::bixby110control(),0,0x0040A330,bixby110io::~bixby110io(),0x004087A0,1
5.5.00,Bixby110dlg.cpp,bixby110control::bixby110control(),0,0x0040A330,dlgelement::dlgelement(),0x00421C70,60
5.5.00,Bixby110dlg.cpp,bixby110control::bixby110control(),0,0x0040A330,filerequester::filerequester(),0x00423850,1
5.5.00,Bixby110dlg.cpp,bixby110control::bixby110control(),0,0x0040A330,operator delete(void*),0x0042C880,1
5.5.00,Bixby110dlg.cpp,bixby110control::bixby110control(),0,0x0040A330,operator new(unsigned int),0x0042C8A0,61
5.5.00,Bixby110dlg.cpp,bixby110control::bixby110control(),0,0x0040A330,_Unwind_SjLj_Register,0x00431790,1
5.5.00,Bixby110dlg.cpp,bixby110control::bixby110control(),0,0x0040A330,_Unwind_SjLj_Unregister,0x00431870,1
5.5.00,Bixby110dlg.cpp,bixby110control::bixby110control(),0,0x0040A330,_Unwind_SjLj_Resume,0x00431E50,1
5.5.00,Bixby110dlg.cpp,bixby110control::bixby110control(),1,0x0040BB60,bixby110io::bixby110io(),0x00408760,1
5.5.00,Bixby110dlg.cpp,bixby110control::bixby110control(),1,0x0040BB60,bixby110io::~bixby110io(),0x004087A0,1
5.5.00,Bixby110dlg.cpp,bixby110control::bixby110control(),1,0x0040BB60,dlgelement::dlgelement(),0x00421C70,60
5.5.00,Bixby110dlg.cpp,bixby110control::bixby110control(),1,0x0040BB60,filerequester::filerequester(),0x00423850,1
5.5.00,Bixby110dlg.cpp,bixby110control::bixby110control(),1,0x0040BB60,operator delete(void*),0x0042C880,1
5.5.00,Bixby110dlg.cpp,bixby110control::bixby110control(),1,0x0040BB60,operator new(unsigned int),0x0042C8A0,61
5.5.00,Bixby110dlg.cpp,bixby110control::bixby110control(),1,0x0040BB60,_Unwind_SjLj_Register,0x00431790,1
5.5.00,Bixby110dlg.cpp,bixby110control::bixby110control(),1,0x0040BB60,_Unwind_SjLj_Unregister,0x00431870,1
5.5.00,Bixby110dlg.cpp,bixby110control::bixby110control(),1,0x0040BB60,_Unwind_SjLj_Resume,0x00431E50,1
5.5.00,Bixby110dlg.cpp,bixby110control::~bixby110control(),0,0x0040D390,bixby110io::~bixby110io(),0x004087A0,2
5.5.00,Bixby110dlg.cpp,bixby110control::~bixby110control(),0,0x0040D390,dlgelement::~dlgelement(),0x00421C90,59
5.5.00,Bixby110dlg.cpp,bixby110control::~bixby110control(),0,0x0040D390,filerequester::~filerequester(),0x00423A40,1
5.5.00,Bixby110dlg.cpp,bixby110control::~bixby110control(),0,0x0040D390,operator delete(void*),0x0042C880,60
5.5.00,Bixby110dlg.cpp,bixby110control::~bixby110control(),0,0x0040D390,_Unwind_SjLj_Register,0x00431790,1
5.5.00,Bixby110dlg.cpp,bixby110control::~bixby110control(),0,0x0040D390,_Unwind_SjLj_Unregister,0x00431870,1
5.5.00,Bixby110dlg.cpp,bixby110control::~bixby110control(),0,0x0040D390,_Unwind_SjLj_Resume,0x00431E50,1
5.5.00,Bixby110dlg.cpp,bixby110control::~bixby110control(),1,0x0040E5E0,bixby110io::~bixby110io(),0x004087A0,2
5.5.00,Bixby110dlg.cpp,bixby110control::~bixby110control(),1,0x0040E5E0,dlgelement::~dlgelement(),0x00421C90,59
5.5.00,Bixby110dlg.cpp,bixby110control::~bixby110control(),1,0x0040E5E0,filerequester::~filerequester(),0x00423A40,1
5.5.00,Bixby110dlg.cpp,bixby110control::~bixby110control(),1,0x0040E5E0,operator delete(void*),0x0042C880,60
5.5.00,Bixby110dlg.cpp,bixby110control::~bixby110control(),1,0x0040E5E0,_Unwind_SjLj_Register,0x00431790,1
5.5.00,Bixby110dlg.cpp,bixby110control::~bixby110control(),1,0x0040E5E0,_Unwind_SjLj_Unregister,0x00431870,1
5.5.00,Bixby110dlg.cpp,bixby110control::~bixby110control(),1,0x0040E5E0,_Unwind_SjLj_Resume,0x00431E50,1
5.5.00,Bixby110dlg.cpp,"bixby110control::writeln(void*, char*)",0,0x0040F830,strlen,0x00432580,1
5.5.00,Bixby110dlg.cpp,"bixby110control::writeln(void*, char*)",0,0x0040F830,WriteFile@20,0x00432A20,1
5.5.00,Bixby110dlg.cpp,bixby110control::GenerateReport(char*),0,0x0040F870,"FormatTime(_SYSTEMTIME*, char*)",0x004082D0,1
5.5.00,Bixby110dlg.cpp,bixby110control::GenerateReport(char*),0,0x0040F870,bixby110io::getCMDbuf(unsigned char),0x004095E0,4
5.5.00,Bixby110dlg.cpp,bixby110control::GenerateReport(char*),0,0x0040F870,"bixby110io::getUnit0Data(unsigned char, char*)",0x00409CB0,9
5.5.00,Bixby110dlg.cpp,bixby110control::GenerateReport(char*),0,0x0040F870,"bixby110io::getCmdData(unsigned char, char*)",0x00409E60,1
5.5.00,Bixby110dlg.cpp,bixby110control::GenerateReport(char*),0,0x0040F870,manual3checkbox::IsChecked(),0x004222C0,1
5.5.00,Bixby110dlg.cpp,bixby110control::GenerateReport(char*),0,0x0040F870,sprintf,0x00432560,13
5.5.00,Bixby110dlg.cpp,bixby110control::GenerateReport(char*),0,0x0040F870,strlen,0x00432580,20
5.5.00,Bixby110dlg.cpp,bixby110control::GenerateReport(char*),0,0x0040F870,strcpy,0x00432590,3
5.5.00,Bixby110dlg.cpp,bixby110control::GenerateReport(char*),0,0x0040F870,strcat,0x004325C0,8
5.5.00,Bixby110dlg.cpp,bixby110control::GenerateReport(char*),0,0x0040F870,strstr,0x004325E0,1
5.5.00,Bixby110dlg.cpp,bixby110control::GenerateReport(char*),0,0x0040F870,MessageBoxA@16,0x00432760,2
5.5.00,Bixby110dlg.cpp,bixby110control::GenerateReport(char*),0,0x0040F870,CreateFileA@28,0x004329B0,2
5.5.00,Bixby110dlg.cpp,bixby110control::GenerateReport(char*),0,0x0040F870,CloseHandle@4,0x004329E0,2
5.5.00,Bixby110dlg.cpp,bixby110control::GenerateReport(char*),0,0x0040F870,WriteFile@20,0x00432A20,13
5.5.00,Bixby110dlg.cpp,bixby110control::GenerateReport(char*),0,0x0040F870,GetLocalTime@4,0x00432A40,1
5.5.00,Bixby110dlg.cpp,bixby110control::BixbyProcessHelpRequest(),0,0x00410480,manual3checkbox::WasPushed(),0x00422500,2
5.5.00,Bixby110dlg.cpp,bixby110control::BixbyProcessHelpRequest(),0,0x00410480,manualradiobutton::WasPushed(),0x00422720,5
5.5.00,Bixby110dlg.cpp,bixby110control::BixbyProcessHelpRequest(),0,0x00410480,pushbutton::WasPushed(),0x00422910,34
5.5.00,Bixby110dlg.cpp,bixby110control::BixbyProcessHelpRequest(),0,0x00410480,statictext::WasPushed(),0x00423280,1
5.5.00,Bixby110dlg.cpp,bixby110control::BixbyProcessHelpRequest(),0,0x00410480,MessageBoxA@16,0x00432760,32
5.5.00,Bixby110dlg.cpp,"bixby110control::AppendDataLogLine(char*, unsigned char)",0,0x00411190,strcpy,0x00432590,1
5.5.00,Bixby110dlg.cpp,bixby110control::AppendDataLogLine(char*),0,0x00411200,strlen,0x00432580,3
5.5.00,Bixby110dlg.cpp,bixby110control::AppendDataLogLine(char*),0,0x00411200,strcat,0x004325C0,1
5.5.00,Bixby110dlg.cpp,bixby110control::WriteDataLogTimeDate(),0,0x00411280,"FormatTime(_SYSTEMTIME*, char*)",0x004082D0,1
5.5.00,Bixby110dlg.cpp,bixby110control::WriteDataLogTimeDate(),0,0x00411280,strlen,0x00432580,3
5.5.00,Bixby110dlg.cpp,bixby110control::WriteDataLogTimeDate(),0,0x00411280,strcat,0x004325C0,1
5.5.00,Bixby110dlg.cpp,bixby110control::WriteDataLogTimeDate(),0,0x00411280,GetLocalTime@4,0x00432A40,1
5.5.00,Bixby110dlg.cpp,bixby110control::DataLogLineAssemblePayload(),0,0x00411340,strlen,0x00432580,1
5.5.00,Bixby110dlg.cpp,bixby110control::DataLogLineAssemblePayload(),0,0x00411340,strcat,0x004325C0,1
5.5.00,Bixby110dlg.cpp,bixby110control::WriteDataLogLine(),0,0x004113B0,"FormatTime(_SYSTEMTIME*, char*)",0x004082D0,1
5.5.00,Bixby110dlg.cpp,bixby110control::WriteDataLogLine(),0,0x004113B0,strlen,0x00432580,5
5.5.00,Bixby110dlg.cpp,bixby110control::WriteDataLogLine(),0,0x004113B0,strcat,0x004325C0,1
5.5.00,Bixby110dlg.cpp,bixby110control::WriteDataLogLine(),0,0x004113B0,WriteFile@20,0x00432A20,1
5.5.00,Bixby110dlg.cpp,bixby110control::WriteDataLogLine(),0,0x004113B0,GetLocalTime@4,0x00432A40,1
5.5.00,Bixby110dlg.cpp,bixby110control::WriteDataLogDescription(),0,0x00411510,"FormatTime(_SYSTEMTIME*, char*)",0x004082D0,1
5.5.00,Bixby110dlg.cpp,bixby110control::WriteDataLogDescription(),0,0x00411510,manual3checkbox::IsChecked(),0x004222C0,1
5.5.00,Bixby110dlg.cpp,bixby110control::WriteDataLogDescription(),0,0x00411510,strlen,0x00432580,11
5.5.00,Bixby110dlg.cpp,bixby110control::WriteDataLogDescription(),0,0x00411510,strcat,0x004325C0,3
5.5.00,Bixby110dlg.cpp,bixby110control::WriteDataLogDescription(),0,0x00411510,WriteFile@20,0x00432A20,1
5.5.00,Bixby110dlg.cpp,bixby110control::WriteDataLogDescription(),0,0x00411510,GetLocalTime@4,0x00432A40,1
5.5.00,Bixby110dlg.cpp,"bixby110control::BixbyWriteRegister(unsigned char, unsigned char, unsigned char, unsigned char)",0,0x004144F0,"PercentageToStoveMultiplyParameter(unsigned char, unsigned char)",0x00407A20,1
5.5.00,Bixby110dlg.cpp,"bixby110control::BixbyWriteRegister(unsigned char, unsigned char, unsigned char, unsigned char)",0,0x004144F0,"TimeDelay(HWND__*, unsigned int)",0x00408040,2
5.5.00,Bixby110dlg.cpp,"bixby110control::BixbyWriteRegister(unsigned char, unsigned char, unsigned char, unsigned char)",0,0x004144F0,"bixby110io::writereg(unsigned char, unsigned char, unsigned char)",0x00409530,1
5.5.00,Bixby110dlg.cpp,"bixby110control::BixbyWriteRegister(unsigned char, unsigned char, unsigned char, unsigned char)",0,0x004144F0,bixby110io::CollectResponse(unsigned char*),0x00409640,4
5.5.00,Bixby110dlg.cpp,"bixby110control::BixbyWriteRegister(unsigned char, unsigned char, unsigned char, unsigned char)",0,0x004144F0,"bixby110control::Bixby110UpdateData(char, unsigned char)",0x004117F0,2
5.5.00,Bixby110dlg.cpp,"bixby110control::BixbyWriteRegister(unsigned char, unsigned char, unsigned char, unsigned char)",0,0x004144F0,edit::Settext(char const*),0x00422DB0,4
5.5.00,Bixby110dlg.cpp,"bixby110control::BixbyWriteRegister(unsigned char, unsigned char, unsigned char, unsigned char)",0,0x004144F0,strcpy,0x00432590,4
5.5.00,Bixby110dlg.cpp,"bixby110control::BixbyWriteRegister(unsigned char, unsigned char, unsigned char)",0,0x00414790,"bixby110control::BixbyWriteRegister(unsigned char, unsigned char, unsigned char, unsigned char)",0x004144F0,1
5.5.00,Bixby110dlg.cpp,bixby110control::GetSelectedModel(),0,0x004147D0,manualradiobutton::IsChecked(),0x00422620,1
5.5.00,Bixby110dlg.cpp,bixby110control::GetSelectedAltitude(),0,0x00414820,manualradiobutton::IsChecked(),0x00422620,1
5.5.00,Bixby110dlg.cpp,bixby110control::GetSelectedFueltypeA(),0,0x00414880,manualradiobutton::IsChecked(),0x00422620,1
5.5.00,Bixby110dlg.cpp,bixby110control::GetSelectedFueltypeB(),0,0x004148D0,manualradiobutton::IsChecked(),0x00422620,1
5.5.00,Bixby110dlg.cpp,bixby110control::GetSelectedFancurve(),0,0x00414920,manualradiobutton::IsChecked(),0x00422620,1
5.5.00,Bixby110dlg.cpp,bixby110control::GetSelectedFeedwheel(),0,0x00414970,manualradiobutton::IsChecked(),0x00422620,1
5.5.00,Bixby110dlg.cpp,bixby110control::Bixby110TuneAdjustments(unsigned char),0,0x004149C0,manual3checkbox::SetUnchecked(),0x00422400,2
5.5.00,Bixby110dlg.cpp,bixby110control::Bixby110TuneAdjustments(unsigned char),0,0x004149C0,manualradiobutton::IsChecked(),0x00422620,5
5.5.00,Bixby110dlg.cpp,bixby110control::Bixby110TuneAdjustments(unsigned char),0,0x004149C0,manualradiobutton::SetChecked(),0x00422690,6
5.5.00,Bixby110dlg.cpp,bixby110control::Bixby110TuneAdjustments(unsigned char),0,0x004149C0,edit::Settext(char const*),0x00422DB0,4
5.5.00,Bixby110dlg.cpp,bixby110control::Bixby110TuneAdjustments(unsigned char),0,0x004149C0,edit::SetBkColor(unsigned long),0x00422E40,5
5.5.00,Bixby110dlg.cpp,bixby110control::Bixby110TuneAdjustments(unsigned char),0,0x004149C0,sprintf,0x00432560,4
5.5.00,Bixby110dlg.cpp,"bixby110control::Bixby110Initialize(unsigned char, unsigned char)",0,0x004152C0,"TimeDelay(HWND__*, unsigned int)",0x00408040,1
5.5.00,Bixby110dlg.cpp,"bixby110control::Bixby110Initialize(unsigned char, unsigned char)",0,0x004152C0,"bixby110control::BixbyWriteRegister(unsigned char, unsigned char, unsigned char, unsigned char)",0x004144F0,1
5.5.00,Bixby110dlg.cpp,"bixby110control::Bixby110Initialize(unsigned char, unsigned char)",0,0x004152C0,manual3checkbox::SetSimulatedPush(),0x004224F0,1
5.5.00,Bixby110dlg.cpp,"bixby110control::Bixby110Initialize(unsigned char, unsigned char)",0,0x004152C0,pushbutton::SetSimulatedPush(),0x00422930,5
5.5.00,Bixby110dlg.cpp,bixby110control::LoadReport(char*),0,0x00415440,"strsearch(char*, char*)",0x00407EC0,3
5.5.00,Bixby110dlg.cpp,bixby110control::LoadReport(char*),0,0x00415440,"strsearchtail(char*, char*)",0x00407F40,9
5.5.00,Bixby110dlg.cpp,bixby110control::LoadReport(char*),0,0x00415440,edit::Settext(char const*),0x00422DB0,10
5.5.00,Bixby110dlg.cpp,bixby110control::LoadReport(char*),0,0x00415440,edit::SetBkColor(unsigned long),0x00422E40,10
5.5.00,Bixby110dlg.cpp,bixby110control::LoadReport(char*),0,0x00415440,__chkstk,0x004321E0,1
5.5.00,Bixby110dlg.cpp,bixby110control::LoadReport(char*),0,0x00415440,sprintf,0x00432560,2
5.5.00,Bixby110dlg.cpp,bixby110control::LoadReport(char*),0,0x00415440,strcat,0x004325C0,6
5.5.00,Bixby110dlg.cpp,bixby110control::LoadReport(char*),0,0x00415440,strncpy,0x004325D0,10
5.5.00,Bixby110dlg.cpp,bixby110control::LoadReport(char*),0,0x00415440,MessageBoxA@16,0x00432760,2
5.5.00,Bixby110dlg.cpp,bixby110control::LoadReport(char*),0,0x00415440,CloseHandle@4,0x004329E0,1
5.5.00,Bixby110dlg.cpp,bixby110control::LoadReport(char*),0,0x00415440,ReadFile@20,0x00432A30,1
5.5.00,Bixby110dlg.cpp,bixby110control::LoadReport(char*),0,0x00415440,OpenFile@12,0x00432A90,1
5.5.00,Bixby110dlg.cpp,bixby110control::LoadReport(char*),0,0x00415440,GetFileSize@8,0x00432AA0,1
5.5.00,Bixby110dlg.cpp,"bixby110control::Bixby110DialogSetupTelemetry(int, int, int, int)",0,0x00415D40,"manual3checkbox::CreateManual3checkbox(char const*, int, int, HWND__*, HINSTANCE__*)",0x00422200,1
5.5.00,Bixby110dlg.cpp,"bixby110control::Bixby110DialogSetupTelemetry(int, int, int, int)",0,0x00415D40,manual3checkbox::SetChecked(),0x004223C0,1
5.5.00,Bixby110dlg.cpp,"bixby110control::Bixby110DialogSetupTelemetry(int, int, int, int)",0,0x00415D40,"pushbutton::CreatePushbutton(char const*, int, int, HWND__*, HINSTANCE__*)",0x004227C0,1
5.5.00,Bixby110dlg.cpp,"bixby110control::Bixby110DialogSetupTelemetry(int, int, int, int)",0,0x00415D40,"edit::CreateEdit(char const*, int, int, int, int, HWND__*, HINSTANCE__*, unsigned long)",0x00422CB0,3
5.5.00,Bixby110dlg.cpp,"bixby110control::Bixby110DialogSetupIndividualization(int, int, int, int)",0,0x00415F50,"pushbutton::CreatePushbutton(char const*, int, int, HWND__*, HINSTANCE__*)",0x004227C0,2
5.5.00,Bixby110dlg.cpp,"bixby110control::Bixby110DialogSetupIndividualization(int, int, int, int)",0,0x00415F50,"edit::CreateEdit(char const*, int, int, int, int, HWND__*, HINSTANCE__*, unsigned long)",0x00422CB0,3
5.5.00,Bixby110dlg.cpp,"bixby110control::Bixby110DialogSetupIndividualization(int, int, int, int)",0,0x00415F50,edit::Settext(char const*),0x00422DB0,3
5.5.00,Bixby110dlg.cpp,"bixby110control::Bixby110DialogSetupIndividualization(int, int, int, int)",0,0x00415F50,"statictext::CreateStatictext(char const*, int, int, int, int, HWND__*, HINSTANCE__*)",0x00423190,1
5.5.00,Bixby110dlg.cpp,"bixby110control::Bixby110DialogSetupIndividualization(int, int, int, int)",0,0x00415F50,GetTextExtentPoint32A@16,0x004326D0,1
5.5.00,Bixby110dlg.cpp,"bixby110control::Bixby110DialogSetupIndividualization(int, int, int, int)",0,0x00415F50,GetDC@4,0x00432780,1
5.5.00,Bixby110dlg.cpp,"bixby110control::Bixby110DialogSetupIndividualization(int, int, int, int)",0,0x00415F50,ReleaseDC@8,0x00432790,1
5.5.00,Bixby110dlg.cpp,"bixby110control::Bixby110DialogSetupQuickCal(int, int, int, int)",0,0x004162E0,"manualradiobutton::CreateManualRadiobutton(char const*, int, int, HWND__*, HINSTANCE__*)",0x00422520,5
5.5.00,Bixby110dlg.cpp,"bixby110control::Bixby110DialogSetupQuickCal(int, int, int, int)",0,0x004162E0,"pushbutton::CreatePushbutton(char const*, int, int, HWND__*, HINSTANCE__*)",0x004227C0,3
5.5.00,Bixby110dlg.cpp,"bixby110control::Bixby110DialogSetupQuickCal(int, int, int, int)",0,0x004162E0,"statictext::CreateStatictext(char const*, int, int, int, int, HWND__*, HINSTANCE__*)",0x00423190,1
5.5.00,Bixby110dlg.cpp,"bixby110control::Bixby110DialogSetupQuickCal(int, int, int, int)",0,0x004162E0,"staticborder::CreateStaticborder(char const*, int, int, int, int, HWND__*, HINSTANCE__*)",0x004232A0,4
5.5.00,Bixby110dlg.cpp,"bixby110control::Bixby110DialogSetupQuickCal(int, int, int, int)",0,0x004162E0,GetTextExtentPoint32A@16,0x004326D0,1
5.5.00,Bixby110dlg.cpp,"bixby110control::Bixby110DialogSetupQuickCal(int, int, int, int)",0,0x004162E0,GetDC@4,0x00432780,1
5.5.00,Bixby110dlg.cpp,"bixby110control::Bixby110DialogSetupQuickCal(int, int, int, int)",0,0x004162E0,ReleaseDC@8,0x00432790,1
5.5.00,Bixby110dlg.cpp,"bixby110control::Bixby110DialogSetupDebug(int, int, int, int)",0,0x00416790,"pushbutton::CreatePushbutton(char const*, int, int, HWND__*, HINSTANCE__*)",0x004227C0,2
5.5.00,Bixby110dlg.cpp,"bixby110control::Bixby110DialogSetupDebug(int, int, int, int)",0,0x00416790,"edit::CreateEdit(char const*, int, int, int, int, HWND__*, HINSTANCE__*, unsigned long)",0x00422CB0,4
5.5.00,Bixby110dlg.cpp,"bixby110control::Bixby110DialogSetupDebug(int, int, int, int)",0,0x00416790,"statictext::CreateStatictext(char const*, int, int, int, int, HWND__*, HINSTANCE__*)",0x00423190,1
5.5.00,Bixby110dlg.cpp,"bixby110control::Bixby110DialogSetupDebug(int, int, int, int)",0,0x00416790,GetTextExtentPoint32A@16,0x004326D0,1
5.5.00,Bixby110dlg.cpp,"bixby110control::Bixby110DialogSetupDebug(int, int, int, int)",0,0x00416790,GetDC@4,0x00432780,1
5.5.00,Bixby110dlg.cpp,"bixby110control::Bixby110DialogSetupDebug(int, int, int, int)",0,0x00416790,ReleaseDC@8,0x00432790,1
5.5.00,Bixby110dlg.cpp,"bixby110control::Bixby110DialogSetupFlueMonitor(int, int, int, int)",0,0x00416AD0,"edit::CreateEdit(char const*, int, int, int, int, HWND__*, HINSTANCE__*, unsigned long)",0x00422CB0,4
5.5.00,Bixby110dlg.cpp,"bixby110control::Bixby110DialogSetupFlueMonitor(int, int, int, int)",0,0x00416AD0,"statictext::CreateStatictext(char const*, int, int, int, int, HWND__*, HINSTANCE__*)",0x00423190,6
5.5.00,Bixby110dlg.cpp,"bixby110control::Bixby110DialogSetupFuelMonitor(HWND__*, int, int, int, int, int)",0,0x00416EB0,"manual3checkbox::CreateManual3checkbox(char const*, int, int, HWND__*, HINSTANCE__*)",0x00422200,2
5.5.00,Bixby110dlg.cpp,"bixby110control::Bixby110DialogSetupFuelMonitor(HWND__*, int, int, int, int, int)",0,0x00416EB0,manual3checkbox::SetIndeterminate(),0x00422440,2
5.5.00,Bixby110dlg.cpp,"bixby110control::Bixby110DialogSetupFuelMonitor(HWND__*, int, int, int, int, int)",0,0x00416EB0,"pushbutton::CreatePushbutton(char const*, int, int, HWND__*, HINSTANCE__*)",0x004227C0,5
5.5.00,Bixby110dlg.cpp,"bixby110control::Bixby110DialogSetupFuelMonitor(HWND__*, int, int, int, int, int)",0,0x00416EB0,"edit::CreateEdit(char const*, int, int, int, int, HWND__*, HINSTANCE__*, unsigned long)",0x00422CB0,5
5.5.00,Bixby110dlg.cpp,"bixby110control::Bixby110DialogSetupFuelMonitor(HWND__*, int, int, int, int, int)",0,0x00416EB0,edit::Settext(char const*),0x00422DB0,4
5.5.00,Bixby110dlg.cpp,"bixby110control::Bixby110DialogSetupFuelMonitor(HWND__*, int, int, int, int, int)",0,0x00416EB0,"statictext::CreateStatictext(char const*, int, int, int, int, HWND__*, HINSTANCE__*)",0x00423190,3
5.5.00,Bixby110dlg.cpp,"bixby110control::Bixby110DialogSetupFuelMonitor(HWND__*, int, int, int, int, int)",0,0x00416EB0,strlen,0x00432580,1
5.5.00,Bixby110dlg.cpp,"bixby110control::Bixby110DialogSetupFuelMonitor(HWND__*, int, int, int, int, int)",0,0x00416EB0,GetTextExtentPoint32A@16,0x004326D0,1
5.5.00,Bixby110dlg.cpp,"bixby110control::Bixby110DialogSetupFuelMonitor(HWND__*, int, int, int, int, int)",0,0x00416EB0,GetDC@4,0x00432780,1
5.5.00,Bixby110dlg.cpp,"bixby110control::Bixby110DialogSetupFuelMonitor(HWND__*, int, int, int, int, int)",0,0x00416EB0,ReleaseDC@8,0x00432790,1
5.5.00,Bixby110dlg.cpp,bixby110control::Bixby110DialogSetupUtilityWindows(),0,0x00417490,GetStockObject@4,0x004326E0,8
5.5.00,Bixby110dlg.cpp,bixby110control::Bixby110DialogSetupUtilityWindows(),0,0x00417490,SelectObject@8,0x004326F0,4
5.5.00,Bixby110dlg.cpp,bixby110control::Bixby110DialogSetupUtilityWindows(),0,0x00417490,MessageBoxA@16,0x00432760,4
5.5.00,Bixby110dlg.cpp,bixby110control::Bixby110DialogSetupUtilityWindows(),0,0x00417490,GetDC@4,0x00432780,4
5.5.00,Bixby110dlg.cpp,bixby110control::Bixby110DialogSetupUtilityWindows(),0,0x00417490,ReleaseDC@8,0x00432790,4
5.5.00,Bixby110dlg.cpp,bixby110control::Bixby110DialogSetupUtilityWindows(),0,0x00417490,CreateWindowExA@48,0x00432810,4
5.5.00,Bixby110dlg.cpp,bixby110control::Bixby110DialogSetupUtilityWindows(),0,0x00417490,SendMessageA@16,0x00432820,4
5.5.00,Bixby110dlg.cpp,"bixby110control::Bixby110DialogSetupButtons(int, int, int, int)",0,0x00417A50,"pushbutton::CreatePushbutton(char const*, int, int, HWND__*, HINSTANCE__*)",0x004227C0,9
5.5.00,Bixby110dlg.cpp,"bixby110control::Bixby110DialogSetupButtons(int, int, int, int)",0,0x00417A50,"edit::CreateEdit(char const*, int, int, int, int, HWND__*, HINSTANCE__*, unsigned long)",0x00422CB0,3
5.5.00,Bixby110dlg.cpp,"bixby110control::Bixby110DialogSetupButtons(int, int, int, int)",0,0x00417A50,ShowWindow@8,0x004327E0,1
5.5.00,Bixby110dlg.cpp,"bixby110control::Bixby110DialogSetupPanel(int, int, int, int)",0,0x00417D50,"pushbutton::CreatePushbutton(char const*, int, int, HWND__*, HINSTANCE__*)",0x004227C0,5
5.5.00,Bixby110dlg.cpp,"bixby110control::Bixby110DialogSetupPanel(int, int, int, int)",0,0x00417D50,"edit::CreateEdit(char const*, int, int, int, int, HWND__*, HINSTANCE__*, unsigned long)",0x00422CB0,1
5.5.00,Bixby110dlg.cpp,"bixby110control::Bixby110DialogSetupUtilityWindowButtons(int, int, int, int)",0,0x00417EC0,"pushbutton::CreatePushbutton(char const*, int, int, HWND__*, HINSTANCE__*)",0x004227C0,4
5.5.00,Bixby110dlg.cpp,bixby110control::HaveItsMemoryBanksErased(),0,0x00417FB0,bixby110io::scanio(unsigned char*),0x004089E0,1
5.5.00,Bixby110dlg.cpp,bixby110control::HaveItsMemoryBanksErased(),0,0x00417FB0,"bixby110control::BixbyWriteRegister(unsigned char, unsigned char, unsigned char, unsigned char)",0x004144F0,1
5.5.00,Bixby110dlg.cpp,"bixby110control::Bixby110Dialog(HINSTANCE__*, int, unsigned char, unsigned char)",0,0x00418020,"PercentageToStoveMultiplyParameter(unsigned char, unsigned char)",0x00407A20,2
5.5.00,Bixby110dlg.cpp,"bixby110control::Bixby110Dialog(HINSTANCE__*, int, unsigned char, unsigned char)",0,0x00418020,"TimeDelay(HWND__*, unsigned int)",0x00408040,19
5.5.00,Bixby110dlg.cpp,"bixby110control::Bixby110Dialog(HINSTANCE__*, int, unsigned char, unsigned char)",0,0x00418020,"FormatTime(_SYSTEMTIME*, char*)",0x004082D0,1
5.5.00,Bixby110dlg.cpp,"bixby110control::Bixby110Dialog(HINSTANCE__*, int, unsigned char, unsigned char)",0,0x00418020,"GetCompressedDate(_SYSTEMTIME*, char*)",0x004084C0,1
5.5.00,Bixby110dlg.cpp,"bixby110control::Bixby110Dialog(HINSTANCE__*, int, unsigned char, unsigned char)",0,0x00418020,TextBased_0_255_RangeCheck(char*),0x00408500,2
5.5.00,Bixby110dlg.cpp,"bixby110control::Bixby110Dialog(HINSTANCE__*, int, unsigned char, unsigned char)",0,0x00418020,TextBased_m128_p127_RangeCheck(char*),0x004085F0,1
5.5.00,Bixby110dlg.cpp,"bixby110control::Bixby110Dialog(HINSTANCE__*, int, unsigned char, unsigned char)",0,0x00418020,"RangeCheckAssumingValidEntry(_BXDataElement_*, char*)",0x004086E0,2
5.5.00,Bixby110dlg.cpp,"bixby110control::Bixby110Dialog(HINSTANCE__*, int, unsigned char, unsigned char)",0,0x00418020,"bixby110io::getrs232port(unsigned char, unsigned char)",0x004087B0,1
5.5.00,Bixby110dlg.cpp,"bixby110control::Bixby110Dialog(HINSTANCE__*, int, unsigned char, unsigned char)",0,0x00418020,bixby110io::freers232port(),0x00408940,1
5.5.00,Bixby110dlg.cpp,"bixby110control::Bixby110Dialog(HINSTANCE__*, int, unsigned char, unsigned char)",0,0x00418020,bixby110io::scanio(unsigned char*),0x004089E0,2
5.5.00,Bixby110dlg.cpp,"bixby110control::Bixby110Dialog(HINSTANCE__*, int, unsigned char, unsigned char)",0,0x00418020,"bixby110io::writereg(unsigned char, unsigned char, unsigned char)",0x00409530,8
5.5.00,Bixby110dlg.cpp,"bixby110control::Bixby110Dialog(HINSTANCE__*, int, unsigned char, unsigned char)",0,0x00418020,"bixby110io::readreg(unsigned char, unsigned char)",0x00409570,10
5.5.00,Bixby110dlg.cpp,"bixby110control::Bixby110Dialog(HINSTANCE__*, int, unsigned char, unsigned char)",0,0x00418020,bixby110io::getCMDbuf(unsigned char),0x004095E0,2
5.5.00,Bixby110dlg.cpp,"bixby110control::Bixby110Dialog(HINSTANCE__*, int, unsigned char, unsigned char)",0,0x00418020,"bixby110io::getUnit0Data(unsigned char, char*)",0x00409CB0,1
5.5.00,Bixby110dlg.cpp,"bixby110control::Bixby110Dialog(HINSTANCE__*, int, unsigned char, unsigned char)",0,0x00418020,bixby110io::CalculateChecksum(unsigned char),0x0040A010,1
5.5.00,Bixby110dlg.cpp,"bixby110control::Bixby110Dialog(HINSTANCE__*, int, unsigned char, unsigned char)",0,0x00418020,bixby110control::GenerateReport(char*),0x0040F870,1
5.5.00,Bixby110dlg.cpp,"bixby110control::Bixby110Dialog(HINSTANCE__*, int, unsigned char, unsigned char)",0,0x00418020,bixby110control::BixbyProcessHelpRequest(),0x00410480,1
5.5.00,Bixby110dlg.cpp,"bixby110control::Bixby110Dialog(HINSTANCE__*, int, unsigned char, unsigned char)",0,0x00418020,"bixby110control::Bixby110UpdateData(char, unsigned char)",0x004117F0,1
5.5.00,Bixby110dlg.cpp,"bixby110control::Bixby110Dialog(HINSTANCE__*, int, unsigned char, unsigned char)",0,0x00418020,"bixby110control::BixbyWriteRegister(unsigned char, unsigned char, unsigned char, unsigned char)",0x004144F0,5
5.5.00,Bixby110dlg.cpp,"bixby110control::Bixby110Dialog(HINSTANCE__*, int, unsigned char, unsigned char)",0,0x00418020,bixby110control::Bixby110TuneAdjustments(unsigned char),0x004149C0,2
5.5.00,Bixby110dlg.cpp,"bixby110control::Bixby110Dialog(HINSTANCE__*, int, unsigned char, unsigned char)",0,0x00418020,"bixby110control::Bixby110Initialize(unsigned char, unsigned char)",0x004152C0,2
5.5.00,Bixby110dlg.cpp,"bixby110control::Bixby110Dialog(HINSTANCE__*, int, unsigned char, unsigned char)",0,0x00418020,bixby110control::LoadReport(char*),0x00415440,1
5.5.00,Bixby110dlg.cpp,"bixby110control::Bixby110Dialog(HINSTANCE__*, int, unsigned char, unsigned char)",0,0x00418020,"bixby110control::Bixby110DialogSetupTelemetry(int, int, int, int)",0x00415D40,1
5.5.00,Bixby110dlg.cpp,"bixby110control::Bixby110Dialog(HINSTANCE__*, int, unsigned char, unsigned char)",0,0x00418020,"bixby110control::Bixby110DialogSetupIndividualization(int, int, int, int)",0x00415F50,1
5.5.00,Bixby110dlg.cpp,"bixby110control::Bixby110Dialog(HINSTANCE__*, int, unsigned char, unsigned char)",0,0x00418020,"bixby110control::Bixby110DialogSetupQuickCal(int, int, int, int)",0x004162E0,1
5.5.00,Bixby110dlg.cpp,"bixby110control::Bixby110Dialog(HINSTANCE__*, int, unsigned char, unsigned char)",0,0x00418020,"bixby110control::Bixby110DialogSetupDebug(int, int, int, int)",0x00416790,1
5.5.00,Bixby110dlg.cpp,"bixby110control::Bixby110Dialog(HINSTANCE__*, int, unsigned char, unsigned char)",0,0x00418020,"bixby110control::Bixby110DialogSetupFlueMonitor(int, int, int, int)",0x00416AD0,1
5.5.00,Bixby110dlg.cpp,"bixby110control::Bixby110Dialog(HINSTANCE__*, int, unsigned char, unsigned char)",0,0x00418020,"bixby110control::Bixby110DialogSetupFuelMonitor(HWND__*, int, int, int, int, int)",0x00416EB0,2
5.5.00,Bixby110dlg.cpp,"bixby110control::Bixby110Dialog(HINSTANCE__*, int, unsigned char, unsigned char)",0,0x00418020,bixby110control::Bixby110DialogSetupUtilityWindows(),0x00417490,1
5.5.00,Bixby110dlg.cpp,"bixby110control::Bixby110Dialog(HINSTANCE__*, int, unsigned char, unsigned char)",0,0x00418020,"bixby110control::Bixby110DialogSetupButtons(int, int, int, int)",0x00417A50,1
5.5.00,Bixby110dlg.cpp,"bixby110control::Bixby110Dialog(HINSTANCE__*, int, unsigned char, unsigned char)",0,0x00418020,"bixby110control::Bixby110DialogSetupPanel(int, int, int, int)",0x00417D50,1
5.5.00,Bixby110dlg.cpp,"bixby110control::Bixby110Dialog(HINSTANCE__*, int, unsigned char, unsigned char)",0,0x00418020,dlgmsgrouter::RemoveMessageRoute(HWND__*),0x00421B70,1
5.5.00,Bixby110dlg.cpp,"bixby110control::Bixby110Dialog(HINSTANCE__*, int, unsigned char, unsigned char)",0,0x00418020,manual3checkbox::IsChecked(),0x004222C0,4
5.5.00,Bixby110dlg.cpp,"bixby110control::Bixby110Dialog(HINSTANCE__*, int, unsigned char, unsigned char)",0,0x00418020,manual3checkbox::SetChecked(),0x004223C0,2
5.5.00,Bixby110dlg.cpp,"bixby110control::Bixby110Dialog(HINSTANCE__*, int, unsigned char, unsigned char)",0,0x00418020,manual3checkbox::SetUnchecked(),0x00422400,2
5.5.00,Bixby110dlg.cpp,"bixby110control::Bixby110Dialog(HINSTANCE__*, int, unsigned char, unsigned char)",0,0x00418020,manual3checkbox::WasPushed(),0x00422500,3
5.5.00,Bixby110dlg.cpp,"bixby110control::Bixby110Dialog(HINSTANCE__*, int, unsigned char, unsigned char)",0,0x00418020,manualradiobutton::IsChecked(),0x00422620,8
5.5.00,Bixby110dlg.cpp,"bixby110control::Bixby110Dialog(HINSTANCE__*, int, unsigned char, unsigned char)",0,0x00418020,manualradiobutton::SetChecked(),0x00422690,21
5.5.00,Bixby110dlg.cpp,"bixby110control::Bixby110Dialog(HINSTANCE__*, int, unsigned char, unsigned char)",0,0x00418020,manualradiobutton::SetUnchecked(),0x004226D0,8
5.5.00,Bixby110dlg.cpp,"bixby110control::Bixby110Dialog(HINSTANCE__*, int, unsigned char, unsigned char)",0,0x00418020,manualradiobutton::SetSimulatedPush(),0x00422710,1
5.5.00,Bixby110dlg.cpp,"bixby110control::Bixby110Dialog(HINSTANCE__*, int, unsigned char, unsigned char)",0,0x00418020,manualradiobutton::WasPushed(),0x00422720,5
5.5.00,Bixby110dlg.cpp,"bixby110control::Bixby110Dialog(HINSTANCE__*, int, unsigned char, unsigned char)",0,0x00418020,"pushbutton::CreatePushbutton(char const*, int, int, HWND__*, HINSTANCE__*)",0x004227C0,4
5.5.00,Bixby110dlg.cpp,"bixby110control::Bixby110Dialog(HINSTANCE__*, int, unsigned char, unsigned char)",0,0x00418020,pushbutton::WasPushed(),0x00422910,31
5.5.00,Bixby110dlg.cpp,"bixby110control::Bixby110Dialog(HINSTANCE__*, int, unsigned char, unsigned char)",0,0x00418020,pushbutton::SetSimulatedPush(),0x00422930,21
5.5.00,Bixby110dlg.cpp,"bixby110control::Bixby110Dialog(HINSTANCE__*, int, unsigned char, unsigned char)",0,0x00418020,edit::Gettext(),0x00422D70,12
5.5.00,Bixby110dlg.cpp,"bixby110control::Bixby110Dialog(HINSTANCE__*, int, unsigned char, unsigned char)",0,0x00418020,edit::Settext(char const*),0x00422DB0,29
5.5.00,Bixby110dlg.cpp,"bixby110control::Bixby110Dialog(HINSTANCE__*, int, unsigned char, unsigned char)",0,0x00418020,edit::SetBkColor(unsigned long),0x00422E40,20
5.5.00,Bixby110dlg.cpp,"bixby110control::Bixby110Dialog(HINSTANCE__*, int, unsigned char, unsigned char)",0,0x00418020,"dlgbox::CreateDialogBox(char const*, unsigned long, char const*)",0x00423540,1
5.5.00,Bixby110dlg.cpp,"bixby110control::Bixby110Dialog(HINSTANCE__*, int, unsigned char, unsigned char)",0,0x00418020,"filerequester::FileRequest(HINSTANCE__*, char*)",0x00423F00,1
5.5.00,Bixby110dlg.cpp,"bixby110control::Bixby110Dialog(HINSTANCE__*, int, unsigned char, unsigned char)",0,0x00418020,sprintf,0x00432560,10
5.5.00,Bixby110dlg.cpp,"bixby110control::Bixby110Dialog(HINSTANCE__*, int, unsigned char, unsigned char)",0,0x00418020,memcpy,0x00432570,1
5.5.00,Bixby110dlg.cpp,"bixby110control::Bixby110Dialog(HINSTANCE__*, int, unsigned char, unsigned char)",0,0x00418020,strlen,0x00432580,12
5.5.00,Bixby110dlg.cpp,"bixby110control::Bixby110Dialog(HINSTANCE__*, int, unsigned char, unsigned char)",0,0x00418020,strcpy,0x00432590,7
5.5.00,Bixby110dlg.cpp,"bixby110control::Bixby110Dialog(HINSTANCE__*, int, unsigned char, unsigned char)",0,0x00418020,atoi,0x004325A0,6
5.5.00,Bixby110dlg.cpp,"bixby110control::Bixby110Dialog(HINSTANCE__*, int, unsigned char, unsigned char)",0,0x00418020,strcmp,0x004325B0,2
5.5.00,Bixby110dlg.cpp,"bixby110control::Bixby110Dialog(HINSTANCE__*, int, unsigned char, unsigned char)",0,0x00418020,strcat,0x004325C0,4
5.5.00,Bixby110dlg.cpp,"bixby110control::Bixby110Dialog(HINSTANCE__*, int, unsigned char, unsigned char)",0,0x00418020,GetTextExtentPoint32A@16,0x004326D0,1
5.5.00,Bixby110dlg.cpp,"bixby110control::Bixby110Dialog(HINSTANCE__*, int, unsigned char, unsigned char)",0,0x00418020,GetStockObject@4,0x004326E0,2
5.5.00,Bixby110dlg.cpp,"bixby110control::Bixby110Dialog(HINSTANCE__*, int, unsigned char, unsigned char)",0,0x00418020,SelectObject@8,0x004326F0,1
5.5.00,Bixby110dlg.cpp,"bixby110control::Bixby110Dialog(HINSTANCE__*, int, unsigned char, unsigned char)",0,0x00418020,GetSaveFileNameA@4,0x00432750,1
5.5.00,Bixby110dlg.cpp,"bixby110control::Bixby110Dialog(HINSTANCE__*, int, unsigned char, unsigned char)",0,0x00418020,MessageBoxA@16,0x00432760,13
5.5.00,Bixby110dlg.cpp,"bixby110control::Bixby110Dialog(HINSTANCE__*, int, unsigned char, unsigned char)",0,0x00418020,SetWindowTextA@8,0x00432770,1
5.5.00,Bixby110dlg.cpp,"bixby110control::Bixby110Dialog(HINSTANCE__*, int, unsigned char, unsigned char)",0,0x00418020,GetDC@4,0x00432780,2
5.5.00,Bixby110dlg.cpp,"bixby110control::Bixby110Dialog(HINSTANCE__*, int, unsigned char, unsigned char)",0,0x00418020,ReleaseDC@8,0x00432790,2
5.5.00,Bixby110dlg.cpp,"bixby110control::Bixby110Dialog(HINSTANCE__*, int, unsigned char, unsigned char)",0,0x00418020,SetTimer@16,0x004327A0,1
5.5.00,Bixby110dlg.cpp,"bixby110control::Bixby110Dialog(HINSTANCE__*, int, unsigned char, unsigned char)",0,0x00418020,DispatchMessageA@4,0x004327B0,1
5.5.00,Bixby110dlg.cpp,"bixby110control::Bixby110Dialog(HINSTANCE__*, int, unsigned char, unsigned char)",0,0x00418020,GetMessageA@16,0x004327C0,1
5.5.00,Bixby110dlg.cpp,"bixby110control::Bixby110Dialog(HINSTANCE__*, int, unsigned char, unsigned char)",0,0x00418020,TranslateMessage@4,0x004327D0,1
5.5.00,Bixby110dlg.cpp,"bixby110control::Bixby110Dialog(HINSTANCE__*, int, unsigned char, unsigned char)",0,0x00418020,ShowWindow@8,0x004327E0,6
5.5.00,Bixby110dlg.cpp,"bixby110control::Bixby110Dialog(HINSTANCE__*, int, unsigned char, unsigned char)",0,0x00418020,DestroyWindow@4,0x00432800,63
5.5.00,Bixby110dlg.cpp,"bixby110control::Bixby110Dialog(HINSTANCE__*, int, unsigned char, unsigned char)",0,0x00418020,SendMessageA@16,0x00432820,1
5.5.00,Bixby110dlg.cpp,"bixby110control::Bixby110Dialog(HINSTANCE__*, int, unsigned char, unsigned char)",0,0x00418020,GetSysColor@4,0x00432830,1
5.5.00,Bixby110dlg.cpp,"bixby110control::Bixby110Dialog(HINSTANCE__*, int, unsigned char, unsigned char)",0,0x00418020,SetActiveWindow@4,0x00432840,4
5.5.00,Bixby110dlg.cpp,"bixby110control::Bixby110Dialog(HINSTANCE__*, int, unsigned char, unsigned char)",0,0x00418020,RedrawWindow@16,0x00432850,4
5.5.00,Bixby110dlg.cpp,"bixby110control::Bixby110Dialog(HINSTANCE__*, int, unsigned char, unsigned char)",0,0x00418020,SetFocus@4,0x00432860,3
5.5.00,Bixby110dlg.cpp,"bixby110control::Bixby110Dialog(HINSTANCE__*, int, unsigned char, unsigned char)",0,0x00418020,ShowWindowAsync@8,0x00432870,4
5.5.00,Bixby110dlg.cpp,"bixby110control::Bixby110Dialog(HINSTANCE__*, int, unsigned char, unsigned char)",0,0x00418020,CreateFileA@28,0x004329B0,1
5.5.00,Bixby110dlg.cpp,"bixby110control::Bixby110Dialog(HINSTANCE__*, int, unsigned char, unsigned char)",0,0x00418020,CloseHandle@4,0x004329E0,1
5.5.00,Bixby110dlg.cpp,"bixby110control::Bixby110Dialog(HINSTANCE__*, int, unsigned char, unsigned char)",0,0x00418020,WriteFile@20,0x00432A20,1
5.5.00,Bixby110dlg.cpp,"bixby110control::Bixby110Dialog(HINSTANCE__*, int, unsigned char, unsigned char)",0,0x00418020,GetLocalTime@4,0x00432A40,2
5.5.00,Bixby110dlg.cpp,"bixby110control::Bixby110Dialog(HINSTANCE__*, int, unsigned char, unsigned char)",0,0x00418020,GetFileAttributesA@4,0x00432AB0,1
5.5.00,Bixby110dlg.cpp,"bixby110control::Bixby110UpdateData(char, unsigned char)",0,0x004117F0,"FormatTime(_SYSTEMTIME*, char*)",0x004082D0,1
5.5.00,Bixby110dlg.cpp,"bixby110control::Bixby110UpdateData(char, unsigned char)",0,0x004117F0,bixby110io::getCMDbuf(unsigned char),0x004095E0,7
5.5.00,Bixby110dlg.cpp,"bixby110control::Bixby110UpdateData(char, unsigned char)",0,0x004117F0,manual3checkbox::IsChecked(),0x004222C0,28
5.5.00,Bixby110dlg.cpp,"bixby110control::Bixby110UpdateData(char, unsigned char)",0,0x004117F0,manual3checkbox::SetChecked(),0x004223C0,1
5.5.00,Bixby110dlg.cpp,"bixby110control::Bixby110UpdateData(char, unsigned char)",0,0x004117F0,manual3checkbox::SetUnchecked(),0x00422400,1
5.5.00,Bixby110dlg.cpp,"bixby110control::Bixby110UpdateData(char, unsigned char)",0,0x004117F0,edit::Gettext(),0x00422D70,5
5.5.00,Bixby110dlg.cpp,"bixby110control::Bixby110UpdateData(char, unsigned char)",0,0x004117F0,edit::Settext(char const*),0x00422DB0,15
5.5.00,Bixby110dlg.cpp,"bixby110control::Bixby110UpdateData(char, unsigned char)",0,0x004117F0,edit::SetBkColor(unsigned long),0x00422E40,24
5.5.00,Bixby110dlg.cpp,"bixby110control::Bixby110UpdateData(char, unsigned char)",0,0x004117F0,sprintf,0x00432560,45
5.5.00,Bixby110dlg.cpp,"bixby110control::Bixby110UpdateData(char, unsigned char)",0,0x004117F0,strlen,0x00432580,6
5.5.00,Bixby110dlg.cpp,"bixby110control::Bixby110UpdateData(char, unsigned char)",0,0x004117F0,strcpy,0x00432590,34
5.5.00,Bixby110dlg.cpp,"bixby110control::Bixby110UpdateData(char, unsigned char)",0,0x004117F0,strcmp,0x004325B0,3
5.5.00,Bixby110dlg.cpp,"bixby110control::Bixby110UpdateData(char, unsigned char)",0,0x004117F0,strcat,0x004325C0,2
5.5.00,Bixby110dlg.cpp,"bixby110control::Bixby110UpdateData(char, unsigned char)",0,0x004117F0,GetSysColor@4,0x00432830,7
5.5.00,Bixby110dlg.cpp,"bixby110control::Bixby110UpdateData(char, unsigned char)",0,0x004117F0,WriteFile@20,0x00432A20,1
5.5.00,Bixby110dlg.cpp,"bixby110control::Bixby110UpdateData(char, unsigned char)",0,0x004117F0,GetLocalTime@4,0x00432A40,1
5.5.00,Bixby110Downloader.cpp,bixby110downloader::bixby110downloader(),0,0x0041C830,bixby110io::bixby110io(),0x00408760,1
5.5.00,Bixby110Downloader.cpp,bixby110downloader::bixby110downloader(),0,0x0041C830,bixby110io::~bixby110io(),0x004087A0,1
5.5.00,Bixby110Downloader.cpp,bixby110downloader::bixby110downloader(),0,0x0041C830,dlgelement::dlgelement(),0x00421C70,28
5.5.00,Bixby110Downloader.cpp,bixby110downloader::bixby110downloader(),0,0x0041C830,filerequester::filerequester(),0x00423850,1
5.5.00,Bixby110Downloader.cpp,bixby110downloader::bixby110downloader(),0,0x0041C830,operator delete(void*),0x0042C880,1
5.5.00,Bixby110Downloader.cpp,bixby110downloader::bixby110downloader(),0,0x0041C830,operator new(unsigned int),0x0042C8A0,29
5.5.00,Bixby110Downloader.cpp,bixby110downloader::bixby110downloader(),0,0x0041C830,_Unwind_SjLj_Register,0x00431790,1
5.5.00,Bixby110Downloader.cpp,bixby110downloader::bixby110downloader(),0,0x0041C830,_Unwind_SjLj_Unregister,0x00431870,1
5.5.00,Bixby110Downloader.cpp,bixby110downloader::bixby110downloader(),0,0x0041C830,_Unwind_SjLj_Resume,0x00431E50,1
5.5.00,Bixby110Downloader.cpp,bixby110downloader::bixby110downloader(),1,0x0041D110,bixby110io::bixby110io(),0x00408760,1
5.5.00,Bixby110Downloader.cpp,bixby110downloader::bixby110downloader(),1,0x0041D110,bixby110io::~bixby110io(),0x004087A0,1
5.5.00,Bixby110Downloader.cpp,bixby110downloader::bixby110downloader(),1,0x0041D110,dlgelement::dlgelement(),0x00421C70,28
5.5.00,Bixby110Downloader.cpp,bixby110downloader::bixby110downloader(),1,0x0041D110,filerequester::filerequester(),0x00423850,1
5.5.00,Bixby110Downloader.cpp,bixby110downloader::bixby110downloader(),1,0x0041D110,operator delete(void*),0x0042C880,1
5.5.00,Bixby110Downloader.cpp,bixby110downloader::bixby110downloader(),1,0x0041D110,operator new(unsigned int),0x0042C8A0,29
5.5.00,Bixby110Downloader.cpp,bixby110downloader::bixby110downloader(),1,0x0041D110,_Unwind_SjLj_Register,0x00431790,1
5.5.00,Bixby110Downloader.cpp,bixby110downloader::bixby110downloader(),1,0x0041D110,_Unwind_SjLj_Unregister,0x00431870,1
5.5.00,Bixby110Downloader.cpp,bixby110downloader::bixby110downloader(),1,0x0041D110,_Unwind_SjLj_Resume,0x00431E50,1
5.5.00,Bixby110Downloader.cpp,bixby110downloader::~bixby110downloader(),0,0x0041D9F0,bixby110io::~bixby110io(),0x004087A0,2
5.5.00,Bixby110Downloader.cpp,bixby110downloader::~bixby110downloader(),0,0x0041D9F0,dlgelement::~dlgelement(),0x00421C90,28
5.5.00,Bixby110Downloader.cpp,bixby110downloader::~bixby110downloader(),0,0x0041D9F0,filerequester::~filerequester(),0x00423A40,1
5.5.00,Bixby110Downloader.cpp,bixby110downloader::~bixby110downloader(),0,0x0041D9F0,operator delete(void*),0x0042C880,29
5.5.00,Bixby110Downloader.cpp,bixby110downloader::~bixby110downloader(),0,0x0041D9F0,_Unwind_SjLj_Register,0x00431790,1
5.5.00,Bixby110Downloader.cpp,bixby110downloader::~bixby110downloader(),0,0x0041D9F0,_Unwind_SjLj_Unregister,0x00431870,1
5.5.00,Bixby110Downloader.cpp,bixby110downloader::~bixby110downloader(),0,0x0041D9F0,_Unwind_SjLj_Resume,0x00431E50,1
5.5.00,Bixby110Downloader.cpp,bixby110downloader::~bixby110downloader(),1,0x0041E0C0,bixby110io::~bixby110io(),0x004087A0,2
5.5.00,Bixby110Downloader.cpp,bixby110downloader::~bixby110downloader(),1,0x0041E0C0,dlgelement::~dlgelement(),0x00421C90,28
5.5.00,Bixby110Downloader.cpp,bixby110downloader::~bixby110downloader(),1,0x0041E0C0,filerequester::~filerequester(),0x00423A40,1
5.5.00,Bixby110Downloader.cpp,bixby110downloader::~bixby110downloader(),1,0x0041E0C0,operator delete(void*),0x0042C880,29
5.5.00,Bixby110Downloader.cpp,bixby110downloader::~bixby110downloader(),1,0x0041E0C0,_Unwind_SjLj_Register,0x00431790,1
5.5.00,Bixby110Downloader.cpp,bixby110downloader::~bixby110downloader(),1,0x0041E0C0,_Unwind_SjLj_Unregister,0x00431870,1
5.5.00,Bixby110Downloader.cpp,bixby110downloader::~bixby110downloader(),1,0x0041E0C0,_Unwind_SjLj_Resume,0x00431E50,1
5.5.00,Bixby110Downloader.cpp,"bixby110downloader::getbyte(unsigned char, unsigned char*)",0,0x0041E9A0,bixby110io::status_read_char(unsigned char*),0x00409FE0,1
5.5.00,Bixby110Downloader.cpp,bixby110downloader::getbyte(unsigned char*),0,0x0041E9F0,bixby110io::status_read_char(unsigned char*),0x00409FE0,1
5.5.00,Bixby110Downloader.cpp,bixby110downloader::GetStoveVersion(),0,0x0041EA70,"TimeDelay(HWND__*, unsigned int)",0x00408040,5
5.5.00,Bixby110Downloader.cpp,bixby110downloader::GetStoveVersion(),0,0x0041EA70,"bixby110io::readreg(unsigned char, unsigned char)",0x00409570,5
5.5.00,Bixby110Downloader.cpp,bixby110downloader::GetStoveVersion(),0,0x0041EA70,bixby110io::getCMDbuf(unsigned char),0x004095E0,5
5.5.00,Bixby110Downloader.cpp,bixby110downloader::GetStoveVersion(),0,0x0041EA70,bixby110io::CollectResponse(),0x00409690,5
5.5.00,Bixby110Downloader.cpp,bixby110downloader::GetStoveVersion(),0,0x0041EA70,edit::Settext(char const*),0x00422DB0,2
5.5.00,Bixby110Downloader.cpp,bixby110downloader::GetStoveVersion(),0,0x0041EA70,sprintf,0x00432560,2
5.5.00,Bixby110Downloader.cpp,bixby110downloader::AttemptStoveReset(),0,0x0041EC90,"bixby110io::writereg(unsigned char, unsigned char, unsigned char)",0x00409530,1
5.5.00,Bixby110Downloader.cpp,bixby110downloader::SendDone(),0,0x0041ECD0,bixby110io::write_char(char),0x00409F70,1
5.5.00,Bixby110Downloader.cpp,bixby110downloader::SendDone(),0,0x0041ECD0,bixby110io::status_read_char(unsigned char*),0x00409FE0,1
5.5.00,Bixby110Downloader.cpp,bixby110downloader::SendDone(),0,0x0041ECD0,exit,0x00432610,1
5.5.00,Bixby110Downloader.cpp,bixby110downloader::SendDone(),0,0x0041ECD0,MessageBoxA@16,0x00432760,1
5.5.00,Bixby110Downloader.cpp,"ReadFile_fgets(char*, int, void*)",0,0x0041ED70,ReadFile@20,0x00432A30,1
5.5.00,Bixby110Downloader.cpp,bixby110downloader::LoadHex_Open(char*),0,0x0041EE30,edit::Settext(char const*),0x00422DB0,1
5.5.00,Bixby110Downloader.cpp,bixby110downloader::LoadHex_Open(char*),0,0x0041EE30,sprintf,0x00432560,2
5.5.00,Bixby110Downloader.cpp,bixby110downloader::LoadHex_Open(char*),0,0x0041EE30,strlen,0x00432580,1
5.5.00,Bixby110Downloader.cpp,bixby110downloader::LoadHex_Open(char*),0,0x0041EE30,fopen,0x00432620,1
5.5.00,Bixby110Downloader.cpp,bixby110downloader::LoadHex_Open(char*),0,0x0041EE30,MessageBoxA@16,0x00432760,2
5.5.00,Bixby110Downloader.cpp,bixby110downloader::LoadHex_Open(char*),0,0x0041EE30,CreateFileA@28,0x004329B0,1
5.5.00,Bixby110Downloader.cpp,bixby110downloader::LoadHex_Open(char*),0,0x0041EE30,GetLastError@0,0x00432AC0,1
5.5.00,Bixby110Downloader.cpp,bixby110downloader::LoadHex_Open(char*),0,0x0041EE30,FormatMessageA@28,0x00432AD0,1
5.5.00,Bixby110Downloader.cpp,bixby110downloader::LoadHex_Open(char*),0,0x0041EE30,LocalFree@4,0x00432AE0,1
5.5.00,Bixby110Downloader.cpp,bixby110downloader::LoadHex_Read(),0,0x0041F020,"hextoval(char, char)",0x00407E10,1
5.5.00,Bixby110Downloader.cpp,bixby110downloader::LoadHex_Read(),0,0x0041F020,fgets,0x00432600,1
5.5.00,Bixby110Downloader.cpp,bixby110downloader::LoadHex_Read(),0,0x0041F020,ReadFile@20,0x00432A30,1
5.5.00,Bixby110Downloader.cpp,bixby110downloader::LoadHex_Close(),0,0x0041F1B0,fclose,0x004325F0,1
5.5.00,Bixby110Downloader.cpp,bixby110downloader::LoadHex_Close(),0,0x0041F1B0,CloseHandle@4,0x004329E0,1
5.5.00,Bixby110Downloader.cpp,bixby110downloader::LoadHex(char*),0,0x0041F210,bixby110downloader::LoadHex_Open(char*),0x0041EE30,1
5.5.00,Bixby110Downloader.cpp,bixby110downloader::LoadHex(char*),0,0x0041F210,bixby110downloader::LoadHex_Read(),0x0041F020,1
5.5.00,Bixby110Downloader.cpp,bixby110downloader::LoadHex(char*),0,0x0041F210,edit::Settext(char const*),0x00422DB0,2
5.5.00,Bixby110Downloader.cpp,bixby110downloader::LoadHex(char*),0,0x0041F210,sprintf,0x00432560,2
5.5.00,Bixby110Downloader.cpp,bixby110downloader::LoadHex(char*),0,0x0041F210,fclose,0x004325F0,3
5.5.00,Bixby110Downloader.cpp,bixby110downloader::LoadHex(char*),0,0x0041F210,MessageBoxA@16,0x00432760,1
5.5.00,Bixby110Downloader.cpp,bixby110downloader::LoadHex(char*),0,0x0041F210,CloseHandle@4,0x004329E0,2
5.5.00,Bixby110Downloader.cpp,bixby110downloader::DownLoad(),0,0x0041F880,"TimeDelay(HWND__*, unsigned int)",0x00408040,2
5.5.00,Bixby110Downloader.cpp,bixby110downloader::DownLoad(),0,0x0041F880,bixby110io::write_char(char),0x00409F70,6
5.5.00,Bixby110Downloader.cpp,bixby110downloader::DownLoad(),0,0x0041F880,bixby110io::status_read_char(unsigned char*),0x00409FE0,3
5.5.00,Bixby110Downloader.cpp,bixby110downloader::DownLoad(),0,0x0041F880,manual3checkbox::IsChecked(),0x004222C0,1
5.5.00,Bixby110Downloader.cpp,bixby110downloader::DownLoad(),0,0x0041F880,pushbutton::WasPushed(),0x00422910,1
5.5.00,Bixby110Downloader.cpp,bixby110downloader::DownLoad(),0,0x0041F880,edit::Settext(char const*),0x00422DB0,6
5.5.00,Bixby110Downloader.cpp,bixby110downloader::DownLoad(),0,0x0041F880,sprintf,0x00432560,6
5.5.00,Bixby110Downloader.cpp,bixby110downloader::DownLoad(),0,0x0041F880,strcat,0x004325C0,1
5.5.00,Bixby110Downloader.cpp,bixby110downloader::DownLoad(),0,0x0041F880,Beep@8,0x00432A50,2
5.5.00,Bixby110Downloader.cpp,bixby110downloader::Identify(),0,0x0041FD80,"TimeDelay(HWND__*, unsigned int)",0x00408040,3
5.5.00,Bixby110Downloader.cpp,bixby110downloader::Identify(),0,0x0041FD80,bixby110io::write_char(char),0x00409F70,1
5.5.00,Bixby110Downloader.cpp,bixby110downloader::Identify(),0,0x0041FD80,bixby110io::status_read_char(unsigned char*),0x00409FE0,1
5.5.00,Bixby110Downloader.cpp,bixby110downloader::Identify(),0,0x0041FD80,PeekMessageA@20,0x00432880,1
5.5.00,Bixby110Downloader.cpp,bixby110downloader::Identify(),0,0x0041FD80,Beep@8,0x00432A50,2
5.5.00,Bixby110Downloader.cpp,"bixby110downloader::Bixby110Downloader(HINSTANCE__*, int, char*, unsigned char)",0,0x0041FEB0,"bixby110io::getrs232port(unsigned char, unsigned char)",0x004087B0,1
5.5.00,Bixby110Downloader.cpp,"bixby110downloader::Bixby110Downloader(HINSTANCE__*, int, char*, unsigned char)",0,0x0041FEB0,bixby110io::freers232port(),0x00408940,2
5.5.00,Bixby110Downloader.cpp,"bixby110downloader::Bixby110Downloader(HINSTANCE__*, int, char*, unsigned char)",0,0x0041FEB0,bixby110io::getrs232portstatus(),0x00408960,1
5.5.00,Bixby110Downloader.cpp,"bixby110downloader::Bixby110Downloader(HINSTANCE__*, int, char*, unsigned char)",0,0x0041FEB0,"bixby110io::writereg(unsigned char, unsigned char, unsigned char)",0x00409530,1
5.5.00,Bixby110Downloader.cpp,"bixby110downloader::Bixby110Downloader(HINSTANCE__*, int, char*, unsigned char)",0,0x0041FEB0,bixby110io::write_char(char),0x00409F70,1
5.5.00,Bixby110Downloader.cpp,"bixby110downloader::Bixby110Downloader(HINSTANCE__*, int, char*, unsigned char)",0,0x0041FEB0,bixby110io::status_read_char(unsigned char*),0x00409FE0,1
5.5.00,Bixby110Downloader.cpp,"bixby110downloader::Bixby110Downloader(HINSTANCE__*, int, char*, unsigned char)",0,0x0041FEB0,bixby110downloader::GetStoveVersion(),0x0041EA70,2
5.5.00,Bixby110Downloader.cpp,"bixby110downloader::Bixby110Downloader(HINSTANCE__*, int, char*, unsigned char)",0,0x0041FEB0,bixby110downloader::LoadHex(char*),0x0041F210,1
5.5.00,Bixby110Downloader.cpp,"bixby110downloader::Bixby110Downloader(HINSTANCE__*, int, char*, unsigned char)",0,0x0041FEB0,bixby110downloader::DownLoad(),0x0041F880,1
5.5.00,Bixby110Downloader.cpp,"bixby110downloader::Bixby110Downloader(HINSTANCE__*, int, char*, unsigned char)",0,0x0041FEB0,bixby110downloader::Identify(),0x0041FD80,1
5.5.00,Bixby110Downloader.cpp,"bixby110downloader::Bixby110Downloader(HINSTANCE__*, int, char*, unsigned char)",0,0x0041FEB0,dlgmsgrouter::RemoveMessageRoute(HWND__*),0x00421B70,1
5.5.00,Bixby110Downloader.cpp,"bixby110downloader::Bixby110Downloader(HINSTANCE__*, int, char*, unsigned char)",0,0x0041FEB0,manual3checkbox::IsChecked(),0x004222C0,1
5.5.00,Bixby110Downloader.cpp,"bixby110downloader::Bixby110Downloader(HINSTANCE__*, int, char*, unsigned char)",0,0x0041FEB0,manual3checkbox::SetChecked(),0x004223C0,1
5.5.00,Bixby110Downloader.cpp,"bixby110downloader::Bixby110Downloader(HINSTANCE__*, int, char*, unsigned char)",0,0x0041FEB0,manual3checkbox::SetUnchecked(),0x00422400,1
5.5.00,Bixby110Downloader.cpp,"bixby110downloader::Bixby110Downloader(HINSTANCE__*, int, char*, unsigned char)",0,0x0041FEB0,manual3checkbox::WasPushed(),0x00422500,2
5.5.00,Bixby110Downloader.cpp,"bixby110downloader::Bixby110Downloader(HINSTANCE__*, int, char*, unsigned char)",0,0x0041FEB0,"pushbutton::CreatePushbutton(char const*, int, int, HWND__*, HINSTANCE__*)",0x004227C0,4
5.5.00,Bixby110Downloader.cpp,"bixby110downloader::Bixby110Downloader(HINSTANCE__*, int, char*, unsigned char)",0,0x0041FEB0,pushbutton::WasPushed(),0x00422910,6
5.5.00,Bixby110Downloader.cpp,"bixby110downloader::Bixby110Downloader(HINSTANCE__*, int, char*, unsigned char)",0,0x0041FEB0,"edit::CreateEdit(char const*, int, int, int, int, HWND__*, HINSTANCE__*, unsigned long)",0x00422CB0,12
5.5.00,Bixby110Downloader.cpp,"bixby110downloader::Bixby110Downloader(HINSTANCE__*, int, char*, unsigned char)",0,0x0041FEB0,edit::Gettext(),0x00422D70,4
5.5.00,Bixby110Downloader.cpp,"bixby110downloader::Bixby110Downloader(HINSTANCE__*, int, char*, unsigned char)",0,0x0041FEB0,edit::Settext(char const*),0x00422DB0,13
5.5.00,Bixby110Downloader.cpp,"bixby110downloader::Bixby110Downloader(HINSTANCE__*, int, char*, unsigned char)",0,0x0041FEB0,"statictext::CreateStatictext(char const*, int, int, int, int, HWND__*, HINSTANCE__*)",0x00423190,11
5.5.00,Bixby110Downloader.cpp,"bixby110downloader::Bixby110Downloader(HINSTANCE__*, int, char*, unsigned char)",0,0x0041FEB0,"dlgbox::CreateDialogBox(char const*, unsigned long, char const*)",0x00423540,1
5.5.00,Bixby110Downloader.cpp,"bixby110downloader::Bixby110Downloader(HINSTANCE__*, int, char*, unsigned char)",0,0x0041FEB0,sprintf,0x00432560,5
5.5.00,Bixby110Downloader.cpp,"bixby110downloader::Bixby110Downloader(HINSTANCE__*, int, char*, unsigned char)",0,0x0041FEB0,memcpy,0x00432570,1
5.5.00,Bixby110Downloader.cpp,"bixby110downloader::Bixby110Downloader(HINSTANCE__*, int, char*, unsigned char)",0,0x0041FEB0,strlen,0x00432580,2
5.5.00,Bixby110Downloader.cpp,"bixby110downloader::Bixby110Downloader(HINSTANCE__*, int, char*, unsigned char)",0,0x0041FEB0,strcpy,0x00432590,2
5.5.00,Bixby110Downloader.cpp,"bixby110downloader::Bixby110Downloader(HINSTANCE__*, int, char*, unsigned char)",0,0x0041FEB0,atoi,0x004325A0,4
5.5.00,Bixby110Downloader.cpp,"bixby110downloader::Bixby110Downloader(HINSTANCE__*, int, char*, unsigned char)",0,0x0041FEB0,strcat,0x004325C0,2
5.5.00,Bixby110Downloader.cpp,"bixby110downloader::Bixby110Downloader(HINSTANCE__*, int, char*, unsigned char)",0,0x0041FEB0,exit,0x00432610,1
5.5.00,Bixby110Downloader.cpp,"bixby110downloader::Bixby110Downloader(HINSTANCE__*, int, char*, unsigned char)",0,0x0041FEB0,GetSaveFileNameA@4,0x00432750,1
5.5.00,Bixby110Downloader.cpp,"bixby110downloader::Bixby110Downloader(HINSTANCE__*, int, char*, unsigned char)",0,0x0041FEB0,MessageBoxA@16,0x00432760,2
5.5.00,Bixby110Downloader.cpp,"bixby110downloader::Bixby110Downloader(HINSTANCE__*, int, char*, unsigned char)",0,0x0041FEB0,SetWindowTextA@8,0x00432770,1
5.5.00,Bixby110Downloader.cpp,"bixby110downloader::Bixby110Downloader(HINSTANCE__*, int, char*, unsigned char)",0,0x0041FEB0,DispatchMessageA@4,0x004327B0,1
5.5.00,Bixby110Downloader.cpp,"bixby110downloader::Bixby110Downloader(HINSTANCE__*, int, char*, unsigned char)",0,0x0041FEB0,GetMessageA@16,0x004327C0,1
5.5.00,Bixby110Downloader.cpp,"bixby110downloader::Bixby110Downloader(HINSTANCE__*, int, char*, unsigned char)",0,0x0041FEB0,TranslateMessage@4,0x004327D0,1
5.5.00,Bixby110Downloader.cpp,"bixby110downloader::Bixby110Downloader(HINSTANCE__*, int, char*, unsigned char)",0,0x0041FEB0,ShowWindow@8,0x004327E0,2
5.5.00,Bixby110Downloader.cpp,"bixby110downloader::Bixby110Downloader(HINSTANCE__*, int, char*, unsigned char)",0,0x0041FEB0,KillTimer@8,0x004327F0,1
5.5.00,Bixby110Downloader.cpp,"bixby110downloader::Bixby110Downloader(HINSTANCE__*, int, char*, unsigned char)",0,0x0041FEB0,DestroyWindow@4,0x00432800,27
5.5.00,dlgctrl.cpp,CLinkedList::~CLinkedList(),0,0x00421210,operator delete(void*),0x0042C880,1
5.5.00,dlgctrl.cpp,CLinkedList::~CLinkedList(),1,0x00421240,operator delete(void*),0x0042C880,1
5.5.00,dlgctrl.cpp,CLinkedList::NewAddNode(void*),0,0x00421270,operator new(unsigned int),0x0042C8A0,1
5.5.00,dlgctrl.cpp,CLinkedList::NewDeleteNode(void*),0,0x004212B0,operator delete(void*),0x0042C880,1
5.5.00,dlgctrl.cpp,dlgmsgrouter::dlgmsgrouter(),0,0x00421330,CreateBrushIndirect@4,0x00432700,1
5.5.00,dlgctrl.cpp,dlgmsgrouter::dlgmsgrouter(),0,0x00421330,MessageBoxA@16,0x00432760,1
5.5.00,dlgctrl.cpp,dlgmsgrouter::dlgmsgrouter(),1,0x004213B0,CreateBrushIndirect@4,0x00432700,1
5.5.00,dlgctrl.cpp,dlgmsgrouter::dlgmsgrouter(),1,0x004213B0,MessageBoxA@16,0x00432760,1
5.5.00,dlgctrl.cpp,dlgmsgrouter::~dlgmsgrouter(),0,0x00421430,DeleteObject@4,0x00432710,1
5.5.00,dlgctrl.cpp,dlgmsgrouter::~dlgmsgrouter(),1,0x00421450,DeleteObject@4,0x00432710,1
5.5.00,dlgctrl.cpp,"dlgmsgrouter::DialogMessageProc(HWND__*, unsigned int, unsigned int, long)",0,0x00421470,sprintf,0x00432560,3
5.5.00,dlgctrl.cpp,"dlgmsgrouter::DialogMessageProc(HWND__*, unsigned int, unsigned int, long)",0,0x00421470,SetBkColor@8,0x00432720,6
5.5.00,dlgctrl.cpp,"dlgmsgrouter::DialogMessageProc(HWND__*, unsigned int, unsigned int, long)",0,0x00421470,SetBkMode@8,0x00432730,2
5.5.00,dlgctrl.cpp,"dlgmsgrouter::DialogMessageProc(HWND__*, unsigned int, unsigned int, long)",0,0x00421470,MessageBoxA@16,0x00432760,3
5.5.00,dlgctrl.cpp,"dlgmsgrouter::DialogMessageProc(HWND__*, unsigned int, unsigned int, long)",0,0x00421470,GetDC@4,0x00432780,3
5.5.00,dlgctrl.cpp,"dlgmsgrouter::DialogMessageProc(HWND__*, unsigned int, unsigned int, long)",0,0x00421470,ReleaseDC@8,0x00432790,3
5.5.00,dlgctrl.cpp,"dlgmsgrouter::DialogMessageProc(HWND__*, unsigned int, unsigned int, long)",0,0x00421470,GetSysColor@4,0x00432830,1
5.5.00,dlgctrl.cpp,"dlgmsgrouter::DialogMessageProc(HWND__*, unsigned int, unsigned int, long)",0,0x00421470,RedrawWindow@16,0x00432850,2
5.5.00,dlgctrl.cpp,"dlgmsgrouter::DialogMessageProc(HWND__*, unsigned int, unsigned int, long)",0,0x00421470,GetScrollInfo@12,0x00432890,1
5.5.00,dlgctrl.cpp,"dlgmsgrouter::DialogMessageProc(HWND__*, unsigned int, unsigned int, long)",0,0x00421470,SetScrollInfo@16,0x004328A0,1
5.5.00,dlgctrl.cpp,"dlgmsgrouter::DialogMessageProc(HWND__*, unsigned int, unsigned int, long)",0,0x00421470,GetActiveWindow@0,0x004328B0,1
5.5.00,dlgctrl.cpp,"dlgmsgrouter::AddMessageRoute(DlgMsgNode*, int, HWND__*, void*, unsigned int*, unsigned int*, long*)",0,0x00421AF0,operator new(unsigned int),0x0042C8A0,1
5.5.00,dlgctrl.cpp,dlgmsgrouter::RemoveMessageRoute(HWND__*),0,0x00421B70,operator delete(void*),0x0042C880,1
5.5.00,dlgctrl.cpp,"dlgelement::CreateDialogElement(char const*, unsigned long, char const*, void*)",0,0x00421CB0,operator new(unsigned int),0x0042C8A0,1
5.5.00,dlgctrl.cpp,"dlgelement::CreateDialogElement(char const*, unsigned long, char const*, void*)",0,0x00421CB0,GetStockObject@4,0x004326E0,2
5.5.00,dlgctrl.cpp,"dlgelement::CreateDialogElement(char const*, unsigned long, char const*, void*)",0,0x00421CB0,SelectObject@8,0x004326F0,1
5.5.00,dlgctrl.cpp,"dlgelement::CreateDialogElement(char const*, unsigned long, char const*, void*)",0,0x00421CB0,MessageBoxA@16,0x00432760,1
5.5.00,dlgctrl.cpp,"dlgelement::CreateDialogElement(char const*, unsigned long, char const*, void*)",0,0x00421CB0,GetDC@4,0x00432780,1
5.5.00,dlgctrl.cpp,"dlgelement::CreateDialogElement(char const*, unsigned long, char const*, void*)",0,0x00421CB0,ReleaseDC@8,0x00432790,1
5.5.00,dlgctrl.cpp,"dlgelement::CreateDialogElement(char const*, unsigned long, char const*, void*)",0,0x00421CB0,ShowWindow@8,0x004327E0,1
5.5.00,dlgctrl.cpp,"dlgelement::CreateDialogElement(char const*, unsigned long, char const*, void*)",0,0x00421CB0,CreateWindowExA@48,0x00432810,1
5.5.00,dlgctrl.cpp,"dlgelement::CreateDialogElement(char const*, unsigned long, char const*, void*)",0,0x00421CB0,SendMessageA@16,0x00432820,1
5.5.00,dlgctrl.cpp,"dlgelement::CreateDialogElementEx(char const*, unsigned long, char const*, void*)",0,0x00421E60,operator new(unsigned int),0x0042C8A0,1
5.5.00,dlgctrl.cpp,"dlgelement::CreateDialogElementEx(char const*, unsigned long, char const*, void*)",0,0x00421E60,GetStockObject@4,0x004326E0,2
5.5.00,dlgctrl.cpp,"dlgelement::CreateDialogElementEx(char const*, unsigned long, char const*, void*)",0,0x00421E60,SelectObject@8,0x004326F0,1
5.5.00,dlgctrl.cpp,"dlgelement::CreateDialogElementEx(char const*, unsigned long, char const*, void*)",0,0x00421E60,MessageBoxA@16,0x00432760,1
5.5.00,dlgctrl.cpp,"dlgelement::CreateDialogElementEx(char const*, unsigned long, char const*, void*)",0,0x00421E60,GetDC@4,0x00432780,1
5.5.00,dlgctrl.cpp,"dlgelement::CreateDialogElementEx(char const*, unsigned long, char const*, void*)",0,0x00421E60,ReleaseDC@8,0x00432790,1
5.5.00,dlgctrl.cpp,"dlgelement::CreateDialogElementEx(char const*, unsigned long, char const*, void*)",0,0x00421E60,ShowWindow@8,0x004327E0,1
5.5.00,dlgctrl.cpp,"dlgelement::CreateDialogElementEx(char const*, unsigned long, char const*, void*)",0,0x00421E60,CreateWindowExA@48,0x00432810,1
5.5.00,dlgctrl.cpp,"dlgelement::CreateDialogElementEx(char const*, unsigned long, char const*, void*)",0,0x00421E60,SendMessageA@16,0x00432820,1
5.5.00,dlgctrl.cpp,"dlgelement::CreateDialogElement(char const*, unsigned long, char const*)",0,0x00422010,"dlgelement::CreateDialogElement(char const*, unsigned long, char const*, void*)",0x00421CB0,1
5.5.00,dlgctrl.cpp,"autocheckbox::CreateAutocheckbox(char const*, int, int, HWND__*, HINSTANCE__*)",0,0x00422040,"dlgelement::CreateDialogElement(char const*, unsigned long, char const*, void*)",0x00421CB0,1
5.5.00,dlgctrl.cpp,"autocheckbox::CreateAutocheckbox(char const*, int, int, HWND__*, HINSTANCE__*)",0,0x00422040,strlen,0x00432580,1
5.5.00,dlgctrl.cpp,"autocheckbox::CreateAutocheckbox(char const*, int, int, HWND__*, HINSTANCE__*)",0,0x00422040,GetTextExtentPoint32A@16,0x004326D0,1
5.5.00,dlgctrl.cpp,"autocheckbox::CreateAutocheckbox(char const*, int, int, HWND__*, HINSTANCE__*)",0,0x00422040,GetDC@4,0x00432780,1
5.5.00,dlgctrl.cpp,"autocheckbox::CreateAutocheckbox(char const*, int, int, HWND__*, HINSTANCE__*)",0,0x00422040,ReleaseDC@8,0x00432790,1
5.5.00,dlgctrl.cpp,autocheckbox::IsChecked(),0,0x004220F0,SendMessageA@16,0x00432820,1
5.5.00,dlgctrl.cpp,"auto3checkbox::CreateAuto3checkbox(char const*, int, int, HWND__*, HINSTANCE__*)",0,0x00422120,"dlgelement::CreateDialogElement(char const*, unsigned long, char const*, void*)",0x00421CB0,1
5.5.00,dlgctrl.cpp,"auto3checkbox::CreateAuto3checkbox(char const*, int, int, HWND__*, HINSTANCE__*)",0,0x00422120,strlen,0x00432580,1
5.5.00,dlgctrl.cpp,"auto3checkbox::CreateAuto3checkbox(char const*, int, int, HWND__*, HINSTANCE__*)",0,0x00422120,GetTextExtentPoint32A@16,0x004326D0,1
5.5.00,dlgctrl.cpp,"auto3checkbox::CreateAuto3checkbox(char const*, int, int, HWND__*, HINSTANCE__*)",0,0x00422120,GetDC@4,0x00432780,1
5.5.00,dlgctrl.cpp,"auto3checkbox::CreateAuto3checkbox(char const*, int, int, HWND__*, HINSTANCE__*)",0,0x00422120,ReleaseDC@8,0x00432790,1
5.5.00,dlgctrl.cpp,auto3checkbox::IsChecked(),0,0x004221D0,SendMessageA@16,0x00432820,1
5.5.00,dlgctrl.cpp,"manual3checkbox::CreateManual3checkbox(char const*, int, int, HWND__*, HINSTANCE__*)",0,0x00422200,"dlgelement::CreateDialogElement(char const*, unsigned long, char const*, void*)",0x00421CB0,1
5.5.00,dlgctrl.cpp,"manual3checkbox::CreateManual3checkbox(char const*, int, int, HWND__*, HINSTANCE__*)",0,0x00422200,strlen,0x00432580,1
5.5.00,dlgctrl.cpp,"manual3checkbox::CreateManual3checkbox(char const*, int, int, HWND__*, HINSTANCE__*)",0,0x00422200,GetTextExtentPoint32A@16,0x004326D0,1
5.5.00,dlgctrl.cpp,"manual3checkbox::CreateManual3checkbox(char const*, int, int, HWND__*, HINSTANCE__*)",0,0x00422200,GetDC@4,0x00432780,1
5.5.00,dlgctrl.cpp,"manual3checkbox::CreateManual3checkbox(char const*, int, int, HWND__*, HINSTANCE__*)",0,0x00422200,ReleaseDC@8,0x00432790,1
5.5.00,dlgctrl.cpp,"manual3checkbox::CreateManual3checkbox(char const*, int, int, HWND__*, HINSTANCE__*)",0,0x00422200,GetSysColor@4,0x00432830,1
5.5.00,dlgctrl.cpp,manual3checkbox::IsChecked(),0,0x004222C0,SendMessageA@16,0x00432820,1
5.5.00,dlgctrl.cpp,manual3checkbox::IsUnchecked(),0,0x00422300,SendMessageA@16,0x00432820,1
5.5.00,dlgctrl.cpp,manual3checkbox::IsIndeterminate(),0,0x00422340,SendMessageA@16,0x00432820,1
5.5.00,dlgctrl.cpp,manual3checkbox::Set(unsigned int),0,0x00422380,SendMessageA@16,0x00432820,1
5.5.00,dlgctrl.cpp,manual3checkbox::SetChecked(),0,0x004223C0,SendMessageA@16,0x00432820,1
5.5.00,dlgctrl.cpp,manual3checkbox::SetUnchecked(),0,0x00422400,SendMessageA@16,0x00432820,1
5.5.00,dlgctrl.cpp,manual3checkbox::SetIndeterminate(),0,0x00422440,SendMessageA@16,0x00432820,1
5.5.00,dlgctrl.cpp,"SetBackColor(HDC__*, unsigned long)",0,0x00422490,SetBkColor@8,0x00432720,1
5.5.00,dlgctrl.cpp,manual3checkbox::SetBkColor(unsigned long),0,0x004224B0,RedrawWindow@16,0x00432850,1
5.5.00,dlgctrl.cpp,"manualradiobutton::CreateManualRadiobutton(char const*, int, int, HWND__*, HINSTANCE__*)",0,0x00422520,"dlgelement::CreateDialogElement(char const*, unsigned long, char const*, void*)",0x00421CB0,1
5.5.00,dlgctrl.cpp,"manualradiobutton::CreateManualRadiobutton(char const*, int, int, HWND__*, HINSTANCE__*)",0,0x00422520,strlen,0x00432580,1
5.5.00,dlgctrl.cpp,"manualradiobutton::CreateManualRadiobutton(char const*, int, int, HWND__*, HINSTANCE__*)",0,0x00422520,GetTextExtentPoint32A@16,0x004326D0,1
5.5.00,dlgctrl.cpp,"manualradiobutton::CreateManualRadiobutton(char const*, int, int, HWND__*, HINSTANCE__*)",0,0x00422520,GetStockObject@4,0x004326E0,1
5.5.00,dlgctrl.cpp,"manualradiobutton::CreateManualRadiobutton(char const*, int, int, HWND__*, HINSTANCE__*)",0,0x00422520,SelectObject@8,0x004326F0,1
5.5.00,dlgctrl.cpp,"manualradiobutton::CreateManualRadiobutton(char const*, int, int, HWND__*, HINSTANCE__*)",0,0x00422520,GetDC@4,0x00432780,1
5.5.00,dlgctrl.cpp,"manualradiobutton::CreateManualRadiobutton(char const*, int, int, HWND__*, HINSTANCE__*)",0,0x00422520,ReleaseDC@8,0x00432790,1
5.5.00,dlgctrl.cpp,"manualradiobutton::CreateManualRadiobutton(char const*, int, int, HWND__*, HINSTANCE__*)",0,0x00422520,GetSysColor@4,0x00432830,1
5.5.00,dlgctrl.cpp,manualradiobutton::IsChecked(),0,0x00422620,SendMessageA@16,0x00432820,1
5.5.00,dlgctrl.cpp,manualradiobutton::Set(unsigned int),0,0x00422650,SendMessageA@16,0x00432820,1
5.5.00,dlgctrl.cpp,manualradiobutton::SetChecked(),0,0x00422690,SendMessageA@16,0x00432820,1
5.5.00,dlgctrl.cpp,manualradiobutton::SetUnchecked(),0,0x004226D0,SendMessageA@16,0x00432820,1
5.5.00,dlgctrl.cpp,"pushbutton::CreatePushbutton(char const*, int, int, int, int, HWND__*, HINSTANCE__*)",0,0x00422740,"dlgelement::CreateDialogElement(char const*, unsigned long, char const*, void*)",0x00421CB0,1
5.5.00,dlgctrl.cpp,"pushbutton::CreatePushbutton(char const*, int, int, int, int, HWND__*, HINSTANCE__*)",0,0x00422740,GetSysColor@4,0x00432830,1
5.5.00,dlgctrl.cpp,"pushbutton::CreatePushbutton(char const*, int, int, HWND__*, HINSTANCE__*)",0,0x004227C0,"dlgelement::CreateDialogElement(char const*, unsigned long, char const*, void*)",0x00421CB0,1
5.5.00,dlgctrl.cpp,"pushbutton::CreatePushbutton(char const*, int, int, HWND__*, HINSTANCE__*)",0,0x004227C0,strlen,0x00432580,2
5.5.00,dlgctrl.cpp,"pushbutton::CreatePushbutton(char const*, int, int, HWND__*, HINSTANCE__*)",0,0x004227C0,GetTextExtentPoint32A@16,0x004326D0,1
5.5.00,dlgctrl.cpp,"pushbutton::CreatePushbutton(char const*, int, int, HWND__*, HINSTANCE__*)",0,0x004227C0,GetStockObject@4,0x004326E0,1
5.5.00,dlgctrl.cpp,"pushbutton::CreatePushbutton(char const*, int, int, HWND__*, HINSTANCE__*)",0,0x004227C0,SelectObject@8,0x004326F0,1
5.5.00,dlgctrl.cpp,"pushbutton::CreatePushbutton(char const*, int, int, HWND__*, HINSTANCE__*)",0,0x004227C0,GetDC@4,0x00432780,2
5.5.00,dlgctrl.cpp,"pushbutton::CreatePushbutton(char const*, int, int, HWND__*, HINSTANCE__*)",0,0x004227C0,ReleaseDC@8,0x00432790,2
5.5.00,dlgctrl.cpp,"pushbutton::CreatePushbutton(char const*, int, int, HWND__*, HINSTANCE__*)",0,0x004227C0,GetSysColor@4,0x00432830,1
5.5.00,dlgctrl.cpp,pushbutton::SetBkColor(unsigned long),0,0x00422950,RedrawWindow@16,0x00432850,1
5.5.00,dlgctrl.cpp,pushbutton::SetBkColor(unsigned long),0,0x00422950,UpdateWindow@4,0x004328C0,1
5.5.00,dlgctrl.cpp,"listbox::CreateListbox(char const*, int, int, int, int, HWND__*, HINSTANCE__*)",0,0x004229A0,"dlgelement::CreateDialogElement(char const*, unsigned long, char const*, void*)",0x00421CB0,1
5.5.00,dlgctrl.cpp,"listbox::CreateListbox(char const*, int, int, int, int, HWND__*, HINSTANCE__*)",0,0x004229A0,strlen,0x00432580,1
5.5.00,dlgctrl.cpp,"listbox::CreateListbox(char const*, int, int, int, int, HWND__*, HINSTANCE__*)",0,0x004229A0,GetTextExtentPoint32A@16,0x004326D0,1
5.5.00,dlgctrl.cpp,"listbox::CreateListbox(char const*, int, int, int, int, HWND__*, HINSTANCE__*)",0,0x004229A0,GetDC@4,0x00432780,1
5.5.00,dlgctrl.cpp,"listbox::CreateListbox(char const*, int, int, int, int, HWND__*, HINSTANCE__*)",0,0x004229A0,ReleaseDC@8,0x00432790,1
5.5.00,dlgctrl.cpp,listbox::Addstring(char const*),0,0x00422A40,SendMessageA@16,0x00432820,1
5.5.00,dlgctrl.cpp,"listbox::Insertstring(char const*, int)",0,0x00422A70,SendMessageA@16,0x00432820,1
5.5.00,dlgctrl.cpp,listbox::Deletestring(int),0,0x00422AA0,SendMessageA@16,0x00432820,1
5.5.00,dlgctrl.cpp,listbox::Getcursel(),0,0x00422AD0,SendMessageA@16,0x00432820,1
5.5.00,dlgctrl.cpp,listbox::Setcursel(int),0,0x00422B00,SendMessageA@16,0x00432820,1
5.5.00,dlgctrl.cpp,"listbox::Gettext(char const*, int)",0,0x00422B30,SendMessageA@16,0x00432820,1
5.5.00,dlgctrl.cpp,listbox::Resetcontent(),0,0x00422B60,SendMessageA@16,0x00432820,1
5.5.00,dlgctrl.cpp,listbox::WasPushed(),0,0x00422B90,sprintf,0x00432560,2
5.5.00,dlgctrl.cpp,listbox::WasPushed(),0,0x00422B90,MessageBoxA@16,0x00432760,2
5.5.00,dlgctrl.cpp,"edit::CreateEdit(char const*, int, int, int, int, HWND__*, HINSTANCE__*, unsigned long)",0,0x00422CB0,"dlgelement::CreateDialogElement(char const*, unsigned long, char const*, void*)",0x00421CB0,1
5.5.00,dlgctrl.cpp,"edit::CreateEdit(char const*, int, int, int, int, HWND__*, HINSTANCE__*, unsigned long)",0,0x00422CB0,strlen,0x00432580,1
5.5.00,dlgctrl.cpp,"edit::CreateEdit(char const*, int, int, int, int, HWND__*, HINSTANCE__*, unsigned long)",0,0x00422CB0,GetTextExtentPoint32A@16,0x004326D0,1
5.5.00,dlgctrl.cpp,"edit::CreateEdit(char const*, int, int, int, int, HWND__*, HINSTANCE__*, unsigned long)",0,0x00422CB0,GetDC@4,0x00432780,1
5.5.00,dlgctrl.cpp,"edit::CreateEdit(char const*, int, int, int, int, HWND__*, HINSTANCE__*, unsigned long)",0,0x00422CB0,ReleaseDC@8,0x00432790,1
5.5.00,dlgctrl.cpp,edit::Gettext(),0,0x00422D70,SendMessageA@16,0x00432820,1
5.5.00,dlgctrl.cpp,edit::Settext(char const*),0,0x00422DB0,strcpy,0x00432590,1
5.5.00,dlgctrl.cpp,edit::Settext(char const*),0,0x00422DB0,SendMessageA@16,0x00432820,1
5.5.00,dlgctrl.cpp,edit::Settext(char const*),0,0x00422DB0,RedrawWindow@16,0x00432850,1
5.5.00,dlgctrl.cpp,edit::Settext(char const*),0,0x00422DB0,UpdateWindow@4,0x004328C0,1
5.5.00,dlgctrl.cpp,edit::SetBkColor(unsigned long),0,0x00422E40,RedrawWindow@16,0x00432850,1
5.5.00,dlgctrl.cpp,edit::SetBkColor(unsigned long),0,0x00422E40,UpdateWindow@4,0x004328C0,1
5.5.00,dlgctrl.cpp,"editex::CreateEditEx(char const*, int, int, int, int, HWND__*, HINSTANCE__*, unsigned long)",0,0x00422E90,"dlgelement::CreateDialogElementEx(char const*, unsigned long, char const*, void*)",0x00421E60,1
5.5.00,dlgctrl.cpp,"editex::CreateEditEx(char const*, int, int, int, int, HWND__*, HINSTANCE__*, unsigned long)",0,0x00422E90,strlen,0x00432580,1
5.5.00,dlgctrl.cpp,"editex::CreateEditEx(char const*, int, int, int, int, HWND__*, HINSTANCE__*, unsigned long)",0,0x00422E90,GetTextExtentPoint32A@16,0x004326D0,1
5.5.00,dlgctrl.cpp,"editex::CreateEditEx(char const*, int, int, int, int, HWND__*, HINSTANCE__*, unsigned long)",0,0x00422E90,GetDC@4,0x00432780,1
5.5.00,dlgctrl.cpp,"editex::CreateEditEx(char const*, int, int, int, int, HWND__*, HINSTANCE__*, unsigned long)",0,0x00422E90,ReleaseDC@8,0x00432790,1
5.5.00,dlgctrl.cpp,editex::Gettext(),0,0x00422F40,SendMessageA@16,0x00432820,1
5.5.00,dlgctrl.cpp,editex::Settext(char const*),0,0x00422F80,strcpy,0x00432590,1
5.5.00,dlgctrl.cpp,editex::Settext(char const*),0,0x00422F80,SendMessageA@16,0x00432820,1
5.5.00,dlgctrl.cpp,"scrollbar::CreateScrollbar(char const*, int, int, int, int, HWND__*, HINSTANCE__*)",0,0x00422FD0,"dlgelement::CreateDialogElement(char const*, unsigned long, char const*, void*)",0x00421CB0,1
5.5.00,dlgctrl.cpp,scrollbar::SetInfo(),0,0x00423040,SetScrollInfo@16,0x004328A0,1
5.5.00,dlgctrl.cpp,scrollbar::GetInfo(),0,0x00423080,GetScrollInfo@12,0x00432890,1
5.5.00,dlgctrl.cpp,"scrollbar::SetRange(int, int)",0,0x004230B0,SetScrollRange@20,0x004328D0,1
5.5.00,dlgctrl.cpp,scrollbar::SetPos(int),0,0x004230F0,SetScrollPos@16,0x004328E0,1
5.5.00,dlgctrl.cpp,scrollbar::GetPos(),0,0x00423130,GetScrollPos@8,0x004328F0,1
5.5.00,dlgctrl.cpp,"statictext::CreateStatictext(char const*, int, int, int, int, HWND__*, HINSTANCE__*)",0,0x00423190,"dlgelement::CreateDialogElement(char const*, unsigned long, char const*, void*)",0x00421CB0,1
5.5.00,dlgctrl.cpp,"statictext::CreateStatictext(char const*, int, int, int, int, HWND__*, HINSTANCE__*)",0,0x00423190,SetBkColor@8,0x00432720,1
5.5.00,dlgctrl.cpp,"statictext::CreateStatictext(char const*, int, int, int, int, HWND__*, HINSTANCE__*)",0,0x00423190,SetBkMode@8,0x00432730,1
5.5.00,dlgctrl.cpp,"statictext::CreateStatictext(char const*, int, int, int, int, HWND__*, HINSTANCE__*)",0,0x00423190,MessageBoxA@16,0x00432760,1
5.5.00,dlgctrl.cpp,"statictext::CreateStatictext(char const*, int, int, int, int, HWND__*, HINSTANCE__*)",0,0x00423190,GetDC@4,0x00432780,1
5.5.00,dlgctrl.cpp,"statictext::CreateStatictext(char const*, int, int, int, int, HWND__*, HINSTANCE__*)",0,0x00423190,ReleaseDC@8,0x00432790,1
5.5.00,dlgctrl.cpp,"statictext::CreateStatictext(char const*, int, int, int, int, HWND__*, HINSTANCE__*)",0,0x00423190,GetSysColor@4,0x00432830,1
5.5.00,dlgctrl.cpp,"staticborder::CreateStaticborder(char const*, int, int, int, int, HWND__*, HINSTANCE__*)",0,0x004232A0,"dlgelement::CreateDialogElement(char const*, unsigned long, char const*, void*)",0x00421CB0,1
5.5.00,dlgctrl.cpp,"DlgWindowProcedure(HWND__*, unsigned int, unsigned int, long)@16",0,0x00423300,"dlgmsgrouter::DialogMessageProc(HWND__*, unsigned int, unsigned int, long)",0x00421470,2
5.5.00,dlgctrl.cpp,"DlgWindowProcedure(HWND__*, unsigned int, unsigned int, long)@16",0,0x00423300,RedrawWindow@16,0x00432850,1
5.5.00,dlgctrl.cpp,"DlgWindowProcedure(HWND__*, unsigned int, unsigned int, long)@16",0,0x00423300,DefWindowProcA@16,0x00432900,1
5.5.00,dlgctrl.cpp,"DlgWindowProcedure(HWND__*, unsigned int, unsigned int, long)@16",0,0x00423300,PostMessageA@16,0x00432910,1
5.5.00,dlgctrl.cpp,dlgbox::RegisterClassA(),0,0x00423420,GetClassInfoExA@12,0x00432920,1
5.5.00,dlgctrl.cpp,dlgbox::RegisterClassA(),0,0x00423420,LoadIconA@8,0x00432930,2
5.5.00,dlgctrl.cpp,dlgbox::RegisterClassA(),0,0x00423420,LoadCursorA@8,0x00432940,1
5.5.00,dlgctrl.cpp,dlgbox::RegisterClassA(),0,0x00423420,RegisterClassExA@4,0x00432950,1
5.5.00,dlgctrl.cpp,dlgbox::UnRegisterClass(),0,0x00423510,UnregisterClassA@8,0x00432960,1
5.5.00,dlgctrl.cpp,"dlgbox::CreateDialogBox(char const*, unsigned long, char const*)",0,0x00423540,GetStockObject@4,0x004326E0,2
5.5.00,dlgctrl.cpp,"dlgbox::CreateDialogBox(char const*, unsigned long, char const*)",0,0x00423540,SelectObject@8,0x004326F0,1
5.5.00,dlgctrl.cpp,"dlgbox::CreateDialogBox(char const*, unsigned long, char const*)",0,0x00423540,MessageBoxA@16,0x00432760,2
5.5.00,dlgctrl.cpp,"dlgbox::CreateDialogBox(char const*, unsigned long, char const*)",0,0x00423540,GetDC@4,0x00432780,1
5.5.00,dlgctrl.cpp,"dlgbox::CreateDialogBox(char const*, unsigned long, char const*)",0,0x00423540,ReleaseDC@8,0x00432790,1
5.5.00,dlgctrl.cpp,"dlgbox::CreateDialogBox(char const*, unsigned long, char const*)",0,0x00423540,ShowWindow@8,0x004327E0,1
5.5.00,dlgctrl.cpp,"dlgbox::CreateDialogBox(char const*, unsigned long, char const*)",0,0x00423540,CreateWindowExA@48,0x00432810,1
5.5.00,dlgctrl.cpp,"dlgbox::CreateDialogBox(char const*, unsigned long, char const*)",0,0x00423540,SendMessageA@16,0x00432820,1
5.5.00,dlgctrl.cpp,"dlgbox::CreateDialogBox(char const*, unsigned long, char const*)",0,0x00423540,GetClassInfoExA@12,0x00432920,1
5.5.00,dlgctrl.cpp,"dlgbox::CreateDialogBox(char const*, unsigned long, char const*)",0,0x00423540,LoadIconA@8,0x00432930,2
5.5.00,dlgctrl.cpp,"dlgbox::CreateDialogBox(char const*, unsigned long, char const*)",0,0x00423540,LoadCursorA@8,0x00432940,1
5.5.00,dlgctrl.cpp,"dlgbox::CreateDialogBox(char const*, unsigned long, char const*)",0,0x00423540,RegisterClassExA@4,0x00432950,1
5.5.00,dlgctrl.cpp,filerequester::filerequester(),0,0x00423760,operator new(unsigned int),0x0042C8A0,10
5.5.00,dlgctrl.cpp,filerequester::filerequester(),1,0x00423850,operator new(unsigned int),0x0042C8A0,10
5.5.00,dlgctrl.cpp,filerequester::~filerequester(),0,0x00423940,operator delete(void*),0x0042C880,9
5.5.00,dlgctrl.cpp,filerequester::~filerequester(),1,0x00423A40,operator delete(void*),0x0042C880,9
5.5.00,dlgctrl.cpp,filerequester::GoUpOneLevel(char*),0,0x00423B40,strlen,0x00432580,1
5.5.00,dlgctrl.cpp,filerequester::AddExtraBackslashes(char*),0,0x00423B90,strlen,0x00432580,1
5.5.00,dlgctrl.cpp,"filerequester::GetVInfo(char*, char*)",0,0x00423C30,strcpy,0x00432590,1
5.5.00,dlgctrl.cpp,"filerequester::GetVInfo(char*, char*)",0,0x00423C30,GetVolumeInformationA@32,0x00432AF0,1
5.5.00,dlgctrl.cpp,filerequester::ParseDriveStrings(),0,0x00423CB0,sprintf,0x00432560,1
5.5.00,dlgctrl.cpp,filerequester::ParseDriveStrings(),0,0x00423CB0,strcpy,0x00432590,1
5.5.00,dlgctrl.cpp,filerequester::ParseDriveStrings(),0,0x00423CB0,SendMessageA@16,0x00432820,3
5.5.00,dlgctrl.cpp,filerequester::ParseDriveStrings(),0,0x00423CB0,GetVolumeInformationA@32,0x00432AF0,1
5.5.00,dlgctrl.cpp,filerequester::ParseDriveStrings(),0,0x00423CB0,GetLogicalDrives@0,0x00432B00,1
5.5.00,dlgctrl.cpp,filerequester::ParseDriveStrings(),0,0x00423CB0,GetDriveTypeA@4,0x00432B10,1
5.5.00,dlgctrl.cpp,"filerequester::FileRequest(HINSTANCE__*, char*)",0,0x00423F00,"dlgelement::CreateDialogElement(char const*, unsigned long, char const*, void*)",0x00421CB0,4
5.5.00,dlgctrl.cpp,"filerequester::FileRequest(HINSTANCE__*, char*)",0,0x00423F00,"pushbutton::CreatePushbutton(char const*, int, int, HWND__*, HINSTANCE__*)",0x004227C0,2
5.5.00,dlgctrl.cpp,"filerequester::FileRequest(HINSTANCE__*, char*)",0,0x00423F00,"dlgbox::CreateDialogBox(char const*, unsigned long, char const*)",0x00423540,1
5.5.00,dlgctrl.cpp,"filerequester::FileRequest(HINSTANCE__*, char*)",0,0x00423F00,filerequester::ParseDriveStrings(),0x00423CB0,1
5.5.00,dlgctrl.cpp,"filerequester::FileRequest(HINSTANCE__*, char*)",0,0x00423F00,"FindFile::combinePath(std::string, std::string)",0x00426520,1
5.5.00,dlgctrl.cpp,"filerequester::FileRequest(HINSTANCE__*, char*)",0,0x00423F00,FindFile::FindFile(FindFileOptions_t&),0x00426B60,1
5.5.00,dlgctrl.cpp,"filerequester::FileRequest(HINSTANCE__*, char*)",0,0x00423F00,FindFile::clear(),0x004276C0,1
5.5.00,dlgctrl.cpp,"filerequester::FileRequest(HINSTANCE__*, char*)",0,0x00423F00,FindFile::~FindFile(),0x00427700,2
5.5.00,dlgctrl.cpp,"filerequester::FileRequest(HINSTANCE__*, char*)",0,0x00423F00,FindFile::scanPath(std::string),0x00428960,1
5.5.00,dlgctrl.cpp,"filerequester::FileRequest(HINSTANCE__*, char*)",0,0x00423F00,operator delete(void*),0x0042C880,1
5.5.00,dlgctrl.cpp,"filerequester::FileRequest(HINSTANCE__*, char*)",0,0x00423F00,"__gnu_cxx::__exchange_and_add(int volatile*, int)",0x0042D4B0,14
5.5.00,dlgctrl.cpp,"filerequester::FileRequest(HINSTANCE__*, char*)",0,0x00423F00,_Unwind_SjLj_Register,0x00431790,1
5.5.00,dlgctrl.cpp,"filerequester::FileRequest(HINSTANCE__*, char*)",0,0x00423F00,_Unwind_SjLj_Unregister,0x00431870,1
5.5.00,dlgctrl.cpp,"filerequester::FileRequest(HINSTANCE__*, char*)",0,0x00423F00,_Unwind_SjLj_Resume,0x00431E50,1
5.5.00,dlgctrl.cpp,"filerequester::FileRequest(HINSTANCE__*, char*)",0,0x00423F00,sprintf,0x00432560,1
5.5.00,dlgctrl.cpp,"filerequester::FileRequest(HINSTANCE__*, char*)",0,0x00423F00,strlen,0x00432580,16
5.5.00,dlgctrl.cpp,"filerequester::FileRequest(HINSTANCE__*, char*)",0,0x00423F00,strcpy,0x00432590,8
5.5.00,dlgctrl.cpp,"filerequester::FileRequest(HINSTANCE__*, char*)",0,0x00423F00,strcmp,0x004325B0,1
5.5.00,dlgctrl.cpp,"filerequester::FileRequest(HINSTANCE__*, char*)",0,0x00423F00,strcat,0x004325C0,2
5.5.00,dlgctrl.cpp,"filerequester::FileRequest(HINSTANCE__*, char*)",0,0x00423F00,GetTextExtentPoint32A@16,0x004326D0,4
5.5.00,dlgctrl.cpp,"filerequester::FileRequest(HINSTANCE__*, char*)",0,0x00423F00,SetWindowTextA@8,0x00432770,1
5.5.00,dlgctrl.cpp,"filerequester::FileRequest(HINSTANCE__*, char*)",0,0x00423F00,GetDC@4,0x00432780,4
5.5.00,dlgctrl.cpp,"filerequester::FileRequest(HINSTANCE__*, char*)",0,0x00423F00,ReleaseDC@8,0x00432790,4
5.5.00,dlgctrl.cpp,"filerequester::FileRequest(HINSTANCE__*, char*)",0,0x00423F00,DispatchMessageA@4,0x004327B0,1
5.5.00,dlgctrl.cpp,"filerequester::FileRequest(HINSTANCE__*, char*)",0,0x00423F00,GetMessageA@16,0x004327C0,1
5.5.00,dlgctrl.cpp,"filerequester::FileRequest(HINSTANCE__*, char*)",0,0x00423F00,TranslateMessage@4,0x004327D0,1
5.5.00,dlgctrl.cpp,"filerequester::FileRequest(HINSTANCE__*, char*)",0,0x00423F00,ShowWindow@8,0x004327E0,4
5.5.00,dlgctrl.cpp,"filerequester::FileRequest(HINSTANCE__*, char*)",0,0x00423F00,DestroyWindow@4,0x00432800,6
5.5.00,dlgctrl.cpp,"filerequester::FileRequest(HINSTANCE__*, char*)",0,0x00423F00,SendMessageA@16,0x00432820,31
5.5.00,dlgctrl.cpp,"filerequester::FileRequest(HINSTANCE__*, char*)",0,0x00423F00,RedrawWindow@16,0x00432850,4
5.5.00,dlgctrl.cpp,"filerequester::FileRequest(HINSTANCE__*, char*)",0,0x00423F00,UpdateWindow@4,0x004328C0,4
5.5.00,dlgctrl.cpp,"filerequester::FileRequest(HINSTANCE__*, char*)",0,0x00423F00,GetFileAttributesA@4,0x00432AB0,5
5.5.00,dlgctrl.cpp,"filerequester::FileRequest(HINSTANCE__*, char*)",0,0x00423F00,std::string::_Rep::_M_destroy(std::allocator<char,0x00433EE0,14
5.5.00,dlgctrl.cpp,"filerequester::FileRequest(HINSTANCE__*, char*)",0,0x00423F00,"std::string::assign(char const*, unsigned int)",0x00434960,9
5.5.00,dlgctrl.cpp,"filerequester::FileRequest(HINSTANCE__*, char*)",0,0x00423F00,"std::basic_string<char, std::char_traits<char",0x004360D0,1
5.5.00,dlgctrl.cpp,"filerequester::FileRequest(HINSTANCE__*, char*)",0,0x00423F00,"std::basic_string<char, std::char_traits<char",0x00436180,2
5.5.00,dlgctrl.cpp,"filerequester::FileRequest(HINSTANCE__*, char*)",0,0x00423F00,"std::basic_string<char, std::char_traits<char",0x004368F0,7
5.5.00,dlgctrl.cpp,"__static_initialization_and_destruction_0(int, int)",1,0x00425C20,operator delete(void*),0x0042C880,2
5.5.00,dlgctrl.cpp,"__static_initialization_and_destruction_0(int, int)",1,0x00425C20,operator new(unsigned int),0x0042C8A0,1
5.5.00,dlgctrl.cpp,"__static_initialization_and_destruction_0(int, int)",1,0x00425C20,_Unwind_SjLj_Register,0x00431790,1
5.5.00,dlgctrl.cpp,"__static_initialization_and_destruction_0(int, int)",1,0x00425C20,_Unwind_SjLj_Unregister,0x00431870,1
5.5.00,dlgctrl.cpp,"__static_initialization_and_destruction_0(int, int)",1,0x00425C20,_Unwind_SjLj_Resume,0x00431E50,1
5.5.00,dlgctrl.cpp,"__static_initialization_and_destruction_0(int, int)",1,0x00425C20,CreateBrushIndirect@4,0x00432700,1
5.5.00,dlgctrl.cpp,"__static_initialization_and_destruction_0(int, int)",1,0x00425C20,MessageBoxA@16,0x00432760,1
5.5.00,FindFile.cpp,FindFile::matchCriteria(_WIN32_FIND_DATAA&),0,0x00425DC0,"wildcard::match(std::string, std::string)",0x0042BE30,3
5.5.00,FindFile.cpp,FindFile::matchCriteria(_WIN32_FIND_DATAA&),0,0x00425DC0,"__gnu_cxx::__exchange_and_add(int volatile*, int)",0x0042D4B0,12
5.5.00,FindFile.cpp,FindFile::matchCriteria(_WIN32_FIND_DATAA&),0,0x00425DC0,_Unwind_SjLj_Register,0x00431790,1
5.5.00,FindFile.cpp,FindFile::matchCriteria(_WIN32_FIND_DATAA&),0,0x00425DC0,_Unwind_SjLj_Unregister,0x00431870,2
5.5.00,FindFile.cpp,FindFile::matchCriteria(_WIN32_FIND_DATAA&),0,0x00425DC0,_Unwind_SjLj_Resume,0x00431E50,1
5.5.00,FindFile.cpp,FindFile::matchCriteria(_WIN32_FIND_DATAA&),0,0x00425DC0,std::string::_Rep::_M_destroy(std::allocator<char,0x00433EE0,12
5.5.00,FindFile.cpp,FindFile::matchCriteria(_WIN32_FIND_DATAA&),0,0x00425DC0,"std::basic_string<char, std::char_traits<char",0x004360D0,3
5.5.00,FindFile.cpp,FindFile::matchCriteria(_WIN32_FIND_DATAA&),0,0x00425DC0,"std::basic_string<char, std::char_traits<char",0x00436180,3
5.5.00,FindFile.cpp,"FindFile::combinePath(std::string, std::string)",0,0x00426520,strlen,0x00432580,2
5.5.00,FindFile.cpp,"FindFile::combinePath(std::string, std::string)",0,0x00426520,"std::string::find_last_of(char const*, unsigned int, unsigned int) const",0x00432CF0,1
5.5.00,FindFile.cpp,"FindFile::combinePath(std::string, std::string)",0,0x00426520,std::string::compare(char const*) const,0x00433590,1
5.5.00,FindFile.cpp,"FindFile::combinePath(std::string, std::string)",0,0x00426520,"std::string::append(char const*, unsigned int)",0x004345C0,1
5.5.00,FindFile.cpp,"FindFile::combinePath(std::string, std::string)",0,0x00426520,std::string::append(std::string const&),0x00434690,1
5.5.00,FindFile.cpp,"FindFile::combinePath(std::string, std::string)",0,0x00426520,"std::basic_string<char, std::char_traits<char",0x00436180,1
5.5.00,FindFile.cpp,"FindFile::getFiles(void*&, _WIN32_FIND_DATAA&, std::string)",0,0x004265E0,"FindFile::combinePath(std::string, std::string)",0x00426520,1
5.5.00,FindFile.cpp,"FindFile::getFiles(void*&, _WIN32_FIND_DATAA&, std::string)",0,0x004265E0,"__gnu_cxx::__exchange_and_add(int volatile*, int)",0x0042D4B0,8
5.5.00,FindFile.cpp,"FindFile::getFiles(void*&, _WIN32_FIND_DATAA&, std::string)",0,0x004265E0,_Unwind_SjLj_Register,0x00431790,1
5.5.00,FindFile.cpp,"FindFile::getFiles(void*&, _WIN32_FIND_DATAA&, std::string)",0,0x004265E0,_Unwind_SjLj_Unregister,0x00431870,1
5.5.00,FindFile.cpp,"FindFile::getFiles(void*&, _WIN32_FIND_DATAA&, std::string)",0,0x004265E0,_Unwind_SjLj_Resume,0x00431E50,1
5.5.00,FindFile.cpp,"FindFile::getFiles(void*&, _WIN32_FIND_DATAA&, std::string)",0,0x004265E0,strcmpi,0x004324E0,4
5.5.00,FindFile.cpp,"FindFile::getFiles(void*&, _WIN32_FIND_DATAA&, std::string)",0,0x004265E0,FindNextFileA@8,0x00432B20,1
5.5.00,FindFile.cpp,"FindFile::getFiles(void*&, _WIN32_FIND_DATAA&, std::string)",0,0x004265E0,FindFirstFileA@8,0x00432B30,1
5.5.00,FindFile.cpp,"FindFile::getFiles(void*&, _WIN32_FIND_DATAA&, std::string)",0,0x004265E0,FindClose@4,0x00432B40,1
5.5.00,FindFile.cpp,"FindFile::getFiles(void*&, _WIN32_FIND_DATAA&, std::string)",0,0x004265E0,std::string::_Rep::_M_destroy(std::allocator<char,0x00433EE0,7
5.5.00,FindFile.cpp,"FindFile::getFiles(void*&, _WIN32_FIND_DATAA&, std::string)",0,0x004265E0,"std::basic_string<char, std::char_traits<char",0x004360D0,1
5.5.00,FindFile.cpp,"FindFile::getFiles(void*&, _WIN32_FIND_DATAA&, std::string)",0,0x004265E0,"std::basic_string<char, std::char_traits<char",0x00436180,1
5.5.00,FindFile.cpp,FindFile::FindFile(FindFileOptions_t&),0,0x00426B60,operator delete(void*),0x0042C880,2
5.5.00,FindFile.cpp,FindFile::FindFile(FindFileOptions_t&),0,0x00426B60,"__gnu_cxx::__exchange_and_add(int volatile*, int)",0x0042D4B0,9
5.5.00,FindFile.cpp,FindFile::FindFile(FindFileOptions_t&),0,0x00426B60,_Unwind_SjLj_Register,0x00431790,1
5.5.00,FindFile.cpp,FindFile::FindFile(FindFileOptions_t&),0,0x00426B60,_Unwind_SjLj_Unregister,0x00431870,1
5.5.00,FindFile.cpp,FindFile::FindFile(FindFileOptions_t&),0,0x00426B60,_Unwind_SjLj_Resume,0x00431E50,1
5.5.00,FindFile.cpp,FindFile::FindFile(FindFileOptions_t&),0,0x00426B60,std::string::_Rep::_M_destroy(std::allocator<char,0x00433EE0,9
5.5.00,FindFile.cpp,FindFile::FindFile(FindFileOptions_t&),0,0x00426B60,std::string::assign(std::string const&),0x00434A70,4
5.5.00,FindFile.cpp,FindFile::FindFile(FindFileOptions_t&),1,0x00427110,operator delete(void*),0x0042C880,2
5.5.00,FindFile.cpp,FindFile::FindFile(FindFileOptions_t&),1,0x00427110,"__gnu_cxx::__exchange_and_add(int volatile*, int)",0x0042D4B0,9
5.5.00,FindFile.cpp,FindFile::FindFile(FindFileOptions_t&),1,0x00427110,_Unwind_SjLj_Register,0x00431790,1
5.5.00,FindFile.cpp,FindFile::FindFile(FindFileOptions_t&),1,0x00427110,_Unwind_SjLj_Unregister,0x00431870,1
5.5.00,FindFile.cpp,FindFile::FindFile(FindFileOptions_t&),1,0x00427110,_Unwind_SjLj_Resume,0x00431E50,1
5.5.00,FindFile.cpp,FindFile::FindFile(FindFileOptions_t&),1,0x00427110,std::string::_Rep::_M_destroy(std::allocator<char,0x00433EE0,9
5.5.00,FindFile.cpp,FindFile::FindFile(FindFileOptions_t&),1,0x00427110,std::string::assign(std::string const&),0x00434A70,4
5.5.00,FindFile.cpp,FindFile::~FindFile(),0,0x00427700,operator delete(void*),0x0042C880,4
5.5.00,FindFile.cpp,FindFile::~FindFile(),0,0x00427700,"__gnu_cxx::__exchange_and_add(int volatile*, int)",0x0042D4B0,18
5.5.00,FindFile.cpp,FindFile::~FindFile(),0,0x00427700,_Unwind_SjLj_Register,0x00431790,1
5.5.00,FindFile.cpp,FindFile::~FindFile(),0,0x00427700,_Unwind_SjLj_Unregister,0x00431870,1
5.5.00,FindFile.cpp,FindFile::~FindFile(),0,0x00427700,_Unwind_SjLj_Resume,0x00431E50,1
5.5.00,FindFile.cpp,FindFile::~FindFile(),0,0x00427700,std::string::_Rep::_M_destroy(std::allocator<char,0x00433EE0,18
5.5.00,FindFile.cpp,FindFile::~FindFile(),0,0x00427700,"std::vector<FileInformation, std::allocator<FileInformation",0x004377A0,1
5.5.00,FindFile.cpp,FindFile::~FindFile(),1,0x00428030,operator delete(void*),0x0042C880,4
5.5.00,FindFile.cpp,FindFile::~FindFile(),1,0x00428030,"__gnu_cxx::__exchange_and_add(int volatile*, int)",0x0042D4B0,18
5.5.00,FindFile.cpp,FindFile::~FindFile(),1,0x00428030,_Unwind_SjLj_Register,0x00431790,1
5.5.00,FindFile.cpp,FindFile::~FindFile(),1,0x00428030,_Unwind_SjLj_Unregister,0x00431870,1
5.5.00,FindFile.cpp,FindFile::~FindFile(),1,0x00428030,_Unwind_SjLj_Resume,0x00431E50,1
5.5.00,FindFile.cpp,FindFile::~FindFile(),1,0x00428030,std::string::_Rep::_M_destroy(std::allocator<char,0x00433EE0,18
5.5.00,FindFile.cpp,FindFile::~FindFile(),1,0x00428030,"std::vector<FileInformation, std::allocator<FileInformation",0x004377A0,1
5.5.00,FindFile.cpp,FindFile::search(),0,0x00429120,FindFile::scanPath(std::string),0x00428960,1
5.5.00,FindFile.cpp,FindFile::search(),0,0x00429120,"__gnu_cxx::__exchange_and_add(int volatile*, int)",0x0042D4B0,2
5.5.00,FindFile.cpp,FindFile::search(),0,0x00429120,_Unwind_SjLj_Register,0x00431790,1
5.5.00,FindFile.cpp,FindFile::search(),0,0x00429120,_Unwind_SjLj_Unregister,0x00431870,1
5.5.00,FindFile.cpp,FindFile::search(),0,0x00429120,_Unwind_SjLj_Resume,0x00431E50,1
5.5.00,FindFile.cpp,FindFile::search(),0,0x00429120,std::string::_Rep::_M_destroy(std::allocator<char,0x00433EE0,2
5.5.00,FindFile.cpp,FindFile::search(),0,0x00429120,"std::basic_string<char, std::char_traits<char",0x00436180,1
5.5.00,FindFile.cpp,FindFile::search(),0,0x00429120,"std::vector<FileInformation, std::allocator<FileInformation",0x004377A0,1
5.5.00,FindFile.cpp,"std::vector<FileInformation, std::allocator<FileInformation> >::_M_insert_aux(__gnu_cxx::__normal_iterator<FileInformation*, std::vector<FileInformation, std::allocator<FileInformation> > >, FileInformation const&)",0,0x00436E30,operator delete(void*),0x0042C880,2
5.5.00,FindFile.cpp,"std::vector<FileInformation, std::allocator<FileInformation> >::_M_insert_aux(__gnu_cxx::__normal_iterator<FileInformation*, std::vector<FileInformation, std::allocator<FileInformation> > >, FileInformation const&)",0,0x00436E30,operator new(unsigned int),0x0042C8A0,1
5.5.00,FindFile.cpp,"std::vector<FileInformation, std::allocator<FileInformation> >::_M_insert_aux(__gnu_cxx::__normal_iterator<FileInformation*, std::vector<FileInformation, std::allocator<FileInformation> > >, FileInformation const&)",0,0x00436E30,"__gnu_cxx::__exchange_and_add(int volatile*, int)",0x0042D4B0,6
5.5.00,FindFile.cpp,"std::vector<FileInformation, std::allocator<FileInformation> >::_M_insert_aux(__gnu_cxx::__normal_iterator<FileInformation*, std::vector<FileInformation, std::allocator<FileInformation> > >, FileInformation const&)",0,0x00436E30,__cxa_rethrow,0x0042D590,3
5.5.00,FindFile.cpp,"std::vector<FileInformation, std::allocator<FileInformation> >::_M_insert_aux(__gnu_cxx::__normal_iterator<FileInformation*, std::vector<FileInformation, std::allocator<FileInformation> > >, FileInformation const&)",0,0x00436E30,__cxa_begin_catch,0x0042D5F0,3
5.5.00,FindFile.cpp,"std::vector<FileInformation, std::allocator<FileInformation> >::_M_insert_aux(__gnu_cxx::__normal_iterator<FileInformation*, std::vector<FileInformation, std::allocator<FileInformation> > >, FileInformation const&)",0,0x00436E30,__cxa_end_catch,0x0042D700,2
5.5.00,FindFile.cpp,"std::vector<FileInformation, std::allocator<FileInformation> >::_M_insert_aux(__gnu_cxx::__normal_iterator<FileInformation*, std::vector<FileInformation, std::allocator<FileInformation> > >, FileInformation const&)",0,0x00436E30,_Unwind_SjLj_Register,0x00431790,1
5.5.00,FindFile.cpp,"std::vector<FileInformation, std::allocator<FileInformation> >::_M_insert_aux(__gnu_cxx::__normal_iterator<FileInformation*, std::vector<FileInformation, std::allocator<FileInformation> > >, FileInformation const&)",0,0x00436E30,_Unwind_SjLj_Unregister,0x00431870,1
5.5.00,FindFile.cpp,"std::vector<FileInformation, std::allocator<FileInformation> >::_M_insert_aux(__gnu_cxx::__normal_iterator<FileInformation*, std::vector<FileInformation, std::allocator<FileInformation> > >, FileInformation const&)",0,0x00436E30,_Unwind_SjLj_Resume,0x00431E50,1
5.5.00,FindFile.cpp,"std::vector<FileInformation, std::allocator<FileInformation> >::_M_insert_aux(__gnu_cxx::__normal_iterator<FileInformation*, std::vector<FileInformation, std::allocator<FileInformation> > >, FileInformation const&)",0,0x00436E30,memcpy,0x00432570,7
5.5.00,FindFile.cpp,"std::vector<FileInformation, std::allocator<FileInformation> >::_M_insert_aux(__gnu_cxx::__normal_iterator<FileInformation*, std::vector<FileInformation, std::allocator<FileInformation> > >, FileInformation const&)",0,0x00436E30,std::string::_Rep::_M_destroy(std::allocator<char,0x00433EE0,6
5.5.00,FindFile.cpp,"std::vector<FileInformation, std::allocator<FileInformation> >::_M_insert_aux(__gnu_cxx::__normal_iterator<FileInformation*, std::vector<FileInformation, std::allocator<FileInformation> > >, FileInformation const&)",0,0x00436E30,std::string::assign(std::string const&),0x00434A70,2
5.5.00,FindFile.cpp,"std::vector<FileInformation, std::allocator<FileInformation> >::_M_insert_aux(__gnu_cxx::__normal_iterator<FileInformation*, std::vector<FileInformation, std::allocator<FileInformation> > >, FileInformation const&)",0,0x00436E30,"std::basic_string<char, std::char_traits<char",0x00436180,5
5.5.00,FindFile.cpp,"std::vector<FileInformation, std::allocator<FileInformation> >::erase(__gnu_cxx::__normal_iterator<FileInformation*, std::vector<FileInformation, std::allocator<FileInformation> > >, __gnu_cxx::__normal_iterator<FileInformation*, std::vector<FileInformation, std::allocator<FileInformation> > >)",0,0x004377A0,"__gnu_cxx::__exchange_and_add(int volatile*, int)",0x0042D4B0,1
5.5.00,FindFile.cpp,"std::vector<FileInformation, std::allocator<FileInformation> >::erase(__gnu_cxx::__normal_iterator<FileInformation*, std::vector<FileInformation, std::allocator<FileInformation> > >, __gnu_cxx::__normal_iterator<FileInformation*, std::vector<FileInformation, std::allocator<FileInformation> > >)",0,0x004377A0,_Unwind_SjLj_Register,0x00431790,1
5.5.00,FindFile.cpp,"std::vector<FileInformation, std::allocator<FileInformation> >::erase(__gnu_cxx::__normal_iterator<FileInformation*, std::vector<FileInformation, std::allocator<FileInformation> > >, __gnu_cxx::__normal_iterator<FileInformation*, std::vector<FileInformation, std::allocator<FileInformation> > >)",0,0x004377A0,_Unwind_SjLj_Unregister,0x00431870,1
5.5.00,FindFile.cpp,"std::vector<FileInformation, std::allocator<FileInformation> >::erase(__gnu_cxx::__normal_iterator<FileInformation*, std::vector<FileInformation, std::allocator<FileInformation> > >, __gnu_cxx::__normal_iterator<FileInformation*, std::vector<FileInformation, std::allocator<FileInformation> > >)",0,0x004377A0,_Unwind_SjLj_Resume,0x00431E50,1
5.5.00,FindFile.cpp,"std::vector<FileInformation, std::allocator<FileInformation> >::erase(__gnu_cxx::__normal_iterator<FileInformation*, std::vector<FileInformation, std::allocator<FileInformation> > >, __gnu_cxx::__normal_iterator<FileInformation*, std::vector<FileInformation, std::allocator<FileInformation> > >)",0,0x004377A0,memcpy,0x00432570,1
5.5.00,FindFile.cpp,"std::vector<FileInformation, std::allocator<FileInformation> >::erase(__gnu_cxx::__normal_iterator<FileInformation*, std::vector<FileInformation, std::allocator<FileInformation> > >, __gnu_cxx::__normal_iterator<FileInformation*, std::vector<FileInformation, std::allocator<FileInformation> > >)",0,0x004377A0,std::string::_Rep::_M_destroy(std::allocator<char,0x00433EE0,1
5.5.00,FindFile.cpp,"std::vector<FileInformation, std::allocator<FileInformation> >::erase(__gnu_cxx::__normal_iterator<FileInformation*, std::vector<FileInformation, std::allocator<FileInformation> > >, __gnu_cxx::__normal_iterator<FileInformation*, std::vector<FileInformation, std::allocator<FileInformation> > >)",0,0x004377A0,std::string::assign(std::string const&),0x00434A70,1
5.5.00,FindFile.cpp,FindFile::scanPath(std::string),0,0x00428960,FindFile::matchCriteria(_WIN32_FIND_DATAA&),0x00425DC0,1
5.5.00,FindFile.cpp,FindFile::scanPath(std::string),0,0x00428960,"FindFile::combinePath(std::string, std::string)",0x00426520,1
5.5.00,FindFile.cpp,FindFile::scanPath(std::string),0,0x00428960,"FindFile::getFiles(void*&, _WIN32_FIND_DATAA&, std::string)",0x004265E0,1
5.5.00,FindFile.cpp,FindFile::scanPath(std::string),0,0x00428960,FindFile::scanPath(std::string),0x00428960,1
5.5.00,FindFile.cpp,FindFile::scanPath(std::string),0,0x00428960,"__gnu_cxx::__exchange_and_add(int volatile*, int)",0x0042D4B0,10
5.5.00,FindFile.cpp,FindFile::scanPath(std::string),0,0x00428960,_Unwind_SjLj_Register,0x00431790,1
5.5.00,FindFile.cpp,FindFile::scanPath(std::string),0,0x00428960,_Unwind_SjLj_Unregister,0x00431870,1
5.5.00,FindFile.cpp,FindFile::scanPath(std::string),0,0x00428960,_Unwind_SjLj_Resume,0x00431E50,2
5.5.00,FindFile.cpp,FindFile::scanPath(std::string),0,0x00428960,memcpy,0x00432570,2
5.5.00,FindFile.cpp,FindFile::scanPath(std::string),0,0x00428960,std::string::_Rep::_M_destroy(std::allocator<char,0x00433EE0,10
5.5.00,FindFile.cpp,FindFile::scanPath(std::string),0,0x00428960,std::string::assign(std::string const&),0x00434A70,1
5.5.00,FindFile.cpp,FindFile::scanPath(std::string),0,0x00428960,"std::basic_string<char, std::char_traits<char",0x004360D0,1
5.5.00,FindFile.cpp,FindFile::scanPath(std::string),0,0x00428960,"std::basic_string<char, std::char_traits<char",0x00436180,3
5.5.00,FindFile.cpp,FindFile::scanPath(std::string),0,0x00428960,"std::vector<FileInformation, std::allocator<FileInformation",0x00436E30,1
5.5.00,FindFile.cpp,FindFile::clear(),0,0x004276C0,"std::vector<FileInformation, std::allocator<FileInformation",0x004377A0,1
5.5.00,main.cpp,GetComPort(),0,0x004292A0,listbox::Getcursel(),0x00422AD0,1
5.5.00,main.cpp,GetComPort(),0,0x004292A0,"listbox::Gettext(char const*, int)",0x00422B30,1
5.5.00,main.cpp,GetComPort(),0,0x004292A0,atol,0x00432630,1
5.5.00,main.cpp,"GetTextExtentCharSum(HDC__*, char const*, int, tagSIZE*)",0,0x004292E0,GetTextExtentPoint32A@16,0x004326D0,1
5.5.00,main.cpp,WinMain@16,0,0x00429350,bixby110checkout::bixby110checkout(),0x00402070,1
5.5.00,main.cpp,WinMain@16,0,0x00429350,bixby110checkout::~bixby110checkout(),0x00402B60,1
5.5.00,main.cpp,WinMain@16,0,0x00429350,"bixby110checkout::Bixby110Checkout(HINSTANCE__*, int, unsigned char)",0x00406460,1
5.5.00,main.cpp,WinMain@16,0,0x00429350,bixby110io::bixby110io(),0x00408760,1
5.5.00,main.cpp,WinMain@16,0,0x00429350,bixby110io::~bixby110io(),0x004087A0,3
5.5.00,main.cpp,WinMain@16,0,0x00429350,"bixby110io::getrs232port(unsigned char, unsigned char)",0x004087B0,1
5.5.00,main.cpp,WinMain@16,0,0x00429350,bixby110io::freers232port(),0x00408940,1
5.5.00,main.cpp,WinMain@16,0,0x00429350,bixby110io::getrs232portstatus(),0x00408960,1
5.5.00,main.cpp,WinMain@16,0,0x00429350,bixby110control::bixby110control(),0x0040BB60,1
5.5.00,main.cpp,WinMain@16,0,0x00429350,bixby110control::~bixby110control(),0x0040E5E0,1
5.5.00,main.cpp,WinMain@16,0,0x00429350,"bixby110control::Bixby110Dialog(HINSTANCE__*, int, unsigned char, unsigned char)",0x00418020,1
5.5.00,main.cpp,WinMain@16,0,0x00429350,bixby110downloader::bixby110downloader(),0x0041D110,1
5.5.00,main.cpp,WinMain@16,0,0x00429350,"bixby110downloader::Bixby110Downloader(HINSTANCE__*, int, char*, unsigned char)",0x0041FEB0,1
5.5.00,main.cpp,WinMain@16,0,0x00429350,dlgelement::~dlgelement(),0x00421C90,11
5.5.00,main.cpp,WinMain@16,0,0x00429350,"pushbutton::CreatePushbutton(char const*, int, int, int, int, HWND__*, HINSTANCE__*)",0x00422740,3
5.5.00,main.cpp,WinMain@16,0,0x00429350,"pushbutton::CreatePushbutton(char const*, int, int, HWND__*, HINSTANCE__*)",0x004227C0,3
5.5.00,main.cpp,WinMain@16,0,0x00429350,pushbutton::WasPushed(),0x00422910,6
5.5.00,main.cpp,WinMain@16,0,0x00429350,pushbutton::SetSimulatedPush(),0x00422930,2
5.5.00,main.cpp,WinMain@16,0,0x00429350,"listbox::CreateListbox(char const*, int, int, int, int, HWND__*, HINSTANCE__*)",0x004229A0,1
5.5.00,main.cpp,WinMain@16,0,0x00429350,listbox::Addstring(char const*),0x00422A40,1
5.5.00,main.cpp,WinMain@16,0,0x00429350,listbox::Getcursel(),0x00422AD0,3
5.5.00,main.cpp,WinMain@16,0,0x00429350,listbox::Setcursel(int),0x00422B00,1
5.5.00,main.cpp,WinMain@16,0,0x00429350,"listbox::Gettext(char const*, int)",0x00422B30,3
5.5.00,main.cpp,WinMain@16,0,0x00429350,filerequester::~filerequester(),0x00423A40,1
5.5.00,main.cpp,WinMain@16,0,0x00429350,pocketcalculatorcontrol::pocketcalculatorcontrol(),0x0042ABB0,1
5.5.00,main.cpp,WinMain@16,0,0x00429350,pocketcalculatorcontrol::PocketCalculator(HINSTANCE__*),0x0042AE30,1
5.5.00,main.cpp,WinMain@16,0,0x00429350,operator delete(void*),0x0042C880,15
5.5.00,main.cpp,WinMain@16,0,0x00429350,operator new(unsigned int),0x0042C8A0,4
5.5.00,main.cpp,WinMain@16,0,0x00429350,_Unwind_SjLj_Register,0x00431790,1
5.5.00,main.cpp,WinMain@16,0,0x00429350,_Unwind_SjLj_Unregister,0x00431870,1
5.5.00,main.cpp,WinMain@16,0,0x00429350,_Unwind_SjLj_Resume,0x00431E50,1
5.5.00,main.cpp,WinMain@16,0,0x00429350,sprintf,0x00432560,1
5.5.00,main.cpp,WinMain@16,0,0x00429350,atol,0x00432630,3
5.5.00,main.cpp,WinMain@16,0,0x00429350,GetStockObject@4,0x004326E0,2
5.5.00,main.cpp,WinMain@16,0,0x00429350,SelectObject@8,0x004326F0,2
5.5.00,main.cpp,WinMain@16,0,0x00429350,CreateFontA@56,0x00432740,1
5.5.00,main.cpp,WinMain@16,0,0x00429350,MessageBoxA@16,0x00432760,7
5.5.00,main.cpp,WinMain@16,0,0x00429350,GetDC@4,0x00432780,2
5.5.00,main.cpp,WinMain@16,0,0x00429350,ReleaseDC@8,0x00432790,2
5.5.00,main.cpp,WinMain@16,0,0x00429350,DispatchMessageA@4,0x004327B0,1
5.5.00,main.cpp,WinMain@16,0,0x00429350,GetMessageA@16,0x004327C0,1
5.5.00,main.cpp,WinMain@16,0,0x00429350,TranslateMessage@4,0x004327D0,1
5.5.00,main.cpp,WinMain@16,0,0x00429350,ShowWindow@8,0x004327E0,7
5.5.00,main.cpp,WinMain@16,0,0x00429350,CreateWindowExA@48,0x00432810,1
5.5.00,main.cpp,WinMain@16,0,0x00429350,SendMessageA@16,0x00432820,1
5.5.00,main.cpp,WinMain@16,0,0x00429350,LoadIconA@8,0x00432930,2
5.5.00,main.cpp,WinMain@16,0,0x00429350,LoadCursorA@8,0x00432940,1
5.5.00,main.cpp,WinMain@16,0,0x00429350,RegisterClassExA@4,0x00432950,1
5.5.00,main.cpp,"WindowProcedure(HWND__*, unsigned int, unsigned int, long)@16",0,0x0042A300,"dlgmsgrouter::DialogMessageProc(HWND__*, unsigned int, unsigned int, long)",0x00421470,1
5.5.00,main.cpp,"WindowProcedure(HWND__*, unsigned int, unsigned int, long)@16",0,0x0042A300,RedrawWindow@16,0x00432850,1
5.5.00,main.cpp,"WindowProcedure(HWND__*, unsigned int, unsigned int, long)@16",0,0x0042A300,DefWindowProcA@16,0x00432900,1
5.5.00,main.cpp,"WindowProcedure(HWND__*, unsigned int, unsigned int, long)@16",0,0x0042A300,PostQuitMessage@4,0x00432970,1
5.5.00,main.cpp,global constructors keyed to szClassName,0,0x0042A400,dlgelement::dlgelement(),0x00421C70,15
5.5.00,main.cpp,global constructors keyed to szClassName,0,0x0042A400,filerequester::filerequester(),0x00423850,1
5.5.00,main.cpp,global constructors keyed to szClassName,0,0x0042A400,operator delete(void*),0x0042C880,2
5.5.00,main.cpp,global constructors keyed to szClassName,0,0x0042A400,operator new(unsigned int),0x0042C8A0,16
5.5.00,main.cpp,global constructors keyed to szClassName,0,0x0042A400,_Unwind_SjLj_Register,0x00431790,1
5.5.00,main.cpp,global constructors keyed to szClassName,0,0x0042A400,_Unwind_SjLj_Unregister,0x00431870,1
5.5.00,main.cpp,global constructors keyed to szClassName,0,0x0042A400,_Unwind_SjLj_Resume,0x00431E50,1
5.5.00,PocketCalculator.cpp,pocketcalculatorcontrol::pocketcalculatorcontrol(),0,0x0042AA90,dlgelement::dlgelement(),0x00421C70,2
5.5.00,PocketCalculator.cpp,pocketcalculatorcontrol::pocketcalculatorcontrol(),0,0x0042AA90,operator delete(void*),0x0042C880,2
5.5.00,PocketCalculator.cpp,pocketcalculatorcontrol::pocketcalculatorcontrol(),0,0x0042AA90,operator new(unsigned int),0x0042C8A0,2
5.5.00,PocketCalculator.cpp,pocketcalculatorcontrol::pocketcalculatorcontrol(),0,0x0042AA90,_Unwind_SjLj_Register,0x00431790,1
5.5.00,PocketCalculator.cpp,pocketcalculatorcontrol::pocketcalculatorcontrol(),0,0x0042AA90,_Unwind_SjLj_Unregister,0x00431870,1
5.5.00,PocketCalculator.cpp,pocketcalculatorcontrol::pocketcalculatorcontrol(),0,0x0042AA90,_Unwind_SjLj_Resume,0x00431E50,1
5.5.00,PocketCalculator.cpp,pocketcalculatorcontrol::pocketcalculatorcontrol(),1,0x0042ABB0,dlgelement::dlgelement(),0x00421C70,2
5.5.00,PocketCalculator.cpp,pocketcalculatorcontrol::pocketcalculatorcontrol(),1,0x0042ABB0,operator delete(void*),0x0042C880,2
5.5.00,PocketCalculator.cpp,pocketcalculatorcontrol::pocketcalculatorcontrol(),1,0x0042ABB0,operator new(unsigned int),0x0042C8A0,2
5.5.00,PocketCalculator.cpp,pocketcalculatorcontrol::pocketcalculatorcontrol(),1,0x0042ABB0,_Unwind_SjLj_Register,0x00431790,1
5.5.00,PocketCalculator.cpp,pocketcalculatorcontrol::pocketcalculatorcontrol(),1,0x0042ABB0,_Unwind_SjLj_Unregister,0x00431870,1
5.5.00,PocketCalculator.cpp,pocketcalculatorcontrol::pocketcalculatorcontrol(),1,0x0042ABB0,_Unwind_SjLj_Resume,0x00431E50,1
5.5.00,PocketCalculator.cpp,pocketcalculatorcontrol::~pocketcalculatorcontrol(),0,0x0042ACD0,dlgelement::~dlgelement(),0x00421C90,2
5.5.00,PocketCalculator.cpp,pocketcalculatorcontrol::~pocketcalculatorcontrol(),0,0x0042ACD0,operator delete(void*),0x0042C880,2
5.5.00,PocketCalculator.cpp,pocketcalculatorcontrol::~pocketcalculatorcontrol(),1,0x0042AD30,dlgelement::~dlgelement(),0x00421C90,2
5.5.00,PocketCalculator.cpp,pocketcalculatorcontrol::~pocketcalculatorcontrol(),1,0x0042AD30,operator delete(void*),0x0042C880,2
5.5.00,PocketCalculator.cpp,pocketcalculatorcontrol::CalculateEquals(),0,0x0042AD90,sqrt,0x00432640,1
5.5.00,PocketCalculator.cpp,pocketcalculatorcontrol::PocketCalculator(HINSTANCE__*),0,0x0042AE30,dlgmsgrouter::RemoveMessageRoute(HWND__*),0x00421B70,1
5.5.00,PocketCalculator.cpp,pocketcalculatorcontrol::PocketCalculator(HINSTANCE__*),0,0x0042AE30,"pushbutton::CreatePushbutton(char const*, int, int, int, int, HWND__*, HINSTANCE__*)",0x00422740,3
5.5.00,PocketCalculator.cpp,pocketcalculatorcontrol::PocketCalculator(HINSTANCE__*),0,0x0042AE30,pushbutton::WasPushed(),0x00422910,1
5.5.00,PocketCalculator.cpp,pocketcalculatorcontrol::PocketCalculator(HINSTANCE__*),0,0x0042AE30,"edit::CreateEdit(char const*, int, int, int, int, HWND__*, HINSTANCE__*, unsigned long)",0x00422CB0,1
5.5.00,PocketCalculator.cpp,pocketcalculatorcontrol::PocketCalculator(HINSTANCE__*),0,0x0042AE30,edit::Settext(char const*),0x00422DB0,2
5.5.00,PocketCalculator.cpp,pocketcalculatorcontrol::PocketCalculator(HINSTANCE__*),0,0x0042AE30,"dlgbox::CreateDialogBox(char const*, unsigned long, char const*)",0x00423540,1
5.5.00,PocketCalculator.cpp,pocketcalculatorcontrol::PocketCalculator(HINSTANCE__*),0,0x0042AE30,sprintf,0x00432560,1
5.5.00,PocketCalculator.cpp,pocketcalculatorcontrol::PocketCalculator(HINSTANCE__*),0,0x0042AE30,sqrt,0x00432640,6
5.5.00,PocketCalculator.cpp,pocketcalculatorcontrol::PocketCalculator(HINSTANCE__*),0,0x0042AE30,DispatchMessageA@4,0x004327B0,1
5.5.00,PocketCalculator.cpp,pocketcalculatorcontrol::PocketCalculator(HINSTANCE__*),0,0x0042AE30,GetMessageA@16,0x004327C0,2
5.5.00,PocketCalculator.cpp,pocketcalculatorcontrol::PocketCalculator(HINSTANCE__*),0,0x0042AE30,TranslateMessage@4,0x004327D0,1
5.5.00,PocketCalculator.cpp,pocketcalculatorcontrol::PocketCalculator(HINSTANCE__*),0,0x0042AE30,ShowWindow@8,0x004327E0,2
5.5.00,PocketCalculator.cpp,pocketcalculatorcontrol::PocketCalculator(HINSTANCE__*),0,0x0042AE30,DestroyWindow@4,0x00432800,2
5.5.00,PocketCalculator.cpp,pocketcalculatorcontrol::PocketCalculator(HINSTANCE__*),0,0x0042AE30,Beep@8,0x00432A50,5
5.5.00,wildcard.cpp,"wildcard::match(std::string, std::string)",0,0x0042BE30,"wildcard::wildcmp(std::string, std::string)",0x0042BAF0,2
5.5.00,wildcard.cpp,"wildcard::match(std::string, std::string)",0,0x0042BE30,"__gnu_cxx::__exchange_and_add(int volatile*, int)",0x0042D4B0,18
5.5.00,wildcard.cpp,"wildcard::match(std::string, std::string)",0,0x0042BE30,_Unwind_SjLj_Register,0x00431790,1
5.5.00,wildcard.cpp,"wildcard::match(std::string, std::string)",0,0x0042BE30,_Unwind_SjLj_Unregister,0x00431870,1
5.5.00,wildcard.cpp,"wildcard::match(std::string, std::string)",0,0x0042BE30,_Unwind_SjLj_Resume,0x00431E50,1
5.5.00,wildcard.cpp,"wildcard::match(std::string, std::string)",0,0x0042BE30,strlen,0x00432580,3
5.5.00,wildcard.cpp,"wildcard::match(std::string, std::string)",0,0x0042BE30,"std::string::find(char const*, unsigned int, unsigned int) const",0x00433220,3
5.5.00,wildcard.cpp,"wildcard::match(std::string, std::string)",0,0x0042BE30,std::string::compare(char const*) const,0x00433590,1
5.5.00,wildcard.cpp,"wildcard::match(std::string, std::string)",0,0x0042BE30,std::string::_Rep::_M_destroy(std::allocator<char,0x00433EE0,18
5.5.00,wildcard.cpp,"wildcard::match(std::string, std::string)",0,0x0042BE30,std::string::assign(std::string const&),0x00434A70,1
5.5.00,wildcard.cpp,"wildcard::match(std::string, std::string)",0,0x0042BE30,"std::string::_M_mutate(unsigned int, unsigned int, unsigned int)",0x00435E60,1
5.5.00,wildcard.cpp,"wildcard::match(std::string, std::string)",0,0x0042BE30,"std::basic_string<char, std::char_traits<char",0x00436180,5
5.5.00,wildcard.cpp,"wildcard::match(std::string, std::string)",0,0x0042BE30,"std::basic_string<char, std::char_traits<char",0x004362A0,1
5.5.00,wildcard.cpp,"wildcard::find(char const*, char const*)",0,0x0042BA00,strlen,0x00432580,2
5.5.00,wildcard.cpp,"wildcard::EndCmp(char*, char const*)",0,0x0042B940,strlen,0x00432580,2
5.5.00,wildcard.cpp,"wildcard::StartCmp(char*, char const*)",0,0x0042BA80,strlen,0x00432580,2
5.5.00,wildcard.cpp,"wildcard::StartCmp(char*, char const*)",0,0x0042BA80,strncpy,0x004325D0,1
5.5.00,wildcard.cpp,"wildcard::wildcmp(std::string, std::string)",0,0x0042BAF0,operator delete[](void*),0x0042D7B0,3
5.5.00,wildcard.cpp,"wildcard::wildcmp(std::string, std::string)",0,0x0042BAF0,operator new[](unsigned int),0x0042D7C0,2
5.5.00,wildcard.cpp,"wildcard::wildcmp(std::string, std::string)",0,0x0042BAF0,strlen,0x00432580,7
5.5.00,wildcard.cpp,"wildcard::wildcmp(std::string, std::string)",0,0x0042BAF0,strcpy,0x00432590,3
5.5.00,wildcard.cpp,"wildcard::wildcmp(std::string, std::string)",0,0x0042BAF0,strncpy,0x004325D0,1
5.5.00,del_op.cc,operator delete(void*),0,0x0042C880,free,0x00432650,1
5.5.00,new_op.cc,operator new(unsigned int),0,0x0042C8A0,__cxa_call_unexpected,0x0042D320,1
5.5.00,new_op.cc,operator new(unsigned int),0,0x0042C8A0,__cxa_throw,0x0042D520,1
5.5.00,new_op.cc,operator new(unsigned int),0,0x0042C8A0,__cxa_allocate_exception,0x0042E8C0,1
5.5.00,new_op.cc,operator new(unsigned int),0,0x0042C8A0,_Unwind_SjLj_Register,0x00431790,1
5.5.00,new_op.cc,operator new(unsigned int),0,0x0042C8A0,_Unwind_SjLj_Unregister,0x00431870,1
5.5.00,new_op.cc,operator new(unsigned int),0,0x0042C8A0,_Unwind_SjLj_Resume,0x00431E50,1
5.5.00,new_op.cc,operator new(unsigned int),0,0x0042C8A0,malloc,0x00432660,1
5.5.00,eh_personality.cc,"base_of_encoded_value(unsigned char, _Unwind_Context*)",0,0x0042C9B0,_Unwind_GetRegionStart,0x004319A0,1
5.5.00,eh_personality.cc,"base_of_encoded_value(unsigned char, _Unwind_Context*)",0,0x0042C9B0,_Unwind_GetDataRelBase,0x004319C0,1
5.5.00,eh_personality.cc,"base_of_encoded_value(unsigned char, _Unwind_Context*)",0,0x0042C9B0,_Unwind_GetTextRelBase,0x004319D0,1
5.5.00,eh_personality.cc,"base_of_encoded_value(unsigned char, _Unwind_Context*)",0,0x0042C9B0,abort,0x00432670,1
5.5.00,eh_personality.cc,"read_encoded_value_with_base(unsigned char, unsigned int, unsigned char const*, unsigned int*)",0,0x0042CAF0,"read_uleb128(unsigned char const*, unsigned int*)",0x0042CA30,1
5.5.00,eh_personality.cc,"read_encoded_value_with_base(unsigned char, unsigned int, unsigned char const*, unsigned int*)",0,0x0042CAF0,"read_sleb128(unsigned char const*, int*)",0x0042CA80,1
5.5.00,eh_personality.cc,"read_encoded_value_with_base(unsigned char, unsigned int, unsigned char const*, unsigned int*)",0,0x0042CAF0,abort,0x00432670,1
5.5.00,eh_personality.cc,"parse_lsda_header(_Unwind_Context*, unsigned char const*, lsda_header_info*)",0,0x0042CBC0,"base_of_encoded_value(unsigned char, _Unwind_Context*)",0x0042C9B0,1
5.5.00,eh_personality.cc,"parse_lsda_header(_Unwind_Context*, unsigned char const*, lsda_header_info*)",0,0x0042CBC0,"read_uleb128(unsigned char const*, unsigned int*)",0x0042CA30,2
5.5.00,eh_personality.cc,"parse_lsda_header(_Unwind_Context*, unsigned char const*, lsda_header_info*)",0,0x0042CBC0,"read_encoded_value_with_base(unsigned char, unsigned int, unsigned char const*, unsigned int*)",0x0042CAF0,1
5.5.00,eh_personality.cc,"parse_lsda_header(_Unwind_Context*, unsigned char const*, lsda_header_info*)",0,0x0042CBC0,_Unwind_GetRegionStart,0x004319A0,1
5.5.00,eh_personality.cc,"get_ttype_entry(lsda_header_info*, unsigned int)",0,0x0042CC90,"read_encoded_value_with_base(unsigned char, unsigned int, unsigned char const*, unsigned int*)",0x0042CAF0,1
5.5.00,eh_personality.cc,"get_ttype_entry(lsda_header_info*, unsigned int)",0,0x0042CC90,abort,0x00432670,1
5.5.00,eh_personality.cc,"check_exception_spec(lsda_header_info*, std::type_info const*, void*, int)",0,0x0042CD80,"read_uleb128(unsigned char const*, unsigned int*)",0x0042CA30,1
5.5.00,eh_personality.cc,"check_exception_spec(lsda_header_info*, std::type_info const*, void*, int)",0,0x0042CD80,"get_ttype_entry(lsda_header_info*, unsigned int)",0x0042CC90,1
5.5.00,eh_personality.cc,"check_exception_spec(lsda_header_info*, std::type_info const*, void*, int)",0,0x0042CD80,"get_adjusted_ptr(std::type_info const*, std::type_info const*, void**)",0x0042CD10,1
5.5.00,eh_personality.cc,__gxx_personality_sj0,0,0x0042CDE0,"base_of_encoded_value(unsigned char, _Unwind_Context*)",0x0042C9B0,2
5.5.00,eh_personality.cc,__gxx_personality_sj0,0,0x0042CDE0,"read_uleb128(unsigned char const*, unsigned int*)",0x0042CA30,3
5.5.00,eh_personality.cc,__gxx_personality_sj0,0,0x0042CDE0,"read_sleb128(unsigned char const*, int*)",0x0042CA80,2
5.5.00,eh_personality.cc,__gxx_personality_sj0,0,0x0042CDE0,"parse_lsda_header(_Unwind_Context*, unsigned char const*, lsda_header_info*)",0x0042CBC0,2
5.5.00,eh_personality.cc,__gxx_personality_sj0,0,0x0042CDE0,"get_ttype_entry(lsda_header_info*, unsigned int)",0x0042CC90,1
5.5.00,eh_personality.cc,__gxx_personality_sj0,0,0x0042CDE0,"get_adjusted_ptr(std::type_info const*, std::type_info const*, void**)",0x0042CD10,1
5.5.00,eh_personality.cc,__gxx_personality_sj0,0,0x0042CDE0,"check_exception_spec(lsda_header_info*, std::type_info const*, void*, int)",0x0042CD80,1
5.5.00,eh_personality.cc,__gxx_personality_sj0,0,0x0042CDE0,__cxa_begin_catch,0x0042D5F0,2
5.5.00,eh_personality.cc,__gxx_personality_sj0,0,0x0042CDE0,__cxa_end_catch,0x0042D700,1
5.5.00,eh_personality.cc,__gxx_personality_sj0,0,0x0042CDE0,__cxxabiv1::__terminate(void (*)()),0x0042EC10,1
5.5.00,eh_personality.cc,__gxx_personality_sj0,0,0x0042CDE0,std::terminate(),0x0042EC70,2
5.5.00,eh_personality.cc,__gxx_personality_sj0,0,0x0042CDE0,std::unexpected(),0x0042ECA0,1
5.5.00,eh_personality.cc,__gxx_personality_sj0,0,0x0042CDE0,_Unwind_SjLj_Register,0x00431790,1
5.5.00,eh_personality.cc,__gxx_personality_sj0,0,0x0042CDE0,_Unwind_SjLj_Unregister,0x00431870,2
5.5.00,eh_personality.cc,__gxx_personality_sj0,0,0x0042CDE0,_Unwind_SetGR,0x00431940,2
5.5.00,eh_personality.cc,__gxx_personality_sj0,0,0x0042CDE0,_Unwind_GetIP,0x00431960,1
5.5.00,eh_personality.cc,__gxx_personality_sj0,0,0x0042CDE0,_Unwind_SetIP,0x00431970,1
5.5.00,eh_personality.cc,__gxx_personality_sj0,0,0x0042CDE0,_Unwind_GetLanguageSpecificData,0x00431990,1
5.5.00,eh_personality.cc,__gxx_personality_sj0,0,0x0042CDE0,_Unwind_SjLj_Resume,0x00431E50,1
5.5.00,eh_personality.cc,__cxa_call_unexpected,0,0x0042D320,"parse_lsda_header(_Unwind_Context*, unsigned char const*, lsda_header_info*)",0x0042CBC0,1
5.5.00,eh_personality.cc,__cxa_call_unexpected,0,0x0042D320,"check_exception_spec(lsda_header_info*, std::type_info const*, void*, int)",0x0042CD80,2
5.5.00,eh_personality.cc,__cxa_call_unexpected,0,0x0042D320,__cxa_throw,0x0042D520,1
5.5.00,eh_personality.cc,__cxa_call_unexpected,0,0x0042D320,__cxa_rethrow,0x0042D590,1
5.5.00,eh_personality.cc,__cxa_call_unexpected,0,0x0042D320,__cxa_begin_catch,0x0042D5F0,2
5.5.00,eh_personality.cc,__cxa_call_unexpected,0,0x0042D320,__cxa_end_catch,0x0042D700,2
5.5.00,eh_personality.cc,__cxa_call_unexpected,0,0x0042D320,__cxa_allocate_exception,0x0042E8C0,1
5.5.00,eh_personality.cc,__cxa_call_unexpected,0,0x0042D320,__cxxabiv1::__terminate(void (*)()),0x0042EC10,1
5.5.00,eh_personality.cc,__cxa_call_unexpected,0,0x0042D320,__cxxabiv1::__unexpected(void (*)()),0x0042EC90,1
5.5.00,eh_personality.cc,__cxa_call_unexpected,0,0x0042D320,__cxa_get_globals_fast,0x0042ED70,1
5.5.00,eh_personality.cc,__cxa_call_unexpected,0,0x0042D320,_Unwind_SjLj_Register,0x00431790,1
5.5.00,eh_personality.cc,__cxa_call_unexpected,0,0x0042D320,_Unwind_SjLj_Resume,0x00431E50,1
5.5.00,string-inst.cc,"std::string::_M_check(unsigned int, char const*) const",0,0x004338E0,std::__throw_out_of_range(char const*),0x0042F8C0,1
5.5.00,string-inst.cc,"std::string::_S_copy_chars(char*, __gnu_cxx::__normal_iterator<char*, std::string>, __gnu_cxx::__normal_iterator<char*, std::string>)",0,0x00433C30,memcpy,0x00432570,1
5.5.00,string-inst.cc,"std::string::_S_copy_chars(char*, __gnu_cxx::__normal_iterator<char const*, std::string>, __gnu_cxx::__normal_iterator<char const*, std::string>)",0,0x00433C00,memcpy,0x00432570,1
5.5.00,string-inst.cc,std::string::at(unsigned int) const,0,0x004330E0,std::__throw_out_of_range(char const*),0x0042F8C0,1
5.5.00,string-inst.cc,"std::string::copy(char*, unsigned int, unsigned int) const",0,0x00433160,std::__throw_out_of_range(char const*),0x0042F8C0,1
5.5.00,string-inst.cc,"std::string::copy(char*, unsigned int, unsigned int) const",0,0x00433160,memcpy,0x00432570,1
5.5.00,string-inst.cc,"std::string::find(std::string const&, unsigned int) const",0,0x00433290,"std::string::find(char const*, unsigned int, unsigned int) const",0x00433220,1
5.5.00,string-inst.cc,"std::string::find(char const*, unsigned int) const",0,0x004331E0,strlen,0x00432580,1
5.5.00,string-inst.cc,"std::string::find(char const*, unsigned int) const",0,0x004331E0,"std::string::find(char const*, unsigned int, unsigned int) const",0x00433220,1
5.5.00,string-inst.cc,"std::string::find(char, unsigned int) const",0,0x004332C0,memchr,0x004326A0,1
5.5.00,string-inst.cc,"std::string::rfind(std::string const&, unsigned int) const",0,0x00433450,"std::string::rfind(char const*, unsigned int, unsigned int) const",0x004333D0,1
5.5.00,string-inst.cc,"std::string::rfind(char const*, unsigned int) const",0,0x00433390,strlen,0x00432580,1
5.5.00,string-inst.cc,"std::string::rfind(char const*, unsigned int) const",0,0x00433390,"std::string::rfind(char const*, unsigned int, unsigned int) const",0x004333D0,1
5.5.00,string-inst.cc,"std::string::find_first_of(std::string const&, unsigned int) const",0,0x00432E70,"std::string::find_first_of(char const*, unsigned int, unsigned int) const",0x00432E00,1
5.5.00,string-inst.cc,"std::string::find_first_of(char const*, unsigned int) const",0,0x00432DC0,strlen,0x00432580,1
5.5.00,string-inst.cc,"std::string::find_first_of(char const*, unsigned int) const",0,0x00432DC0,"std::string::find_first_of(char const*, unsigned int, unsigned int) const",0x00432E00,1
5.5.00,string-inst.cc,"std::string::find_last_of(std::string const&, unsigned int) const",0,0x00432D80,"std::string::find_last_of(char const*, unsigned int, unsigned int) const",0x00432CF0,1
5.5.00,string-inst.cc,"std::string::find_last_of(char const*, unsigned int) const",0,0x00432CB0,strlen,0x00432580,1
5.5.00,string-inst.cc,"std::string::find_last_of(char const*, unsigned int) const",0,0x00432CB0,"std::string::find_last_of(char const*, unsigned int, unsigned int) const",0x00432CF0,1
5.5.00,string-inst.cc,"std::string::find_first_not_of(std::string const&, unsigned int) const",0,0x00433080,"std::string::find_first_not_of(char const*, unsigned int, unsigned int) const",0x00433030,1
5.5.00,string-inst.cc,"std::string::find_first_not_of(char const*, unsigned int) const",0,0x00432FF0,strlen,0x00432580,1
5.5.00,string-inst.cc,"std::string::find_first_not_of(char const*, unsigned int) const",0,0x00432FF0,"std::string::find_first_not_of(char const*, unsigned int, unsigned int) const",0x00433030,1
5.5.00,string-inst.cc,"std::string::find_last_not_of(std::string const&, unsigned int) const",0,0x00432F80,"std::string::find_last_not_of(char const*, unsigned int, unsigned int) const",0x00432F00,1
5.5.00,string-inst.cc,"std::string::find_last_not_of(char const*, unsigned int) const",0,0x00432EC0,strlen,0x00432580,1
5.5.00,string-inst.cc,"std::string::find_last_not_of(char const*, unsigned int) const",0,0x00432EC0,"std::string::find_last_not_of(char const*, unsigned int, unsigned int) const",0x00432F00,1
5.5.00,string-inst.cc,"std::string::compare(unsigned int, unsigned int, std::string const&) const",0,0x00433780,std::__throw_out_of_range(char const*),0x0042F8C0,1
5.5.00,string-inst.cc,"std::string::compare(unsigned int, unsigned int, std::string const&, unsigned int, unsigned int) const",0,0x00433810,std::__throw_out_of_range(char const*),0x0042F8C0,2
5.5.00,string-inst.cc,std::string::compare(char const*) const,0,0x00433590,strlen,0x00432580,1
5.5.00,string-inst.cc,"std::string::compare(unsigned int, unsigned int, char const*) const",0,0x00433670,std::__throw_out_of_range(char const*),0x0042F8C0,1
5.5.00,string-inst.cc,"std::string::compare(unsigned int, unsigned int, char const*) const",0,0x00433670,strlen,0x00432580,1
5.5.00,string-inst.cc,"std::string::compare(unsigned int, unsigned int, char const*, unsigned int) const",0,0x00433700,std::__throw_out_of_range(char const*),0x0042F8C0,1
5.5.00,string-inst.cc,"std::basic_string<char, std::char_traits<char>, std::allocator<char> >::basic_string(std::string const&)",0,0x00436180,__cxa_call_unexpected,0x0042D320,1
5.5.00,string-inst.cc,"std::basic_string<char, std::char_traits<char>, std::allocator<char> >::basic_string(std::string const&)",0,0x00436180,"__gnu_cxx::__atomic_add(int volatile*, int)",0x0042D4C0,1
5.5.00,string-inst.cc,"std::basic_string<char, std::char_traits<char>, std::allocator<char> >::basic_string(std::string const&)",0,0x00436180,_Unwind_SjLj_Register,0x00431790,1
5.5.00,string-inst.cc,"std::basic_string<char, std::char_traits<char>, std::allocator<char> >::basic_string(std::string const&)",0,0x00436180,_Unwind_SjLj_Unregister,0x00431870,2
5.5.00,string-inst.cc,"std::basic_string<char, std::char_traits<char>, std::allocator<char> >::basic_string(std::string const&)",0,0x00436180,_Unwind_SjLj_Resume,0x00431E50,1
5.5.00,string-inst.cc,"std::basic_string<char, std::char_traits<char>, std::allocator<char> >::basic_string(std::string const&)",0,0x00436180,std::string::_Rep::_M_clone(std::allocator<char,0x00434150,1
5.5.00,string-inst.cc,"std::basic_string<char, std::char_traits<char>, std::allocator<char> >::basic_string(std::string const&)",1,0x00436590,__cxa_call_unexpected,0x0042D320,1
5.5.00,string-inst.cc,"std::basic_string<char, std::char_traits<char>, std::allocator<char> >::basic_string(std::string const&)",1,0x00436590,"__gnu_cxx::__atomic_add(int volatile*, int)",0x0042D4C0,1
5.5.00,string-inst.cc,"std::basic_string<char, std::char_traits<char>, std::allocator<char> >::basic_string(std::string const&)",1,0x00436590,_Unwind_SjLj_Register,0x00431790,1
5.5.00,string-inst.cc,"std::basic_string<char, std::char_traits<char>, std::allocator<char> >::basic_string(std::string const&)",1,0x00436590,_Unwind_SjLj_Unregister,0x00431870,2
5.5.00,string-inst.cc,"std::basic_string<char, std::char_traits<char>, std::allocator<char> >::basic_string(std::string const&)",1,0x00436590,_Unwind_SjLj_Resume,0x00431E50,1
5.5.00,string-inst.cc,"std::basic_string<char, std::char_traits<char>, std::allocator<char> >::basic_string(std::string const&)",1,0x00436590,std::string::_Rep::_M_clone(std::allocator<char,0x00434150,1
5.5.00,string-inst.cc,"std::basic_string<char, std::char_traits<char>, std::allocator<char> >::basic_string(unsigned int, char, std::allocator<char> const&)",0,0x00436400,"std::string::_S_construct(unsigned int, char, std::allocator<char",0x004339F0,1
5.5.00,string-inst.cc,"std::basic_string<char, std::char_traits<char>, std::allocator<char> >::basic_string(unsigned int, char, std::allocator<char> const&)",1,0x00436810,"std::string::_S_construct(unsigned int, char, std::allocator<char",0x004339F0,1
5.5.00,string-inst.cc,"std::basic_string<char, std::char_traits<char>, std::allocator<char> >::basic_string(std::allocator<char> const&)",0,0x00436150,"std::string::_S_construct(unsigned int, char, std::allocator<char",0x004339F0,1
5.5.00,string-inst.cc,"std::basic_string<char, std::char_traits<char>, std::allocator<char> >::basic_string(std::allocator<char> const&)",1,0x00436560,"std::string::_S_construct(unsigned int, char, std::allocator<char",0x004339F0,1
5.5.00,string-inst.cc,std::string::operator=(std::string const&),0,0x00436A90,std::string::assign(std::string const&),0x00434A70,1
5.5.00,string-inst.cc,std::string::reserve(unsigned int),0,0x00435D20,"__gnu_cxx::__exchange_and_add(int volatile*, int)",0x0042D4B0,1
5.5.00,string-inst.cc,std::string::reserve(unsigned int),0,0x00435D20,std::__throw_length_error(char const*),0x0042FA60,1
5.5.00,string-inst.cc,std::string::reserve(unsigned int),0,0x00435D20,_Unwind_SjLj_Register,0x00431790,1
5.5.00,string-inst.cc,std::string::reserve(unsigned int),0,0x00435D20,_Unwind_SjLj_Unregister,0x00431870,1
5.5.00,string-inst.cc,std::string::reserve(unsigned int),0,0x00435D20,_Unwind_SjLj_Resume,0x00431E50,1
5.5.00,string-inst.cc,std::string::reserve(unsigned int),0,0x00435D20,std::string::_Rep::_M_destroy(std::allocator<char,0x00433EE0,1
5.5.00,string-inst.cc,std::string::reserve(unsigned int),0,0x00435D20,std::string::_Rep::_M_clone(std::allocator<char,0x00434150,1
5.5.00,string-inst.cc,"std::basic_string<char, std::char_traits<char>, std::allocator<char> >::~basic_string()",0,0x004368F0,"__gnu_cxx::__exchange_and_add(int volatile*, int)",0x0042D4B0,1
5.5.00,string-inst.cc,"std::basic_string<char, std::char_traits<char>, std::allocator<char> >::~basic_string()",0,0x004368F0,_Unwind_SjLj_Register,0x00431790,1
5.5.00,string-inst.cc,"std::basic_string<char, std::char_traits<char>, std::allocator<char> >::~basic_string()",0,0x004368F0,_Unwind_SjLj_Unregister,0x00431870,1
5.5.00,string-inst.cc,"std::basic_string<char, std::char_traits<char>, std::allocator<char> >::~basic_string()",0,0x004368F0,_Unwind_SjLj_Resume,0x00431E50,1
5.5.00,string-inst.cc,"std::basic_string<char, std::char_traits<char>, std::allocator<char> >::~basic_string()",0,0x004368F0,std::string::_Rep::_M_destroy(std::allocator<char,0x00433EE0,1
5.5.00,string-inst.cc,"std::basic_string<char, std::char_traits<char>, std::allocator<char> >::~basic_string()",1,0x004369A0,"__gnu_cxx::__exchange_and_add(int volatile*, int)",0x0042D4B0,1
5.5.00,string-inst.cc,"std::basic_string<char, std::char_traits<char>, std::allocator<char> >::~basic_string()",1,0x004369A0,_Unwind_SjLj_Register,0x00431790,1
5.5.00,string-inst.cc,"std::basic_string<char, std::char_traits<char>, std::allocator<char> >::~basic_string()",1,0x004369A0,_Unwind_SjLj_Unregister,0x00431870,1
5.5.00,string-inst.cc,"std::basic_string<char, std::char_traits<char>, std::allocator<char> >::~basic_string()",1,0x004369A0,_Unwind_SjLj_Resume,0x00431E50,1
5.5.00,string-inst.cc,"std::basic_string<char, std::char_traits<char>, std::allocator<char> >::~basic_string()",1,0x004369A0,std::string::_Rep::_M_destroy(std::allocator<char,0x00433EE0,1
5.5.00,string-inst.cc,"std::string::_M_mutate(unsigned int, unsigned int, unsigned int)",0,0x00435E60,"__gnu_cxx::__exchange_and_add(int volatile*, int)",0x0042D4B0,1
5.5.00,string-inst.cc,"std::string::_M_mutate(unsigned int, unsigned int, unsigned int)",0,0x00435E60,_Unwind_SjLj_Register,0x00431790,1
5.5.00,string-inst.cc,"std::string::_M_mutate(unsigned int, unsigned int, unsigned int)",0,0x00435E60,_Unwind_SjLj_Unregister,0x00431870,1
5.5.00,string-inst.cc,"std::string::_M_mutate(unsigned int, unsigned int, unsigned int)",0,0x00435E60,_Unwind_SjLj_Resume,0x00431E50,1
5.5.00,string-inst.cc,"std::string::_M_mutate(unsigned int, unsigned int, unsigned int)",0,0x00435E60,memcpy,0x00432570,2
5.5.00,string-inst.cc,"std::string::_M_mutate(unsigned int, unsigned int, unsigned int)",0,0x00435E60,memmove,0x00432680,1
5.5.00,string-inst.cc,"std::string::_M_mutate(unsigned int, unsigned int, unsigned int)",0,0x00435E60,std::string::_Rep::_M_destroy(std::allocator<char,0x00433EE0,1
5.5.00,string-inst.cc,"std::string::_M_mutate(unsigned int, unsigned int, unsigned int)",0,0x00435E60,"std::string::_Rep::_S_create(unsigned int, unsigned int, std::allocator<char",0x004341D0,1
5.5.00,string-inst.cc,"std::string::erase(__gnu_cxx::__normal_iterator<char*, std::string>, __gnu_cxx::__normal_iterator<char*, std::string>)",0,0x004344E0,"std::string::_M_mutate(unsigned int, unsigned int, unsigned int)",0x00435E60,1
5.5.00,string-inst.cc,"std::string::erase(__gnu_cxx::__normal_iterator<char*, std::string>)",0,0x00434490,"std::string::_M_mutate(unsigned int, unsigned int, unsigned int)",0x00435E60,1
5.5.00,string-inst.cc,std::string::operator=(char const*),0,0x00436A50,strlen,0x00432580,1
5.5.00,string-inst.cc,std::string::operator=(char const*),0,0x00436A50,"std::string::assign(char const*, unsigned int)",0x00434960,1
5.5.00,string-inst.cc,"std::string::assign(std::string const&, unsigned int, unsigned int)",0,0x00434BE0,std::__throw_out_of_range(char const*),0x0042F8C0,1
5.5.00,string-inst.cc,"std::string::append(char const*, unsigned int)",0,0x004345C0,memcpy,0x00432570,1
5.5.00,string-inst.cc,"std::string::append(char const*, unsigned int)",0,0x004345C0,std::string::reserve(unsigned int),0x00435D20,1
5.5.00,string-inst.cc,"std::string::append(char const*, unsigned int)",0,0x004345C0,"std::string::_M_mutate(unsigned int, unsigned int, unsigned int)",0x00435E60,2
5.5.00,string-inst.cc,std::string::operator+=(char const*),0,0x00436B50,strlen,0x00432580,1
5.5.00,string-inst.cc,std::string::operator+=(char const*),0,0x00436B50,"std::string::append(char const*, unsigned int)",0x004345C0,1
5.5.00,string-inst.cc,"std::string::append(std::string const&, unsigned int, unsigned int)",0,0x00434770,std::__throw_out_of_range(char const*),0x0042F8C0,1
5.5.00,string-inst.cc,"std::string::append(std::string const&, unsigned int, unsigned int)",0,0x00434770,memcpy,0x00432570,1
5.5.00,string-inst.cc,"std::string::append(std::string const&, unsigned int, unsigned int)",0,0x00434770,std::string::reserve(unsigned int),0x00435D20,1
5.5.00,string-inst.cc,"std::string::append(std::string const&, unsigned int, unsigned int)",0,0x00434770,"std::string::_M_mutate(unsigned int, unsigned int, unsigned int)",0x00435E60,1
5.5.00,string-inst.cc,"std::basic_string<char, std::char_traits<char>, std::allocator<char> > std::operator+<char, std::char_traits<char>, std::allocator<char> >(std::basic_string<char, std::char_traits<char>, std::allocator<char> > const&, std::basic_string<char, std::char_traits<char>, std::allocator<char> > const&)",0,0x00437A60,"__gnu_cxx::__exchange_and_add(int volatile*, int)",0x0042D4B0,1
5.5.00,string-inst.cc,"std::basic_string<char, std::char_traits<char>, std::allocator<char> > std::operator+<char, std::char_traits<char>, std::allocator<char> >(std::basic_string<char, std::char_traits<char>, std::allocator<char> > const&, std::basic_string<char, std::char_traits<char>, std::allocator<char> > const&)",0,0x00437A60,_Unwind_SjLj_Register,0x00431790,1
5.5.00,string-inst.cc,"std::basic_string<char, std::char_traits<char>, std::allocator<char> > std::operator+<char, std::char_traits<char>, std::allocator<char> >(std::basic_string<char, std::char_traits<char>, std::allocator<char> > const&, std::basic_string<char, std::char_traits<char>, std::allocator<char> > const&)",0,0x00437A60,_Unwind_SjLj_Unregister,0x00431870,1
5.5.00,string-inst.cc,"std::basic_string<char, std::char_traits<char>, std::allocator<char> > std::operator+<char, std::char_traits<char>, std::allocator<char> >(std::basic_string<char, std::char_traits<char>, std::allocator<char> > const&, std::basic_string<char, std::char_traits<char>, std::allocator<char> > const&)",0,0x00437A60,_Unwind_SjLj_Resume,0x00431E50,1
5.5.00,string-inst.cc,"std::basic_string<char, std::char_traits<char>, std::allocator<char> > std::operator+<char, std::char_traits<char>, std::allocator<char> >(std::basic_string<char, std::char_traits<char>, std::allocator<char> > const&, std::basic_string<char, std::char_traits<char>, std::allocator<char> > const&)",0,0x00437A60,std::string::_Rep::_M_destroy(std::allocator<char,0x00433EE0,1
5.5.00,string-inst.cc,"std::basic_string<char, std::char_traits<char>, std::allocator<char> > std::operator+<char, std::char_traits<char>, std::allocator<char> >(std::basic_string<char, std::char_traits<char>, std::allocator<char> > const&, std::basic_string<char, std::char_traits<char>, std::allocator<char> > const&)",0,0x00437A60,std::string::append(std::string const&),0x00434690,1
5.5.00,string-inst.cc,"std::basic_string<char, std::char_traits<char>, std::allocator<char> > std::operator+<char, std::char_traits<char>, std::allocator<char> >(std::basic_string<char, std::char_traits<char>, std::allocator<char> > const&, std::basic_string<char, std::char_traits<char>, std::allocator<char> > const&)",0,0x00437A60,"std::basic_string<char, std::char_traits<char",0x00436180,1
5.5.00,string-inst.cc,"std::basic_string<char, std::char_traits<char>, std::allocator<char> > std::operator+<char, std::char_traits<char>, std::allocator<char> >(char const*, std::basic_string<char, std::char_traits<char>, std::allocator<char> > const&)",0,0x00437920,"__gnu_cxx::__exchange_and_add(int volatile*, int)",0x0042D4B0,1
5.5.00,string-inst.cc,"std::basic_string<char, std::char_traits<char>, std::allocator<char> > std::operator+<char, std::char_traits<char>, std::allocator<char> >(char const*, std::basic_string<char, std::char_traits<char>, std::allocator<char> > const&)",0,0x00437920,_Unwind_SjLj_Register,0x00431790,1
5.5.00,string-inst.cc,"std::basic_string<char, std::char_traits<char>, std::allocator<char> > std::operator+<char, std::char_traits<char>, std::allocator<char> >(char const*, std::basic_string<char, std::char_traits<char>, std::allocator<char> > const&)",0,0x00437920,_Unwind_SjLj_Unregister,0x00431870,1
5.5.00,string-inst.cc,"std::basic_string<char, std::char_traits<char>, std::allocator<char> > std::operator+<char, std::char_traits<char>, std::allocator<char> >(char const*, std::basic_string<char, std::char_traits<char>, std::allocator<char> > const&)",0,0x00437920,_Unwind_SjLj_Resume,0x00431E50,1
5.5.00,string-inst.cc,"std::basic_string<char, std::char_traits<char>, std::allocator<char> > std::operator+<char, std::char_traits<char>, std::allocator<char> >(char const*, std::basic_string<char, std::char_traits<char>, std::allocator<char> > const&)",0,0x00437920,strlen,0x00432580,1
5.5.00,string-inst.cc,"std::basic_string<char, std::char_traits<char>, std::allocator<char> > std::operator+<char, std::char_traits<char>, std::allocator<char> >(char const*, std::basic_string<char, std::char_traits<char>, std::allocator<char> > const&)",0,0x00437920,std::string::_Rep::_M_destroy(std::allocator<char,0x00433EE0,1
5.5.00,string-inst.cc,"std::basic_string<char, std::char_traits<char>, std::allocator<char> > std::operator+<char, std::char_traits<char>, std::allocator<char> >(char const*, std::basic_string<char, std::char_traits<char>, std::allocator<char> > const&)",0,0x00437920,"std::string::append(char const*, unsigned int)",0x004345C0,1
5.5.00,string-inst.cc,"std::basic_string<char, std::char_traits<char>, std::allocator<char> > std::operator+<char, std::char_traits<char>, std::allocator<char> >(char const*, std::basic_string<char, std::char_traits<char>, std::allocator<char> > const&)",0,0x00437920,std::string::append(std::string const&),0x00434690,1
5.5.00,string-inst.cc,"std::basic_string<char, std::char_traits<char>, std::allocator<char> > std::operator+<char, std::char_traits<char>, std::allocator<char> >(char const*, std::basic_string<char, std::char_traits<char>, std::allocator<char> > const&)",0,0x00437920,std::string::reserve(unsigned int),0x00435D20,1
5.5.00,string-inst.cc,"std::string::insert(__gnu_cxx::__normal_iterator<char*, std::string>, unsigned int, char)",0,0x00434DB0,std::__throw_length_error(char const*),0x0042FA60,1
5.5.00,string-inst.cc,"std::string::insert(__gnu_cxx::__normal_iterator<char*, std::string>, unsigned int, char)",0,0x00434DB0,memset,0x00432690,1
5.5.00,string-inst.cc,"std::string::insert(__gnu_cxx::__normal_iterator<char*, std::string>, unsigned int, char)",0,0x00434DB0,"std::string::_M_mutate(unsigned int, unsigned int, unsigned int)",0x00435E60,2
5.5.00,string-inst.cc,"std::string::replace(unsigned int, unsigned int, unsigned int, char)",0,0x00435C10,std::__throw_out_of_range(char const*),0x0042F8C0,1
5.5.00,string-inst.cc,"std::string::replace(unsigned int, unsigned int, unsigned int, char)",0,0x00435C10,std::__throw_length_error(char const*),0x0042FA60,1
5.5.00,string-inst.cc,"std::string::replace(unsigned int, unsigned int, unsigned int, char)",0,0x00435C10,memset,0x00432690,1
5.5.00,string-inst.cc,"std::string::replace(unsigned int, unsigned int, unsigned int, char)",0,0x00435C10,"std::string::_M_mutate(unsigned int, unsigned int, unsigned int)",0x00435E60,2
5.5.00,string-inst.cc,"std::string::insert(__gnu_cxx::__normal_iterator<char*, std::string>, char)",0,0x00434D30,std::__throw_length_error(char const*),0x0042FA60,1
5.5.00,string-inst.cc,"std::string::insert(__gnu_cxx::__normal_iterator<char*, std::string>, char)",0,0x00434D30,"std::string::_M_mutate(unsigned int, unsigned int, unsigned int)",0x00435E60,1
5.5.00,string-inst.cc,"std::string::insert(unsigned int, unsigned int, char)",0,0x00435100,std::__throw_out_of_range(char const*),0x0042F8C0,1
5.5.00,string-inst.cc,"std::string::insert(unsigned int, unsigned int, char)",0,0x00435100,std::__throw_length_error(char const*),0x0042FA60,1
5.5.00,string-inst.cc,"std::string::insert(unsigned int, unsigned int, char)",0,0x00435100,memset,0x00432690,1
5.5.00,string-inst.cc,"std::string::insert(unsigned int, unsigned int, char)",0,0x00435100,"std::string::_M_mutate(unsigned int, unsigned int, unsigned int)",0x00435E60,2
5.5.00,string-inst.cc,std::string::operator=(char),0,0x00436AC0,"std::string::_M_mutate(unsigned int, unsigned int, unsigned int)",0x00435E60,1
5.5.00,string-inst.cc,std::string::push_back(char),0,0x00436060,std::__throw_length_error(char const*),0x0042FA60,1
5.5.00,string-inst.cc,std::string::push_back(char),0,0x00436060,"std::string::_M_mutate(unsigned int, unsigned int, unsigned int)",0x00435E60,1
5.5.00,string-inst.cc,"std::basic_string<char, std::char_traits<char>, std::allocator<char> > std::operator+<char, std::char_traits<char>, std::allocator<char> >(char, std::basic_string<char, std::char_traits<char>, std::allocator<char> > const&)",0,0x00437B60,"__gnu_cxx::__exchange_and_add(int volatile*, int)",0x0042D4B0,1
5.5.00,string-inst.cc,"std::basic_string<char, std::char_traits<char>, std::allocator<char> > std::operator+<char, std::char_traits<char>, std::allocator<char> >(char, std::basic_string<char, std::char_traits<char>, std::allocator<char> > const&)",0,0x00437B60,std::__throw_length_error(char const*),0x0042FA60,1
5.5.00,string-inst.cc,"std::basic_string<char, std::char_traits<char>, std::allocator<char> > std::operator+<char, std::char_traits<char>, std::allocator<char> >(char, std::basic_string<char, std::char_traits<char>, std::allocator<char> > const&)",0,0x00437B60,_Unwind_SjLj_Register,0x00431790,1
5.5.00,string-inst.cc,"std::basic_string<char, std::char_traits<char>, std::allocator<char> > std::operator+<char, std::char_traits<char>, std::allocator<char> >(char, std::basic_string<char, std::char_traits<char>, std::allocator<char> > const&)",0,0x00437B60,_Unwind_SjLj_Unregister,0x00431870,1
5.5.00,string-inst.cc,"std::basic_string<char, std::char_traits<char>, std::allocator<char> > std::operator+<char, std::char_traits<char>, std::allocator<char> >(char, std::basic_string<char, std::char_traits<char>, std::allocator<char> > const&)",0,0x00437B60,_Unwind_SjLj_Resume,0x00431E50,1
5.5.00,string-inst.cc,"std::basic_string<char, std::char_traits<char>, std::allocator<char> > std::operator+<char, std::char_traits<char>, std::allocator<char> >(char, std::basic_string<char, std::char_traits<char>, std::allocator<char> > const&)",0,0x00437B60,std::string::_Rep::_M_destroy(std::allocator<char,0x00433EE0,1
5.5.00,string-inst.cc,"std::basic_string<char, std::char_traits<char>, std::allocator<char> > std::operator+<char, std::char_traits<char>, std::allocator<char> >(char, std::basic_string<char, std::char_traits<char>, std::allocator<char> > const&)",0,0x00437B60,std::string::append(std::string const&),0x00434690,1
5.5.00,string-inst.cc,"std::basic_string<char, std::char_traits<char>, std::allocator<char> > std::operator+<char, std::char_traits<char>, std::allocator<char> >(char, std::basic_string<char, std::char_traits<char>, std::allocator<char> > const&)",0,0x00437B60,std::string::reserve(unsigned int),0x00435D20,1
5.5.00,string-inst.cc,"std::basic_string<char, std::char_traits<char>, std::allocator<char> > std::operator+<char, std::char_traits<char>, std::allocator<char> >(char, std::basic_string<char, std::char_traits<char>, std::allocator<char> > const&)",0,0x00437B60,"std::string::_M_mutate(unsigned int, unsigned int, unsigned int)",0x00435E60,1
5.5.00,string-inst.cc,std::string::operator+=(char),0,0x00436B90,std::__throw_length_error(char const*),0x0042FA60,1
5.5.00,string-inst.cc,std::string::operator+=(char),0,0x00436B90,"std::string::_M_mutate(unsigned int, unsigned int, unsigned int)",0x00435E60,1
5.5.00,string-inst.cc,"std::string::resize(unsigned int, char)",0,0x00435270,std::__throw_length_error(char const*),0x0042FA60,2
5.5.00,string-inst.cc,"std::string::resize(unsigned int, char)",0,0x00435270,memset,0x00432690,1
5.5.00,string-inst.cc,"std::string::resize(unsigned int, char)",0,0x00435270,"std::string::_M_mutate(unsigned int, unsigned int, unsigned int)",0x00435E60,3
5.5.00,string-inst.cc,std::string::resize(unsigned int),0,0x00435250,"std::string::resize(unsigned int, char)",0x00435270,1
5.5.00,string-inst.cc,"std::string::insert(unsigned int, char const*)",0,0x00434E80,strlen,0x00432580,1
5.5.00,string-inst.cc,"std::string::insert(unsigned int, char const*)",0,0x00434E80,"std::string::insert(unsigned int, char const*, unsigned int)",0x00434EC0,1
5.5.00,string-inst.cc,"std::string::insert(unsigned int, std::string const&)",0,0x00435060,"std::string::insert(unsigned int, char const*, unsigned int)",0x00434EC0,1
5.5.00,string-inst.cc,std::string::clear(),0,0x00434460,"std::string::_M_mutate(unsigned int, unsigned int, unsigned int)",0x00435E60,1
5.5.00,string-inst.cc,std::string::at(unsigned int),0,0x00433E30,std::__throw_out_of_range(char const*),0x0042F8C0,1
5.5.00,string-inst.cc,std::string::at(unsigned int),0,0x00433E30,std::string::_M_leak_hard(),0x004339A0,1
5.5.00,string-inst.cc,std::string::operator[](unsigned int),0,0x00436B10,std::string::_M_leak_hard(),0x004339A0,1
5.5.00,string-inst.cc,std::string::end(),0,0x00433EA0,std::string::_M_leak_hard(),0x004339A0,1
5.5.00,string-inst.cc,std::string::rbegin(),0,0x004351F0,std::string::_M_leak_hard(),0x004339A0,1
5.5.00,string-inst.cc,std::string::begin(),0,0x00434430,std::string::_M_leak_hard(),0x004339A0,1
5.5.00,string-inst.cc,std::string::rend(),0,0x00434310,std::string::_M_leak_hard(),0x004339A0,1
5.5.00,string-inst.cc,"char* std::string::_S_construct<__gnu_cxx::__normal_iterator<char*, std::string> >(__gnu_cxx::__normal_iterator<char*, std::string>, __gnu_cxx::__normal_iterator<char*, std::string>, std::allocator<char> const&, std::forward_iterator_tag)",0,0x00433A70,memcpy,0x00432570,1
5.5.00,string-inst.cc,"char* std::string::_S_construct<__gnu_cxx::__normal_iterator<char*, std::string> >(__gnu_cxx::__normal_iterator<char*, std::string>, __gnu_cxx::__normal_iterator<char*, std::string>, std::allocator<char> const&, std::forward_iterator_tag)",0,0x00433A70,"std::string::_Rep::_S_create(unsigned int, unsigned int, std::allocator<char",0x004341D0,1
5.5.00,string-inst.cc,std::string::swap(std::string&),0,0x00434360,_Unwind_SjLj_Register,0x00431790,1
5.5.00,string-inst.cc,std::string::swap(std::string&),0,0x00434360,_Unwind_SjLj_Unregister,0x00431870,1
5.5.00,string-inst.cc,"std::basic_string<char, std::char_traits<char>, std::allocator<char> >::basic_string<__gnu_cxx::__normal_iterator<char*, std::string> >(__gnu_cxx::__normal_iterator<char*, std::string>, __gnu_cxx::__normal_iterator<char*, std::string>, std::allocator<char> const&)",0,0x00436860,"char* std::string::_S_construct<__gnu_cxx::__normal_iterator<char*, std::string",0x00433A70,1
5.5.00,string-inst.cc,"char* std::string::_S_construct<char*>(char*, char*, std::allocator<char> const&, std::forward_iterator_tag)",0,0x00433B70,std::__throw_logic_error(char const*),0x0042FF40,1
5.5.00,string-inst.cc,"char* std::string::_S_construct<char*>(char*, char*, std::allocator<char> const&, std::forward_iterator_tag)",0,0x00433B70,memcpy,0x00432570,1
5.5.00,string-inst.cc,"char* std::string::_S_construct<char*>(char*, char*, std::allocator<char> const&, std::forward_iterator_tag)",0,0x00433B70,"std::string::_Rep::_S_create(unsigned int, unsigned int, std::allocator<char",0x004341D0,1
5.5.00,string-inst.cc,"std::basic_string<char, std::char_traits<char>, std::allocator<char> >::basic_string<char*>(char*, char*, std::allocator<char> const&)",0,0x004364B0,char* std::string::_S_construct<char*,0x00433B70,1
5.5.00,string-inst.cc,"std::basic_string<char, std::char_traits<char>, std::allocator<char> >::basic_string<char*>(char*, char*, std::allocator<char> const&)",1,0x004368C0,char* std::string::_S_construct<char*,0x00433B70,1
5.5.00,string-inst.cc,"std::basic_string<char, std::char_traits<char>, std::allocator<char> >::basic_string(std::string const&, unsigned int, unsigned int, std::allocator<char> const&)",0,0x00436390,std::__throw_out_of_range(char const*),0x0042F8C0,1
5.5.00,string-inst.cc,"std::basic_string<char, std::char_traits<char>, std::allocator<char> >::basic_string(std::string const&, unsigned int, unsigned int, std::allocator<char> const&)",0,0x00436390,char* std::string::_S_construct<char*,0x00433B70,1
5.5.00,string-inst.cc,"std::basic_string<char, std::char_traits<char>, std::allocator<char> >::basic_string(std::string const&, unsigned int, unsigned int, std::allocator<char> const&)",1,0x004367A0,std::__throw_out_of_range(char const*),0x0042F8C0,1
5.5.00,string-inst.cc,"std::basic_string<char, std::char_traits<char>, std::allocator<char> >::basic_string(std::string const&, unsigned int, unsigned int, std::allocator<char> const&)",1,0x004367A0,char* std::string::_S_construct<char*,0x00433B70,1
5.5.00,string-inst.cc,"std::basic_string<char, std::char_traits<char>, std::allocator<char> >::basic_string(std::string const&, unsigned int, unsigned int)",0,0x004362A0,std::__throw_out_of_range(char const*),0x0042F8C0,1
5.5.00,string-inst.cc,"std::basic_string<char, std::char_traits<char>, std::allocator<char> >::basic_string(std::string const&, unsigned int, unsigned int)",0,0x004362A0,_Unwind_SjLj_Register,0x00431790,1
5.5.00,string-inst.cc,"std::basic_string<char, std::char_traits<char>, std::allocator<char> >::basic_string(std::string const&, unsigned int, unsigned int)",0,0x004362A0,_Unwind_SjLj_Unregister,0x00431870,1
5.5.00,string-inst.cc,"std::basic_string<char, std::char_traits<char>, std::allocator<char> >::basic_string(std::string const&, unsigned int, unsigned int)",0,0x004362A0,_Unwind_SjLj_Resume,0x00431E50,1
5.5.00,string-inst.cc,"std::basic_string<char, std::char_traits<char>, std::allocator<char> >::basic_string(std::string const&, unsigned int, unsigned int)",0,0x004362A0,char* std::string::_S_construct<char*,0x00433B70,1
5.5.00,string-inst.cc,"std::string::substr(unsigned int, unsigned int) const",0,0x00433510,std::__throw_out_of_range(char const*),0x0042F8C0,1
5.5.00,string-inst.cc,"std::string::substr(unsigned int, unsigned int) const",0,0x00433510,"std::basic_string<char, std::char_traits<char",0x004362A0,1
5.5.00,string-inst.cc,"std::basic_string<char, std::char_traits<char>, std::allocator<char> >::basic_string(std::string const&, unsigned int, unsigned int)",1,0x004366B0,std::__throw_out_of_range(char const*),0x0042F8C0,1
5.5.00,string-inst.cc,"std::basic_string<char, std::char_traits<char>, std::allocator<char> >::basic_string(std::string const&, unsigned int, unsigned int)",1,0x004366B0,_Unwind_SjLj_Register,0x00431790,1
5.5.00,string-inst.cc,"std::basic_string<char, std::char_traits<char>, std::allocator<char> >::basic_string(std::string const&, unsigned int, unsigned int)",1,0x004366B0,_Unwind_SjLj_Unregister,0x00431870,1
5.5.00,string-inst.cc,"std::basic_string<char, std::char_traits<char>, std::allocator<char> >::basic_string(std::string const&, unsigned int, unsigned int)",1,0x004366B0,_Unwind_SjLj_Resume,0x00431E50,1
5.5.00,string-inst.cc,"std::basic_string<char, std::char_traits<char>, std::allocator<char> >::basic_string(std::string const&, unsigned int, unsigned int)",1,0x004366B0,char* std::string::_S_construct<char*,0x00433B70,1
5.5.00,string-inst.cc,"char* std::string::_S_construct<char const*>(char const*, char const*, std::allocator<char> const&, std::forward_iterator_tag)",0,0x00433AF0,std::__throw_logic_error(char const*),0x0042FF40,1
5.5.00,string-inst.cc,"char* std::string::_S_construct<char const*>(char const*, char const*, std::allocator<char> const&, std::forward_iterator_tag)",0,0x00433AF0,memcpy,0x00432570,1
5.5.00,string-inst.cc,"char* std::string::_S_construct<char const*>(char const*, char const*, std::allocator<char> const&, std::forward_iterator_tag)",0,0x00433AF0,"std::string::_Rep::_S_create(unsigned int, unsigned int, std::allocator<char",0x004341D0,1
5.5.00,string-inst.cc,"std::basic_string<char, std::char_traits<char>, std::allocator<char> >::basic_string<char const*>(char const*, char const*, std::allocator<char> const&)",0,0x00436480,char* std::string::_S_construct<char const*,0x00433AF0,1
5.5.00,string-inst.cc,"std::basic_string<char, std::char_traits<char>, std::allocator<char> >::basic_string<char const*>(char const*, char const*, std::allocator<char> const&)",1,0x00436890,char* std::string::_S_construct<char const*,0x00433AF0,1
5.5.00,string-inst.cc,"std::basic_string<char, std::char_traits<char>, std::allocator<char> >::basic_string(char const*, std::allocator<char> const&)",0,0x004360D0,strlen,0x00432580,1
5.5.00,string-inst.cc,"std::basic_string<char, std::char_traits<char>, std::allocator<char> >::basic_string(char const*, std::allocator<char> const&)",0,0x004360D0,char* std::string::_S_construct<char const*,0x00433AF0,1
5.5.00,string-inst.cc,"std::basic_string<char, std::char_traits<char>, std::allocator<char> >::basic_string(char const*, std::allocator<char> const&)",1,0x004364E0,strlen,0x00432580,1
5.5.00,string-inst.cc,"std::basic_string<char, std::char_traits<char>, std::allocator<char> >::basic_string(char const*, std::allocator<char> const&)",1,0x004364E0,char* std::string::_S_construct<char const*,0x00433AF0,1
5.5.00,string-inst.cc,"std::basic_string<char, std::char_traits<char>, std::allocator<char> >::basic_string(char const*, unsigned int, std::allocator<char> const&)",0,0x00436120,char* std::string::_S_construct<char const*,0x00433AF0,1
5.5.00,string-inst.cc,"std::string::replace(__gnu_cxx::__normal_iterator<char*, std::string>, __gnu_cxx::__normal_iterator<char*, std::string>, __gnu_cxx::__normal_iterator<char const*, std::string>, __gnu_cxx::__normal_iterator<char const*, std::string>)",0,0x004353D0,"std::string::replace(unsigned int, unsigned int, char const*, unsigned int)",0x00435730,1
5.5.00,string-inst.cc,"std::string::replace(__gnu_cxx::__normal_iterator<char*, std::string>, __gnu_cxx::__normal_iterator<char*, std::string>, __gnu_cxx::__normal_iterator<char*, std::string>, __gnu_cxx::__normal_iterator<char*, std::string>)",0,0x004355B0,"std::string::replace(unsigned int, unsigned int, char const*, unsigned int)",0x00435730,1
5.5.00,string-inst.cc,"std::string::replace(__gnu_cxx::__normal_iterator<char*, std::string>, __gnu_cxx::__normal_iterator<char*, std::string>, char const*, char const*)",0,0x00435480,"std::string::replace(unsigned int, unsigned int, char const*, unsigned int)",0x00435730,1
5.5.00,string-inst.cc,"std::string::replace(__gnu_cxx::__normal_iterator<char*, std::string>, __gnu_cxx::__normal_iterator<char*, std::string>, char*, char*)",0,0x00435560,"std::string::replace(unsigned int, unsigned int, char const*, unsigned int)",0x00435730,1
5.5.00,string-inst.cc,"std::string::replace(__gnu_cxx::__normal_iterator<char*, std::string>, __gnu_cxx::__normal_iterator<char*, std::string>, char const*)",0,0x00435420,strlen,0x00432580,1
5.5.00,string-inst.cc,"std::string::replace(__gnu_cxx::__normal_iterator<char*, std::string>, __gnu_cxx::__normal_iterator<char*, std::string>, char const*)",0,0x00435420,"std::string::replace(unsigned int, unsigned int, char const*, unsigned int)",0x00435730,1
5.5.00,string-inst.cc,"std::string::replace(__gnu_cxx::__normal_iterator<char*, std::string>, __gnu_cxx::__normal_iterator<char*, std::string>, std::string const&)",0,0x00435510,"std::string::replace(unsigned int, unsigned int, char const*, unsigned int)",0x00435730,1
5.5.00,string-inst.cc,"std::string::replace(unsigned int, unsigned int, char const*)",0,0x004356F0,strlen,0x00432580,1
5.5.00,string-inst.cc,"std::string::replace(unsigned int, unsigned int, char const*)",0,0x004356F0,"std::string::replace(unsigned int, unsigned int, char const*, unsigned int)",0x00435730,1
5.5.00,string-inst.cc,"std::string::replace(unsigned int, unsigned int, std::string const&, unsigned int, unsigned int)",0,0x00435B90,std::__throw_out_of_range(char const*),0x0042F8C0,1
5.5.00,string-inst.cc,"std::string::replace(unsigned int, unsigned int, std::string const&)",0,0x00435B50,"std::string::replace(unsigned int, unsigned int, char const*, unsigned int)",0x00435730,1
5.5.00,string-inst.cc,"std::basic_string<char, std::char_traits<char>, std::allocator<char> >::basic_string(char const*, unsigned int, std::allocator<char> const&)",1,0x00436530,char* std::string::_S_construct<char const*,0x00433AF0,1
5.5.00,string-inst.cc,std::string::_Rep::_M_destroy(std::allocator<char> const&),0,0x00433EE0,operator delete(void*),0x0042C880,1
5.5.00,string-inst.cc,std::string::_Rep::_M_refcopy(),0,0x00433F50,__cxa_call_unexpected,0x0042D320,1
5.5.00,string-inst.cc,std::string::_Rep::_M_refcopy(),0,0x00433F50,"__gnu_cxx::__atomic_add(int volatile*, int)",0x0042D4C0,1
5.5.00,string-inst.cc,std::string::_Rep::_M_refcopy(),0,0x00433F50,_Unwind_SjLj_Register,0x00431790,1
5.5.00,string-inst.cc,std::string::_Rep::_M_refcopy(),0,0x00433F50,_Unwind_SjLj_Unregister,0x00431870,1
5.5.00,string-inst.cc,std::string::_Rep::_M_refcopy(),0,0x00433F50,_Unwind_SjLj_Resume,0x00431E50,1
5.5.00,string-inst.cc,"std::string::find_last_not_of(char const*, unsigned int, unsigned int) const",0,0x00432F00,memchr,0x004326A0,2
5.5.00,string-inst.cc,"std::string::find_first_not_of(char const*, unsigned int, unsigned int) const",0,0x00433030,memchr,0x004326A0,1
5.5.00,string-inst.cc,"std::string::find_last_of(char const*, unsigned int, unsigned int) const",0,0x00432CF0,memchr,0x004326A0,2
5.5.00,string-inst.cc,"std::string::find_first_of(char const*, unsigned int, unsigned int) const",0,0x00432E00,memchr,0x004326A0,1
5.5.00,string-inst.cc,"std::basic_string<char, std::char_traits<char>, std::allocator<char> >::basic_string<__gnu_cxx::__normal_iterator<char*, std::string> >(__gnu_cxx::__normal_iterator<char*, std::string>, __gnu_cxx::__normal_iterator<char*, std::string>, std::allocator<char> const&)",1,0x00436450,"char* std::string::_S_construct<__gnu_cxx::__normal_iterator<char*, std::string",0x00433A70,1
5.5.00,string-inst.cc,"std::string::replace(__gnu_cxx::__normal_iterator<char*, std::string>, __gnu_cxx::__normal_iterator<char*, std::string>, char const*, unsigned int)",0,0x004354D0,"std::string::replace(unsigned int, unsigned int, char const*, unsigned int)",0x00435730,1
5.5.00,string-inst.cc,"std::string::replace(unsigned int, unsigned int, char const*, unsigned int)",0,0x00435730,"__gnu_cxx::__exchange_and_add(int volatile*, int)",0x0042D4B0,2
5.5.00,string-inst.cc,"std::string::replace(unsigned int, unsigned int, char const*, unsigned int)",0,0x00435730,std::__throw_out_of_range(char const*),0x0042F8C0,1
5.5.00,string-inst.cc,"std::string::replace(unsigned int, unsigned int, char const*, unsigned int)",0,0x00435730,std::__throw_length_error(char const*),0x0042FA60,1
5.5.00,string-inst.cc,"std::string::replace(unsigned int, unsigned int, char const*, unsigned int)",0,0x00435730,_Unwind_SjLj_Register,0x00431790,1
5.5.00,string-inst.cc,"std::string::replace(unsigned int, unsigned int, char const*, unsigned int)",0,0x00435730,_Unwind_SjLj_Unregister,0x00431870,2
5.5.00,string-inst.cc,"std::string::replace(unsigned int, unsigned int, char const*, unsigned int)",0,0x00435730,_Unwind_SjLj_Resume,0x00431E50,1
5.5.00,string-inst.cc,"std::string::replace(unsigned int, unsigned int, char const*, unsigned int)",0,0x00435730,memcpy,0x00432570,3
5.5.00,string-inst.cc,"std::string::replace(unsigned int, unsigned int, char const*, unsigned int)",0,0x00435730,std::string::_Rep::_M_destroy(std::allocator<char,0x00433EE0,2
5.5.00,string-inst.cc,"std::string::replace(unsigned int, unsigned int, char const*, unsigned int)",0,0x00435730,"std::string::_M_mutate(unsigned int, unsigned int, unsigned int)",0x00435E60,3
5.5.00,string-inst.cc,"std::string::replace(unsigned int, unsigned int, char const*, unsigned int)",0,0x00435730,"std::basic_string<char, std::char_traits<char",0x00436120,1
5.5.00,string-inst.cc,"std::string::insert(unsigned int, char const*, unsigned int)",0,0x00434EC0,std::__throw_out_of_range(char const*),0x0042F8C0,1
5.5.00,string-inst.cc,"std::string::insert(unsigned int, char const*, unsigned int)",0,0x00434EC0,std::__throw_length_error(char const*),0x0042FA60,1
5.5.00,string-inst.cc,"std::string::insert(unsigned int, char const*, unsigned int)",0,0x00434EC0,memcpy,0x00432570,5
5.5.00,string-inst.cc,"std::string::insert(unsigned int, char const*, unsigned int)",0,0x00434EC0,"std::string::_M_mutate(unsigned int, unsigned int, unsigned int)",0x00435E60,2
5.5.00,string-inst.cc,"std::string::insert(unsigned int, std::string const&, unsigned int, unsigned int)",0,0x00435090,std::__throw_out_of_range(char const*),0x0042F8C0,1
5.5.00,string-inst.cc,"std::string::replace(__gnu_cxx::__normal_iterator<char*, std::string>, __gnu_cxx::__normal_iterator<char*, std::string>, unsigned int, char)",0,0x00435600,std::__throw_length_error(char const*),0x0042FA60,1
5.5.00,string-inst.cc,"std::string::replace(__gnu_cxx::__normal_iterator<char*, std::string>, __gnu_cxx::__normal_iterator<char*, std::string>, unsigned int, char)",0,0x00435600,memset,0x00432690,1
5.5.00,string-inst.cc,"std::string::replace(__gnu_cxx::__normal_iterator<char*, std::string>, __gnu_cxx::__normal_iterator<char*, std::string>, unsigned int, char)",0,0x00435600,"std::string::_M_mutate(unsigned int, unsigned int, unsigned int)",0x00435E60,2
5.5.00,string-inst.cc,"std::string::assign(char const*, unsigned int)",0,0x00434960,std::__throw_length_error(char const*),0x0042FA60,1
5.5.00,string-inst.cc,"std::string::assign(char const*, unsigned int)",0,0x00434960,memcpy,0x00432570,2
5.5.00,string-inst.cc,"std::string::assign(char const*, unsigned int)",0,0x00434960,memmove,0x00432680,1
5.5.00,string-inst.cc,"std::string::assign(char const*, unsigned int)",0,0x00434960,"std::string::_M_mutate(unsigned int, unsigned int, unsigned int)",0x00435E60,1
5.5.00,string-inst.cc,"std::string::_M_replace_aux(unsigned int, unsigned int, unsigned int, char)",0,0x00433CC0,std::__throw_length_error(char const*),0x0042FA60,1
5.5.00,string-inst.cc,"std::string::_M_replace_aux(unsigned int, unsigned int, unsigned int, char)",0,0x00433CC0,memset,0x00432690,1
5.5.00,string-inst.cc,"std::string::_M_replace_aux(unsigned int, unsigned int, unsigned int, char)",0,0x00433CC0,"std::string::_M_mutate(unsigned int, unsigned int, unsigned int)",0x00435E60,2
5.5.00,string-inst.cc,"std::string::_M_replace_safe(unsigned int, unsigned int, char const*, unsigned int)",0,0x00433DA0,memcpy,0x00432570,1
5.5.00,string-inst.cc,"std::string::_M_replace_safe(unsigned int, unsigned int, char const*, unsigned int)",0,0x00433DA0,"std::string::_M_mutate(unsigned int, unsigned int, unsigned int)",0x00435E60,1
5.5.00,string-inst.cc,std::string::append(char const*),0,0x00434590,strlen,0x00432580,1
5.5.00,string-inst.cc,std::string::append(char const*),0,0x00434590,"std::string::append(char const*, unsigned int)",0x004345C0,1
5.5.00,string-inst.cc,std::string::append(std::string const&),0,0x00434690,memcpy,0x00432570,1
5.5.00,string-inst.cc,std::string::append(std::string const&),0,0x00434690,std::string::reserve(unsigned int),0x00435D20,1
5.5.00,string-inst.cc,std::string::append(std::string const&),0,0x00434690,"std::string::_M_mutate(unsigned int, unsigned int, unsigned int)",0x00435E60,2
5.5.00,string-inst.cc,"std::string::_Rep::_M_clone(std::allocator<char> const&, unsigned int)",0,0x00434150,memcpy,0x00432570,1
5.5.00,string-inst.cc,"std::string::_Rep::_M_clone(std::allocator<char> const&, unsigned int)",0,0x00434150,"std::string::_Rep::_S_create(unsigned int, unsigned int, std::allocator<char",0x004341D0,1
5.5.00,string-inst.cc,"std::string::erase(unsigned int, unsigned int)",0,0x00434530,std::__throw_out_of_range(char const*),0x0042F8C0,1
5.5.00,string-inst.cc,"std::string::erase(unsigned int, unsigned int)",0,0x00434530,"std::string::_M_mutate(unsigned int, unsigned int, unsigned int)",0x00435E60,1
5.5.00,string-inst.cc,"std::string::append(unsigned int, char)",0,0x00434860,std::__throw_length_error(char const*),0x0042FA60,1
5.5.00,string-inst.cc,"std::string::append(unsigned int, char)",0,0x00434860,memset,0x00432690,1
5.5.00,string-inst.cc,"std::string::append(unsigned int, char)",0,0x00434860,"std::string::_M_mutate(unsigned int, unsigned int, unsigned int)",0x00435E60,2
5.5.00,string-inst.cc,"std::string::assign(unsigned int, char)",0,0x00434C60,std::__throw_length_error(char const*),0x0042FA60,1
5.5.00,string-inst.cc,"std::string::assign(unsigned int, char)",0,0x00434C60,memset,0x00432690,1
5.5.00,string-inst.cc,"std::string::assign(unsigned int, char)",0,0x00434C60,"std::string::_M_mutate(unsigned int, unsigned int, unsigned int)",0x00435E60,2
5.5.00,string-inst.cc,std::string::assign(char const*),0,0x00434930,strlen,0x00432580,1
5.5.00,string-inst.cc,std::string::assign(char const*),0,0x00434930,"std::string::assign(char const*, unsigned int)",0x00434960,1
5.5.00,string-inst.cc,std::string::assign(std::string const&),0,0x00434A70,__cxa_call_unexpected,0x0042D320,1
5.5.00,string-inst.cc,std::string::assign(std::string const&),0,0x00434A70,"__gnu_cxx::__exchange_and_add(int volatile*, int)",0x0042D4B0,1
5.5.00,string-inst.cc,std::string::assign(std::string const&),0,0x00434A70,"__gnu_cxx::__atomic_add(int volatile*, int)",0x0042D4C0,1
5.5.00,string-inst.cc,std::string::assign(std::string const&),0,0x00434A70,_Unwind_SjLj_Register,0x00431790,1
5.5.00,string-inst.cc,std::string::assign(std::string const&),0,0x00434A70,_Unwind_SjLj_Unregister,0x00431870,1
5.5.00,string-inst.cc,std::string::assign(std::string const&),0,0x00434A70,_Unwind_SjLj_Resume,0x00431E50,1
5.5.00,string-inst.cc,std::string::assign(std::string const&),0,0x00434A70,std::string::_Rep::_M_destroy(std::allocator<char,0x00433EE0,1
5.5.00,string-inst.cc,std::string::assign(std::string const&),0,0x00434A70,std::string::_Rep::_M_clone(std::allocator<char,0x00434150,1
5.5.00,string-inst.cc,"std::string::_Rep::_M_grab(std::allocator<char> const&, std::allocator<char> const&)",0,0x00434050,__cxa_call_unexpected,0x0042D320,1
5.5.00,string-inst.cc,"std::string::_Rep::_M_grab(std::allocator<char> const&, std::allocator<char> const&)",0,0x00434050,"__gnu_cxx::__atomic_add(int volatile*, int)",0x0042D4C0,1
5.5.00,string-inst.cc,"std::string::_Rep::_M_grab(std::allocator<char> const&, std::allocator<char> const&)",0,0x00434050,_Unwind_SjLj_Register,0x00431790,1
5.5.00,string-inst.cc,"std::string::_Rep::_M_grab(std::allocator<char> const&, std::allocator<char> const&)",0,0x00434050,_Unwind_SjLj_Unregister,0x00431870,2
5.5.00,string-inst.cc,"std::string::_Rep::_M_grab(std::allocator<char> const&, std::allocator<char> const&)",0,0x00434050,_Unwind_SjLj_Resume,0x00431E50,1
5.5.00,string-inst.cc,"std::string::_Rep::_M_grab(std::allocator<char> const&, std::allocator<char> const&)",0,0x00434050,std::string::_Rep::_M_clone(std::allocator<char,0x00434150,1
5.5.00,string-inst.cc,"std::string::_S_construct(unsigned int, char, std::allocator<char> const&)",0,0x004339F0,memset,0x00432690,1
5.5.00,string-inst.cc,"std::string::_S_construct(unsigned int, char, std::allocator<char> const&)",0,0x004339F0,"std::string::_Rep::_S_create(unsigned int, unsigned int, std::allocator<char",0x004341D0,1
5.5.00,string-inst.cc,std::string::_Rep::_M_dispose(std::allocator<char> const&),0,0x00433F00,"__gnu_cxx::__exchange_and_add(int volatile*, int)",0x0042D4B0,1
5.5.00,string-inst.cc,"std::string::_Rep::_S_create(unsigned int, unsigned int, std::allocator<char> const&)",0,0x004341D0,operator new(unsigned int),0x0042C8A0,1
5.5.00,string-inst.cc,"std::string::_Rep::_S_create(unsigned int, unsigned int, std::allocator<char> const&)",0,0x004341D0,std::__throw_length_error(char const*),0x0042FA60,1
5.5.00,string-inst.cc,"std::string::_Rep::_S_create(unsigned int, unsigned int, std::allocator<char> const&)",0,0x004341D0,_Unwind_SjLj_Register,0x00431790,1
5.5.00,string-inst.cc,"std::string::_Rep::_S_create(unsigned int, unsigned int, std::allocator<char> const&)",0,0x004341D0,_Unwind_SjLj_Unregister,0x00431870,1
5.5.00,string-inst.cc,"std::string::_Rep::_S_create(unsigned int, unsigned int, std::allocator<char> const&)",0,0x004341D0,_Unwind_SjLj_Resume,0x00431E50,1
5.5.00,string-inst.cc,"std::string::_S_copy_chars(char*, char const*, char const*)",0,0x00433C60,memcpy,0x00432570,1
5.5.00,string-inst.cc,"std::string::_S_copy_chars(char*, char*, char*)",0,0x00433C90,memcpy,0x00432570,1
5.5.00,string-inst.cc,std::string::_M_leak_hard(),0,0x004339A0,"std::string::_M_mutate(unsigned int, unsigned int, unsigned int)",0x00435E60,1
5.5.00,eh_throw.cc,"__gxx_exception_cleanup(_Unwind_Reason_Code, _Unwind_Exception*)",0,0x0042D4D0,__cxxabiv1::__terminate(void (*)()),0x0042EC10,1
5.5.00,eh_throw.cc,__cxa_throw,0,0x0042D520,__cxa_begin_catch,0x0042D5F0,1
5.5.00,eh_throw.cc,__cxa_throw,0,0x0042D520,std::terminate(),0x0042EC70,1
5.5.00,eh_throw.cc,__cxa_throw,0,0x0042D520,__cxa_get_globals,0x0042EE40,1
5.5.00,eh_throw.cc,__cxa_throw,0,0x0042D520,_Unwind_SjLj_RaiseException,0x00431A70,1
5.5.00,eh_throw.cc,__cxa_rethrow,0,0x0042D590,__cxa_begin_catch,0x0042D5F0,1
5.5.00,eh_throw.cc,__cxa_rethrow,0,0x0042D590,std::terminate(),0x0042EC70,1
5.5.00,eh_throw.cc,__cxa_rethrow,0,0x0042D590,__cxa_get_globals,0x0042EE40,1
5.5.00,eh_throw.cc,__cxa_rethrow,0,0x0042D590,_Unwind_SjLj_Resume_or_Rethrow,0x00431FB0,1
5.5.00,eh_catch.cc,__cxa_begin_catch,0,0x0042D5F0,__cxa_call_unexpected,0x0042D320,1
5.5.00,eh_catch.cc,__cxa_begin_catch,0,0x0042D5F0,std::terminate(),0x0042EC70,1
5.5.00,eh_catch.cc,__cxa_begin_catch,0,0x0042D5F0,__cxa_get_globals,0x0042EE40,1
5.5.00,eh_catch.cc,__cxa_begin_catch,0,0x0042D5F0,_Unwind_SjLj_Register,0x00431790,1
5.5.00,eh_catch.cc,__cxa_begin_catch,0,0x0042D5F0,_Unwind_SjLj_Unregister,0x00431870,2
5.5.00,eh_catch.cc,__cxa_begin_catch,0,0x0042D5F0,_Unwind_SjLj_Resume,0x00431E50,1
5.5.00,eh_catch.cc,__cxa_end_catch,0,0x0042D700,std::terminate(),0x0042EC70,1
5.5.00,eh_catch.cc,__cxa_end_catch,0,0x0042D700,__cxa_get_globals_fast,0x0042ED70,1
5.5.00,eh_catch.cc,__cxa_end_catch,0,0x0042D700,_Unwind_DeleteException,0x004320E0,1
5.5.00,eh_catch.cc,std::uncaught_exception(),0,0x0042D790,__cxa_get_globals,0x0042EE40,1
5.5.00,new_opv.cc,operator new[](unsigned int),0,0x0042D7C0,operator new(unsigned int),0x0042C8A0,1
5.5.00,new_opv.cc,operator new[](unsigned int),0,0x0042D7C0,__cxa_call_unexpected,0x0042D320,1
5.5.00,new_opv.cc,operator new[](unsigned int),0,0x0042D7C0,_Unwind_SjLj_Register,0x00431790,1
5.5.00,new_opv.cc,operator new[](unsigned int),0,0x0042D7C0,_Unwind_SjLj_Unregister,0x00431870,1
5.5.00,new_opv.cc,operator new[](unsigned int),0,0x0042D7C0,_Unwind_SjLj_Resume,0x00431E50,1
5.5.00,tinfo.cc,std::bad_cast::~bad_cast(),0,0x0042D8C0,std::exception::~exception(),0x0042EB50,1
5.5.00,tinfo.cc,std::bad_cast::~bad_cast(),1,0x0042D8E0,std::exception::~exception(),0x0042EB50,1
5.5.00,tinfo.cc,std::bad_cast::~bad_cast(),2,0x0042D900,operator delete(void*),0x0042C880,1
5.5.00,tinfo.cc,std::bad_cast::~bad_cast(),2,0x0042D900,std::exception::~exception(),0x0042EB50,1
5.5.00,tinfo.cc,std::bad_typeid::~bad_typeid(),0,0x0042D930,std::exception::~exception(),0x0042EB50,1
5.5.00,tinfo.cc,std::bad_typeid::~bad_typeid(),1,0x0042D950,std::exception::~exception(),0x0042EB50,1
5.5.00,tinfo.cc,std::bad_typeid::~bad_typeid(),2,0x0042D970,operator delete(void*),0x0042C880,1
5.5.00,tinfo.cc,std::bad_typeid::~bad_typeid(),2,0x0042D970,std::exception::~exception(),0x0042EB50,1
5.5.00,tinfo.cc,"std::type_info::__do_catch(std::type_info const*, void**, unsigned int) const",0,0x0042DA00,std::type_info::operator==(std::type_info const&) const,0x0042D9A0,1
5.5.00,tinfo.cc,__cxxabiv1::__class_type_info::~__class_type_info(),0,0x0042DA30,std::type_info::~type_info(),0x0042D860,1
5.5.00,tinfo.cc,__cxxabiv1::__class_type_info::~__class_type_info(),1,0x0042DA50,std::type_info::~type_info(),0x0042D860,1
5.5.00,tinfo.cc,__cxxabiv1::__si_class_type_info::~__si_class_type_info(),0,0x0042DA80,__cxxabiv1::__class_type_info::~__class_type_info(),0x0042D870,1
5.5.00,tinfo.cc,__cxxabiv1::__si_class_type_info::~__si_class_type_info(),1,0x0042DAA0,__cxxabiv1::__class_type_info::~__class_type_info(),0x0042D870,1
5.5.00,tinfo.cc,__cxxabiv1::__si_class_type_info::~__si_class_type_info(),2,0x0042DAC0,__cxxabiv1::__class_type_info::~__class_type_info(),0x0042D870,1
5.5.00,tinfo.cc,__cxxabiv1::__vmi_class_type_info::~__vmi_class_type_info(),0,0x0042DAF0,__cxxabiv1::__class_type_info::~__class_type_info(),0x0042D870,1
5.5.00,tinfo.cc,__cxxabiv1::__vmi_class_type_info::~__vmi_class_type_info(),1,0x0042DB10,__cxxabiv1::__class_type_info::~__class_type_info(),0x0042D870,1
5.5.00,tinfo.cc,__cxxabiv1::__vmi_class_type_info::~__vmi_class_type_info(),2,0x0042DB30,__cxxabiv1::__class_type_info::~__class_type_info(),0x0042D870,1
5.5.00,tinfo.cc,"__cxxabiv1::__class_type_info::__do_catch(std::type_info const*, void**, unsigned int) const",0,0x0042DB60,std::type_info::operator==(std::type_info const&) const,0x0042D9A0,1
5.5.00,tinfo.cc,"__cxxabiv1::__si_class_type_info::__do_find_public_src(int, void const*, __cxxabiv1::__class_type_info const*, void const*) const",0,0x0042DC60,std::type_info::operator==(std::type_info const&) const,0x0042D9A0,1
5.5.00,tinfo.cc,"__cxxabiv1::__vmi_class_type_info::__do_find_public_src(int, void const*, __cxxabiv1::__class_type_info const*, void const*) const",0,0x0042DCE0,std::type_info::operator==(std::type_info const&) const,0x0042D9A0,1
5.5.00,tinfo.cc,"__cxxabiv1::__class_type_info::__do_dyncast(int, __cxxabiv1::__class_type_info::__sub_kind, __cxxabiv1::__class_type_info const*, void const*, __cxxabiv1::__class_type_info const*, void const*, __cxxabiv1::__class_type_info::__dyncast_result&) const",0,0x0042DDB0,std::type_info::operator==(std::type_info const&) const,0x0042D9A0,2
5.5.00,tinfo.cc,"__cxxabiv1::__si_class_type_info::__do_dyncast(int, __cxxabiv1::__class_type_info::__sub_kind, __cxxabiv1::__class_type_info const*, void const*, __cxxabiv1::__class_type_info const*, void const*, __cxxabiv1::__class_type_info::__dyncast_result&) const",0,0x0042DE20,std::type_info::operator==(std::type_info const&) const,0x0042D9A0,2
5.5.00,tinfo.cc,"__cxxabiv1::__vmi_class_type_info::__do_dyncast(int, __cxxabiv1::__class_type_info::__sub_kind, __cxxabiv1::__class_type_info const*, void const*, __cxxabiv1::__class_type_info const*, void const*, __cxxabiv1::__class_type_info::__dyncast_result&) const",0,0x0042DF10,std::type_info::operator==(std::type_info const&) const,0x0042D9A0,2
5.5.00,tinfo.cc,"__cxxabiv1::__si_class_type_info::__do_upcast(__cxxabiv1::__class_type_info const*, void const*, __cxxabiv1::__class_type_info::__upcast_result&) const",0,0x0042E450,"__cxxabiv1::__class_type_info::__do_upcast(__cxxabiv1::__class_type_info const*, void const*, __cxxabiv1::__class_type_info::__upcast_result&) const",0x0042E400,1
5.5.00,tinfo.cc,"__cxxabiv1::__vmi_class_type_info::__do_upcast(__cxxabiv1::__class_type_info const*, void const*, __cxxabiv1::__class_type_info::__upcast_result&) const",0,0x0042E4D0,std::type_info::operator==(std::type_info const&) const,0x0042D9A0,1
5.5.00,tinfo.cc,"__cxxabiv1::__vmi_class_type_info::__do_upcast(__cxxabiv1::__class_type_info const*, void const*, __cxxabiv1::__class_type_info::__upcast_result&) const",0,0x0042E4D0,"__cxxabiv1::__class_type_info::__do_upcast(__cxxabiv1::__class_type_info const*, void const*, __cxxabiv1::__class_type_info::__upcast_result&) const",0x0042E400,1
5.5.00,tinfo.cc,"__cxxabiv1::__class_type_info::__do_upcast(__cxxabiv1::__class_type_info const*, void const*, __cxxabiv1::__class_type_info::__upcast_result&) const",0,0x0042E400,std::type_info::operator==(std::type_info const&) const,0x0042D9A0,1
5.5.00,tinfo.cc,__cxxabiv1::__class_type_info::~__class_type_info(),2,0x0042D870,std::type_info::~type_info(),0x0042D860,1
5.5.00,tinfo.cc,std::type_info::operator==(std::type_info const&) const,0,0x0042D9A0,strcmp,0x004325B0,1
5.5.00,new_handler.cc,std::bad_alloc::~bad_alloc(),0,0x0042E830,std::exception::~exception(),0x0042EB50,1
5.5.00,new_handler.cc,std::bad_alloc::~bad_alloc(),1,0x0042E850,std::exception::~exception(),0x0042EB50,1
5.5.00,new_handler.cc,std::bad_alloc::~bad_alloc(),2,0x0042E870,operator delete(void*),0x0042C880,1
5.5.00,new_handler.cc,std::bad_alloc::~bad_alloc(),2,0x0042E870,std::exception::~exception(),0x0042EB50,1
5.5.00,eh_alloc.cc,emergency_mutex_init(),0,0x0042E8A0,__gthr_win32_mutex_init_function,0x004323A0,1
5.5.00,eh_alloc.cc,__cxa_allocate_exception,0,0x0042E8C0,__cxa_call_unexpected,0x0042D320,1
5.5.00,eh_alloc.cc,__cxa_allocate_exception,0,0x0042E8C0,std::terminate(),0x0042EC70,1
5.5.00,eh_alloc.cc,__cxa_allocate_exception,0,0x0042E8C0,_Unwind_SjLj_Register,0x00431790,1
5.5.00,eh_alloc.cc,__cxa_allocate_exception,0,0x0042E8C0,_Unwind_SjLj_Unregister,0x00431870,1
5.5.00,eh_alloc.cc,__cxa_allocate_exception,0,0x0042E8C0,_Unwind_SjLj_Resume,0x00431E50,1
5.5.00,eh_alloc.cc,__cxa_allocate_exception,0,0x0042E8C0,__gthr_win32_once,0x00432230,1
5.5.00,eh_alloc.cc,__cxa_allocate_exception,0,0x0042E8C0,__gthr_win32_mutex_lock,0x004323E0,1
5.5.00,eh_alloc.cc,__cxa_allocate_exception,0,0x0042E8C0,__gthr_win32_mutex_unlock,0x00432440,1
5.5.00,eh_alloc.cc,__cxa_allocate_exception,0,0x0042E8C0,malloc,0x00432660,1
5.5.00,eh_alloc.cc,__cxa_allocate_exception,0,0x0042E8C0,memset,0x00432690,1
5.5.00,eh_alloc.cc,__cxa_free_exception,0,0x0042EA50,__cxa_call_unexpected,0x0042D320,1
5.5.00,eh_alloc.cc,__cxa_free_exception,0,0x0042EA50,_Unwind_SjLj_Register,0x00431790,1
5.5.00,eh_alloc.cc,__cxa_free_exception,0,0x0042EA50,_Unwind_SjLj_Unregister,0x00431870,1
5.5.00,eh_alloc.cc,__cxa_free_exception,0,0x0042EA50,_Unwind_SjLj_Resume,0x00431E50,1
5.5.00,eh_alloc.cc,__cxa_free_exception,0,0x0042EA50,__gthr_win32_mutex_lock,0x004323E0,1
5.5.00,eh_alloc.cc,__cxa_free_exception,0,0x0042EA50,__gthr_win32_mutex_unlock,0x00432440,1
5.5.00,eh_alloc.cc,__cxa_free_exception,0,0x0042EA50,free,0x00432650,1
5.5.00,eh_exception.cc,std::exception::~exception(),1,0x0042EB70,operator delete(void*),0x0042C880,1
5.5.00,eh_exception.cc,std::bad_exception::~bad_exception(),0,0x0042EB90,std::exception::~exception(),0x0042EB50,1
5.5.00,eh_exception.cc,std::bad_exception::~bad_exception(),1,0x0042EBB0,std::exception::~exception(),0x0042EB50,1
5.5.00,eh_exception.cc,std::bad_exception::~bad_exception(),2,0x0042EBD0,operator delete(void*),0x0042C880,1
5.5.00,eh_exception.cc,std::bad_exception::~bad_exception(),2,0x0042EBD0,std::exception::~exception(),0x0042EB50,1
5.5.00,eh_terminate.cc,__cxxabiv1::__terminate(void (*)()),0,0x0042EC10,__cxa_begin_catch,0x0042D5F0,1
5.5.00,eh_terminate.cc,__cxxabiv1::__terminate(void (*)()),0,0x0042EC10,_Unwind_SjLj_Register,0x00431790,1
5.5.00,eh_terminate.cc,__cxxabiv1::__terminate(void (*)()),0,0x0042EC10,abort,0x00432670,2
5.5.00,eh_terminate.cc,std::terminate(),0,0x0042EC70,__cxxabiv1::__terminate(void (*)()),0x0042EC10,1
5.5.00,eh_terminate.cc,__cxxabiv1::__unexpected(void (*)()),0,0x0042EC90,std::terminate(),0x0042EC70,1
5.5.00,eh_terminate.cc,std::unexpected(),0,0x0042ECA0,__cxxabiv1::__unexpected(void (*)()),0x0042EC90,1
5.5.00,eh_globals.cc,get_globals_init(),0,0x0042ED20,__mingwthr_key_dtor,0x00431270,1
5.5.00,eh_globals.cc,__cxa_get_globals_fast,0,0x0042ED70,__cxa_call_unexpected,0x0042D320,1
5.5.00,eh_globals.cc,__cxa_get_globals_fast,0,0x0042ED70,_Unwind_SjLj_Register,0x00431790,1
5.5.00,eh_globals.cc,__cxa_get_globals_fast,0,0x0042ED70,_Unwind_SjLj_Unregister,0x00431870,1
5.5.00,eh_globals.cc,__cxa_get_globals_fast,0,0x0042ED70,_Unwind_SjLj_Resume,0x00431E50,1
5.5.00,eh_globals.cc,__cxa_get_globals,0,0x0042EE40,__cxa_call_unexpected,0x0042D320,1
5.5.00,eh_globals.cc,__cxa_get_globals,0,0x0042EE40,std::terminate(),0x0042EC70,1
5.5.00,eh_globals.cc,__cxa_get_globals,0,0x0042EE40,get_globals_init(),0x0042ED20,1
5.5.00,eh_globals.cc,__cxa_get_globals,0,0x0042EE40,_Unwind_SjLj_Register,0x00431790,1
5.5.00,eh_globals.cc,__cxa_get_globals,0,0x0042EE40,_Unwind_SjLj_Unregister,0x00431870,1
5.5.00,eh_globals.cc,__cxa_get_globals,0,0x0042EE40,_Unwind_SjLj_Resume,0x00431E50,1
5.5.00,eh_globals.cc,__cxa_get_globals,0,0x0042EE40,malloc,0x00432660,1
5.5.00,eh_globals.cc,__cxa_get_globals,0,0x0042EE40,InterlockedIncrement@4,0x00432B80,1
5.5.00,functexcept.cc,std::__throw_bad_exception(),0,0x0042F040,__cxa_throw,0x0042D520,1
5.5.00,functexcept.cc,std::__throw_bad_exception(),0,0x0042F040,__cxa_allocate_exception,0x0042E8C0,1
5.5.00,functexcept.cc,std::__throw_bad_alloc(),0,0x0042F080,__cxa_throw,0x0042D520,1
5.5.00,functexcept.cc,std::__throw_bad_alloc(),0,0x0042F080,__cxa_allocate_exception,0x0042E8C0,1
5.5.00,functexcept.cc,std::__throw_bad_cast(),0,0x0042F0C0,__cxa_throw,0x0042D520,1
5.5.00,functexcept.cc,std::__throw_bad_cast(),0,0x0042F0C0,__cxa_allocate_exception,0x0042E8C0,1
5.5.00,functexcept.cc,std::__throw_bad_typeid(),0,0x0042F100,__cxa_throw,0x0042D520,1
5.5.00,functexcept.cc,std::__throw_bad_typeid(),0,0x0042F100,__cxa_allocate_exception,0x0042E8C0,1
5.5.00,functexcept.cc,std::domain_error::~domain_error(),0,0x00436C50,operator delete(void*),0x0042C880,1
5.5.00,functexcept.cc,std::domain_error::~domain_error(),0,0x00436C50,std::logic_error::~logic_error(),0x00430880,1
5.5.00,functexcept.cc,std::invalid_argument::~invalid_argument(),0,0x00436DE0,operator delete(void*),0x0042C880,1
5.5.00,functexcept.cc,std::invalid_argument::~invalid_argument(),0,0x00436DE0,std::logic_error::~logic_error(),0x00430880,1
5.5.00,functexcept.cc,std::length_error::~length_error(),0,0x00436CA0,operator delete(void*),0x0042C880,1
5.5.00,functexcept.cc,std::length_error::~length_error(),0,0x00436CA0,std::logic_error::~logic_error(),0x00430880,1
5.5.00,functexcept.cc,std::out_of_range::~out_of_range(),0,0x00436CF0,operator delete(void*),0x0042C880,1
5.5.00,functexcept.cc,std::out_of_range::~out_of_range(),0,0x00436CF0,std::logic_error::~logic_error(),0x00430880,1
5.5.00,functexcept.cc,std::range_error::~range_error(),0,0x00436C00,operator delete(void*),0x0042C880,1
5.5.00,functexcept.cc,std::range_error::~range_error(),0,0x00436C00,std::runtime_error::~runtime_error(),0x00430300,1
5.5.00,functexcept.cc,std::overflow_error::~overflow_error(),0,0x00436D40,operator delete(void*),0x0042C880,1
5.5.00,functexcept.cc,std::overflow_error::~overflow_error(),0,0x00436D40,std::runtime_error::~runtime_error(),0x00430300,1
5.5.00,functexcept.cc,std::underflow_error::~underflow_error(),0,0x00436D90,operator delete(void*),0x0042C880,1
5.5.00,functexcept.cc,std::underflow_error::~underflow_error(),0,0x00436D90,std::runtime_error::~runtime_error(),0x00430300,1
5.5.00,functexcept.cc,std::__throw_ios_failure(char const*),0,0x0042F140,"__gnu_cxx::__exchange_and_add(int volatile*, int)",0x0042D4B0,1
5.5.00,functexcept.cc,std::__throw_ios_failure(char const*),0,0x0042F140,__cxa_throw,0x0042D520,1
5.5.00,functexcept.cc,std::__throw_ios_failure(char const*),0,0x0042F140,__cxa_allocate_exception,0x0042E8C0,1
5.5.00,functexcept.cc,std::__throw_ios_failure(char const*),0,0x0042F140,std::ios_base::failure::failure(std::string const&),0x00430F70,1
5.5.00,functexcept.cc,std::__throw_ios_failure(char const*),0,0x0042F140,_Unwind_SjLj_Register,0x00431790,1
5.5.00,functexcept.cc,std::__throw_ios_failure(char const*),0,0x0042F140,_Unwind_SjLj_Resume,0x00431E50,1
5.5.00,functexcept.cc,std::__throw_ios_failure(char const*),0,0x0042F140,std::string::_Rep::_M_destroy(std::allocator<char,0x00433EE0,1
5.5.00,functexcept.cc,std::__throw_ios_failure(char const*),0,0x0042F140,"std::basic_string<char, std::char_traits<char",0x004360D0,1
5.5.00,functexcept.cc,std::__throw_underflow_error(char const*),0,0x0042F240,"__gnu_cxx::__exchange_and_add(int volatile*, int)",0x0042D4B0,2
5.5.00,functexcept.cc,std::__throw_underflow_error(char const*),0,0x0042F240,__cxa_throw,0x0042D520,1
5.5.00,functexcept.cc,std::__throw_underflow_error(char const*),0,0x0042F240,__cxa_allocate_exception,0x0042E8C0,1
5.5.00,functexcept.cc,std::__throw_underflow_error(char const*),0,0x0042F240,__cxa_free_exception,0x0042EA50,1
5.5.00,functexcept.cc,std::__throw_underflow_error(char const*),0,0x0042F240,std::underflow_error::underflow_error(std::string const&),0x00430560,1
5.5.00,functexcept.cc,std::__throw_underflow_error(char const*),0,0x0042F240,_Unwind_SjLj_Register,0x00431790,1
5.5.00,functexcept.cc,std::__throw_underflow_error(char const*),0,0x0042F240,_Unwind_SjLj_Resume,0x00431E50,1
5.5.00,functexcept.cc,std::__throw_underflow_error(char const*),0,0x0042F240,std::string::_Rep::_M_destroy(std::allocator<char,0x00433EE0,2
5.5.00,functexcept.cc,std::__throw_underflow_error(char const*),0,0x0042F240,"std::basic_string<char, std::char_traits<char",0x004360D0,1
5.5.00,functexcept.cc,std::__throw_overflow_error(char const*),0,0x0042F3E0,"__gnu_cxx::__exchange_and_add(int volatile*, int)",0x0042D4B0,2
5.5.00,functexcept.cc,std::__throw_overflow_error(char const*),0,0x0042F3E0,__cxa_throw,0x0042D520,1
5.5.00,functexcept.cc,std::__throw_overflow_error(char const*),0,0x0042F3E0,__cxa_allocate_exception,0x0042E8C0,1
5.5.00,functexcept.cc,std::__throw_overflow_error(char const*),0,0x0042F3E0,__cxa_free_exception,0x0042EA50,1
5.5.00,functexcept.cc,std::__throw_overflow_error(char const*),0,0x0042F3E0,std::overflow_error::overflow_error(std::string const&),0x004305C0,1
5.5.00,functexcept.cc,std::__throw_overflow_error(char const*),0,0x0042F3E0,_Unwind_SjLj_Register,0x00431790,1
5.5.00,functexcept.cc,std::__throw_overflow_error(char const*),0,0x0042F3E0,_Unwind_SjLj_Resume,0x00431E50,1
5.5.00,functexcept.cc,std::__throw_overflow_error(char const*),0,0x0042F3E0,std::string::_Rep::_M_destroy(std::allocator<char,0x00433EE0,2
5.5.00,functexcept.cc,std::__throw_overflow_error(char const*),0,0x0042F3E0,"std::basic_string<char, std::char_traits<char",0x004360D0,1
5.5.00,functexcept.cc,std::__throw_range_error(char const*),0,0x0042F580,"__gnu_cxx::__exchange_and_add(int volatile*, int)",0x0042D4B0,2
5.5.00,functexcept.cc,std::__throw_range_error(char const*),0,0x0042F580,__cxa_throw,0x0042D520,1
5.5.00,functexcept.cc,std::__throw_range_error(char const*),0,0x0042F580,__cxa_allocate_exception,0x0042E8C0,1
5.5.00,functexcept.cc,std::__throw_range_error(char const*),0,0x0042F580,__cxa_free_exception,0x0042EA50,1
5.5.00,functexcept.cc,std::__throw_range_error(char const*),0,0x0042F580,std::range_error::range_error(std::string const&),0x00430620,1
5.5.00,functexcept.cc,std::__throw_range_error(char const*),0,0x0042F580,_Unwind_SjLj_Register,0x00431790,1
5.5.00,functexcept.cc,std::__throw_range_error(char const*),0,0x0042F580,_Unwind_SjLj_Resume,0x00431E50,1
5.5.00,functexcept.cc,std::__throw_range_error(char const*),0,0x0042F580,std::string::_Rep::_M_destroy(std::allocator<char,0x00433EE0,2
5.5.00,functexcept.cc,std::__throw_range_error(char const*),0,0x0042F580,"std::basic_string<char, std::char_traits<char",0x004360D0,1
5.5.00,functexcept.cc,std::__throw_runtime_error(char const*),0,0x0042F720,"__gnu_cxx::__exchange_and_add(int volatile*, int)",0x0042D4B0,2
5.5.00,functexcept.cc,std::__throw_runtime_error(char const*),0,0x0042F720,__cxa_throw,0x0042D520,1
5.5.00,functexcept.cc,std::__throw_runtime_error(char const*),0,0x0042F720,__cxa_allocate_exception,0x0042E8C0,1
5.5.00,functexcept.cc,std::__throw_runtime_error(char const*),0,0x0042F720,__cxa_free_exception,0x0042EA50,1
5.5.00,functexcept.cc,std::__throw_runtime_error(char const*),0,0x0042F720,std::runtime_error::runtime_error(std::string const&),0x00430400,1
5.5.00,functexcept.cc,std::__throw_runtime_error(char const*),0,0x0042F720,_Unwind_SjLj_Register,0x00431790,1
5.5.00,functexcept.cc,std::__throw_runtime_error(char const*),0,0x0042F720,_Unwind_SjLj_Resume,0x00431E50,1
5.5.00,functexcept.cc,std::__throw_runtime_error(char const*),0,0x0042F720,std::string::_Rep::_M_destroy(std::allocator<char,0x00433EE0,2
5.5.00,functexcept.cc,std::__throw_runtime_error(char const*),0,0x0042F720,"std::basic_string<char, std::char_traits<char",0x004360D0,1
5.5.00,functexcept.cc,std::__throw_out_of_range(char const*),0,0x0042F8C0,"__gnu_cxx::__exchange_and_add(int volatile*, int)",0x0042D4B0,2
5.5.00,functexcept.cc,std::__throw_out_of_range(char const*),0,0x0042F8C0,__cxa_throw,0x0042D520,1
5.5.00,functexcept.cc,std::__throw_out_of_range(char const*),0,0x0042F8C0,__cxa_allocate_exception,0x0042E8C0,1
5.5.00,functexcept.cc,std::__throw_out_of_range(char const*),0,0x0042F8C0,__cxa_free_exception,0x0042EA50,1
5.5.00,functexcept.cc,std::__throw_out_of_range(char const*),0,0x0042F8C0,std::out_of_range::out_of_range(std::string const&),0x00430AE0,1
5.5.00,functexcept.cc,std::__throw_out_of_range(char const*),0,0x0042F8C0,_Unwind_SjLj_Register,0x00431790,1
5.5.00,functexcept.cc,std::__throw_out_of_range(char const*),0,0x0042F8C0,_Unwind_SjLj_Resume,0x00431E50,1
5.5.00,functexcept.cc,std::__throw_out_of_range(char const*),0,0x0042F8C0,std::string::_Rep::_M_destroy(std::allocator<char,0x00433EE0,2
5.5.00,functexcept.cc,std::__throw_out_of_range(char const*),0,0x0042F8C0,"std::basic_string<char, std::char_traits<char",0x004360D0,1
5.5.00,functexcept.cc,std::__throw_length_error(char const*),0,0x0042FA60,"__gnu_cxx::__exchange_and_add(int volatile*, int)",0x0042D4B0,2
5.5.00,functexcept.cc,std::__throw_length_error(char const*),0,0x0042FA60,__cxa_throw,0x0042D520,1
5.5.00,functexcept.cc,std::__throw_length_error(char const*),0,0x0042FA60,__cxa_allocate_exception,0x0042E8C0,1
5.5.00,functexcept.cc,std::__throw_length_error(char const*),0,0x0042FA60,__cxa_free_exception,0x0042EA50,1
5.5.00,functexcept.cc,std::__throw_length_error(char const*),0,0x0042FA60,std::length_error::length_error(std::string const&),0x00430B40,1
5.5.00,functexcept.cc,std::__throw_length_error(char const*),0,0x0042FA60,_Unwind_SjLj_Register,0x00431790,1
5.5.00,functexcept.cc,std::__throw_length_error(char const*),0,0x0042FA60,_Unwind_SjLj_Resume,0x00431E50,1
5.5.00,functexcept.cc,std::__throw_length_error(char const*),0,0x0042FA60,std::string::_Rep::_M_destroy(std::allocator<char,0x00433EE0,2
5.5.00,functexcept.cc,std::__throw_length_error(char const*),0,0x0042FA60,"std::basic_string<char, std::char_traits<char",0x004360D0,1
5.5.00,functexcept.cc,std::__throw_invalid_argument(char const*),0,0x0042FC00,"__gnu_cxx::__exchange_and_add(int volatile*, int)",0x0042D4B0,2
5.5.00,functexcept.cc,std::__throw_invalid_argument(char const*),0,0x0042FC00,__cxa_throw,0x0042D520,1
5.5.00,functexcept.cc,std::__throw_invalid_argument(char const*),0,0x0042FC00,__cxa_allocate_exception,0x0042E8C0,1
5.5.00,functexcept.cc,std::__throw_invalid_argument(char const*),0,0x0042FC00,__cxa_free_exception,0x0042EA50,1
5.5.00,functexcept.cc,std::__throw_invalid_argument(char const*),0,0x0042FC00,std::invalid_argument::invalid_argument(std::string const&),0x00430BA0,1
5.5.00,functexcept.cc,std::__throw_invalid_argument(char const*),0,0x0042FC00,_Unwind_SjLj_Register,0x00431790,1
5.5.00,functexcept.cc,std::__throw_invalid_argument(char const*),0,0x0042FC00,_Unwind_SjLj_Resume,0x00431E50,1
5.5.00,functexcept.cc,std::__throw_invalid_argument(char const*),0,0x0042FC00,std::string::_Rep::_M_destroy(std::allocator<char,0x00433EE0,2
5.5.00,functexcept.cc,std::__throw_invalid_argument(char const*),0,0x0042FC00,"std::basic_string<char, std::char_traits<char",0x004360D0,1
5.5.00,functexcept.cc,std::__throw_domain_error(char const*),0,0x0042FDA0,"__gnu_cxx::__exchange_and_add(int volatile*, int)",0x0042D4B0,2
5.5.00,functexcept.cc,std::__throw_domain_error(char const*),0,0x0042FDA0,__cxa_throw,0x0042D520,1
5.5.00,functexcept.cc,std::__throw_domain_error(char const*),0,0x0042FDA0,__cxa_allocate_exception,0x0042E8C0,1
5.5.00,functexcept.cc,std::__throw_domain_error(char const*),0,0x0042FDA0,__cxa_free_exception,0x0042EA50,1
5.5.00,functexcept.cc,std::__throw_domain_error(char const*),0,0x0042FDA0,std::domain_error::domain_error(std::string const&),0x00430C00,1
5.5.00,functexcept.cc,std::__throw_domain_error(char const*),0,0x0042FDA0,_Unwind_SjLj_Register,0x00431790,1
5.5.00,functexcept.cc,std::__throw_domain_error(char const*),0,0x0042FDA0,_Unwind_SjLj_Resume,0x00431E50,1
5.5.00,functexcept.cc,std::__throw_domain_error(char const*),0,0x0042FDA0,std::string::_Rep::_M_destroy(std::allocator<char,0x00433EE0,2
5.5.00,functexcept.cc,std::__throw_domain_error(char const*),0,0x0042FDA0,"std::basic_string<char, std::char_traits<char",0x004360D0,1
5.5.00,functexcept.cc,std::__throw_logic_error(char const*),0,0x0042FF40,"__gnu_cxx::__exchange_and_add(int volatile*, int)",0x0042D4B0,2
5.5.00,functexcept.cc,std::__throw_logic_error(char const*),0,0x0042FF40,__cxa_throw,0x0042D520,1
5.5.00,functexcept.cc,std::__throw_logic_error(char const*),0,0x0042FF40,__cxa_allocate_exception,0x0042E8C0,1
5.5.00,functexcept.cc,std::__throw_logic_error(char const*),0,0x0042FF40,__cxa_free_exception,0x0042EA50,1
5.5.00,functexcept.cc,std::__throw_logic_error(char const*),0,0x0042FF40,std::logic_error::logic_error(std::string const&),0x00430980,1
5.5.00,functexcept.cc,std::__throw_logic_error(char const*),0,0x0042FF40,_Unwind_SjLj_Register,0x00431790,1
5.5.00,functexcept.cc,std::__throw_logic_error(char const*),0,0x0042FF40,_Unwind_SjLj_Resume,0x00431E50,1
5.5.00,functexcept.cc,std::__throw_logic_error(char const*),0,0x0042FF40,std::string::_Rep::_M_destroy(std::allocator<char,0x00433EE0,2
5.5.00,functexcept.cc,std::__throw_logic_error(char const*),0,0x0042FF40,"std::basic_string<char, std::char_traits<char",0x004360D0,1
5.5.00,functexcept.cc,std::underflow_error::~underflow_error(),1,0x00436DC0,std::runtime_error::~runtime_error(),0x00430300,1
5.5.00,functexcept.cc,std::overflow_error::~overflow_error(),1,0x00436D70,std::runtime_error::~runtime_error(),0x00430300,1
5.5.00,functexcept.cc,std::range_error::~range_error(),1,0x00436C30,std::runtime_error::~runtime_error(),0x00430300,1
5.5.00,functexcept.cc,std::out_of_range::~out_of_range(),1,0x00436D20,std::logic_error::~logic_error(),0x00430880,1
5.5.00,functexcept.cc,std::length_error::~length_error(),1,0x00436CD0,std::logic_error::~logic_error(),0x00430880,1
5.5.00,functexcept.cc,std::invalid_argument::~invalid_argument(),1,0x00436E10,std::logic_error::~logic_error(),0x00430880,1
5.5.00,functexcept.cc,std::domain_error::~domain_error(),1,0x00436C80,std::logic_error::~logic_error(),0x00430880,1
5.5.00,stdexcept.cc,std::runtime_error::~runtime_error(),0,0x00430100,operator delete(void*),0x0042C880,1
5.5.00,stdexcept.cc,std::runtime_error::~runtime_error(),0,0x00430100,__cxa_call_unexpected,0x0042D320,1
5.5.00,stdexcept.cc,std::runtime_error::~runtime_error(),0,0x00430100,"__gnu_cxx::__exchange_and_add(int volatile*, int)",0x0042D4B0,1
5.5.00,stdexcept.cc,std::runtime_error::~runtime_error(),0,0x00430100,std::exception::~exception(),0x0042EB50,2
5.5.00,stdexcept.cc,std::runtime_error::~runtime_error(),0,0x00430100,_Unwind_SjLj_Register,0x00431790,1
5.5.00,stdexcept.cc,std::runtime_error::~runtime_error(),0,0x00430100,_Unwind_SjLj_Unregister,0x00431870,1
5.5.00,stdexcept.cc,std::runtime_error::~runtime_error(),0,0x00430100,_Unwind_SjLj_Resume,0x00431E50,1
5.5.00,stdexcept.cc,std::runtime_error::~runtime_error(),0,0x00430100,std::string::_Rep::_M_destroy(std::allocator<char,0x00433EE0,1
5.5.00,stdexcept.cc,std::runtime_error::~runtime_error(),1,0x00430200,__cxa_call_unexpected,0x0042D320,1
5.5.00,stdexcept.cc,std::runtime_error::~runtime_error(),1,0x00430200,"__gnu_cxx::__exchange_and_add(int volatile*, int)",0x0042D4B0,1
5.5.00,stdexcept.cc,std::runtime_error::~runtime_error(),1,0x00430200,std::exception::~exception(),0x0042EB50,2
5.5.00,stdexcept.cc,std::runtime_error::~runtime_error(),1,0x00430200,_Unwind_SjLj_Register,0x00431790,1
5.5.00,stdexcept.cc,std::runtime_error::~runtime_error(),1,0x00430200,_Unwind_SjLj_Unregister,0x00431870,1
5.5.00,stdexcept.cc,std::runtime_error::~runtime_error(),1,0x00430200,_Unwind_SjLj_Resume,0x00431E50,1
5.5.00,stdexcept.cc,std::runtime_error::~runtime_error(),1,0x00430200,std::string::_Rep::_M_destroy(std::allocator<char,0x00433EE0,1
5.5.00,stdexcept.cc,std::runtime_error::~runtime_error(),2,0x00430300,__cxa_call_unexpected,0x0042D320,1
5.5.00,stdexcept.cc,std::runtime_error::~runtime_error(),2,0x00430300,"__gnu_cxx::__exchange_and_add(int volatile*, int)",0x0042D4B0,1
5.5.00,stdexcept.cc,std::runtime_error::~runtime_error(),2,0x00430300,std::exception::~exception(),0x0042EB50,2
5.5.00,stdexcept.cc,std::runtime_error::~runtime_error(),2,0x00430300,_Unwind_SjLj_Register,0x00431790,1
5.5.00,stdexcept.cc,std::runtime_error::~runtime_error(),2,0x00430300,_Unwind_SjLj_Unregister,0x00431870,1
5.5.00,stdexcept.cc,std::runtime_error::~runtime_error(),2,0x00430300,_Unwind_SjLj_Resume,0x00431E50,1
5.5.00,stdexcept.cc,std::runtime_error::~runtime_error(),2,0x00430300,std::string::_Rep::_M_destroy(std::allocator<char,0x00433EE0,1
5.5.00,stdexcept.cc,std::runtime_error::runtime_error(std::string const&),0,0x00430400,std::exception::~exception(),0x0042EB50,1
5.5.00,stdexcept.cc,std::runtime_error::runtime_error(std::string const&),0,0x00430400,_Unwind_SjLj_Register,0x00431790,1
5.5.00,stdexcept.cc,std::runtime_error::runtime_error(std::string const&),0,0x00430400,_Unwind_SjLj_Unregister,0x00431870,1
5.5.00,stdexcept.cc,std::runtime_error::runtime_error(std::string const&),0,0x00430400,_Unwind_SjLj_Resume,0x00431E50,1
5.5.00,stdexcept.cc,std::runtime_error::runtime_error(std::string const&),0,0x00430400,"std::basic_string<char, std::char_traits<char",0x00436180,1
5.5.00,stdexcept.cc,std::runtime_error::runtime_error(std::string const&),1,0x004304B0,std::exception::~exception(),0x0042EB50,1
5.5.00,stdexcept.cc,std::runtime_error::runtime_error(std::string const&),1,0x004304B0,_Unwind_SjLj_Register,0x00431790,1
5.5.00,stdexcept.cc,std::runtime_error::runtime_error(std::string const&),1,0x004304B0,_Unwind_SjLj_Unregister,0x00431870,1
5.5.00,stdexcept.cc,std::runtime_error::runtime_error(std::string const&),1,0x004304B0,_Unwind_SjLj_Resume,0x00431E50,1
5.5.00,stdexcept.cc,std::runtime_error::runtime_error(std::string const&),1,0x004304B0,"std::basic_string<char, std::char_traits<char",0x00436180,1
5.5.00,stdexcept.cc,std::underflow_error::underflow_error(std::string const&),0,0x00430560,std::runtime_error::runtime_error(std::string const&),0x004304B0,1
5.5.00,stdexcept.cc,std::underflow_error::underflow_error(std::string const&),1,0x00430590,std::runtime_error::runtime_error(std::string const&),0x004304B0,1
5.5.00,stdexcept.cc,std::overflow_error::overflow_error(std::string const&),0,0x004305C0,std::runtime_error::runtime_error(std::string const&),0x004304B0,1
5.5.00,stdexcept.cc,std::overflow_error::overflow_error(std::string const&),1,0x004305F0,std::runtime_error::runtime_error(std::string const&),0x004304B0,1
5.5.00,stdexcept.cc,std::range_error::range_error(std::string const&),0,0x00430620,std::runtime_error::runtime_error(std::string const&),0x004304B0,1
5.5.00,stdexcept.cc,std::range_error::range_error(std::string const&),1,0x00430650,std::runtime_error::runtime_error(std::string const&),0x004304B0,1
5.5.00,stdexcept.cc,std::logic_error::~logic_error(),0,0x00430680,operator delete(void*),0x0042C880,1
5.5.00,stdexcept.cc,std::logic_error::~logic_error(),0,0x00430680,__cxa_call_unexpected,0x0042D320,1
5.5.00,stdexcept.cc,std::logic_error::~logic_error(),0,0x00430680,"__gnu_cxx::__exchange_and_add(int volatile*, int)",0x0042D4B0,1
5.5.00,stdexcept.cc,std::logic_error::~logic_error(),0,0x00430680,std::exception::~exception(),0x0042EB50,2
5.5.00,stdexcept.cc,std::logic_error::~logic_error(),0,0x00430680,_Unwind_SjLj_Register,0x00431790,1
5.5.00,stdexcept.cc,std::logic_error::~logic_error(),0,0x00430680,_Unwind_SjLj_Unregister,0x00431870,1
5.5.00,stdexcept.cc,std::logic_error::~logic_error(),0,0x00430680,_Unwind_SjLj_Resume,0x00431E50,1
5.5.00,stdexcept.cc,std::logic_error::~logic_error(),0,0x00430680,std::string::_Rep::_M_destroy(std::allocator<char,0x00433EE0,1
5.5.00,stdexcept.cc,std::logic_error::~logic_error(),1,0x00430780,__cxa_call_unexpected,0x0042D320,1
5.5.00,stdexcept.cc,std::logic_error::~logic_error(),1,0x00430780,"__gnu_cxx::__exchange_and_add(int volatile*, int)",0x0042D4B0,1
5.5.00,stdexcept.cc,std::logic_error::~logic_error(),1,0x00430780,std::exception::~exception(),0x0042EB50,2
5.5.00,stdexcept.cc,std::logic_error::~logic_error(),1,0x00430780,_Unwind_SjLj_Register,0x00431790,1
5.5.00,stdexcept.cc,std::logic_error::~logic_error(),1,0x00430780,_Unwind_SjLj_Unregister,0x00431870,1
5.5.00,stdexcept.cc,std::logic_error::~logic_error(),1,0x00430780,_Unwind_SjLj_Resume,0x00431E50,1
5.5.00,stdexcept.cc,std::logic_error::~logic_error(),1,0x00430780,std::string::_Rep::_M_destroy(std::allocator<char,0x00433EE0,1
5.5.00,stdexcept.cc,std::logic_error::~logic_error(),2,0x00430880,__cxa_call_unexpected,0x0042D320,1
5.5.00,stdexcept.cc,std::logic_error::~logic_error(),2,0x00430880,"__gnu_cxx::__exchange_and_add(int volatile*, int)",0x0042D4B0,1
5.5.00,stdexcept.cc,std::logic_error::~logic_error(),2,0x00430880,std::exception::~exception(),0x0042EB50,2
5.5.00,stdexcept.cc,std::logic_error::~logic_error(),2,0x00430880,_Unwind_SjLj_Register,0x00431790,1
5.5.00,stdexcept.cc,std::logic_error::~logic_error(),2,0x00430880,_Unwind_SjLj_Unregister,0x00431870,1
5.5.00,stdexcept.cc,std::logic_error::~logic_error(),2,0x00430880,_Unwind_SjLj_Resume,0x00431E50,1
5.5.00,stdexcept.cc,std::logic_error::~logic_error(),2,0x00430880,std::string::_Rep::_M_destroy(std::allocator<char,0x00433EE0,1
5.5.00,stdexcept.cc,std::logic_error::logic_error(std::string const&),0,0x00430980,std::exception::~exception(),0x0042EB50,1
5.5.00,stdexcept.cc,std::logic_error::logic_error(std::string const&),0,0x00430980,_Unwind_SjLj_Register,0x00431790,1
5.5.00,stdexcept.cc,std::logic_error::logic_error(std::string const&),0,0x00430980,_Unwind_SjLj_Unregister,0x00431870,1
5.5.00,stdexcept.cc,std::logic_error::logic_error(std::string const&),0,0x00430980,_Unwind_SjLj_Resume,0x00431E50,1
5.5.00,stdexcept.cc,std::logic_error::logic_error(std::string const&),0,0x00430980,"std::basic_string<char, std::char_traits<char",0x00436180,1
5.5.00,stdexcept.cc,std::logic_error::logic_error(std::string const&),1,0x00430A30,std::exception::~exception(),0x0042EB50,1
5.5.00,stdexcept.cc,std::logic_error::logic_error(std::string const&),1,0x00430A30,_Unwind_SjLj_Register,0x00431790,1
5.5.00,stdexcept.cc,std::logic_error::logic_error(std::string const&),1,0x00430A30,_Unwind_SjLj_Unregister,0x00431870,1
5.5.00,stdexcept.cc,std::logic_error::logic_error(std::string const&),1,0x00430A30,_Unwind_SjLj_Resume,0x00431E50,1
5.5.00,stdexcept.cc,std::logic_error::logic_error(std::string const&),1,0x00430A30,"std::basic_string<char, std::char_traits<char",0x00436180,1
5.5.00,stdexcept.cc,std::out_of_range::out_of_range(std::string const&),0,0x00430AE0,std::logic_error::logic_error(std::string const&),0x00430A30,1
5.5.00,stdexcept.cc,std::out_of_range::out_of_range(std::string const&),1,0x00430B10,std::logic_error::logic_error(std::string const&),0x00430A30,1
5.5.00,stdexcept.cc,std::length_error::length_error(std::string const&),0,0x00430B40,std::logic_error::logic_error(std::string const&),0x00430A30,1
5.5.00,stdexcept.cc,std::length_error::length_error(std::string const&),1,0x00430B70,std::logic_error::logic_error(std::string const&),0x00430A30,1
5.5.00,stdexcept.cc,std::invalid_argument::invalid_argument(std::string const&),0,0x00430BA0,std::logic_error::logic_error(std::string const&),0x00430A30,1
5.5.00,stdexcept.cc,std::invalid_argument::invalid_argument(std::string const&),1,0x00430BD0,std::logic_error::logic_error(std::string const&),0x00430A30,1
5.5.00,stdexcept.cc,std::domain_error::domain_error(std::string const&),0,0x00430C00,std::logic_error::logic_error(std::string const&),0x00430A30,1
5.5.00,stdexcept.cc,std::domain_error::domain_error(std::string const&),1,0x00430C30,std::logic_error::logic_error(std::string const&),0x00430A30,1
5.5.00,ios_failure.cc,std::ios_base::failure::~failure(),0,0x00430C70,operator delete(void*),0x0042C880,1
5.5.00,ios_failure.cc,std::ios_base::failure::~failure(),0,0x00430C70,__cxa_call_unexpected,0x0042D320,1
5.5.00,ios_failure.cc,std::ios_base::failure::~failure(),0,0x00430C70,"__gnu_cxx::__exchange_and_add(int volatile*, int)",0x0042D4B0,1
5.5.00,ios_failure.cc,std::ios_base::failure::~failure(),0,0x00430C70,std::exception::~exception(),0x0042EB50,2
5.5.00,ios_failure.cc,std::ios_base::failure::~failure(),0,0x00430C70,_Unwind_SjLj_Register,0x00431790,1
5.5.00,ios_failure.cc,std::ios_base::failure::~failure(),0,0x00430C70,_Unwind_SjLj_Unregister,0x00431870,1
5.5.00,ios_failure.cc,std::ios_base::failure::~failure(),0,0x00430C70,_Unwind_SjLj_Resume,0x00431E50,1
5.5.00,ios_failure.cc,std::ios_base::failure::~failure(),0,0x00430C70,std::string::_Rep::_M_destroy(std::allocator<char,0x00433EE0,1
5.5.00,ios_failure.cc,std::ios_base::failure::~failure(),1,0x00430D70,__cxa_call_unexpected,0x0042D320,1
5.5.00,ios_failure.cc,std::ios_base::failure::~failure(),1,0x00430D70,"__gnu_cxx::__exchange_and_add(int volatile*, int)",0x0042D4B0,1
5.5.00,ios_failure.cc,std::ios_base::failure::~failure(),1,0x00430D70,std::exception::~exception(),0x0042EB50,2
5.5.00,ios_failure.cc,std::ios_base::failure::~failure(),1,0x00430D70,_Unwind_SjLj_Register,0x00431790,1
5.5.00,ios_failure.cc,std::ios_base::failure::~failure(),1,0x00430D70,_Unwind_SjLj_Unregister,0x00431870,1
5.5.00,ios_failure.cc,std::ios_base::failure::~failure(),1,0x00430D70,_Unwind_SjLj_Resume,0x00431E50,1
5.5.00,ios_failure.cc,std::ios_base::failure::~failure(),1,0x00430D70,std::string::_Rep::_M_destroy(std::allocator<char,0x00433EE0,1
5.5.00,ios_failure.cc,std::ios_base::failure::~failure(),2,0x00430E70,__cxa_call_unexpected,0x0042D320,1
5.5.00,ios_failure.cc,std::ios_base::failure::~failure(),2,0x00430E70,"__gnu_cxx::__exchange_and_add(int volatile*, int)",0x0042D4B0,1
5.5.00,ios_failure.cc,std::ios_base::failure::~failure(),2,0x00430E70,std::exception::~exception(),0x0042EB50,2
5.5.00,ios_failure.cc,std::ios_base::failure::~failure(),2,0x00430E70,_Unwind_SjLj_Register,0x00431790,1
5.5.00,ios_failure.cc,std::ios_base::failure::~failure(),2,0x00430E70,_Unwind_SjLj_Unregister,0x00431870,1
5.5.00,ios_failure.cc,std::ios_base::failure::~failure(),2,0x00430E70,_Unwind_SjLj_Resume,0x00431E50,1
5.5.00,ios_failure.cc,std::ios_base::failure::~failure(),2,0x00430E70,std::string::_Rep::_M_destroy(std::allocator<char,0x00433EE0,1
5.5.00,ios_failure.cc,std::ios_base::failure::failure(std::string const&),0,0x00430F70,__cxa_call_unexpected,0x0042D320,1
5.5.00,ios_failure.cc,std::ios_base::failure::failure(std::string const&),0,0x00430F70,std::exception::~exception(),0x0042EB50,1
5.5.00,ios_failure.cc,std::ios_base::failure::failure(std::string const&),0,0x00430F70,_Unwind_SjLj_Register,0x00431790,1
5.5.00,ios_failure.cc,std::ios_base::failure::failure(std::string const&),0,0x00430F70,_Unwind_SjLj_Unregister,0x00431870,1
5.5.00,ios_failure.cc,std::ios_base::failure::failure(std::string const&),0,0x00430F70,_Unwind_SjLj_Resume,0x00431E50,1
5.5.00,ios_failure.cc,std::ios_base::failure::failure(std::string const&),0,0x00430F70,"std::basic_string<char, std::char_traits<char",0x00436180,1
5.5.00,ios_failure.cc,std::ios_base::failure::failure(std::string const&),1,0x00431040,__cxa_call_unexpected,0x0042D320,1
5.5.00,ios_failure.cc,std::ios_base::failure::failure(std::string const&),1,0x00431040,std::exception::~exception(),0x0042EB50,1
5.5.00,ios_failure.cc,std::ios_base::failure::failure(std::string const&),1,0x00431040,_Unwind_SjLj_Register,0x00431790,1
5.5.00,ios_failure.cc,std::ios_base::failure::failure(std::string const&),1,0x00431040,_Unwind_SjLj_Unregister,0x00431870,1
5.5.00,ios_failure.cc,std::ios_base::failure::failure(std::string const&),1,0x00431040,_Unwind_SjLj_Resume,0x00431E50,1
5.5.00,ios_failure.cc,std::ios_base::failure::failure(std::string const&),1,0x00431040,"std::basic_string<char, std::char_traits<char",0x00436180,1
5.5.00,main.c,main,0,0x00431110,WinMain@16,0x00429350,1
5.5.00,main.c,main,0,0x00431110,__main,0x00431320,1
5.5.00,main.c,main,0,0x00431110,__chkstk,0x004321E0,1
5.5.00,main.c,main,0,0x00431110,GetCommandLineA@0,0x00432BB0,1
5.5.00,main.c,main,0,0x00431110,GetStartupInfoA@4,0x00432BC0,1
5.5.00,main.c,main,0,0x00431110,GetModuleHandleA@4,0x00432BD0,1
5.5.00,gccmain.c,__do_global_ctors,0,0x004312C0,atexit,0x004012B0,1
5.5.00,gccmain.c,__main,0,0x00431320,atexit,0x004012B0,1
5.5.00,pseudo-reloc-list.c,__w32_sharedptr_get,0,0x004313A0,__eprintf,0x00432490,1
5.5.00,pseudo-reloc-list.c,__w32_sharedptr_initialize,0,0x00431440,__w32_sharedptr_get,0x004313A0,2
5.5.00,pseudo-reloc-list.c,__w32_sharedptr_initialize,0,0x00431440,free,0x00432650,1
5.5.00,pseudo-reloc-list.c,__w32_sharedptr_initialize,0,0x00431440,malloc,0x00432660,1
5.5.00,pseudo-reloc-list.c,__w32_sharedptr_initialize,0,0x00431440,abort,0x00432670,1
5.5.00,pseudo-reloc-list.c,fc_key_init,0,0x00431680,__mingwthr_key_dtor,0x00431270,1
5.5.00,pseudo-reloc-list.c,fc_key_init_once,0,0x004316E0,fc_key_init,0x00431680,1
5.5.00,pseudo-reloc-list.c,fc_key_init_once,0,0x004316E0,InterlockedIncrement@4,0x00432B80,1
5.5.00,pseudo-reloc-list.c,_Unwind_SjLj_Register,0,0x00431790,__w32_sharedptr_initialize,0x00431440,1
5.5.00,pseudo-reloc-list.c,_Unwind_SjLj_Register,0,0x00431790,fc_key_init_once,0x004316E0,1
5.5.00,pseudo-reloc-list.c,_Unwind_SjLj_Unregister,0,0x00431870,__w32_sharedptr_initialize,0x00431440,1
5.5.00,pseudo-reloc-list.c,_Unwind_SjLj_Unregister,0,0x00431870,fc_key_init_once,0x004316E0,1
5.5.00,pseudo-reloc-list.c,_Unwind_RaiseException_Phase2,0,0x004319E0,abort,0x00432670,1
5.5.00,pseudo-reloc-list.c,_Unwind_SjLj_RaiseException,0,0x00431A70,__w32_sharedptr_initialize,0x00431440,2
5.5.00,pseudo-reloc-list.c,_Unwind_SjLj_RaiseException,0,0x00431A70,fc_key_init_once,0x004316E0,2
5.5.00,pseudo-reloc-list.c,_Unwind_SjLj_RaiseException,0,0x00431A70,_Unwind_RaiseException_Phase2,0x004319E0,1
5.5.00,pseudo-reloc-list.c,_Unwind_SjLj_ForcedUnwind,0,0x00431CF0,__w32_sharedptr_initialize,0x00431440,2
5.5.00,pseudo-reloc-list.c,_Unwind_SjLj_ForcedUnwind,0,0x00431CF0,fc_key_init_once,0x004316E0,2
5.5.00,pseudo-reloc-list.c,_Unwind_SjLj_ForcedUnwind,0,0x00431CF0,_Unwind_ForcedUnwind_Phase2,0x00431C00,2
5.5.00,pseudo-reloc-list.c,_Unwind_SjLj_Resume,0,0x00431E50,__w32_sharedptr_initialize,0x00431440,2
5.5.00,pseudo-reloc-list.c,_Unwind_SjLj_Resume,0,0x00431E50,fc_key_init_once,0x004316E0,2
5.5.00,pseudo-reloc-list.c,_Unwind_SjLj_Resume,0,0x00431E50,_Unwind_RaiseException_Phase2,0x004319E0,1
5.5.00,pseudo-reloc-list.c,_Unwind_SjLj_Resume,0,0x00431E50,_Unwind_ForcedUnwind_Phase2,0x00431C00,1
5.5.00,pseudo-reloc-list.c,_Unwind_SjLj_Resume,0,0x00431E50,abort,0x00432670,1
5.5.00,pseudo-reloc-list.c,_Unwind_SjLj_Resume_or_Rethrow,0,0x00431FB0,__w32_sharedptr_initialize,0x00431440,2
5.5.00,pseudo-reloc-list.c,_Unwind_SjLj_Resume_or_Rethrow,0,0x00431FB0,fc_key_init_once,0x004316E0,2
5.5.00,pseudo-reloc-list.c,_Unwind_SjLj_Resume_or_Rethrow,0,0x00431FB0,_Unwind_SjLj_RaiseException,0x00431A70,1
5.5.00,pseudo-reloc-list.c,_Unwind_SjLj_Resume_or_Rethrow,0,0x00431FB0,_Unwind_ForcedUnwind_Phase2,0x00431C00,1
5.5.00,pseudo-reloc-list.c,_Unwind_SjLj_Resume_or_Rethrow,0,0x00431FB0,abort,0x00432670,1
5.5.00,pseudo-reloc-list.c,_Unwind_Backtrace,0,0x00432110,__w32_sharedptr_initialize,0x00431440,1
5.5.00,pseudo-reloc-list.c,_Unwind_Backtrace,0,0x00432110,fc_key_init_once,0x004316E0,1
5.5.00,pseudo-reloc-list.c,__gthr_win32_mutex_unlock,0,0x00432440,InterlockedDecrement@4,0x00432C40,1
5.5.00,pseudo-reloc-list.c,__gthr_win32_mutex_lock,0,0x004323E0,InterlockedIncrement@4,0x00432B80,1
5.5.00,pseudo-reloc-list.c,__gthr_win32_mutex_lock,0,0x004323E0,InterlockedDecrement@4,0x00432C40,1
5.5.00,pseudo-reloc-list.c,__gthr_win32_key_create,0,0x004322B0,__mingwthr_key_dtor,0x00431270,1
5.5.00,pseudo-reloc-list.c,__gthr_win32_once,0,0x00432230,InterlockedIncrement@4,0x00432B80,1
5.5.00,pseudo-reloc-list.c,__eprintf,0,0x00432490,abort,0x00432670,1
5.5.00,pseudo-reloc-list.c,__eprintf,0,0x00432490,fflush,0x004326B0,1
5.5.00,pseudo-reloc-list.c,__eprintf,0,0x00432490,fprintf,0x004326C0,1
