version,source,name,occurrence,section,section_offset,rva,va,size,instruction_count,raw_sha256,normalized_sha256
5.5.00,crt1.c,_gnu_exception_handler@4,0,1,0x00000000,0x00001000,0x00401000,336,92,6f92afd2cc0f2b41232d7d0479a23c6c3ab89d1c53850fa8b33e4b50455ed4aa,ef3934e7fb8c841fe579b29fcca73afa5f9368e0b39697ab02bf707c57a17520
5.5.00,crt1.c,__mingw_CRTStartup,0,1,0x00000150,0x00001150,0x00401150,288,69,f515698ae3352868eb70669555f5eefc52b939dda8ea4ad074fd6e44e366fad6,40db609dfb6ac73c5190e11792bf77b1f647c7dd0b74613bae4a8168f301ebd4
5.5.00,crt1.c,mainCRTStartup,0,1,0x00000270,0x00001270,0x00401270,32,8,2cb94b2d9a779fa654e5cdf5975e474fbe678357db46597b5da9a70561d4b61d,eb6a1ccfd9d2322b784fb1f68e0a291068504e79e45bec421e814643901bba9b
5.5.00,crt1.c,WinMainCRTStartup,0,1,0x00000290,0x00001290,0x00401290,32,8,e29c99526a80cc32b733dfd01824a2acd37a10bcb3050c69b15885c2ab19dc17,b4f4551845c10fd1383485881daaa97e6eb23de0c98b6774b9e93b66c7d3735f
5.5.00,crt1.c,atexit,0,1,0x000002B0,0x000012B0,0x004012B0,16,6,612e7d3add4c870e83ba5db75be2e1f140c4fb66ef1ce13395b6816567594e46,2ee47750e2d1b312b324a603442bff10cf13e5bdf0cc491a22bbba93ad55d89c
5.5.00,crt1.c,_onexit,0,1,0x000002C0,0x000012C0,0x004012C0,16,9,e33a38fa642479422497634877d06ff6b563a7fda6f2f494a91ca25ba096b91e,2a2fc2d9502d2f434002421a225939e878ebf1e2317d3064fec0f3c3af5d4444
5.5.00,crtstuff.c,__do_sjlj_init,0,1,0x000002D0,0x000012D0,0x004012D0,16,11,1f45700c8b426f04f4a543dd0afd91a5de415396c9c092acc79f3f2bf2572cd3,76d726ed3c25d66696d71609ec733fc3dfe73bc7a6f768a36b5619eebd5dcd68
5.5.00,async.cpp,async::set_timeout(long),0,1,0x000002E0,0x000012E0,0x004012E0,80,23,288fa6bd09c89b0e3f4dd44b26181a39d26bd3d4252b902c8c72b4e59201f562,6bf3f5e535c98f072530faf01588becf48c852f9a9305c119809d586586f5b10
5.5.00,async.cpp,"async::async(int, long, long, int, int)",0,1,0x00000330,0x00001330,0x00401330,496,146,b7cfb6942a44e10a42da7456758dfc9f807a9c627b52426a4865c687c75cec19,a9f5b7386459727f37f3b1020ae2218441baa6c289ad317cd221a858aa8faf98
5.5.00,async.cpp,"async::async(int, long, long, int, int)",1,1,0x00000520,0x00001520,0x00401520,496,146,fb6e1d0299d0acf1831aaf13353f2fb0d87e07b49b14c2d6a26ccc025902e6d0,a9f5b7386459727f37f3b1020ae2218441baa6c289ad317cd221a858aa8faf98
5.5.00,async.cpp,async::~async(),0,1,0x00000710,0x00001710,0x00401710,64,26,c28eb8ffbc62b32d2add99df503ad0e2a242a205eeaf1de725e8440679cb5897,d1f3615b1ac1b8698b60280e314b60811c053a1c69ffeac4e4d4a8be77ac1be7
5.5.00,async.cpp,async::~async(),1,1,0x00000750,0x00001750,0x00401750,64,26,e79bf65891d794eb704edd5d79b0a93e71e5a7eb782996d02820cbdaa607f99e,d1f3615b1ac1b8698b60280e314b60811c053a1c69ffeac4e4d4a8be77ac1be7
5.5.00,async.cpp,async::close(),0,1,0x00000790,0x00001790,0x00401790,48,17,e788f1fbf41870463ada503b2a4b2970bce218363723eed14bf61115bbd57f84,71fe8d1732a08d5a649749868bc8ef5f61c6c46b11776b2118972de03da8c97d
5.5.00,async.cpp,async::flush_buffer(),0,1,0x000007C0,0x000017C0,0x004017C0,48,16,2827123e1b43ce0c8326301e22792908bbdece957f4ca7a8cd4a2a3ca77f75ce,9d61d2942724d27f6f2054ab69322b24a090b7b81428cd514b59145481011b38
5.5.00,async.cpp,"async::write(char*, int)",0,1,0x000007F0,0x000017F0,0x004017F0,112,38,3bca44d62c5b99d0f330a167844120ef4a24bc8c638257e497824200e3423844,5a85f3ab347b7eece7d40650538a29da9454d713986b6d757aa12ade3363ba76
5.5.00,async.cpp,async::read_char(char*),0,1,0x00000860,0x00001860,0x00401860,160,55,2e40289234eb1578a32888209703b122685959c38a9546aaf91b4616bccfa8e7,af0044713948b2e97b3456ed909d82906cb070d66c9f06cc8a3fd627859dc0c9
5.5.00,async.cpp,async::read_string(char*),0,1,0x00000900,0x00001900,0x00401900,336,119,aa5935514a586549f6141004794fb58f0efe97764e32ab6f7ceb1722e3cf4d5a,f2620add75cbaa7c431457dcb25fb5b322ad20b7a5b1b1641e5e96b2c8ebb3c0
5.5.00,async.cpp,async::get_read_string_buf_count(),0,1,0x00000A50,0x00001A50,0x00401A50,16,7,8c8387e60d8cba010cd1e6f36bf5838aa232e10653e7b3801ca66d53cef3d568,86087ce727d4133db282c7ea05a1cda8ae26c5db349bc56ae75ce6b4785f1d99
5.5.00,Bixby110chkdlg.cpp,bixby110checkout::bixby110checkout(),0,1,0x00000A60,0x00001A60,0x00401A60,1552,354,25331869f638a31d900903307b63235036d4b6d3140c3b6031192bf05b864d60,824e3fe991c53cb348d82f7dedc564908deb7bed5b7ee3e73f4391327c6ea32e
5.5.00,Bixby110chkdlg.cpp,bixby110checkout::bixby110checkout(),1,1,0x00001070,0x00002070,0x00402070,1552,354,740e85eded4ab4e7b43e60099b01bf5c2130c708dd3d6912189ad8ac9ae57b85,824e3fe991c53cb348d82f7dedc564908deb7bed5b7ee3e73f4391327c6ea32e
5.5.00,Bixby110chkdlg.cpp,bixby110checkout::~bixby110checkout(),0,1,0x00001680,0x00002680,0x00402680,1248,304,822edce0d37f0aa083a980d893e041a0b0bc56ec045ab4aad3b68512d02e0196,c787e9a70c4f63c0c79dc0a06a768be816ec1a2a395070ce0e3385d5a773d7be
5.5.00,Bixby110chkdlg.cpp,bixby110checkout::~bixby110checkout(),1,1,0x00001B60,0x00002B60,0x00402B60,1248,304,d29a6106672a63afb7257b4108a88357a59c6d8efe7b6d31a170c626047abaf5,c787e9a70c4f63c0c79dc0a06a768be816ec1a2a395070ce0e3385d5a773d7be
5.5.00,Bixby110chkdlg.cpp,bixby110checkout::ChkStop(),0,1,0x00002040,0x00003040,0x00403040,48,18,7402310603263b81bb3f1961a6cd0c5b81ce708f326e21e6df7da19d03a1e2d8,a2c31f10d4bbe7cbce7a6630b6347e861cddb55d425576014452eb0b104125b1
5.5.00,Bixby110chkdlg.cpp,bixby110checkout::SendInteractiveAction(int),0,1,0x00002070,0x00003070,0x00403070,512,137,bf65766be099098d6de407333a296ed1855b8fba9a6b4f76748a4c0578253443,825eb6f8b5231107baf76402c3e014ba722061014029fdcf37a1900d289ed824
5.5.00,Bixby110chkdlg.cpp,bixby110checkout::ReadInteractiveResult(int),0,1,0x00002270,0x00003270,0x00403270,208,58,559bca16a0e27633bad9a6d6c39fe69f5dbc8a1749af309b49b0080c3a0a209c,d1e035da65bc17b6a6a2fd6bf6232c47ee0efbf429ccc4132914866d6b32a980
5.5.00,Bixby110chkdlg.cpp,bixby110checkout::AnalyzeInteractiveResult(int),0,1,0x00002340,0x00003340,0x00403340,1296,293,76872ad51fde8b1a2376931d3fa86327c725d71550dcb789c3158d6a3718975c,b9b830082cedc62f631d0325c4860a35b4d0782138029ddd22ce33631e41f50d
5.5.00,Bixby110chkdlg.cpp,bixby110checkout::SendAutomaticAction(int),0,1,0x00002850,0x00003850,0x00403850,256,71,6c1e21c092678e36b53d059674d24e050632f63f579671853fc7b35509719a18,837efe3c5085efc4bfd7b504539c1bdf65db03e2df0172047a868f492a21dd20
5.5.00,Bixby110chkdlg.cpp,"bixby110checkout::IterativeRead(unsigned int, unsigned char, unsigned char)",0,1,0x00002950,0x00003950,0x00403950,224,65,e2ddf3f9bff8ef1142ad5dc1506e9e87e9c6f2d1126bf26d6a10e427865b118f,9a04ef8815ad970a48d4c0c8f04180f99f49754045de634bbe43501e32f16b90
5.5.00,Bixby110chkdlg.cpp,"bixby110checkout::IterativeScan(unsigned int, unsigned char, unsigned int)",0,1,0x00002A30,0x00003A30,0x00403A30,288,91,ece1a282b8460005646591df88bb305670a377a82424192157d5e217cc77d3ff,3fbab9f997a1975c124beaf4db3f7b5ad894448c522dba444df421622f23c54d
5.5.00,Bixby110chkdlg.cpp,bixby110checkout::ReadAutomaticResult(int),0,1,0x00002D60,0x00003D60,0x00403D60,1824,451,ebd307a38fce0f5357ac1c5e6c9ed66a133969ef0e90bf4cab9a59f5f31a6cc0,1ccf5404c2d8cb56efd1fdbdb23daecc0675060f6c10a636dd5d586735f40e89
5.5.00,Bixby110chkdlg.cpp,"bixby110checkout::writeln(void*, char*)",0,1,0x00003480,0x00004480,0x00404480,64,20,e4a3edb58415bf2057632b778fdea6a1dfa4b819333d33c57900090e812d17d2,540e284d78f3f8680248962074b80a33e838918cef7fd3648001daf285acce0c
5.5.00,Bixby110chkdlg.cpp,bixby110checkout::GenerateReport(),0,1,0x000034C0,0x000044C0,0x004044C0,5056,1165,02e16511e75770ea8303debd79a58785e4538e55eec808f90a85225e1541a046,ea2d0e95c139e0f79712b916d1ec9ef10090c97598adb02812d43dc6a29c2c46
5.5.00,Bixby110chkdlg.cpp,bixby110checkout::Bixby110UpdateData(),0,1,0x00004880,0x00005880,0x00405880,1152,283,296e0abd1732e971205162c6beeb78a47a3242840dced6afbfe76ff1e07cf07f,0dd820d2164f710df607dd53dacacbf96b5d163b8acd4b475063e99d034a70ab
5.5.00,Bixby110chkdlg.cpp,"bixby110checkout::Bixby110SetupCheckoutInteractiveTests(int, int, int, int)",0,1,0x00004D00,0x00005D00,0x00405D00,672,181,c84c7753f4170772785bd4ab2cf45d617391146349dd6daa099eecac8ccbc27b,b25d5c3b38a38280f22ee39aaf29b15f3acd6b731a73b2966b04c7e4bb25214e
5.5.00,Bixby110chkdlg.cpp,"bixby110checkout::Bixby110SetupCheckoutAutomaticTests(int, int, int, int)",0,1,0x00004FA0,0x00005FA0,0x00405FA0,416,112,f9877c2c85645dc81397defb7707214a98e57bdd3d3822c5002109d202f77d76,9e34d91090bc3dc902ff8230c416f4639015a302d1472c1482c64e9aaf8b24b0
5.5.00,Bixby110chkdlg.cpp,"bixby110checkout::Bixby110SetupCheckoutIndividualizationData(int, int, int, int)",0,1,0x00005140,0x00006140,0x00406140,800,204,f30833fb15ff31e81f80f509f37b9e6589e05ba35964a58ff053e0cddb11d50f,e37588da66ec51010a81c92c82a6c8fdbbb86a37aa9e4f85c7c7c76434d1c398
5.5.00,Bixby110chkdlg.cpp,"bixby110checkout::Bixby110Checkout(HINSTANCE__*, int, unsigned char)",0,1,0x00005460,0x00006460,0x00406460,5392,1287,ca22d52308a03f7ed6f6378c26bfbe714764f351a8c6136781175e54901b1885,b3929322091f024c13a7593facec58c11ba4b5a89f4626f96c02024a09c8d3ae
5.5.00,Bixby110chkdlg.cpp,bixby110checkout::AnalyzeAutomaticResult(int),0,1,0x00002B50,0x00003B50,0x00403B50,528,135,8adb62dcab4fc54ea39a9dc34542c8b94d5c31349038c66d48aa0c496a057193,3261d8b0989ad7f5b064fc881eaf9b0302f50591308a4c369822e82aeef8df6d
5.5.00,Bixby110DataElements.cpp,"StoveMultiplyParameterToPercentage(unsigned char, unsigned char)",0,1,0x00006970,0x00007970,0x00407970,176,66,8c53cdb5d9c48091f445f7968be4fd4707774461fefb1caa305185a25c6c1b23,bd28a1d470b85dfe9756145a133f11d5e5d0e646c5240790a6a9e378c1360786
5.5.00,Bixby110DataElements.cpp,"PercentageToStoveMultiplyParameter(unsigned char, unsigned char)",0,1,0x00006A20,0x00007A20,0x00407A20,192,73,b5d6303f18d39d4f11402d51175f357931529c231664a1fcb11de5e23f5481ed,6af9d8d40b0b261c0e79230642fdc75c5a7b60c7b5b6ee8ad3fd870fb151c464
5.5.00,Bixby110DataElements.cpp,"ISBeep(unsigned long, unsigned long)",0,1,0x00006AE0,0x00007AE0,0x00407AE0,48,18,706c62a84257c3e10d62f0214a2d6cef346156041ded79e2bb3249c59fe073f8,56bc1371428508752121109c9743a53d3d7d7a4fb7ba50b94fb1b00a33582f0e
5.5.00,Bixby110DataElements.cpp,"SetupDebugWindow(HWND__*, HINSTANCE__*)",0,1,0x00006B10,0x00007B10,0x00407B10,512,126,7e61fc2804a43e9c79a9de9d1af3f1c7a7b4dd2e245caf4d0a7b553642620e87,fe55a61f1d251a0587b5fce16c833639984e38919217d6b71d20eaee1824bee9
5.5.00,Bixby110DataElements.cpp,CloseDebugWindow(),0,1,0x00006D10,0x00007D10,0x00407D10,96,30,463a23e16cd9636a932e075eb57dce5fe4c8866d3e53db6ea873539b04da8d6f,8275fed5474b3066ddb785d16572c165198e261caae1b69cefabe39fa5ce18fb
5.5.00,Bixby110DataElements.cpp,ShowDebugWindow(),0,1,0x00006D70,0x00007D70,0x00407D70,96,29,9d3d8486d9b56bb11d5c22bceb6ad3811c360f3a886f2e394e52347af6d279b1,69671cf8e55557760fe1a1f20f7bbafad2927ea463d954d7b74eb325a8a6e680
5.5.00,Bixby110DataElements.cpp,hexnibtoval(char),0,1,0x00006DD0,0x00007DD0,0x00407DD0,64,26,c5ab1e204873a125359d899f5b2ecefd50a7ad3191f4e896f34b607bdfadc3a5,6c568b247840d9a1e8b3b80cf7fcd775dcd92124ece6cab81b1855aba5c740f9
5.5.00,Bixby110DataElements.cpp,"hextoval(char, char)",0,1,0x00006E10,0x00007E10,0x00407E10,112,50,b28d138406a48d82365845e309124d6fa6ccfddcb9e5a48a1271b0b67a369b03,6dbac5a70de5bec6bdba7fde2d87d5a007f58a9666e7e509b2a66a7364be8b66
5.5.00,Bixby110DataElements.cpp,highhexnib(unsigned char),0,1,0x00006E80,0x00007E80,0x00407E80,32,15,91291b92efe6535b4940b027227cd12a74765db94f9d5cd4d6d4c6a4b327ba79,fa7c8a41e85d0cf26daf92965531b26da0260031047522eff774c5b00b198497
5.5.00,Bixby110DataElements.cpp,lowhexnib(unsigned char),0,1,0x00006EA0,0x00007EA0,0x00407EA0,32,16,b501ef4205851ad8434579c81ca295fdc94bcd8b80e09886de69530e95e60a15,0279473eacb523f67742930696c3652d1d04020318256594c43bce8d532c1dc9
5.5.00,Bixby110DataElements.cpp,"strsearch(char*, char*)",0,1,0x00006EC0,0x00007EC0,0x00407EC0,128,64,cc4347333fd10b84abf2a0f5872eb1fbcaf4eddcb49cef6046e0bc43c26836e9,59ff38accedb2c3fdd460938604d059a5595589bfdffd088915ed7a9a861c13a
5.5.00,Bixby110DataElements.cpp,"strsearchtail(char*, char*)",0,1,0x00006F40,0x00007F40,0x00407F40,144,69,21416562b016727c36dcac81f0927bd6f3d4a2a80038c3d6ff1475b7b0a3372c,7587cd960560d65d9aa79cb416d18b1296c355e70859ac1f593bda3d83356fe6
5.5.00,Bixby110DataElements.cpp,"strchrsearch(char*, char*)",0,1,0x00006FD0,0x00007FD0,0x00407FD0,112,47,4478599e2db5074893f51149d76d8ba61f8ddded680151a64651bfcc8235afce,52bd715c80e1d8ff7e3b6ec880cf5be83b5f99e425efd8c7aeb7cf3fb0d603b3
5.5.00,Bixby110DataElements.cpp,"TimeDelay(HWND__*, unsigned int)",0,1,0x00007040,0x00008040,0x00408040,192,60,2d59d09e7dcfaedca0fac91908b42c4825cff4c16af13f86dc2e08e2294ac14e,5a609ca9e410381282693a7b1905d11ece29833f83cf2ee8bf130ff17a93c5f9
5.5.00,Bixby110DataElements.cpp,DelayMicrosecond(unsigned int),0,1,0x00007100,0x00008100,0x00408100,64,25,10e3c21aaf882ffb24b57b081fd5fc30daafb9e0e6b69783ed677b1575c3a142,54bac773aeadb030f4a059dda23acf443e63f2378384631b75052749e7b46b69
5.5.00,Bixby110DataElements.cpp,CalibrateMicrosecondTimer(HWND__*),0,1,0x00007140,0x00008140,0x00408140,160,45,7bacccf16aa3feaafa5230cb9922260fdf9787ffc12b0e7774d5e83d97d22e26,95b08e77d22c35453257f9734fa4973967b6913896412100d77d8c4b5653b6c9
5.5.00,Bixby110DataElements.cpp,DelayMicrosecond_6E030(unsigned int),0,1,0x000071E0,0x000081E0,0x004081E0,80,24,c344be55033b0797335ff0403f60244598bc2a6c62a4e3bd9d6a477cc2dc9325,c67a17a7fcaacd32afa3577883f580f9374d66f680b91f1a409e5fe614677e65
5.5.00,Bixby110DataElements.cpp,CalibrateMicrosecondTimer_6E030(HWND__*),0,1,0x00007230,0x00008230,0x00408230,160,45,a933d3994110471b673872920e0468f96e9cd3424b53d0e15dfd58b06874c1db,788fbbec485a41353982f756760cde7d6baab4ac6f01083b8bd8a24f671b3068
5.5.00,Bixby110DataElements.cpp,"FormatTime(_SYSTEMTIME*, char*)",0,1,0x000072D0,0x000082D0,0x004082D0,496,113,0ad1839eae50dc2b23eb83b8c9ce26940a287b92012d665275851086cf09c8ef,b1b5f214bb29a3e3ef4a43d001070aefe0c9a8afdde8291678122b3cffe258e2
5.5.00,Bixby110DataElements.cpp,"GetCompressedDate(_SYSTEMTIME*, char*)",0,1,0x000074C0,0x000084C0,0x004084C0,64,19,097a3429afb0e77c35ee4e27e0a007fd2f2eb42b14ba205d4827d13ae1abb334,8829aae014a695dff084aeee8c02c1c354c66e2d7332592e91da2ed097d550ae
5.5.00,Bixby110DataElements.cpp,TextBased_0_255_RangeCheck(char*),0,1,0x00007500,0x00008500,0x00408500,240,80,21918806701ea390255a8b2f4ab6282b66054e1405cfde1e23edfdba6106b5ec,2c2deda2e667e9080ac7d9aed2f652782596fdda2be5edd5d740c0ea4869ba2b
5.5.00,Bixby110DataElements.cpp,TextBased_m128_p127_RangeCheck(char*),0,1,0x000075F0,0x000085F0,0x004085F0,240,83,8a4f5c3d66b3ff92beb1d4d1c3d0b46081077c0a624d2fc1fedc75389a3f1e88,1b956b8e391d07a00b4b9cbd517ea83d7b0f5a82a0770a292fc7b83f0980fe5c
5.5.00,Bixby110DataElements.cpp,"RangeCheckAssumingValidEntry(_BXDataElement_*, char*)",0,1,0x000076E0,0x000086E0,0x004086E0,80,31,570009da5ab2daee037a996b1148180e6eb4b11484b340336e0b79fe5cb514ff,af8c378d7ae244eec30f4b686af284b772a903b50cce3943b3a13ecb1b81e861
5.5.00,Bixby110DataElements.cpp,bixby110io::bixby110io(),0,1,0x00007730,0x00008730,0x00408730,48,15,03bc5fca66a088095d9065eed66ffbf65e813911da4b0af085c0020fdae6a28e,6acc95737244cf4a919c9f2b7b7691148a78113c956aca66191ef7ba299d4c0f
5.5.00,Bixby110DataElements.cpp,bixby110io::bixby110io(),1,1,0x00007760,0x00008760,0x00408760,48,15,03bc5fca66a088095d9065eed66ffbf65e813911da4b0af085c0020fdae6a28e,6acc95737244cf4a919c9f2b7b7691148a78113c956aca66191ef7ba299d4c0f
5.5.00,Bixby110DataElements.cpp,bixby110io::~bixby110io(),0,1,0x00007790,0x00008790,0x00408790,16,7,86ba25da29ae2d2673d115a8ef63d98412744633981541574f1ebbe0fa4cc5e0,1958fcd7cbfcc214f3ced41de9f36b355dbc5bd71b16a50b007d398d5a987f0e
5.5.00,Bixby110DataElements.cpp,bixby110io::~bixby110io(),1,1,0x000077A0,0x000087A0,0x004087A0,16,7,86ba25da29ae2d2673d115a8ef63d98412744633981541574f1ebbe0fa4cc5e0,1958fcd7cbfcc214f3ced41de9f36b355dbc5bd71b16a50b007d398d5a987f0e
5.5.00,Bixby110DataElements.cpp,"bixby110io::getrs232port(unsigned char, unsigned char)",0,1,0x000077B0,0x000087B0,0x004087B0,400,105,fbb4b54ecf6d83c15bb3e09788ed7c18a17418262ea164b4a71cf638dafe84b1,91b270d577e2034b7bd130be286e8fe3142bca965a69fa18b1cbf170d676274a
5.5.00,Bixby110DataElements.cpp,bixby110io::freers232port(),0,1,0x00007940,0x00008940,0x00408940,32,10,8f490fd021f003b6b36bd86a3680ca32fb0b5d2e7ea67382e0fa6d2109db08d2,6724ecdd66cc74f8b68633cd5ae2601162cab324ca420cca4bc8705ea5062a2f
5.5.00,Bixby110DataElements.cpp,bixby110io::getrs232portstatus(),0,1,0x00007960,0x00008960,0x00408960,32,12,9a8a3e2395ebc29dc0b085c6bf5f8313e2c42d747e5dd3f013235b49a4086b35,6091cd814b90ad8d17faf872abc44d3c88cada67ff75b6bf9031cf6f74913974
5.5.00,Bixby110DataElements.cpp,bixby110io::sendcommand(char*),0,1,0x00007980,0x00008980,0x00408980,64,20,a6d09aa878bc05bb00982bdaaccea4860c81b4d926f81f5fea4fe86e1d2b0a0e,03cc99747e7cc41bdeb8d73b336ee7e78ea4388d8bc145a5cf0e80b386e228b1
5.5.00,Bixby110DataElements.cpp,bixby110io::flush_buffer(),0,1,0x000079C0,0x000089C0,0x004089C0,32,10,e29f251295547897b46f62b8c53aac1224e32c911ad6c577f4b6e772133ca109,629500ec78a2ed5d781d0a52109064d72431985190215ce7e90bfaee7306ccee
5.5.00,Bixby110DataElements.cpp,bixby110io::scanio(unsigned char*),0,1,0x000079E0,0x000089E0,0x004089E0,2576,730,5a35e6b0ffd8735fdf8ba29ccb4a9138bdde93ccb60b75f8fcebb4f970cd127c,c7de688c984439e589afa8b6be6cdbc09ced6270b0f154f93ad95869b1f0cc07
5.5.00,Bixby110DataElements.cpp,"bixby110io::regio(unsigned char, unsigned char, unsigned char, unsigned char)",0,1,0x000083F0,0x000093F0,0x004093F0,320,88,9548b895c401b01fd7cff0be05224676ef4d859b54a8c24c917a20870c3acbb9,ff4f2fc77295ce3059aa47359ceea4cd6f0f8bfea1f78c942900b76eed9fc13c
5.5.00,Bixby110DataElements.cpp,"bixby110io::writereg(unsigned char, unsigned char, unsigned char)",0,1,0x00008530,0x00009530,0x00409530,64,18,669c0b5d0a391eec1f4a51de654dbb47e9bbec0c3447fc304aa1d290916870a5,19fe0bc46a3efba625ed65cb67e2899200c5e7afe56863cff05c548c951c63a5
5.5.00,Bixby110DataElements.cpp,"bixby110io::readreg(unsigned char, unsigned char)",0,1,0x00008570,0x00009570,0x00409570,112,32,41dfa54b3bdab33e57f8ca8160ee0a3b7f6485650e1a7db29be13387f4fcbad8,a0990113fcc804663d513701891879f4bece2fffe7c5da3d8d72bd555472f59f
5.5.00,Bixby110DataElements.cpp,bixby110io::getCMDbuf(unsigned char),0,1,0x000085E0,0x000095E0,0x004095E0,32,10,1230f5aa4d90ac00d25dd36ab4e1bc3e8e9467a54ff53010a7c134c45e791b56,26e8a66b692486ffd9d93c322b7c2407e4dc7c8afeb8f96d1008d9f88b515fec
5.5.00,Bixby110DataElements.cpp,"bixby110io::setCMDbuf(unsigned char, unsigned char)",0,1,0x00008600,0x00009600,0x00409600,32,10,4552c4d928f5db1ee55220994107a1d9b7977b6736ba66aff0fce23fa0985f90,4099cb6a5aa4bc2e6b705b53a86e1990846b63b60aa5184f66a223b2915b8ebe
5.5.00,Bixby110DataElements.cpp,bixby110io::getTelBuf(unsigned char),0,1,0x00008620,0x00009620,0x00409620,32,10,9b9019236c2c0a6ce59f99d07d7424f1e846b82fda39cbe40bbbfbb06e73751d,e15b8ae36b7c50b07d7e08a73f4a76a7b8085867d6e2e8cf79682131124f47cc
5.5.00,Bixby110DataElements.cpp,bixby110io::CollectResponse(unsigned char*),0,1,0x00008640,0x00009640,0x00409640,80,38,43ba79628d594020d033af6bb25edee39dd758bbedccc97cd6504bf60669073f,b448c1fa9746c13eec89b3bd5c99649171c384cbd6da282ed5cf6f89b39664e3
5.5.00,Bixby110DataElements.cpp,bixby110io::CollectResponse(),0,1,0x00008690,0x00009690,0x00409690,96,40,310a65ed6188c3b81d6076c88101a0fa2450cd410bc2e736837c7664d25005e9,fd6e9eba4e5591cd191a83928ff483e0acfd1b80f8952a951588bd6f5cc6b608
5.5.00,Bixby110DataElements.cpp,"bixby110io::GetEEPROMContents(HWND__*, char)",0,1,0x000086F0,0x000096F0,0x004096F0,1472,459,2a53465b02a6160ce4b4569d4aa2fe0f0804e770c339a1457794c0aaea8eab5f,a767806fd3aaa577ac8d40d1f32df0500d5beb81ed570fa94da4366f7c902583
5.5.00,Bixby110DataElements.cpp,"bixby110io::getUnit0Data(unsigned char, char*)",0,1,0x00008CB0,0x00009CB0,0x00409CB0,432,144,988978f00427023407af0d9ffd07d9cccc397ead19c14f0c120af76c17fe7c16,b41b5de58aeb829a93cfd52d6cebc6c4d15199b3745a7270dca35ea4fc21af1f
5.5.00,Bixby110DataElements.cpp,"bixby110io::getCmdData(unsigned char, char*)",0,1,0x00008E60,0x00009E60,0x00409E60,272,87,e3bcf9d33bc3426d2cb51ea32df4aa31fce69bcb0022fbe92f8d22260620b852,3590a9ff8727aab96ada42da1f811ae809df006660364f28850716f83849e0ea
5.5.00,Bixby110DataElements.cpp,bixby110io::write_char(char),0,1,0x00008F70,0x00009F70,0x00409F70,64,19,c20cdd178b6cf39bd4a633e2905806b70fd6e83dec35606eea3b9aa4089795c1,e2871aa65be4d5a0234f143123cd4bd3a7b3a6cae86497512b1d1a63c465e08a
5.5.00,Bixby110DataElements.cpp,bixby110io::read_char(),0,1,0x00008FB0,0x00009FB0,0x00409FB0,48,14,5c9c3f4e5f994f593fbf7f25d08405efb8ffeefa8dc95354822329b772457520,be77f7a2784f8bad2bfb0443fde907b17caf180bbcf33c8a8ae85046fc85901b
5.5.00,Bixby110DataElements.cpp,bixby110io::status_read_char(unsigned char*),0,1,0x00008FE0,0x00009FE0,0x00409FE0,48,15,7da484f4884f5101778312465435940209889845260153811edc67ebc03841dd,dfd0d2c95ce801424fb5b4e2381aea4ba5deb46ca347a77b28b7b261b0cd508c
5.5.00,Bixby110DataElements.cpp,bixby110io::CalculateChecksum(unsigned char),0,1,0x00009010,0x0000A010,0x0040A010,432,140,2878c3a02b94ed67cb78a81570da5f0bee4e50ac511a79da4dc8fb11348ecb06,4c648c9c46c895edbd88b14dd61b254c4ff6dfcabeff7c1198407f3822469fc4
5.5.00,Bixby110DataElements.cpp,"__static_initialization_and_destruction_0(int, int)",0,1,0x000091C0,0x0000A1C0,0x0040A1C0,320,89,0382f76ba56fe04cf25ccb4cad0c5c87d81ed8433d31106c4b2af43c1b8c5bb6,d6076843e488e0c152a505710049e2018909c675083e5d153e396c06cc9a6aee
5.5.00,Bixby110DataElements.cpp,global constructors keyed to Bixby110TelemetryData,0,1,0x00009300,0x0000A300,0x0040A300,32,9,c933a0031bfe3f39c3033fb44b30835bdbc4269aac47057d7d77053737477dc9,fb6380c3769fe354f2d3a491b33dae6014618747c2e1206e75e5e3ebffd0db08
5.5.00,Bixby110DataElements.cpp,global destructors keyed to Bixby110TelemetryData,0,1,0x00009320,0x0000A320,0x0040A320,16,6,69024818fc91fe544d778a802bd62918f7b703d12532de891062325947349133,6f5b5a16f6da5c61d28a0531ffdbf0eaac9ec8624913b7ecfde657edddd98e2e
5.5.00,Bixby110dlg.cpp,bixby110control::bixby110control(),0,1,0x00009330,0x0000A330,0x0040A330,6192,1273,037ca8f2b388b8be96356e6b195bf80acf4b956edb839b10985185d3599b856d,14d62978bc1dcfa5792f83475e623e6509bfb1ef224ca5608631139a59ed3dbd
5.5.00,Bixby110dlg.cpp,bixby110control::bixby110control(),1,1,0x0000AB60,0x0000BB60,0x0040BB60,6192,1273,86f635b94dc213d5ba4f38df760f27e3322f7e09b97b65748bd75f043cc545fa,d258548cd4621d1c6a2957dda44988359b7e7dfe25044d1b07f32db7ceb98466
5.5.00,Bixby110dlg.cpp,bixby110control::~bixby110control(),0,1,0x0000C390,0x0000D390,0x0040D390,4688,1011,f10253e1f65747ffaf4bc173bacb89cc73da0ebfcf27028644af03ceccb2b521,c179a91981b42610ba35c6ea3c507403a97556325025619bdf23b86535e23594
5.5.00,Bixby110dlg.cpp,bixby110control::~bixby110control(),1,1,0x0000D5E0,0x0000E5E0,0x0040E5E0,4688,1011,e977d4800ca47fcf2954fc82dc4e03bd4082990e5995745ea61ee6ef52bf4828,c179a91981b42610ba35c6ea3c507403a97556325025619bdf23b86535e23594
5.5.00,Bixby110dlg.cpp,"bixby110control::writeln(void*, char*)",0,1,0x0000E830,0x0000F830,0x0040F830,64,20,0754ffe41454393f1262ca9977006630b95bfcdc65708bea127b1955b892bfb8,540e284d78f3f8680248962074b80a33e838918cef7fd3648001daf285acce0c
5.5.00,Bixby110dlg.cpp,bixby110control::GenerateReport(char*),0,1,0x0000E870,0x0000F870,0x0040F870,3088,692,4d4d52cfa28a6def0c201bb524d004c137a04cac0423f234dc5739d2d554a9ec,e56a549c615c1b7cd5d3ff3dc1941b8d6e72c004eca68feee965c8ad36dae4ec
5.5.00,Bixby110dlg.cpp,bixby110control::BixbyProcessHelpRequest(),0,1,0x0000F480,0x00010480,0x00410480,3344,784,2506fa62a4b479a426a9dc428b5fa691267cea0121d0086b2c8682d81bc9ada5,f772127e1f1423e44eabc75c4cc802ce8df46ae0e4cd4b7392ef32fd0d29f2e7
5.5.00,Bixby110dlg.cpp,"bixby110control::AppendDataLogLine(char*, unsigned char)",0,1,0x00010190,0x00011190,0x00411190,112,34,11709217b72317f7b3c7552efb818a0da02c73d4ddcc129beee6c4f3a47fe83b,1d78625fe12ad0e7ff29090e963192acf62a6b1e43d1aba68621216c4ca33403
5.5.00,Bixby110dlg.cpp,bixby110control::AppendDataLogLine(char*),0,1,0x00010200,0x00011200,0x00411200,128,38,4a381d2271d6dbc3ad714455ab8457eba5e8941baf472b4f46aed929e84e41e5,068b3a32ef142f680c3da3c7d02c2ba73270f2effd52456325f165e559fcc44b
5.5.00,Bixby110dlg.cpp,bixby110control::WriteDataLogTimeDate(),0,1,0x00010280,0x00011280,0x00411280,192,51,561f2dd52b6632d6fa522ac66b4cc8696ab512ce922b442d9980665e31635b3e,9d5361a8c63f0f6285e47564f6411ba27684d19768caa4ee0f6cfbadb116170f
5.5.00,Bixby110dlg.cpp,bixby110control::DataLogLineAssemblePayload(),0,1,0x00010340,0x00011340,0x00411340,112,36,5272fe4d3dadd776671718cf2f12395924d4125464254d691fd83963be658730,9773858016ac2cf7c2bb92f8ca92c14aab3e90e9b9bb159effd1543239f4a237
5.5.00,Bixby110dlg.cpp,bixby110control::WriteDataLogLine(),0,1,0x000103B0,0x000113B0,0x004113B0,352,86,ac1f7b7ba4dccebdebe578fca719ad85635244b615a9e14af3b60f0cee3d3826,de5dc3b060d64ea1dd20cac2245c8f58b687cf578aa3465f0c3d95f770c5aec4
5.5.00,Bixby110dlg.cpp,bixby110control::WriteDataLogDescription(),0,1,0x00010510,0x00011510,0x00411510,736,172,86ac07d79571d83bd0b95e461fc9344343f75e03d961db82f1e16de39a0879d1,91e5e4356889232177fb061739f9db16e26f9259021c8ceb6a316faa651fe8d6
5.5.00,Bixby110dlg.cpp,"bixby110control::BixbyWriteRegister(unsigned char, unsigned char, unsigned char, unsigned char)",0,1,0x000134F0,0x000144F0,0x004144F0,672,191,2545efb7e3f764980a24b04bfef2cb64d4014b492a105164600411432db4685f,f9a28835c0f9f2a3c8f6f24e4105c75d911db7c44f18b423e0df849a5555c539
5.5.00,Bixby110dlg.cpp,"bixby110control::BixbyWriteRegister(unsigned char, unsigned char, unsigned char)",0,1,0x00013790,0x00014790,0x00414790,64,19,17a33db670b4361674d3a7b3ad0be4eb50a25e1f77d30cfd190c9dac6bfa0696,455cd8438a95206c38dc6f7d2c8a067eacd32249566b42fc5b60b7bff13b8c70
5.5.00,Bixby110dlg.cpp,bixby110control::GetSelectedModel(),0,1,0x000137D0,0x000147D0,0x004147D0,80,29,b07896d0a97c5cfdb46fa9e7fe98432406fb0ab8172c008aef7f8e605cb79fa8,89fcb77b2d6ef1f4c6cee7a6d5f4f656a65f3348711be67415816ea1117254fd
5.5.00,Bixby110dlg.cpp,bixby110control::GetSelectedAltitude(),0,1,0x00013820,0x00014820,0x00414820,96,33,c31220b4bc7a060b499995ac76ab68be0a11f8a9787b2f082b5b54713d503d10,26ee1b4a821634f866646e5fe6b4820a8997f81a6eba4fb6479ed18f02fb3d97
5.5.00,Bixby110dlg.cpp,bixby110control::GetSelectedFueltypeA(),0,1,0x00013880,0x00014880,0x00414880,80,34,68097a0f012b4b32db34272cd61f2fb4074bda96878e21070a5ad02dd1f7f96f,19cf11a2bec44d5a05bcda276303a99352374efe60ecac31d467519b0dcdcb54
5.5.00,Bixby110dlg.cpp,bixby110control::GetSelectedFueltypeB(),0,1,0x000138D0,0x000148D0,0x004148D0,80,32,ffad9e886347803f32e0d4057e3ea4a5b1b3cab7c3791b9509675742d368cfde,6b6c5f35aa273a2c67ac3dfc927041ed394ab1573a8ebe60672a2e74193e908c
5.5.00,Bixby110dlg.cpp,bixby110control::GetSelectedFancurve(),0,1,0x00013920,0x00014920,0x00414920,80,29,2daee5be64052750cdae49dfd2cb5e929c1449ee8983a500ce38bec8971b5e1d,3000a9653d41304bdaeec8a1fafdec318abd7bd8862f1daff14727df234eeedb
5.5.00,Bixby110dlg.cpp,bixby110control::GetSelectedFeedwheel(),0,1,0x00013970,0x00014970,0x00414970,80,29,52dfacee5f1dcbe855228949cba2932c3613c0343c774b0d0d39858719d24f8c,2a238c6c0cd5566637fada45f49e587e0943e8af85ae89131975da4ad5823d1d
5.5.00,Bixby110dlg.cpp,bixby110control::Bixby110TuneAdjustments(unsigned char),0,1,0x000139C0,0x000149C0,0x004149C0,2304,642,1469cfa31210675ca04fe1711f416c7e7118699d75c60b10ca95003ffff6610d,20d76a9ea4f7884b2fca6dae9f83b7b9eb6655495b9dd7040c105c9f3574ca37
5.5.00,Bixby110dlg.cpp,"bixby110control::Bixby110Initialize(unsigned char, unsigned char)",0,1,0x000142C0,0x000152C0,0x004152C0,384,128,16107be14c83c970311c509177b6e58aacbf14b8cc1cca58bd143d1f1590eb7d,3e77fc86131f593721d81163b583c8b434a76651cf0d39b9e3eca8ac35482403
5.5.00,Bixby110dlg.cpp,bixby110control::LoadReport(char*),0,1,0x00014440,0x00015440,0x00415440,2304,505,b264c94f76b4689f2f8835d5dd69c249d45c3dbf2755412eef68fdd5853dbd7f,45bc8bb31dccf843724c4ea9b1f14b95cb855fce157040fc2a8bbeabd70e0363
5.5.00,Bixby110dlg.cpp,"bixby110control::Bixby110DialogSetupTelemetry(int, int, int, int)",0,1,0x00014D40,0x00015D40,0x00415D40,528,144,1bcf7d328827810b1654b0be9f7c9c94d209b523eed9b64dba5cc25425b5dd69,59619252f2f831f1802ec07f9e2b72b80e5d67d942b056abd278d77f47f0a869
5.5.00,Bixby110dlg.cpp,"bixby110control::Bixby110DialogSetupIndividualization(int, int, int, int)",0,1,0x00014F50,0x00015F50,0x00415F50,912,232,ad0becefb8700cf67ea86216bdb49bab9275bdeec8af7eee8e2147f0b907d001,6a06b9ece0b6868d5d8fa1b4922d94f328e52274582be04c6ac7a3fad734a343
5.5.00,Bixby110dlg.cpp,"bixby110control::Bixby110DialogSetupQuickCal(int, int, int, int)",0,1,0x000152E0,0x000162E0,0x004162E0,1200,318,bd39fa0a271578ae38c4f244fed76e7a4568ccb55da941638c76deedecdeaff2,0dd64d3932d3c9eb99d2ebee9bfde8c9fb11f24af5b8f3bd2a1b6225be53ca53
5.5.00,Bixby110dlg.cpp,"bixby110control::Bixby110DialogSetupDebug(int, int, int, int)",0,1,0x00015790,0x00016790,0x00416790,832,207,83012e773a03b4ed62b9a83fb1cf579e237c7c52d4cecee376c836bebb787a5c,c0e43ecaf5b36634ccc1dd0510eefd1814b6079956d877c7a192914778ed68f3
5.5.00,Bixby110dlg.cpp,"bixby110control::Bixby110DialogSetupFlueMonitor(int, int, int, int)",0,1,0x00015AD0,0x00016AD0,0x00416AD0,992,250,54f67d1264ef4ab5919b852a07384dda7eae3c10b6982e385a70b1cf64263cd5,ba53a1c2b95a8208aea3a14bd3d52f296d3a1fae038fac1b672867dcba7fc8f4
5.5.00,Bixby110dlg.cpp,"bixby110control::Bixby110DialogSetupFuelMonitor(HWND__*, int, int, int, int, int)",0,1,0x00015EB0,0x00016EB0,0x00416EB0,1504,406,4fb76a3cdce3bb91de3c19a5560b77448b8668581e0d8e34be63fef3a993d6c6,046f435ea72e093ce0dc942b8beb481814db48d649470e9a790d6561203b26b9
5.5.00,Bixby110dlg.cpp,bixby110control::Bixby110DialogSetupUtilityWindows(),0,1,0x00016490,0x00017490,0x00417490,1472,359,aa31ab57326d7fb05c3d509dc6475a528c0d5e4f38d72545d450148154a33dfd,40376b82aea7ac0fb5937145fe5f6dd50d27890314969f6144b58e2d271dbacf
5.5.00,Bixby110dlg.cpp,"bixby110control::Bixby110DialogSetupButtons(int, int, int, int)",0,1,0x00016A50,0x00017A50,0x00417A50,768,204,cf3cfbbd1b4f3c0e46a8e96b4e0968b29f952b868e54965f272e1cd3c4428f87,02f8612e8098590104b5da7fbf54c13e731f5597c79b3b75ba3ff2b82c069c6e
5.5.00,Bixby110dlg.cpp,"bixby110control::Bixby110DialogSetupPanel(int, int, int, int)",0,1,0x00016D50,0x00017D50,0x00417D50,368,101,5f61dd4eac259988032c1b8d5ec8fe98d8f496a323fc0d3c99f0f9c7ad228ff4,ed96f5b7fb86760cffed08a9a32fd8dccfc9c71ca3809dd3a7f7f6d000238760
5.5.00,Bixby110dlg.cpp,"bixby110control::Bixby110DialogSetupUtilityWindowButtons(int, int, int, int)",0,1,0x00016EC0,0x00017EC0,0x00417EC0,240,68,1e267cf060a5ee074a49eb74e4bed49f8617c53ed76bbde959e0522fe0792aee,147a32d2768f4a390cfde46b4f79a21a59f256a6c5a10ddb611cbd3e2436bbb4
5.5.00,Bixby110dlg.cpp,bixby110control::HaveItsMemoryBanksErased(),0,1,0x00016FB0,0x00017FB0,0x00417FB0,112,38,95a156eab21debaed4f252e48b4c3cd66df2601a2f53417d3a58aca3b63bf43a,aedec127a74cb0f7d037835407701aaa467fa769147f0385938102a44510ec81
5.5.00,Bixby110dlg.cpp,"bixby110control::Bixby110Dialog(HINSTANCE__*, int, unsigned char, unsigned char)",0,1,0x00017020,0x00018020,0x00418020,18448,4177,bb6eae1aa73fae2025f0ecb81c65d710e1f03bcb4fefc957dfd6a781a789fe96,4eb1d2eccf8ce0de1ef62fa220114925cee6e1f70c7aea08305d46a9b98da1ad
5.5.00,Bixby110dlg.cpp,"bixby110control::Bixby110UpdateData(char, unsigned char)",0,1,0x000107F0,0x000117F0,0x004117F0,11520,2520,5a2552adcce6dadf28942e73b02a38dbc60f68d61e649c3fb3a235e3d664fa68,2d72b296bab1c931f18b4d7cb82f0f1df1facfda3c9ff6f2c207b934ccb9c2c6
5.5.00,Bixby110Downloader.cpp,bixby110downloader::bixby110downloader(),0,1,0x0001B830,0x0001C830,0x0041C830,2272,490,2cc3aa8565ce244852c41f269382d0694f3d2656034b26337737c3370d8a4e80,c03a01cf0a76fd1fbf5bdd577376a5d92f712dffb1c53eac4193298bc1fcf486
5.5.00,Bixby110Downloader.cpp,bixby110downloader::bixby110downloader(),1,1,0x0001C110,0x0001D110,0x0041D110,2272,490,7412912f26f3745755432c791388f0f183d66e49267463ece5ab995821f2ab6b,c03a01cf0a76fd1fbf5bdd577376a5d92f712dffb1c53eac4193298bc1fcf486
5.5.00,Bixby110Downloader.cpp,bixby110downloader::~bixby110downloader(),0,1,0x0001C9F0,0x0001D9F0,0x0041D9F0,1744,412,a79eca9c5c512be0bd4ca3143b5b46b4c9b6464af4b6f38ca2089000cf205ec3,04866ccb1226323cd3999fda9ea4ca289bf4c6958015d21a645561cb958d35ee
5.5.00,Bixby110Downloader.cpp,bixby110downloader::~bixby110downloader(),1,1,0x0001D0C0,0x0001E0C0,0x0041E0C0,1744,412,726f92a9de7040976f16762cdda5f5f29e353295e8d34b12c4ac98010a501f09,04866ccb1226323cd3999fda9ea4ca289bf4c6958015d21a645561cb958d35ee
5.5.00,Bixby110Downloader.cpp,bixby110downloader::gx(char),0,1,0x0001D790,0x0001E790,0x0041E790,64,26,75085f72b8dafcfda85831e55af7ed36f8e3d41f58df6a82450461a21258d601,80372ed0b720abc18885fdbea898ea6a25555ef534d03326ddfdff4376f6cc24
5.5.00,Bixby110Downloader.cpp,bixby110downloader::g2x(char*),0,1,0x0001D7D0,0x0001E7D0,0x0041E7D0,144,59,2d50acb29d844c05fe8404fde4855e83385b26a8fdab47803553f18ddf262555,22979bb2702e54311a59e69f168e4cf282b2a30dd40fd5978c1145164ae80447
5.5.00,Bixby110Downloader.cpp,bixby110downloader::g4x(char*),0,1,0x0001D860,0x0001E860,0x0041E860,320,117,0a1a2b127d24712c8ef182e5fe48e7ed940a3382412618d865baa07d34e9f160,dc7c1249900394eb58b90941c1dff8cd013f63a143ca88e516702bf00c83ed15
5.5.00,Bixby110Downloader.cpp,"bixby110downloader::getbyte(unsigned char, unsigned char*)",0,1,0x0001D9A0,0x0001E9A0,0x0041E9A0,80,36,d7b7a79c2c73ddae754437499f5625aa7d0db2383f04f7c57a1da8079dfd8152,6f6463e2823deb44614cd268dc49dd77e34b13fd04fbaea708d30a3653bc1f04
5.5.00,Bixby110Downloader.cpp,bixby110downloader::getbyte(unsigned char*),0,1,0x0001D9F0,0x0001E9F0,0x0041E9F0,80,35,c7c1a5f36ec4b92128a46d358442703dcfdae5c5da2222570d6bb1e9ce6a4deb,2c21401f197131846a1571e11cf64133fe06f8d674ed0fbcdb3161c8145c82f5
5.5.00,Bixby110Downloader.cpp,bixby110downloader::sendbyte(char),0,1,0x0001DA40,0x0001EA40,0x0041EA40,48,13,cf9914ff01f0d73fb75809f5e0e6453bb126b1557464208a4bf0c30be965a18c,9330dd5c6b79d1871a78cd0466bcb2cd0ff5001096937d4302d91c10bea5dc89
5.5.00,Bixby110Downloader.cpp,bixby110downloader::GetStoveVersion(),0,1,0x0001DA70,0x0001EA70,0x0041EA70,544,134,6844276ce90124c4cb1dca3098ed84b804f2cca36916f158eaa3975c65b7552b,83e1b4b3d9928eb70468a73e7058a3cfb38b6313f916c897572884a38b465416
5.5.00,Bixby110Downloader.cpp,bixby110downloader::AttemptStoveReset(),0,1,0x0001DC90,0x0001EC90,0x0041EC90,64,18,f6b0d411702c5a63345e05b817ac974c106d33be534954ed9d36a63f664e7b62,010bff78b3d85412fb8e711c08e67b56e28161ad12b06ae68ee1595b2b071048
5.5.00,Bixby110Downloader.cpp,bixby110downloader::SendDone(),0,1,0x0001DCD0,0x0001ECD0,0x0041ECD0,160,50,7e2a00ce88633c05cbe9401ea46e587980ef01f415d13cdd135ae5b7179db422,5f4c0b22ebde7b1defd9ea351f440199194c31d610e4c8672121f1816b7eb535
5.5.00,Bixby110Downloader.cpp,"ReadFile_fgets(char*, int, void*)",0,1,0x0001DD70,0x0001ED70,0x0041ED70,160,62,421c67aacf1b30ba2e9b0bdb00deda32dc84438f2a05361a079a8fa8b68176ca,756bd78445db9a9f62737474720935dbf79143abd5aba2039c353443ea17a03d
5.5.00,Bixby110Downloader.cpp,bixby110downloader::LoadHex_Open(char*),0,1,0x0001DE30,0x0001EE30,0x0041EE30,496,128,0e59bc8bfe72ffe58e419cf03fad47999ff0df06f5df1213bdc8f82e74b4e98f,fb90cfd07aa4491a7916709c793efb24501e27e750e12b03edccb3b64284b7c5
5.5.00,Bixby110Downloader.cpp,bixby110downloader::LoadHex_Read(),0,1,0x0001E020,0x0001F020,0x0041F020,400,118,1d26e475ea5402dd895ec4aa6946538173f6861bbc234b015f5a6a4b1b9f623b,3e072fa192a4ee3fdb66ebbb779f178b97a29c3fcfbbd8767980e132a8048f8c
5.5.00,Bixby110Downloader.cpp,bixby110downloader::LoadHex_Close(),0,1,0x0001E1B0,0x0001F1B0,0x0041F1B0,96,31,d9d63626695866e18c9e2aae755f89120ea2ea31722d8b21a0ea937cf7d496b0,f7f402c7e5e9a70b6f898b47d6a3d846df81289a40b7c0514c53a306cedfc429
5.5.00,Bixby110Downloader.cpp,bixby110downloader::LoadHex(char*),0,1,0x0001E210,0x0001F210,0x0041F210,1648,452,e414a9ea357bae1990ab67b58ba318c66c05f5e975d5a26b0411fa1bceeb2acc,9f1f110e4a90de5a2818859d0a5a1e1d1c797e7165c4baac5f92e71d3ca117c4
5.5.00,Bixby110Downloader.cpp,bixby110downloader::DownLoad(),0,1,0x0001E880,0x0001F880,0x0041F880,1280,331,e2dffb8aafb70faded1b64eff4ea07c3233df99aa6c29a3e9f45e7a88ec6eea7,215882463ae79b117c91d9428f3a5168d0deea97a01145d2af5ff54d46ffa9a2
5.5.00,Bixby110Downloader.cpp,bixby110downloader::Identify(),0,1,0x0001ED80,0x0001FD80,0x0041FD80,304,89,9aeb42a9f74997dcd24e3484505fc2cf5daa9c39d9cfc8f5234cdb9df115ebfc,83631dbe1d228ebef071e62153444a35b73a276652d0325331b61227ed7ee2ad
5.5.00,Bixby110Downloader.cpp,"bixby110downloader::Bixby110Downloader(HINSTANCE__*, int, char*, unsigned char)",0,1,0x0001EEB0,0x0001FEB0,0x0041FEB0,4928,1173,32fb9ba0db386aa01f3227325ca584f1dcd3585d8b508c1963e6dc188b67ee66,a862b1d20ae9884bed0f4fc6b964a6994815deaab0166b9e78b130d76908beb3
5.5.00,Bixby110Downloader.cpp,bixby110downloader::StatusMessage(char*),0,1,0x0001DE10,0x0001EE10,0x0041EE10,32,9,a222da57acddcb928513e62114df740c1d9f0940fe63569d6abca0d74f1ce1e2,3ca3637ced4859f9bfc6f3dc511ed5164e36e2e307de427dcb3cf3dfa9def41c
5.5.00,dlgctrl.cpp,CLinkedList::CLinkedList(),0,1,0x000201F0,0x000211F0,0x004211F0,16,7,3dc58b3c44448af923b580e4f533c70ad8b17e2d3a27a5961cbdb8f0413dfd87,bbde383eee8f66c1d1e949fe3fb0a12785c821be8d575fb7fd36e6a5ea5285c6
5.5.00,dlgctrl.cpp,CLinkedList::CLinkedList(),1,1,0x00020200,0x00021200,0x00421200,16,7,3dc58b3c44448af923b580e4f533c70ad8b17e2d3a27a5961cbdb8f0413dfd87,bbde383eee8f66c1d1e949fe3fb0a12785c821be8d575fb7fd36e6a5ea5285c6
5.5.00,dlgctrl.cpp,CLinkedList::~CLinkedList(),0,1,0x00020210,0x00021210,0x00421210,48,21,24d2e3709694dc7debd90fb60c9b3df37c9eb6fbfcacdb9e1712b6e0703634b1,7d21ef70a9f00c26042435e80a33ff9229db4cfd1f84c9b365f1bc50af967b1d
5.5.00,dlgctrl.cpp,CLinkedList::~CLinkedList(),1,1,0x00020240,0x00021240,0x00421240,48,21,2591b253f44bff32f298468d8c5325a51106d660ef798b9230bc9601105cf3eb,29294c2fa3d5d93fe99d881f48a7c42db9c2c6442bc6e74b03ebd6d669f2445d
5.5.00,dlgctrl.cpp,CLinkedList::NewAddNode(void*),0,1,0x00020270,0x00021270,0x00421270,64,24,bb0c59ff8cc7df0754a53c12acfa2710e3089968d9b1e16a8c90e13cdaf40d01,abbd1e486d34834257835275d1040e4fc9d99a2176175eb6f781305428b925d9
5.5.00,dlgctrl.cpp,CLinkedList::NewDeleteNode(void*),0,1,0x000202B0,0x000212B0,0x004212B0,80,34,aec6082e08f955f58cec6a0de6910397e807fbcefff377d26c4323314a7f40f1,94b138aa21106939a5c09deb52da61d519080ec58b36a0ac69ff31495f70325c
5.5.00,dlgctrl.cpp,CLinkedList::GetFirstNode(),0,1,0x00020300,0x00021300,0x00421300,16,8,017e80baae5d0f23b98f5855b54367a396302d2c837c715309dee505ca743aed,74c8bb1cceca679971de2ec09996585db0ae5dd108b25a5e3cbaf2bcb33f1005
5.5.00,dlgctrl.cpp,CLinkedList::GetNextNode(),0,1,0x00020310,0x00021310,0x00421310,32,15,19f1f03153866c890bcc0bd5375eb4e5abaa83b0530dd177dcb58c4b2f935936,9561361c0c16cb7d79a05c56167028fe53d97bf2dba0ae226f87e9edebbaaeac
5.5.00,dlgctrl.cpp,dlgmsgrouter::dlgmsgrouter(),0,1,0x00020330,0x00021330,0x00421330,128,34,1a1f379c0f096d7343982d9284ce5fee6262625e65ad511913f5b7d498571c89,c5972219127f5577d54b823485b21344b2a712bb2764984101da85140dcef935
5.5.00,dlgctrl.cpp,dlgmsgrouter::dlgmsgrouter(),1,1,0x000203B0,0x000213B0,0x004213B0,128,34,a8124821085b7e1af83206403a77c7a52919b60f473ec2770d8c1cd99fc37a57,c5972219127f5577d54b823485b21344b2a712bb2764984101da85140dcef935
5.5.00,dlgctrl.cpp,dlgmsgrouter::~dlgmsgrouter(),0,1,0x00020430,0x00021430,0x00421430,32,12,92cd9ec244af37e62dfc104062ad5959c1fee7697c24ab62f9a0355fb653c048,36629c6df91f15c49113285cc5d162e8a5c2de89035c220166d27c30f7342773
5.5.00,dlgctrl.cpp,dlgmsgrouter::~dlgmsgrouter(),1,1,0x00020450,0x00021450,0x00421450,32,12,64f12f665a26a4a4a4809bd2804706d09af4e1e7afe070b6cd8ab18e6db24f71,36629c6df91f15c49113285cc5d162e8a5c2de89035c220166d27c30f7342773
5.5.00,dlgctrl.cpp,"dlgmsgrouter::DialogMessageProc(HWND__*, unsigned int, unsigned int, long)",0,1,0x00020470,0x00021470,0x00421470,1664,397,bee8381ab316ab1a130e3e0ac144c6c4cd610901a4a1838a00db02bea0c0d881,20c54a4d93a18ab71c5d06ca386f1bc8cfd340c52654ebd460a5e434618b10e8
5.5.00,dlgctrl.cpp,"dlgmsgrouter::AddMessageRoute(DlgMsgNode*, int, HWND__*, void*, unsigned int*, unsigned int*, long*)",0,1,0x00020AF0,0x00021AF0,0x00421AF0,112,38,f260ee6b2381bfeadf8d08beb1b667f5db99658a7c103eff7078f00d16842e16,f5f8e52cb293dd609c69ce21af4e3e3df22c214b512700a0b3239d6cb6801677
5.5.00,dlgctrl.cpp,dlgmsgrouter::RemoveMessageRoute(int),0,1,0x00020B60,0x00021B60,0x00421B60,16,7,86ba25da29ae2d2673d115a8ef63d98412744633981541574f1ebbe0fa4cc5e0,1958fcd7cbfcc214f3ced41de9f36b355dbc5bd71b16a50b007d398d5a987f0e
5.5.00,dlgctrl.cpp,dlgmsgrouter::RemoveMessageRoute(HWND__*),0,1,0x00020B70,0x00021B70,0x00421B70,224,69,48cb99617254b9e51381c617568242890f57caae8c23b37fdc22f54212d505ce,617e771ad4a3b3fcf3abe0cd1c36db6cc3d6efd292e4233da0433eb74cee83e3
5.5.00,dlgctrl.cpp,dlgmsgrouter::GetNewDlgCtrlID(),0,1,0x00020C50,0x00021C50,0x00421C50,32,11,787a409315b680e840e170c96e91678d42a4fed0c929c74626f87af68811d85e,3d313c4652ffa2e7ee4acba4c23406b6a9d05d973e27a789e510bd12c238a4c1
5.5.00,dlgctrl.cpp,dlgelement::dlgelement(),0,1,0x00020C70,0x00021C70,0x00421C70,16,7,ad6cf57b3daeea204a74c4599f8862271b74c35b3704fceff884575e56d2ee6d,dfdca2911ac18aa7ef11cae06f6cf0224cd19f354dc115f946d84f4583417f72
5.5.00,dlgctrl.cpp,dlgelement::dlgelement(),1,1,0x00020C80,0x00021C80,0x00421C80,16,7,ad6cf57b3daeea204a74c4599f8862271b74c35b3704fceff884575e56d2ee6d,dfdca2911ac18aa7ef11cae06f6cf0224cd19f354dc115f946d84f4583417f72
5.5.00,dlgctrl.cpp,dlgelement::~dlgelement(),0,1,0x00020C90,0x00021C90,0x00421C90,16,7,86ba25da29ae2d2673d115a8ef63d98412744633981541574f1ebbe0fa4cc5e0,1958fcd7cbfcc214f3ced41de9f36b355dbc5bd71b16a50b007d398d5a987f0e
5.5.00,dlgctrl.cpp,dlgelement::~dlgelement(),1,1,0x00020CA0,0x00021CA0,0x00421CA0,16,7,86ba25da29ae2d2673d115a8ef63d98412744633981541574f1ebbe0fa4cc5e0,1958fcd7cbfcc214f3ced41de9f36b355dbc5bd71b16a50b007d398d5a987f0e
5.5.00,dlgctrl.cpp,"dlgelement::CreateDialogElement(char const*, unsigned long, char const*, void*)",0,1,0x00020CB0,0x00021CB0,0x00421CB0,432,128,cf782369473ce3b0a2e12af54199c36a5860f65816f25ab7b9e1453a03ac9ffd,047788b8e73d02e2c569f8dd86dc9e21cf3792172acdccde4536b007eea4aa04
5.5.00,dlgctrl.cpp,"dlgelement::CreateDialogElementEx(char const*, unsigned long, char const*, void*)",0,1,0x00020E60,0x00021E60,0x00421E60,432,128,8f65ecf181730d32ee5bfc2a06eea262eeda4fa69561764a8710d8c43ff59750,047788b8e73d02e2c569f8dd86dc9e21cf3792172acdccde4536b007eea4aa04
5.5.00,dlgctrl.cpp,"dlgelement::CreateDialogElement(char const*, unsigned long, char const*)",0,1,0x00021010,0x00022010,0x00422010,48,17,3a9de3f66d8bccd839074db4fb8c68ad62842078fb7937c2f0056ee095aa8059,6abd465793587008b06dbd25f639e44b999b3d66a5d1daa6ed42660376d8dd4e
5.5.00,dlgctrl.cpp,"autocheckbox::CreateAutocheckbox(char const*, int, int, HWND__*, HINSTANCE__*)",0,1,0x00021040,0x00022040,0x00422040,176,57,4a7b02c0d1d2a319ac26afa296e1583df576c3337190b29dfcdd3c59093a9df2,fa6e0fa79b365bab5a93b17a4588b266f1b6aad502501e0d0116ff6165af6568
5.5.00,dlgctrl.cpp,autocheckbox::IsChecked(),0,1,0x000210F0,0x000220F0,0x004220F0,48,17,d68d991e2919944f645813c8afc6f585909b007a0fedb5bc9fd37f9ff524de22,ab25d665d1771e38d0c48e2066fe3c68a805f9040435d6509c20ed21973d62ee
5.5.00,dlgctrl.cpp,"auto3checkbox::CreateAuto3checkbox(char const*, int, int, HWND__*, HINSTANCE__*)",0,1,0x00021120,0x00022120,0x00422120,176,57,c3f5129088d0720b14fe8d8ef178edb69d8b885fc29ea38cfd01c6b0cb098f9f,da3bcb2fd9ce7f990e7fff361d8a758e92609e10a5f79e388941d4b27df5e1db
5.5.00,dlgctrl.cpp,auto3checkbox::IsChecked(),0,1,0x000211D0,0x000221D0,0x004221D0,48,17,f06f512b089395b22d680d728ed0b6137414bcfc96ac21aebc8b7c6f537da7e7,ab25d665d1771e38d0c48e2066fe3c68a805f9040435d6509c20ed21973d62ee
5.5.00,dlgctrl.cpp,"manual3checkbox::CreateManual3checkbox(char const*, int, int, HWND__*, HINSTANCE__*)",0,1,0x00021200,0x00022200,0x00422200,192,61,f35e3940b223924e32e1c04702391718f5edf4c83ca728c51c145fc1112ff4d6,2f36a8b60561de9a802012c6a40c7580fd6dd5cbcd9ad2a0df0af285e3aa7c9d
5.5.00,dlgctrl.cpp,manual3checkbox::IsChecked(),0,1,0x000212C0,0x000222C0,0x004222C0,64,21,011b64847a78cff8ca3a91f277534aee1c19789aea679402a4e66f8f24a36a25,58c4a31fe3fac5484ef5e717ca3b074f422078fdec9c59d9d3ce900c71c56167
5.5.00,dlgctrl.cpp,manual3checkbox::IsUnchecked(),0,1,0x00021300,0x00022300,0x00422300,64,22,c03829ce385e5fdf250b1ab4a92f9bce76a9c32b265cc0721fcf1133100c8966,41fdb66c97948204ba8e0de541668a901b82658bc95394fa7db27ae1b269949e
5.5.00,dlgctrl.cpp,manual3checkbox::IsIndeterminate(),0,1,0x00021340,0x00022340,0x00422340,64,21,0b874c2fa47880ba3ac2c12e6ae14bbc3667d49e0c2a89f2d0fdcdcf41b04547,2ef02ecf432003eeb65afd417c58061c0b3908332678dd4b92a7e84ba9a9bbaa
5.5.00,dlgctrl.cpp,manual3checkbox::Set(unsigned int),0,1,0x00021380,0x00022380,0x00422380,64,21,91c09de2324b23a0d71d46899011934c97b3dcd3c50c800298f5b967d336f2e9,d81dae49de28e687d9eefb24460a4fc3424b19ffdc3ba6ff65877c63256476b7
5.5.00,dlgctrl.cpp,manual3checkbox::SetChecked(),0,1,0x000213C0,0x000223C0,0x004223C0,64,21,adad998098711289089d73bf9aff9e4818844a0ac60c9e7905559829eb9e03ba,28066f8bbea94d58f062d765e2aa9a441ca0166ac50f4895d62913a363964c74
5.5.00,dlgctrl.cpp,manual3checkbox::SetUnchecked(),0,1,0x00021400,0x00022400,0x00422400,64,22,3770e183dbe73ca5ab2f9f92eabf2202c243fdf9427f2c479d38349c9bec4d2e,7d415bddcb035a793d1b1121031178da9db133d2edca75bae8c62cb4cb905cbb
5.5.00,dlgctrl.cpp,manual3checkbox::SetIndeterminate(),0,1,0x00021440,0x00022440,0x00422440,64,21,3842b69adec0ed62549009d0cbfca730111681cefe357476bd08dd63a2d0740e,4168dd24bdb635d8771f1faf75a9077db89d9f0389a1215c709318e655232347
5.5.00,dlgctrl.cpp,manual3checkbox::SetTextColor(unsigned long),0,1,0x00021480,0x00022480,0x00422480,16,8,d42a2955cf67b01a9b155f535cfd7978bba1fec859d39ca344e03ead2c6b956e,e160e1cefb37221fc7265e22dbae5e24413f742e571c62c7697306ff72f6f1af
5.5.00,dlgctrl.cpp,"SetBackColor(HDC__*, unsigned long)",0,1,0x00021490,0x00022490,0x00422490,32,13,db18d7d69f8389b69b698f4d664f9af71fc111705b20c75a01653854e2690517,9f2678bcc579194631a132a23dc986d77fb0eb26fac039d8a09dea018f9941d2
5.5.00,dlgctrl.cpp,manual3checkbox::SetBkColor(unsigned long),0,1,0x000214B0,0x000224B0,0x004224B0,64,21,895c49ccea9f347ddfa692b448ac14d780b97a025d36749efcf01d12dc03e2f3,6262aaeaf1d721bc75b88db701c21e64561adc4bd5660fec200d63d4c837de5f
5.5.00,dlgctrl.cpp,manual3checkbox::SetSimulatedPush(),0,1,0x000214F0,0x000224F0,0x004224F0,16,7,5ca96926bc17ead5a280af106edf3e984590c8d2ca64b24dd4a6586f89a7812a,d1a6fb2e2659e5235fbfba0e101e0932eb39829b72e01a1fda046cffffa15369
5.5.00,dlgctrl.cpp,manual3checkbox::WasPushed(),0,1,0x00021500,0x00022500,0x00422500,32,13,012c8089d9009bbc640ef6cb25418047a401889a3f0cbc73d244072f0ec7b027,f6b938d578a005a32bc830b518e02f80e48d27066b77f0fcb13965b899555541
5.5.00,dlgctrl.cpp,"manualradiobutton::CreateManualRadiobutton(char const*, int, int, HWND__*, HINSTANCE__*)",0,1,0x00021520,0x00022520,0x00422520,256,73,1f776c54271497fe0f85622361475210bd9d2bc53c35068c4e1fd23b05916671,eb50d2a12e3814ecb5a823bd16d95e44bafca3e1c96d635b9114b60a7f3ae0c0
5.5.00,dlgctrl.cpp,manualradiobutton::IsChecked(),0,1,0x00021620,0x00022620,0x00422620,48,17,9023f7e06527138dbf63f3f5c22d49a255db92f17fa1629238770f26697d30ba,ab25d665d1771e38d0c48e2066fe3c68a805f9040435d6509c20ed21973d62ee
5.5.00,dlgctrl.cpp,manualradiobutton::Set(unsigned int),0,1,0x00021650,0x00022650,0x00422650,64,21,f5feb65aa260bfa439415f932f6b9892e6187dc5d8106671d109a8cc2ee57f4a,d81dae49de28e687d9eefb24460a4fc3424b19ffdc3ba6ff65877c63256476b7
5.5.00,dlgctrl.cpp,manualradiobutton::SetChecked(),0,1,0x00021690,0x00022690,0x00422690,64,21,9acb5d913abee74a9f8f9b2326cf93acf392dc0d0c7fef7c0020250ea5b420a2,28066f8bbea94d58f062d765e2aa9a441ca0166ac50f4895d62913a363964c74
5.5.00,dlgctrl.cpp,manualradiobutton::SetUnchecked(),0,1,0x000216D0,0x000226D0,0x004226D0,64,22,5eab0dde4046c30bb115afd34fcd43d105c3b9d0d139bfbd242031dc2f38bc90,7d415bddcb035a793d1b1121031178da9db133d2edca75bae8c62cb4cb905cbb
5.5.00,dlgctrl.cpp,manualradiobutton::SetSimulatedPush(),0,1,0x00021710,0x00022710,0x00422710,16,7,5ca96926bc17ead5a280af106edf3e984590c8d2ca64b24dd4a6586f89a7812a,d1a6fb2e2659e5235fbfba0e101e0932eb39829b72e01a1fda046cffffa15369
5.5.00,dlgctrl.cpp,manualradiobutton::WasPushed(),0,1,0x00021720,0x00022720,0x00422720,32,13,012c8089d9009bbc640ef6cb25418047a401889a3f0cbc73d244072f0ec7b027,f6b938d578a005a32bc830b518e02f80e48d27066b77f0fcb13965b899555541
5.5.00,dlgctrl.cpp,"pushbutton::CreatePushbutton(char const*, int, int, int, int, HWND__*, HINSTANCE__*)",0,1,0x00021740,0x00022740,0x00422740,128,38,6ff0226ce8530bb292b6a2fa7e3f4e53490535f5504bf39bb8d178bf2097e24b,d7ec0df928b6789ec31be6c36c4f9239692abf8aa6183d670bbf83ed6f2e318d
5.5.00,dlgctrl.cpp,"pushbutton::CreatePushbutton(char const*, int, int, HWND__*, HINSTANCE__*)",0,1,0x000217C0,0x000227C0,0x004227C0,336,97,d3abece2f72d3a87f125e2a8db07368a04373d3c0f0dd0f9a4b0567713f0dd82,df4c22352e901472470ebda1a37347d9916f83e90a427fc9d1adadbdfe557711
5.5.00,dlgctrl.cpp,pushbutton::WasPushed(),0,1,0x00021910,0x00022910,0x00422910,32,13,012c8089d9009bbc640ef6cb25418047a401889a3f0cbc73d244072f0ec7b027,f6b938d578a005a32bc830b518e02f80e48d27066b77f0fcb13965b899555541
5.5.00,dlgctrl.cpp,pushbutton::SetSimulatedPush(),0,1,0x00021930,0x00022930,0x00422930,16,7,5ca96926bc17ead5a280af106edf3e984590c8d2ca64b24dd4a6586f89a7812a,d1a6fb2e2659e5235fbfba0e101e0932eb39829b72e01a1fda046cffffa15369
5.5.00,dlgctrl.cpp,pushbutton::SetTextColor(unsigned long),0,1,0x00021940,0x00022940,0x00422940,16,8,d42a2955cf67b01a9b155f535cfd7978bba1fec859d39ca344e03ead2c6b956e,e160e1cefb37221fc7265e22dbae5e24413f742e571c62c7697306ff72f6f1af
5.5.00,dlgctrl.cpp,pushbutton::SetBkColor(unsigned long),0,1,0x00021950,0x00022950,0x00422950,80,26,5ef7b70fb9ff6e891e8ad6d31a298a99b6ce99aec10a9026d5c7b9bca8ae3a80,d4b5d1d095971c1d04e20bc5dd2f4db36ed297dd7f93c4017553467e4baad5b6
5.5.00,dlgctrl.cpp,"listbox::CreateListbox(char const*, int, int, int, int, HWND__*, HINSTANCE__*)",0,1,0x000219A0,0x000229A0,0x004229A0,160,53,94df21da9cb57388e7bee90a5ead8f451fc415806413d6a586d0eb569e4d0f9f,194bded613d333cae9ecd1150337c0ad168907988126525e41ad9d3781c757cf
5.5.00,dlgctrl.cpp,listbox::Addstring(char const*),0,1,0x00021A40,0x00022A40,0x00422A40,48,17,4daf6ff4d0da8b58e4fe8270b8071cf94a631ada286dacfdeede0a16d8603cee,a787f59c3498d6456abbf7f90dfec30f15c68bb916e9509ebf7a51fb112770a1
5.5.00,dlgctrl.cpp,"listbox::Insertstring(char const*, int)",0,1,0x00021A70,0x00022A70,0x00422A70,48,17,77f116d5e4404d39817e83f2154fc3b785ef8b5a9b3a8688fcea14410e0e9505,c4f1193d32077ab03a36524c272b8be544638eea7593b71d46cfe3b8567d6bda
5.5.00,dlgctrl.cpp,listbox::Deletestring(int),0,1,0x00021AA0,0x00022AA0,0x00422AA0,48,17,fec8f0e3c7ef257a2c9507f52fc942630b263524e984fbd1494e088c4efd7c09,8c3558b2d2066e2035b6f0fe6af6d060b43140f671a4b8f2a47e42ad88c5b1e6
5.5.00,dlgctrl.cpp,listbox::Getcursel(),0,1,0x00021AD0,0x00022AD0,0x00422AD0,48,18,594c7b0745f3f2bbff0f5b756e8dd8fb7209e155aa2e4f1f6c481a81b2a78599,2ac23ebbb0eb24b7a5bc552985d2b4697370c9636b06c7d83e8ad020ed4d43d5
5.5.00,dlgctrl.cpp,listbox::Setcursel(int),0,1,0x00021B00,0x00022B00,0x00422B00,48,17,fedb57bc82f53145d555fd34fdd916ff86afa63f968796db6da01fff8c328afa,7bbd3f1442ed6a6340ffaf194c3415538dffd9bf107a04d91ccfae4229eae5b9
5.5.00,dlgctrl.cpp,"listbox::Gettext(char const*, int)",0,1,0x00021B30,0x00022B30,0x00422B30,48,17,3577e63410a10f21a671c94383854a3f4a28b7271e3f7226e900d7788b58f3b2,270a8d875bd2761501c4707e29ee8f4adfab372fe33476b57899a2d14c4c76dc
5.5.00,dlgctrl.cpp,listbox::Resetcontent(),0,1,0x00021B60,0x00022B60,0x00422B60,48,18,81112eb8635963fb421d01ea2cd06b05792edd9542fac4397eb91f617f9058d2,b482b6696227e259fa1030100e21da492ae7095dbbe799680fdaf57136c1d458
5.5.00,dlgctrl.cpp,listbox::WasPushed(),0,1,0x00021B90,0x00022B90,0x00422B90,192,52,89d39ccba551af4efc8b5e8bda6fe0c1f68ac3555c47cabea01e4ef0074d49bc,253f73e10d67f8dd35e0452c96f3fea324185f6340e2343f7ef050d1949a9c1b
5.5.00,dlgctrl.cpp,listbox::WasDoubleclicked(),0,1,0x00021C50,0x00022C50,0x00422C50,48,17,6e2515cc2029ff8190c2f3785f428623c5832a1a59fa134faeca8e7fa5dad3d9,3d64b4325983947bbaf8fb44d7bd5cdb7d721c19b02ac5363f711bdf63666460
5.5.00,dlgctrl.cpp,listbox::WasSingleclicked(),0,1,0x00021C80,0x00022C80,0x00422C80,48,17,755c1678d989e201526b07c18d3a5e526a1a3659b43ab94719f303dd3d03bcea,f26484eb162911157ccb068cbeaee8e9bdbd78398ac52dc75ca704d68779b30e
5.5.00,dlgctrl.cpp,"edit::CreateEdit(char const*, int, int, int, int, HWND__*, HINSTANCE__*, unsigned long)",0,1,0x00021CB0,0x00022CB0,0x00422CB0,192,60,1c5a50284a4c6c379be73bc81e259a76adc79779422fc1f9e49e84adbe079bed,8ee3e0fe76df4e0a18d4c2d5b077b3d4d7d53dd248ff92b68313b00d3eac33d4
5.5.00,dlgctrl.cpp,edit::Gettext(),0,1,0x00021D70,0x00022D70,0x00422D70,64,19,27016d7a3e87c8ea32c72af6de99c8cb71980b1dee623bf944ad2b02c871a2fd,599622286fb989b8e201df73cf8cc90c633b959d42949d0d9dacd6919d984753
5.5.00,dlgctrl.cpp,edit::Settext(char const*),0,1,0x00021DB0,0x00022DB0,0x00422DB0,128,42,8a5812c5d05dd8ab16426d4a32785d133521329aba6f39af21dbcecb6159aeb1,998b705b2b8a9e43ad806222f8fae012a4438541f10f2938be4be5c87b4539e7
5.5.00,dlgctrl.cpp,edit::SetTextColor(unsigned long),0,1,0x00021E30,0x00022E30,0x00422E30,16,8,d42a2955cf67b01a9b155f535cfd7978bba1fec859d39ca344e03ead2c6b956e,e160e1cefb37221fc7265e22dbae5e24413f742e571c62c7697306ff72f6f1af
5.5.00,dlgctrl.cpp,edit::SetBkColor(unsigned long),0,1,0x00021E40,0x00022E40,0x00422E40,80,26,93df13cc191b2f97b8fa15bbd688d85c6fd1554eb1be811694cb2343245cab73,d4b5d1d095971c1d04e20bc5dd2f4db36ed297dd7f93c4017553467e4baad5b6
5.5.00,dlgctrl.cpp,"editex::CreateEditEx(char const*, int, int, int, int, HWND__*, HINSTANCE__*, unsigned long)",0,1,0x00021E90,0x00022E90,0x00422E90,176,59,a4098c0e7680cfa618e0d8105c8f603ddaf0ac17f069d111eba27bd0b6179635,6c3988749a7622e1ab76553ea8aabcde7dcb1b861521600c0b04bf6317dd3254
5.5.00,dlgctrl.cpp,editex::Gettext(),0,1,0x00021F40,0x00022F40,0x00422F40,64,19,4d75e654f96d6a05994135ecbffe56bb9e001007bea9925cacbe29f17e4b55a7,599622286fb989b8e201df73cf8cc90c633b959d42949d0d9dacd6919d984753
5.5.00,dlgctrl.cpp,editex::Settext(char const*),0,1,0x00021F80,0x00022F80,0x00422F80,80,27,a88589800507cb67adb79c8ffe4c2aea4218762fb169eaf5df54093c52ed46c7,c5fc29345f1297e722fa3e201f909d8b7fa9adaa1791e8b1e0de1eaa5c022542
5.5.00,dlgctrl.cpp,"scrollbar::CreateScrollbar(char const*, int, int, int, int, HWND__*, HINSTANCE__*)",0,1,0x00021FD0,0x00022FD0,0x00422FD0,112,32,b0e7bc7dc589e6c9ff0f4e362c2c93279a9b84ba2edaec17b9f57a88349de341,2858b250d3163240bbeff92fb7263af71144b70f6e883fddbe46c277194965dc
5.5.00,dlgctrl.cpp,scrollbar::SetInfo(),0,1,0x00022040,0x00023040,0x00423040,64,19,b01c9ab7d1cc24344a14edf85fd181d4ccf1555ce85c62b81d566ee0c104c7f2,318ec9e4f2d0d8de22f08ca2d3fbc76cf1d54ab28a3428f71bc495d505eeef67
5.5.00,dlgctrl.cpp,scrollbar::GetInfo(),0,1,0x00022080,0x00023080,0x00423080,48,16,f54dacc4ec3efe677298a1fa0e46bd844dc5754a454846b4b0e850647d4f4929,409f9cd97bd588b4fbeadf56c9ea473f2bca5bc0d6f9dfacdc83950ff1810e86
5.5.00,dlgctrl.cpp,"scrollbar::SetRange(int, int)",0,1,0x000220B0,0x000230B0,0x004230B0,64,20,1199613d20e540fbb3ce5deb78f0b2cdd118d925d01307d1c4b2c2a5d2139c19,5f5a7485f1d3805a5712b2965f2e0e6652863cb8835745e5dfc91e6230227ec5
5.5.00,dlgctrl.cpp,scrollbar::SetPos(int),0,1,0x000220F0,0x000230F0,0x004230F0,64,19,5569419f2adcced7af58c313eadb513116e9d1c2df8a1cc6ee4e74b5f47af91b,b900b4d2c6510adcbb82350afa3f9fd4f3ef1423ce88afad810101be4bd3ac98
5.5.00,dlgctrl.cpp,scrollbar::GetPos(),0,1,0x00022130,0x00023130,0x00423130,48,15,b074fb2b32093accb2ea522fa63bfba1915d4355228b17f8beab780136c3889a,5d8b5c7b8bdd5f59411c38e4e92bca8c7d3ced117e079e162a33314f45b3ff39
5.5.00,dlgctrl.cpp,scrollbar::WasMoved(),0,1,0x00022160,0x00023160,0x00423160,48,15,33e33de46c84c803a4ee2730eaf493ce12c64d08dd719be24ecebe13b07ef860,7bc5754180e28ce06fbfcf67973d693036e3dadd9b1c7adb3e78ba172eb97d54
5.5.00,dlgctrl.cpp,"statictext::CreateStatictext(char const*, int, int, int, int, HWND__*, HINSTANCE__*)",0,1,0x00022190,0x00023190,0x00423190,240,75,8368c9f4493dce9c243a17efdca68687614b4ffc3336f613a5b9ec860e9be808,99c92f744aec298b63e6d2145c5c57c6f4d0a88723d89373fabc808d4b2ca354
5.5.00,dlgctrl.cpp,statictext::WasPushed(),0,1,0x00022280,0x00023280,0x00423280,32,13,012c8089d9009bbc640ef6cb25418047a401889a3f0cbc73d244072f0ec7b027,f6b938d578a005a32bc830b518e02f80e48d27066b77f0fcb13965b899555541
5.5.00,dlgctrl.cpp,"staticborder::CreateStaticborder(char const*, int, int, int, int, HWND__*, HINSTANCE__*)",0,1,0x000222A0,0x000232A0,0x004232A0,96,30,755a03fbb2b551451e93435c05bb437fa046a5ec7140fecc97743e82d7470fc7,f746e608de175f1fb36dffff4730c081f656e618e461617d6595feb6ffd96d26
5.5.00,dlgctrl.cpp,"DlgWindowProcedure(HWND__*, unsigned int, unsigned int, long)@16",0,1,0x00022300,0x00023300,0x00423300,288,86,339c3f3522f4a57e10c4df6e0dec087b7f544f4fd20190d8d17cad0847e6cb21,bde92c0ca8c46712f85f1037680b5da009b8c44e1b7fe7b720f4ef9344618c7c
5.5.00,dlgctrl.cpp,dlgbox::RegisterClassA(),0,1,0x00022420,0x00023420,0x00423420,240,62,5f5bff01ec3466f25ec0ab3d59b0e9848064a2d6de8bb1d96d32748b44d1b2ad,f3d9b5eeaadd47fbfc2f97d098cf5e6413a3712639d58e2e6b6a0428c61b2230
5.5.00,dlgctrl.cpp,dlgbox::UnRegisterClass(),0,1,0x00022510,0x00023510,0x00423510,48,14,ed6c13e17c085a64c4cefd55972ab08dc9eda8c40b1996bc6b66f0218906aa67,e7654455c37f4389c331ee2e0591a2edb867efcf59a215a6b7542c34b33ad65c
5.5.00,dlgctrl.cpp,"dlgbox::CreateDialogBox(char const*, unsigned long, char const*)",0,1,0x00022540,0x00023540,0x00423540,544,146,f9c9e2b9931750cee059c853c03f1ced6beefa641bbeb65ea9fc2a6feab464e8,e760d33a15a8c700e91f7ada61de03e07909691a4736e59f2e370f12942c1d9f
5.5.00,dlgctrl.cpp,filerequester::filerequester(),0,1,0x00022760,0x00023760,0x00423760,240,50,0ed0a279283c08765147ca500542fd8f9c70faa8ba14a291e16129911de1fa85,e0009204936157e9a9ed1dd0e2176e4742a088935875ff52a94cc783f2ecb4bb
5.5.00,dlgctrl.cpp,filerequester::filerequester(),1,1,0x00022850,0x00023850,0x00423850,240,50,de756892cb00cd391902932e8f3b9cb2571877cceaba6224ddfdfd9fea80b80a,e0009204936157e9a9ed1dd0e2176e4742a088935875ff52a94cc783f2ecb4bb
5.5.00,dlgctrl.cpp,filerequester::~filerequester(),0,1,0x00022940,0x00023940,0x00423940,256,82,062d0a91610889e51ecf429a001206e76570814710c20340ee6d7ee82af93f8f,7db96744b211bebd7143d3ac6aa26f972ae6e0dae8f30213c43ef62bc53ad62f
5.5.00,dlgctrl.cpp,filerequester::~filerequester(),1,1,0x00022A40,0x00023A40,0x00423A40,256,82,1ac4fb13b1c27ee491b1cde8406283d750a88bf7d7ffa5bf805b554687d6cc36,e4605415b8a9467489a0b2e5b3697963d7d32fd9d6b91460471dbe7d1a357a65
5.5.00,dlgctrl.cpp,filerequester::GoUpOneLevel(char*),0,1,0x00022B40,0x00023B40,0x00423B40,80,28,745a51553a0d18b53002a258865332257b004b95e082f4955b813786d76bf71b,c3a7c0bf7f3cd6f4f7559cce0d8d869f80d5cbaaccd84bdefd18bdcfbe0af1e3
5.5.00,dlgctrl.cpp,filerequester::AddExtraBackslashes(char*),0,1,0x00022B90,0x00023B90,0x00423B90,112,49,49e00526f6bf7b4634a2ac7fbe4e6183b775fb8e50068e9d403824af0586339d,3031f0367d4fb8bb1a167fc9628cc266cd2f49cb2d4cb946add96893a01389f2
5.5.00,dlgctrl.cpp,filerequester::ReplaceWithForwardslashes(char*),0,1,0x00022C00,0x00023C00,0x00423C00,48,23,4c2f666cea0bdff582515c7b1fb1a7ed9f788f40d719fb5c7454a99f507d6e86,957b4f35651124946f28d69fa6640d49a8274eff182f3f1adb8aaa40f7b17b16
5.5.00,dlgctrl.cpp,"filerequester::GetVInfo(char*, char*)",0,1,0x00022C30,0x00023C30,0x00423C30,128,36,4fbbc5bcdf15e2cc321f01f354c2e0f0126d229e578186525c8f92131c321468,a0a1a8457f36a72909d21a52d7f5a0d78b232ee9d0e9915204544892d7216ec7
5.5.00,dlgctrl.cpp,filerequester::ParseDriveStrings(),0,1,0x00022CB0,0x00023CB0,0x00423CB0,592,139,a7a1c6c63fc0f8af5709b0c7becd6f26f08db71f0272d30b8d2279df24d7cbad,dacf89eec7725271acb937bc430a653c0e7cbd22e58943e6e4166019b8d1bddd
5.5.00,dlgctrl.cpp,"filerequester::FileRequest(HINSTANCE__*, char*)",0,1,0x00022F00,0x00023F00,0x00423F00,7456,1744,203dfa0455ad7409572c0d63b723a079b2a553883763229f434199e2901f5d14,79244e9eac22443d86bd3f52c4b49c4844789a151b99544d214b5c186b444e2f
5.5.00,dlgctrl.cpp,"__static_initialization_and_destruction_0(int, int)",1,1,0x00024C20,0x00025C20,0x00425C20,368,96,31d122b3263066110daec2413a4adc8e959555d726f6c92dcf354b3a639dcca8,099c6e31ee496c5401398e20bfbadb3317ab3d45cd4d40e272f03e88e9164cd0
5.5.00,dlgctrl.cpp,global constructors keyed to CLinkedList::CLinkedList(),0,1,0x00024D90,0x00025D90,0x00425D90,32,9,ae653eeffe54a4939e37963646f6ea90c5d26003d951e2be6763063856bbb191,fb6380c3769fe354f2d3a491b33dae6014618747c2e1206e75e5e3ebffd0db08
5.5.00,dlgctrl.cpp,global destructors keyed to CLinkedList::CLinkedList(),0,1,0x00024DB0,0x00025DB0,0x00425DB0,16,6,b404a5d1aa07c8943c1c35899aeb3bc128e173e24b77cfeac264431a06974f69,6f5b5a16f6da5c61d28a0531ffdbf0eaac9ec8624913b7ecfde657edddd98e2e
5.5.00,FindFile.cpp,FindFile::matchCriteria(_WIN32_FIND_DATAA&),0,1,0x00024DC0,0x00025DC0,0x00425DC0,1888,440,159e882348254abe1d398363cb08524e5088cf04ea40a7f74ae373e46fb5d83b,20dbe379b775e1d1fe3c12579e248396ab2a0c56c6c146584e9a8663fc8e6e13
5.5.00,FindFile.cpp,"FindFile::combinePath(std::string, std::string)",0,1,0x00025520,0x00026520,0x00426520,192,54,307dbf6657121da6bd4aabb2722d710184da8e9407e7c16a3efbfda045bc15e7,b78b5221fb734518a441c8a75d994686f1323a5a0a0d6e4cbb2b15134379c63e
5.5.00,FindFile.cpp,"FindFile::getFiles(void*&, _WIN32_FIND_DATAA&, std::string)",0,1,0x000255E0,0x000265E0,0x004265E0,1408,333,988aad03af3719dcc36b415cc1493590aa2a07809d615cba15d069a506ce5970,0774777caca7653bf37e45fc42ed7d96e3196ba9c0423e935478dc809c4a90a6
5.5.00,FindFile.cpp,FindFile::FindFile(FindFileOptions_t&),0,1,0x00025B60,0x00026B60,0x00426B60,1456,347,9656b1d41f458effdc73dd9f387f4f54dd3b52db23af82c51a7c4bd97da5c313,8d519619add0f1b66f933ba45f0b38702d9bf60981d5db714f30810b90113f1e
5.5.00,FindFile.cpp,FindFile::FindFile(FindFileOptions_t&),1,1,0x00026110,0x00027110,0x00427110,1456,347,bcabc5f14430628ba34fcfe136b3d3d58302d41c12fda0d7d447b4d8bdab966b,8d519619add0f1b66f933ba45f0b38702d9bf60981d5db714f30810b90113f1e
5.5.00,FindFile.cpp,FindFile::~FindFile(),0,1,0x00026700,0x00027700,0x00427700,2352,556,930e3c0dd14469df47fb375f2bb43bce3c14e49880b2db6e0c7363bec7bb773c,7baf611e64dc19ae394941240a080653c010aab1e81168200c7f36fe44ee89dc
5.5.00,FindFile.cpp,FindFile::~FindFile(),1,1,0x00027030,0x00028030,0x00428030,2352,556,f51d417d34861fdbeea435e1aa0d151a984490f4e9d4dbde0a44e317b7154f49,7baf611e64dc19ae394941240a080653c010aab1e81168200c7f36fe44ee89dc
5.5.00,FindFile.cpp,FindFile::search(),0,1,0x00028120,0x00029120,0x00429120,368,101,1c7f2317ea16f3be272a3ac0f19d4bb49aab4a39c7aac7f7a8d447b0f0c22806,46d366a29c33cd4c4750e8abf6fcc6c3d661d9e0bc687a80a2879e1da1bc5491
5.5.00,FindFile.cpp,"std::vector<FileInformation, std::allocator<FileInformation> >::_M_insert_aux(__gnu_cxx::__normal_iterator<FileInformation*, std::vector<FileInformation, std::allocator<FileInformation> > >, FileInformation const&)",0,1,0x00035E30,0x00036E30,0x00436E30,2416,530,704a4a52e2c572f2d97f53ae80d01d7e8c68d98fab21edbc8dd06096cff3b4a0,a88d38e861eed4d924dc5d06bb5faab057931a049aeffb965efdb738e3d87079
5.5.00,FindFile.cpp,"std::vector<FileInformation, std::allocator<FileInformation> >::erase(__gnu_cxx::__normal_iterator<FileInformation*, std::vector<FileInformation, std::allocator<FileInformation> > >, __gnu_cxx::__normal_iterator<FileInformation*, std::vector<FileInformation, std::allocator<FileInformation> > >)",0,1,0x000367A0,0x000377A0,0x004377A0,384,112,f2b5242e43b95213fca0c068292157e05251c121e5c16ba6e7f4d0da5621f2b4,f4d0b877420349334fe8c41da56dccebd561154fb3775cd6f9f2651f88b2d038
5.5.00,FindFile.cpp,FindFile::scanPath(std::string),0,1,0x00027960,0x00028960,0x00428960,1984,429,1d8ca9f76abcb5d470fc4736bb42f3b1166c45fe7ed2a9749516a7eaba8554fe,6bf16db48c95b780fac3f7de326df413f645f9a7ca69550b46896f6d83be3b5c
5.5.00,FindFile.cpp,FindFile::clear(),0,1,0x000266C0,0x000276C0,0x004276C0,64,20,5158ca17dc54620ef9bb73bb8f35c3caca17c87835b5f287ad61e141fed1d282,619051b6a6c78594e91510a3453c90ef916b346395b660b208bf0f3dfae86b06
5.5.00,main.cpp,Redraw(),0,1,0x00028290,0x00029290,0x00429290,16,7,155bf65ffc4be1054e7992f4b446d57f316729cbbdd089194fcf63b482675336,e45140c1c067de5bd3d61622fb5ed7a4654f3163693b3ee22bd153b085a2ab3b
5.5.00,main.cpp,GetComPort(),0,1,0x000282A0,0x000292A0,0x004292A0,64,19,35379dc2c9a30557f7e6432b364fbdaa368d4aeaffec28d92f38ca5e42892edd,92e145e74687f40e5b55e1a64626e906f89859e9445abadf64c59f115b60e4a0
5.5.00,main.cpp,"GetTextExtentCharSum(HDC__*, char const*, int, tagSIZE*)",0,1,0x000282E0,0x000292E0,0x004292E0,112,40,d743fe9eeae94c1cd2acec192ace2234bda53460e4acf21b853d4831915d8139,4a6dd3aebe0acf58cdeab70cb18b4d87cf4adc708fcfe03a54931bd28b5ab53c
5.5.00,main.cpp,WinMain@16,0,1,0x00028350,0x00029350,0x00429350,4016,886,2881b4701833abc52a77b794ef5053196e95116e9731bb05f311a2c2107d1a72,977ec7c2111f322fbad8f6b38cd2df0fe9dd7c5a0905994cd16fbcdf1258323a
5.5.00,main.cpp,"WindowProcedure(HWND__*, unsigned int, unsigned int, long)@16",0,1,0x00029300,0x0002A300,0x0042A300,256,72,553589121d69ae519667d8f5cc0fbf289340366cd63ffa677757d6f7db62b660,4e5ac75cef3fe2ac1ed788bda0db9ea6703ea1d0b327759d5e78defc0c72e303
5.5.00,main.cpp,global constructors keyed to szClassName,0,1,0x00029400,0x0002A400,0x0042A400,1680,387,a6557957b9e80fb1063836f0bac2476307601d11bd8e6642e9555dabb1bd53a3,3676ae140f6cd478c7d70dba604427929dad6ed29c6a8d261f60c14b4c3186c7
5.5.00,PocketCalculator.cpp,pocketcalculatorcontrol::pocketcalculatorcontrol(),0,1,0x00029A90,0x0002AA90,0x0042AA90,288,76,947860e3bb1aae901cce05eb02e78ec987cc0b6195cfaa5d5f8afb9682993043,eea7673ad9cfa5f983b57ac5d88fcc0ceb1fca56a688fc3bca3873f4b3eb05fe
5.5.00,PocketCalculator.cpp,pocketcalculatorcontrol::pocketcalculatorcontrol(),1,1,0x00029BB0,0x0002ABB0,0x0042ABB0,288,76,7c112054ab5375b50befbd16d866f8def73f6f407c5aaa0a5b8fa1b591532ed5,eea7673ad9cfa5f983b57ac5d88fcc0ceb1fca56a688fc3bca3873f4b3eb05fe
5.5.00,PocketCalculator.cpp,pocketcalculatorcontrol::~pocketcalculatorcontrol(),0,1,0x00029CD0,0x0002ACD0,0x0042ACD0,96,38,2671872a8b5634c3884e3b4835b82595e0203f2737bcde30f57e941124554792,4a31df2e5e29b854337f4c8ff78005c8e61f5908d84840d32afab9a8594c0dce
5.5.00,PocketCalculator.cpp,pocketcalculatorcontrol::~pocketcalculatorcontrol(),1,1,0x00029D30,0x0002AD30,0x0042AD30,96,38,3d0355bd9dd0956158ca3a2c71f7c0e91c32b9b52f9cbf8024be47720cb51e2c,4a31df2e5e29b854337f4c8ff78005c8e61f5908d84840d32afab9a8594c0dce
5.5.00,PocketCalculator.cpp,pocketcalculatorcontrol::CalculateEquals(),0,1,0x00029D90,0x0002AD90,0x0042AD90,160,47,161e93af1d557bd97b3749c6de8383ac8d0f80e3a65223ef8f2eb9842a7c1814,884cacc4969dc93e9e1305ca8e712fd6fb02f84cf9e4d151d7255a38bf27b49e
5.5.00,PocketCalculator.cpp,pocketcalculatorcontrol::PocketCalculator(HINSTANCE__*),0,1,0x00029E30,0x0002AE30,0x0042AE30,2832,661,8b70845e5e5af95b76ba6318f9a3cac5f97b5bccc519f110c7e209dfcce69d65,70e8c90f74fe33648a1a5d28cbe841902b54f56cf13d9fba39bca65a15031c24
5.5.00,wildcard.cpp,"wildcard::match(std::string, std::string)",0,1,0x0002AE30,0x0002BE30,0x0042BE30,2640,609,7c3629e6260ad54cff7ba007054544d35668d3bee434d8714b50cac3784c84ad,9e46abc597a2e73e855eeae6ff781a466be0e51b3d7003e56a3a67eedb6c3fb3
5.5.00,wildcard.cpp,"wildcard::wc_cmp(char const*, char const*, int)",0,1,0x0002A9B0,0x0002B9B0,0x0042B9B0,80,33,2d24cce19d2be3c215f9e467cbc62b438cd789f05d66bd8ad5baa2c389ae397d,ee6802f17f454f25a1f1ac9ffa62c19e60f909c846313d32b02f32e252617d64
5.5.00,wildcard.cpp,"wildcard::find(char const*, char const*)",0,1,0x0002AA00,0x0002BA00,0x0042BA00,128,57,b6633a2b8fa67911c2527f5b64a895d5b5249b9c10d1d31e31ee6a32aac05879,f850a95f2c55064e2c58d07ffc0ae3386bff85847feda7311ba818ba930c1ff3
5.5.00,wildcard.cpp,"wildcard::EndCmp(char*, char const*)",0,1,0x0002A940,0x0002B940,0x0042B940,112,47,4dc607ac37e220b44a12d3be6ba83bb0826037c680210f7225b5d2f4ac7c08db,1ef5f773e2e7ded26939babb9697f921f8b4ab50c4cf362ad30dd4f99851e4e5
5.5.00,wildcard.cpp,"wildcard::StartCmp(char*, char const*)",0,1,0x0002AA80,0x0002BA80,0x0042BA80,112,47,f64db39a9706f48f318fcd9fa3b9249a9058b45869434069bdcd759ce191221e,5258cb5bef31f0e046525ba7c74c07485cacad068b3a8c580f4278f908bb2991
5.5.00,wildcard.cpp,"wildcard::wildcmp(std::string, std::string)",0,1,0x0002AAF0,0x0002BAF0,0x0042BAF0,832,227,5aaa43f6e954ed5d45a2525ba5be97ebd9b87432fd124743a32a0009ff600cbb,8ee094ed1bb322d92c13ab161132fa11a9ae57d223ce2f53f4253d67f4e276d8
5.5.00,del_op.cc,operator delete(void*),0,1,0x0002B880,0x0002C880,0x0042C880,32,19,b1e047f2b2d7ca478b72336a2d2e2eedd908133296740981a18700135325a2d4,8cec5f94645f5e4baaf19b3da362b8f450fb2c33ccfe1bb7ff6b417fe3f346cd
5.5.00,new_op.cc,operator new(unsigned int),0,1,0x0002B8A0,0x0002C8A0,0x0042C8A0,272,83,8efa86b933e244852dea7f65c881b9b8362e415ce40c972e93dae5e9881e4e82,b4bb57c614122bd56bfa7ae888e9f47c78c4af199f2c00cd5e928c637bf52042
5.5.00,eh_personality.cc,"base_of_encoded_value(unsigned char, _Unwind_Context*)",0,1,0x0002B9B0,0x0002C9B0,0x0042C9B0,128,47,07d2bae8c4544f614e4f33eda8277046336dcff9eacf1e951ea193fee9ea548c,0c362d1cadc7f1a8c20bd55fa5dd1634ed0c7df4aa54b471b6f8e2b09745e141
5.5.00,eh_personality.cc,"read_uleb128(unsigned char const*, unsigned int*)",0,1,0x0002BA30,0x0002CA30,0x0042CA30,80,35,c99a9cc8e99882997e042aefbc041454b8b57544a23ca5a2eef4912abc882d8c,b4b2808b2d43d9715507a08e18adada90c2f7f2050d194de8d8d1e82b25616fb
5.5.00,eh_personality.cc,"read_sleb128(unsigned char const*, int*)",0,1,0x0002BA80,0x0002CA80,0x0042CA80,112,44,7b46b182e3c8a43c1e41fa1111d43e47599caaa32041c99f4bcded0baf67c05b,c0bad11794b7ca5c046a96836c071fc7b006f9f9c4876942c4596ceb8a931dff
5.5.00,eh_personality.cc,"read_encoded_value_with_base(unsigned char, unsigned int, unsigned char const*, unsigned int*)",0,1,0x0002BAF0,0x0002CAF0,0x0042CAF0,208,80,81f797fbe9e85be7704b743f24cb7f761f154260374f49b6cd0773c412884b04,ebaed989bc28654e884fc716a9b2a1e7a1666042689a64c62c5469321aff9dda
5.5.00,eh_personality.cc,"parse_lsda_header(_Unwind_Context*, unsigned char const*, lsda_header_info*)",0,1,0x0002BBC0,0x0002CBC0,0x0042CBC0,208,80,9f22c075986b5ce30296c380c9e0a2049c426c53a3a82124bf6e1931ac70be8a,0ba53f99cf49fab707b918d10a5ab8bc488959122c1ed394e275918e51d5a219
5.5.00,eh_personality.cc,"get_ttype_entry(lsda_header_info*, unsigned int)",0,1,0x0002BC90,0x0002CC90,0x0042CC90,128,45,442c8063cce9030a7dcc5b95b4489c0a21255bbeb51e3baa6e9ad40ff8ffefb6,df1492dbaa2d5da07169074743c52b30f434c53cc8b70cda2981a0d470611c44
5.5.00,eh_personality.cc,"get_adjusted_ptr(std::type_info const*, std::type_info const*, void**)",0,1,0x0002BD10,0x0002CD10,0x0042CD10,112,42,d06a593a7d0b9b3b2ceb0c74b669e2e7fe1f09597246828c4c0fff80c92d318c,f6676728c2778e1dbf78cb76597e1d1725b198752b0ae5fc7ec6a3faa58c9a0c
5.5.00,eh_personality.cc,"check_exception_spec(lsda_header_info*, std::type_info const*, void*, int)",0,1,0x0002BD80,0x0002CD80,0x0042CD80,96,44,f7212731e96da7d23d2e3f200c8e7ee8c5da4cdde0cd93420135c7cc61917942,9635ae92708f98aa268ac13c3654fe79f6a7e4a578347b60805db284a9d47d86
5.5.00,eh_personality.cc,__gxx_personality_sj0,0,1,0x0002BDE0,0x0002CDE0,0x0042CDE0,1344,326,8b61f9bde8e1923945fbb85ff590685be8304a50a8190a4a2e555721015cf47b,d4e7fbc78b86b147987f44791746735a3afed5e403a4fbbe42ea002a602f6815
5.5.00,eh_personality.cc,__cxa_call_unexpected,0,1,0x0002C320,0x0002D320,0x0042D320,400,104,69110226ce16e660397ea54b5a983c33f13766e259042f37fa525847063aa312,09e47ae60813ec283a7b6ec543827b5003c0e5ee98def0dba01856d0c7c04590
5.5.00,string-inst.cc,std::string::_M_data() const,0,1,0x00032570,0x00033570,0x00433570,16,12,f227ad5ae0e3235784ae0333e699853b43d64dbae6ec7cbccfeaf517cdd5caed,9134263efb3e60382f8a8aa53b5122d892f23d9c4ecf32cafa700a7ea68b3920
5.5.00,string-inst.cc,std::string::_M_data(char*),0,1,0x000343A0,0x000353A0,0x004353A0,16,10,6308ef278aff4d999fcf3500a49d06dac3158e0d1222a7e4888cc5965884b2d9,c3b3690fe4785965e7407ec1333bc5654c66c757971e0f2ac6adebb6aca2fcd8
5.5.00,string-inst.cc,std::string::_M_rep() const,0,1,0x000324D0,0x000334D0,0x004334D0,16,10,9bfab077ee1597f26b2728d608c0b28e0ace3335a7e71eccfbee92b79b90ef1b,cb22e5cd07d75539700035dd4449e7b46be777b8058e15fbe79f40c501c06492
5.5.00,string-inst.cc,std::string::_M_ibegin() const,0,1,0x00032960,0x00033960,0x00433960,16,12,f227ad5ae0e3235784ae0333e699853b43d64dbae6ec7cbccfeaf517cdd5caed,9134263efb3e60382f8a8aa53b5122d892f23d9c4ecf32cafa700a7ea68b3920
5.5.00,string-inst.cc,std::string::_M_iend() const,0,1,0x00032580,0x00033580,0x00433580,16,9,6bb6310093b8f20903cd57a50f0601328c30e2327ca6374fbb213bb718cce8a3,5729fae22f50510537bf725022f66643cdd4d1f00129bca3d2f21f6562fce722
5.5.00,string-inst.cc,"std::string::_M_check(unsigned int, char const*) const",0,1,0x000328E0,0x000338E0,0x004338E0,64,38,1f040a0476044262ee2dc2ebb2e714beb92fdb84cf50c93a07ba59246029ce28,8e293c9f07ff7cbf65573d9060d4284286a7cb7f71e0320437c3944e5703d7fb
5.5.00,string-inst.cc,"std::string::_M_limit(unsigned int, unsigned int) const",0,1,0x00032920,0x00033920,0x00433920,32,18,a13b4ea53693390038c8aa092bd6b05fcf6e84b41a8a892025ae6ef1d7f62ffe,f9171733b7ff9b852953e7e6b6690d45a06fe949f976a324c547d81324ef5a9e
5.5.00,string-inst.cc,"std::string::_S_copy_chars(char*, __gnu_cxx::__normal_iterator<char*, std::string>, __gnu_cxx::__normal_iterator<char*, std::string>)",0,1,0x00032C30,0x00033C30,0x00433C30,48,26,de6d01512ea8acc820cacff86058b45cfa1b49bcf827d2dcc787491b0f8ed706,54b5b1280823a526d7f01833680919be1af9b99ee99de18da556cd474704a8ba
5.5.00,string-inst.cc,"std::string::_S_copy_chars(char*, __gnu_cxx::__normal_iterator<char const*, std::string>, __gnu_cxx::__normal_iterator<char const*, std::string>)",0,1,0x00032C00,0x00033C00,0x00433C00,48,26,1fa12c5eb4a643a1a5edec06e158dc38852ed0baad7e7f7435986a671c892412,54b5b1280823a526d7f01833680919be1af9b99ee99de18da556cd474704a8ba
5.5.00,string-inst.cc,std::string::begin() const,0,1,0x00032350,0x00033350,0x00433350,16,12,f227ad5ae0e3235784ae0333e699853b43d64dbae6ec7cbccfeaf517cdd5caed,9134263efb3e60382f8a8aa53b5122d892f23d9c4ecf32cafa700a7ea68b3920
5.5.00,string-inst.cc,std::string::end() const,0,1,0x00032120,0x00033120,0x00433120,16,9,6bb6310093b8f20903cd57a50f0601328c30e2327ca6374fbb213bb718cce8a3,5729fae22f50510537bf725022f66643cdd4d1f00129bca3d2f21f6562fce722
5.5.00,string-inst.cc,std::string::length() const,0,1,0x000324E0,0x000334E0,0x004334E0,16,10,78e6a35a1ddf3db184d518653ef008414eee278e70af91c5c1c936d48077378c,9ee4fb0a10ab9a81ea70de509dec6db71a039ad467d821570c625adf04666408
5.5.00,string-inst.cc,std::string::max_size() const,0,1,0x00032950,0x00033950,0x00433950,16,11,e012e6485d563c8696766f5fe5d6e9f3ebd97b7a586272f87162d489580f4241,934b15466a493a98275729a919ccd775eb12c59744d9870576feb0221358facf
5.5.00,string-inst.cc,std::string::empty() const,0,1,0x00032370,0x00033370,0x00433370,32,21,021ca6830e26ededfcf1283bc22445cae1c4047b678e258ef64ccfbf23d04b1b,aea0e62f861a4e920cafe5c03872e84ba985cd9dfee7c994660dde744ae2fe99
5.5.00,string-inst.cc,std::string::operator[](unsigned int) const,0,1,0x00032970,0x00033970,0x00433970,16,9,16abe89df095ef8f2c4698e898f2b307dc2f311754271ed17fedc8b41cb418b1,466cbf9cbca1c3e841a7d4f9ee2e74f0ec97eba87f546a30efcbd72682d69cc2
5.5.00,string-inst.cc,std::string::at(unsigned int) const,0,1,0x000320E0,0x000330E0,0x004330E0,64,26,5b21f3fa3944f63470ffe0256d2710e20773fe81c8b8881329c0a91af0a17ccf,adf6228ea821d313dd2512341868021ddf6fba394366e2326b1e32ac4c81a205
5.5.00,string-inst.cc,"std::string::copy(char*, unsigned int, unsigned int) const",0,1,0x00032160,0x00033160,0x00433160,112,47,9ba7ebb312be2f0b5ccbc2b9cfc401fc9318200313b86d6ae8f45ece1b34c33c,bd62c004363cc73a23e8a9248b35d6bc19019e5b3bb74bf8e5a19a5951fb7c39
5.5.00,string-inst.cc,std::string::c_str() const,0,1,0x00032360,0x00033360,0x00433360,16,12,f227ad5ae0e3235784ae0333e699853b43d64dbae6ec7cbccfeaf517cdd5caed,9134263efb3e60382f8a8aa53b5122d892f23d9c4ecf32cafa700a7ea68b3920
5.5.00,string-inst.cc,std::string::data() const,0,1,0x000321D0,0x000331D0,0x004331D0,16,12,f227ad5ae0e3235784ae0333e699853b43d64dbae6ec7cbccfeaf517cdd5caed,9134263efb3e60382f8a8aa53b5122d892f23d9c4ecf32cafa700a7ea68b3920
5.5.00,string-inst.cc,"std::string::find(char const*, unsigned int, unsigned int) const",0,1,0x00032220,0x00033220,0x00433220,112,54,2dceb32eb5cb06aa0fc778ad8994e6feb04200aaf8dc64e3ff190cfb7282850d,ae5c8256e35ebde43bc59a4fc4f26d450c03cfe85b9adfae879e4035e6121ae4
5.5.00,string-inst.cc,"std::string::find(std::string const&, unsigned int) const",0,1,0x00032290,0x00033290,0x00433290,48,21,5332061474618a7eb01c2f34a95ad55122dd15c92bce66d4b71397c7cb5a6dcf,840cbed81d20c1608b72ae8bd1cb95de4430e675d949be8f6d336ae82ad5badc
5.5.00,string-inst.cc,"std::string::find(char const*, unsigned int) const",0,1,0x000321E0,0x000331E0,0x004331E0,64,32,12cdd85725ac4c02099d8c6675676d1caec985eb596757e84f60f58e97f6703f,d9b432e4e032310fc444a7ccd70ebd8a29f6daa0b2c0ce6538cdaa17c9ee93d0
5.5.00,string-inst.cc,"std::string::find(char, unsigned int) const",0,1,0x000322C0,0x000332C0,0x004332C0,96,43,a6aac8c1e0f001d20549f04b63c7060a3ebf90b17936ee2539c74644a5020ed6,591501610147df2adcd55de79a8419c224c6611da162a67c52c279cb9ad0d631
5.5.00,string-inst.cc,"std::string::rfind(std::string const&, unsigned int) const",0,1,0x00032450,0x00033450,0x00433450,48,21,2c09e0414d9682345f92cfa675dae2fe5ce3f7935a6e5be9a7eb079d4644b9c8,840cbed81d20c1608b72ae8bd1cb95de4430e675d949be8f6d336ae82ad5badc
5.5.00,string-inst.cc,"std::string::rfind(char const*, unsigned int) const",0,1,0x00032390,0x00033390,0x00433390,64,32,87dd984b0500ae0711648e956e66213b7b06c1a76b122bffc794a07340d450fd,d9b432e4e032310fc444a7ccd70ebd8a29f6daa0b2c0ce6538cdaa17c9ee93d0
5.5.00,string-inst.cc,"std::string::rfind(char, unsigned int) const",0,1,0x00032480,0x00033480,0x00433480,80,40,17ecfa4578c5f782d3a0aa3d74e9014fe6689dd2a6eb751e62fef87fba727987,14d2ecc0909313a47d7081cb9bfed4aa7ab0d594511da4986127cfbed5b3ce3e
5.5.00,string-inst.cc,"std::string::find_first_of(std::string const&, unsigned int) const",0,1,0x00031E70,0x00032E70,0x00432E70,48,21,5332061474618a7eb01c2f34a95ad55122dd15c92bce66d4b71397c7cb5a6dcf,840cbed81d20c1608b72ae8bd1cb95de4430e675d949be8f6d336ae82ad5badc
5.5.00,string-inst.cc,"std::string::find_first_of(char const*, unsigned int) const",0,1,0x00031DC0,0x00032DC0,0x00432DC0,64,32,8dc1a3aa92c967d7e5e2ce3a8a4186616f4c2c6bf561ef5e08245a320d477211,d9b432e4e032310fc444a7ccd70ebd8a29f6daa0b2c0ce6538cdaa17c9ee93d0
5.5.00,string-inst.cc,"std::string::find_first_of(char, unsigned int) const",0,1,0x00031EA0,0x00032EA0,0x00432EA0,16,6,7edd4478b94f0c6ff3c7677737431ff797a0d86a4c08b1af5ad698533e02adc9,2b903ab3aa7dc683c0b876377baa3e72f2923040855b1d639e98425bc96a32f6
5.5.00,string-inst.cc,"std::string::find_last_of(std::string const&, unsigned int) const",0,1,0x00031D80,0x00032D80,0x00432D80,48,21,13e432cd5df9a888806d53122b77a6f60dc62a8b35995e92bba2bb09d7caafc3,840cbed81d20c1608b72ae8bd1cb95de4430e675d949be8f6d336ae82ad5badc
5.5.00,string-inst.cc,"std::string::find_last_of(char const*, unsigned int) const",0,1,0x00031CB0,0x00032CB0,0x00432CB0,64,32,54e244aed4d1cb6ce77bea078751872f6e35ff7da48d3f2d317ee9aaf8c31b27,d9b432e4e032310fc444a7ccd70ebd8a29f6daa0b2c0ce6538cdaa17c9ee93d0
5.5.00,string-inst.cc,"std::string::find_last_of(char, unsigned int) const",0,1,0x00031DB0,0x00032DB0,0x00432DB0,16,6,ce90fd90e904c0779cafaece2fc5f3f426fcae350b9080cac9deec25affc1818,a669966abf75f2c9c97ec6486ce88864c2bcb787474ca1e86f3894d97c242813
5.5.00,string-inst.cc,"std::string::find_first_not_of(std::string const&, unsigned int) const",0,1,0x00032080,0x00033080,0x00433080,48,21,bda53a10f0f897ce6802d9b900656c236f5ac846bbfa097e2627c6cb37ad2f66,840cbed81d20c1608b72ae8bd1cb95de4430e675d949be8f6d336ae82ad5badc
5.5.00,string-inst.cc,"std::string::find_first_not_of(char const*, unsigned int) const",0,1,0x00031FF0,0x00032FF0,0x00432FF0,64,32,e86b1bd728338461e7cf64658174b42cd0924b0c6766b0a2a1b426d09c1961b9,d9b432e4e032310fc444a7ccd70ebd8a29f6daa0b2c0ce6538cdaa17c9ee93d0
5.5.00,string-inst.cc,"std::string::find_first_not_of(char, unsigned int) const",0,1,0x000320B0,0x000330B0,0x004330B0,48,26,19ebb8521e179457d69259907415323d737d4c356efa13e1af9445269b93ac2d,da85aabe4adfd1e71c6e6a353cd2bd56b6b4028f24997a25b7c12e339cd31230
5.5.00,string-inst.cc,"std::string::find_last_not_of(std::string const&, unsigned int) const",0,1,0x00031F80,0x00032F80,0x00432F80,48,21,2c09e0414d9682345f92cfa675dae2fe5ce3f7935a6e5be9a7eb079d4644b9c8,840cbed81d20c1608b72ae8bd1cb95de4430e675d949be8f6d336ae82ad5badc
5.5.00,string-inst.cc,"std::string::find_last_not_of(char const*, unsigned int) const",0,1,0x00031EC0,0x00032EC0,0x00432EC0,64,32,d5dc66882de1478ff820c4825d861578d842987244af8e5b49f4ef6288cb2e13,d9b432e4e032310fc444a7ccd70ebd8a29f6daa0b2c0ce6538cdaa17c9ee93d0
5.5.00,string-inst.cc,"std::string::find_last_not_of(char, unsigned int) const",0,1,0x00031FB0,0x00032FB0,0x00432FB0,64,34,ac5a0a5b814de0e8900ec98f45c0bc15616d88faa32bd8663f5b82a0cfd12370,2423dae5f73cc1c8bddb71dee4f31b2ca94c2edf843635df7784a1f2e230a3ae
5.5.00,string-inst.cc,std::string::compare(std::string const&) const,0,1,0x00032600,0x00033600,0x00433600,112,53,b65135edcb37635d0acf0697a616d59dafdb1390517005028ab4d27e8d231aff,f3c81960d83d714b87dbb7e92651bb59f5a1cd2458a1aca6bbcf7d761bd08e8e
5.5.00,string-inst.cc,"std::string::compare(unsigned int, unsigned int, std::string const&) const",0,1,0x00032780,0x00033780,0x00433780,144,56,37b5c50f08f2dc93ba7600e27c420dcc2ddddbdcdcea0ed9c37176acae52b472,79193b691544720f764c9a2ba81aee05183bdf2302dce1807e9e399c8b9c25ad
5.5.00,string-inst.cc,"std::string::compare(unsigned int, unsigned int, std::string const&, unsigned int, unsigned int) const",0,1,0x00032810,0x00033810,0x00433810,208,86,2d7b5d06dacc96a5d8b8c83de313ed098e60754633e882c2553bf8c7c5f3b8f9,3a04f25ada50206a9d7ee12d308647cb242a421ff9ebac487e3f89da567e2a98
5.5.00,string-inst.cc,std::string::compare(char const*) const,0,1,0x00032590,0x00033590,0x00433590,112,48,01735465a8c01878ebfaff4d5c3049e46ed4549f31803667a3dea9b5b99ef7d7,9e99d78d03497c3a4ac11ce5f34eb39d991c708043faa9e7df57b81f03b017c8
5.5.00,string-inst.cc,"std::string::compare(unsigned int, unsigned int, char const*) const",0,1,0x00032670,0x00033670,0x00433670,144,54,a0364f7cd630d8831dfc22b2cb828ad68da55aff2b879c49ffdb22180ec5b6f0,bbe2cc985692effe9555d5e8dbc8dba3dbf33175f3d944cded9f081f662850ee
5.5.00,string-inst.cc,"std::string::compare(unsigned int, unsigned int, char const*, unsigned int) const",0,1,0x00032700,0x00033700,0x00433700,128,50,3e39f72d0e571b80fc5bb3828b13c1ab6c0c4322dcd6364de8f94c49041cb701,e206c664d12eecd351f0d7bc9d6818145154b4ae2a09f9ab660e5bb73e72ff08
5.5.00,string-inst.cc,"bool __gnu_cxx::operator==<char const*, std::string>(__gnu_cxx::__normal_iterator<char const*, std::string> const&, __gnu_cxx::__normal_iterator<char const*, std::string> const&)",0,1,0x00031C70,0x00032C70,0x00432C70,32,21,2bc1483e47366ff4975547ba5a66c467a8d59a3c1fc1b712209b2286027f2901,c1f91c264723eac2896fcfaedf35fc97c812fe4b2cf95e5fd8638c212629229c
5.5.00,string-inst.cc,"std::string::_Alloc_hider::_Alloc_hider(char*, std::allocator<char> const&)",0,1,0x00032990,0x00033990,0x00433990,16,10,af35a3b3e0c1be63b67bd78098044740355498bd3602e164544b151c996e18e3,d6cdf53a9e6993d0db32feafbdca705676df6539bf663a62c484d71cf2c31913
5.5.00,string-inst.cc,"std::basic_string<char, std::char_traits<char>, std::allocator<char> >::basic_string()",0,1,0x00035430,0x00036430,0x00436430,32,22,e5b33a67e285668956b6df430990447f9b3310169c3b091472d1b709d6f396ae,1090269cddd0031bf81b37b9b6fe13c04edba96c2ed2f3f6b0e6f715d00ba68a
5.5.00,string-inst.cc,"std::basic_string<char, std::char_traits<char>, std::allocator<char> >::basic_string()",1,1,0x00035840,0x00036840,0x00436840,32,22,e5b33a67e285668956b6df430990447f9b3310169c3b091472d1b709d6f396ae,1090269cddd0031bf81b37b9b6fe13c04edba96c2ed2f3f6b0e6f715d00ba68a
5.5.00,string-inst.cc,std::string::rend() const,0,1,0x00032320,0x00033320,0x00433320,32,23,ff25e059cf8f3ef0d2a2ba14377885144c7c01fd7f5965f21a8787d47af49b87,604d28f039dd26316911cbf9c614f5ea11a1b7c5bcabcb44fb07981d981f05ca
5.5.00,string-inst.cc,std::string::rbegin() const,0,1,0x000324F0,0x000334F0,0x004334F0,32,20,573a256b70ee113912b0fbaf473a3623bbbdb0d3f552bce4ec9ad8c3e2f42200,2ac40b4b4a146dff9863fa58e6366efc4e9050c20220cf3c33350742dc52486f
5.5.00,string-inst.cc,"std::basic_string<char, std::char_traits<char>, std::allocator<char> >::basic_string(std::string const&)",0,1,0x00035180,0x00036180,0x00436180,288,84,f6c1991eaea684b0c05033a27bee0aed2e46e2161c890d0c9c9a5cf0713deae3,80b04111991784b9e92fe0357c4dd6ab8669dd8dd24486b7d73e70789c00cff9
5.5.00,string-inst.cc,"std::basic_string<char, std::char_traits<char>, std::allocator<char> >::basic_string(std::string const&)",1,1,0x00035590,0x00036590,0x00436590,288,84,be5ca32e222b1c7eca1f69a675d8b7e63739eaae8fcb3091fc5a84a4b7ca183e,80b04111991784b9e92fe0357c4dd6ab8669dd8dd24486b7d73e70789c00cff9
5.5.00,string-inst.cc,"std::basic_string<char, std::char_traits<char>, std::allocator<char> >::basic_string(unsigned int, char, std::allocator<char> const&)",0,1,0x00035400,0x00036400,0x00436400,48,23,24254297c4c8300d8af5757bbca59f2b8f0d93668eed2007f471f5db61c46bfc,eee6d24dd77a027902ec6d800612238823ea104e6cf76509251a196e755aeea2
5.5.00,string-inst.cc,"std::basic_string<char, std::char_traits<char>, std::allocator<char> >::basic_string(unsigned int, char, std::allocator<char> const&)",1,1,0x00035810,0x00036810,0x00436810,48,23,845ec69b889dcdde6d5b93abdc0485ac6491f27ad7739bcb349f7686bad1d9f1,eee6d24dd77a027902ec6d800612238823ea104e6cf76509251a196e755aeea2
5.5.00,string-inst.cc,"std::basic_string<char, std::char_traits<char>, std::allocator<char> >::basic_string(std::allocator<char> const&)",0,1,0x00035150,0x00036150,0x00436150,48,23,1ca07c9464e5892bcb88d190ef49a078b69b10c0092bc6dc07564f324c17b8d1,f1c53dc85e2adc46cc9eba38d1d43dfb519727b0f3c81af0db0a8988ce7ba322
5.5.00,string-inst.cc,"std::basic_string<char, std::char_traits<char>, std::allocator<char> >::basic_string(std::allocator<char> const&)",1,1,0x00035560,0x00036560,0x00436560,48,23,593332231bb3bc47902bd47a6bfa5aac2c7a53d3d14dadf2e161d91d699601b3,0f26457ba1599699e50245742dd36c25c4e8e249bad2b7fc748fcbdd8a1ef8e7
5.5.00,string-inst.cc,std::string::operator=(std::string const&),0,1,0x00035A90,0x00036A90,0x00436A90,48,29,3c732c9a73efd58b32f4b72c814f0a9a0473dcff27e0c8e7ee5e59820d2f25d8,648417c7bda1011441d907c9f5cdb5e5a7ab0dff1333b2e73e254caab1843908
5.5.00,string-inst.cc,std::string::reserve(unsigned int),0,1,0x00034D20,0x00035D20,0x00435D20,320,89,b8bd9e7f0b451f303f6d0f0c04e68ff10a5f0c6c1bf1f0fa6c8aa1cedbb3645f,e081cf1d71a2b76cd38d4cf1079b2f8cd91d2cdf3d6cc5dd104d851b658d137e
5.5.00,string-inst.cc,"std::basic_string<char, std::char_traits<char>, std::allocator<char> >::~basic_string()",0,1,0x000358F0,0x000368F0,0x004368F0,176,54,4c9631815142aec8d6d590cdd90193b3bf0b254bec371932000355333a3064a1,35c663dd338b20de895b34fbbb2c63c84f920f32da81aeceeaa77638ce5d094a
5.5.00,string-inst.cc,"std::basic_string<char, std::char_traits<char>, std::allocator<char> >::~basic_string()",1,1,0x000359A0,0x000369A0,0x004369A0,176,54,31dd6c26b1498615f2b2089d3d046011f06bc6548427f6ab5c4e9fe840baa9e0,36c711fac7da17c85c5ceb6ad24a103bcb741f7b3c2331892fa5ea249f57c870
5.5.00,string-inst.cc,"std::string::_M_mutate(unsigned int, unsigned int, unsigned int)",0,1,0x00034E60,0x00035E60,0x00435E60,512,153,346da488f57f740b3b0e5e6287e093ea9419ca15f1094c457df730fddad169d9,b2a686cec2a2f0c15bb88460ad908f46b3b703703bc4cac8a0da8b478b2b1d4c
5.5.00,string-inst.cc,"std::string::erase(__gnu_cxx::__normal_iterator<char*, std::string>, __gnu_cxx::__normal_iterator<char*, std::string>)",0,1,0x000334E0,0x000344E0,0x004344E0,80,34,09358420f1dc94ba0a1d348d8c900286dbf816732bbd80b2680516daafbb1a30,da707df320d8bcfe95e681fb62f8458dcbc94fbaeed1d087e6d124df5b6d6005
5.5.00,string-inst.cc,"std::string::erase(__gnu_cxx::__normal_iterator<char*, std::string>)",0,1,0x00033490,0x00034490,0x00434490,80,34,117a2b1d11c84bc5a8c94394a3abeba776a34216208dac24f9927e54d9e4c5fb,14c2592c77d9695a142fc1796eaf63db0e93aa11a861904d5841b4871f91fb43
5.5.00,string-inst.cc,std::string::operator=(char const*),0,1,0x00035A50,0x00036A50,0x00436A50,64,29,c10ff8dd2726416c18898153a6087b95a6d9faf66a4386855a217e2dfe5a11c3,ce705580e2c7c59139e4726b26cc25ab2786a605ddc4fdad9c4f1f4394b27eca
5.5.00,string-inst.cc,"std::string::assign(std::string const&, unsigned int, unsigned int)",0,1,0x00033BE0,0x00034BE0,0x00434BE0,128,47,e318d64c2fa98d30a756ddd5930183671875f93537f5db45f78b964431aff200,40a635fc730a3f5d865fac5417f61818a5dcdf3b3343c9c7d73abd6b7aee8138
5.5.00,string-inst.cc,"std::string::append(char const*, unsigned int)",0,1,0x000335C0,0x000345C0,0x004345C0,208,77,a3c03925c57a70a6661e861fa58a561be753b1b50468ba18664df78008a5846f,6b796dacc947dcb230839c6d36216e187ee40b133a9615f88cc51268123dbc16
5.5.00,string-inst.cc,std::string::operator+=(char const*),0,1,0x00035B50,0x00036B50,0x00436B50,48,21,c8ad86e53cc640e1adb3f7b162b501e1c0beb74747c6f279d04ac21e48d1ca47,b72634def2c64a62bfc27540fc1aaed4aeb6f71c7b18a6a3b58370c7832ab12c
5.5.00,string-inst.cc,"std::string::append(std::string const&, unsigned int, unsigned int)",0,1,0x00033770,0x00034770,0x00434770,240,89,ea76af3ecd500891a229e9d49b7cbcceeec21e6a7c8ed209454b2ffd38b8685a,8b3bf3c86c308b6626fc45a01e13916ea2a03f7f7c090d572d122efded8e5325
5.5.00,string-inst.cc,"std::basic_string<char, std::char_traits<char>, std::allocator<char> > std::operator+<char, std::char_traits<char>, std::allocator<char> >(std::basic_string<char, std::char_traits<char>, std::allocator<char> > const&, std::basic_string<char, std::char_traits<char>, std::allocator<char> > const&)",0,1,0x00036A60,0x00037A60,0x00437A60,256,81,929a79fe939f95698f33a0139783fb5d71c90c6e4eeb9ded7e2559245396b342,715656c1dcdc5a33b560e43df268e98b85bfdc3774e9952023be1b807ee233cc
5.5.00,string-inst.cc,"std::basic_string<char, std::char_traits<char>, std::allocator<char> > std::operator+<char, std::char_traits<char>, std::allocator<char> >(char const*, std::basic_string<char, std::char_traits<char>, std::allocator<char> > const&)",0,1,0x00036920,0x00037920,0x00437920,320,102,eaa8901a8e616d2810bfed59a9a1ecde8e73a0a19c43d4e34d125ec905a6fd7b,1c5beac84cd42f7fed710ba5a0bddff330ce8ef70cf2b3bc0d3851a489683fcf
5.5.00,string-inst.cc,std::string::operator+=(std::string const&),0,1,0x00035B80,0x00036B80,0x00436B80,16,11,87c7c268b273370194d358a05e64930ed1cda1b426b27d23e49b71dd2958452d,c9138013faa383def007d93c732076991e2f8dd09556488cb46426882b17c85a
5.5.00,string-inst.cc,"std::string::insert(__gnu_cxx::__normal_iterator<char*, std::string>, unsigned int, char)",0,1,0x00033DB0,0x00034DB0,0x00434DB0,208,79,e2d29c5f17b95c255450a8dd63f4a525ab7c01c57171e2700ae88ca5a62eee19,195ec56655056b125dddd3a0511582d5f9f36c46800489bd4b0a715b9a76cee7
5.5.00,string-inst.cc,"std::string::replace(unsigned int, unsigned int, unsigned int, char)",0,1,0x00034C10,0x00035C10,0x00435C10,272,93,f0f6a1fa8b11a87c8c5d3c8e014c0ba847c5866b079e38673734d3a0cdc36233,c7dd057d9918520d894d5c237507415f5e244a6435f222051da0315ee94d760a
5.5.00,string-inst.cc,"std::string::insert(__gnu_cxx::__normal_iterator<char*, std::string>, char)",0,1,0x00033D30,0x00034D30,0x00434D30,128,51,3cd0bc20abb7e81c2242d64b6861aa111d206721f1fefca86d2bedf06493d934,f9ee8654ed2bbaaa3a0eb3d2b6840b57edef0bf7b0218ac5981e0835ac2c53bb
5.5.00,string-inst.cc,"std::string::insert(unsigned int, unsigned int, char)",0,1,0x00034100,0x00035100,0x00435100,240,84,1acbabc72ff693a9996b616046386d5f223322cbf31776ecb68cdeb0318d6e6d,ae6348e10821b0601a2c2808b3e249e7bb1785f0ffc1a5feb9620009dda88acb
5.5.00,string-inst.cc,std::string::operator=(char),0,1,0x00035AC0,0x00036AC0,0x00436AC0,80,37,dd4173ad249406553f77048f8452cae551240517071d754eb543af09833cf43a,c0345946e98da576c7240f078ca8320d8ab69e15b000fc0ad96078644cbf78f6
5.5.00,string-inst.cc,std::string::push_back(char),0,1,0x00035060,0x00036060,0x00436060,112,46,abe4df515d6d5b2d9d68f9297ea2ed86eba31c51f00e96870fb4e5d7c564b07e,1aab8b32f5f9405dd247d1ba478437e3186b022454566bb0279fbc1503e5b057
5.5.00,string-inst.cc,"std::basic_string<char, std::char_traits<char>, std::allocator<char> > std::operator+<char, std::char_traits<char>, std::allocator<char> >(char, std::basic_string<char, std::char_traits<char>, std::allocator<char> > const&)",0,1,0x00036B60,0x00037B60,0x00437B60,2088,844,446e463774092dd2f62936f394f7505edc80fbb6f71e9d7365a38f4046313980,aaf730ae186b00fde81bd66ec4771b94fae7dfafc437c55b261895fd33a81fc2
5.5.00,string-inst.cc,std::string::operator+=(char),0,1,0x00035B90,0x00036B90,0x00436B90,112,45,07f9528f25696650fb44c5c77e66bdd04957977b063ccde305773e6f99ba2ff3,1e80cf53bf26df72549e3d3d210fbeab39d3d6b106c6711e9e7513a6646492c3
5.5.00,string-inst.cc,"std::string::resize(unsigned int, char)",0,1,0x00034270,0x00035270,0x00435270,304,105,b42d22a97d696f70ca8641ca1b637c786350c2479a24b734b94af27831aad8b1,7ee0f1f7916d787efde402853191dcbb405e088a40aa8f66dcd66445551659d6
5.5.00,string-inst.cc,std::string::resize(unsigned int),0,1,0x00034250,0x00035250,0x00435250,32,12,c1c06ead5e80e3bbaed93c97b29055efca0a074077218d58640c4748bca63049,0316868b665859e9d5ca8e4241b600160fe080b1f7d78e44dff5ec8dd1aef50c
5.5.00,string-inst.cc,"std::string::insert(unsigned int, char const*)",0,1,0x00033E80,0x00034E80,0x00434E80,64,32,8b2a19482840c9a1611f3a1f84e18dcd351cdee299645dfacfee5570f7bbc6f2,96a7c24b71e017bee61cd894581ff357e50583bacbe807f74988393ea91a7301
5.5.00,string-inst.cc,"std::string::insert(unsigned int, std::string const&)",0,1,0x00034060,0x00035060,0x00435060,48,21,b3e776e006a285d142107c589a453d9e742e84bcaaa00e90fc28f9fb3d53c0ad,57a81cf9907212649cfdc1f6f3d98e17ca6aeb8eec3642958e9bfcbde8f8cd60
5.5.00,string-inst.cc,std::string::clear(),0,1,0x00033460,0x00034460,0x00434460,48,23,5c3f51f265a30b2ee9fb170b76af1ac0868201635d56c74262ec06179f62ce00,98cecda4ebff3724600c121079e374b17428271e57ca4c5e62f074cac6aa5286
5.5.00,string-inst.cc,std::string::_M_leak(),0,1,0x000343B0,0x000353B0,0x004353B0,32,16,0a00330fca451dbfd700a3964825260cf3d51de18bc05c59d8c1b2313b29e540,6895035a7af151ba4cfd95e8e0df8cceab9580eff9ebba70e57ba9ea88374012
5.5.00,string-inst.cc,std::string::at(unsigned int),0,1,0x00032E30,0x00033E30,0x00433E30,112,47,332814dd0105c2e4c91b2b7dbc1940b99ee3a57a66f04ee5343a88c0ebf3c78d,631935b50c5f0a037f48a8b29ad7c266950bcc0a87297c8bde87cfec4ecc5240
5.5.00,string-inst.cc,std::string::operator[](unsigned int),0,1,0x00035B10,0x00036B10,0x00436B10,64,37,57258828e91138da1d6d663c13da8437b6309ef611e0209f9c297d161f655dd3,38a4fdc753ce4e207819b5ba2861467dbb26d0fbd390790fe8a8d5f47c37df06
5.5.00,string-inst.cc,std::string::end(),0,1,0x00032EA0,0x00033EA0,0x00433EA0,64,37,6957c3b5b2cbeee2415d4a16599937d39948f72a3b41c74b4be7b451a4a60930,c88cb35ee9a7df1781eaf7360fdc7bd8303670a56f4b791b056e111dcf670d0e
5.5.00,string-inst.cc,std::string::rbegin(),0,1,0x000341F0,0x000351F0,0x004351F0,96,44,e0549aa567a72610e46926b40244f87ed71cb615e421263ebc3342519b346063,a79e35b4fb95af4fedf4188fb455948cc1d21c94e2e4ba523e29681da6704537
5.5.00,string-inst.cc,std::string::begin(),0,1,0x00033430,0x00034430,0x00434430,48,24,b5c42bef98443fe2f26141a0459f18aa85a1a6d0ea00776481a6456ba2d7c59c,8ac7d7aa883388b9a0b63e2cedf2d7f691978cf57206083fb5fb6f346b69c3bd
5.5.00,string-inst.cc,std::string::rend(),0,1,0x00033310,0x00034310,0x00434310,80,34,45e4c85fd3604313caba3146ccddb5b381105dd3bb71b0bee5884464106ffbcc,c32bd48e50a5e250641e4a725d25ff13211271ad21c00b0a2fd1835023940040
5.5.00,string-inst.cc,"char* std::string::_S_construct<__gnu_cxx::__normal_iterator<char*, std::string> >(__gnu_cxx::__normal_iterator<char*, std::string>, __gnu_cxx::__normal_iterator<char*, std::string>, std::allocator<char> const&, std::forward_iterator_tag)",0,1,0x00032A70,0x00033A70,0x00433A70,128,49,9e79bbb5d2018b9081002afbbc98ea845973c0083394f5c66ae3ffd6678ef87c,736be68ae7afcd6751805afb03064b2a02560f44b15ec5878374ab84181e20e4
5.5.00,string-inst.cc,std::string::swap(std::string&),0,1,0x00033360,0x00034360,0x00434360,208,62,fbc631b9a7e2b646e57a4e57817be398e24d32db87cf1cabb25ffc4cfdc3fbed,b1d6de2c67f533e69a4cdecbd4b175f79e6a28f511bf21ce9fe0732a34280488
5.5.00,string-inst.cc,"std::basic_string<char, std::char_traits<char>, std::allocator<char> >::basic_string<__gnu_cxx::__normal_iterator<char*, std::string> >(__gnu_cxx::__normal_iterator<char*, std::string>, __gnu_cxx::__normal_iterator<char*, std::string>, std::allocator<char> const&)",0,1,0x00035860,0x00036860,0x00436860,48,20,2e1282bc27de18c269da29ff920c8993c792339e6add95b74e1e09dcc418eb4b,3c508df1354d79a9a677f019a32b57810cfd69acfeaa38a31e69897ae43e513b
5.5.00,string-inst.cc,"char* std::string::_S_construct<char*>(char*, char*, std::allocator<char> const&, std::forward_iterator_tag)",0,1,0x00032B70,0x00033B70,0x00433B70,128,47,55b284c29ace22594cb45a7d3b5a19ff6c7276fecb7c71086affaa807f2e47c2,0fe84a09dfc622f043bffe134a645933a64526461f1286b8dd2820edec6231d9
5.5.00,string-inst.cc,"std::basic_string<char, std::char_traits<char>, std::allocator<char> >::basic_string<char*>(char*, char*, std::allocator<char> const&)",0,1,0x000354B0,0x000364B0,0x004364B0,48,20,b1871138713ab00030d67fac5cf6b9b489a65940cfabac293f590a51978ffa9b,4ded94f9aa87ae9bd709084e2f5c9ec1cd7fa6bfcb313cfb8bcbc4b5220b853e
5.5.00,string-inst.cc,"std::basic_string<char, std::char_traits<char>, std::allocator<char> >::basic_string<char*>(char*, char*, std::allocator<char> const&)",1,1,0x000358C0,0x000368C0,0x004368C0,48,20,6ebd9136b3d0a092f6c029c4e87abf4da5ad83230d10ee588a58db174ec8f0e1,4ded94f9aa87ae9bd709084e2f5c9ec1cd7fa6bfcb313cfb8bcbc4b5220b853e
5.5.00,string-inst.cc,"std::basic_string<char, std::char_traits<char>, std::allocator<char> >::basic_string(std::string const&, unsigned int, unsigned int, std::allocator<char> const&)",0,1,0x00035390,0x00036390,0x00436390,112,40,e2d9bab67a76865237d163e212fe7d282c23aed152e9c6b330c86c0e4acb4b74,54c6504d553fd196142a2de6cce4eef773e82c9247327efd42c9ed5fb9d48ae0
5.5.00,string-inst.cc,"std::basic_string<char, std::char_traits<char>, std::allocator<char> >::basic_string(std::string const&, unsigned int, unsigned int, std::allocator<char> const&)",1,1,0x000357A0,0x000367A0,0x004367A0,112,40,0cf2111385f469549855e0ce769515f1fbf93c91cdfaac8cb426672f9dba2df5,54c6504d553fd196142a2de6cce4eef773e82c9247327efd42c9ed5fb9d48ae0
5.5.00,string-inst.cc,"std::basic_string<char, std::char_traits<char>, std::allocator<char> >::basic_string(std::string const&, unsigned int, unsigned int)",0,1,0x000352A0,0x000362A0,0x004362A0,240,71,7740fd07894d5aecede0926c3dc3dcb87d72f3ae5720823628554d694cbc87e1,bef085720f8da58ffdc220e6f10e09a5edfb0f0760e6c6ba4991cd878424c839
5.5.00,string-inst.cc,"std::string::substr(unsigned int, unsigned int) const",0,1,0x00032510,0x00033510,0x00433510,96,39,d278a11b9e9f38d0d16130be00c292becee0106c6e68e2e440395905cb4010f4,5b5ecc26224dc2f948d7db0ab795c349eb775c562d36e1b116d53af93fc081b2
5.5.00,string-inst.cc,"std::basic_string<char, std::char_traits<char>, std::allocator<char> >::basic_string(std::string const&, unsigned int, unsigned int)",1,1,0x000356B0,0x000366B0,0x004366B0,240,71,b10f5fa65429930d798d718d99c184454e2f44a458f66b5254151aab297759f8,bef085720f8da58ffdc220e6f10e09a5edfb0f0760e6c6ba4991cd878424c839
5.5.00,string-inst.cc,"char* std::string::_S_construct<char const*>(char const*, char const*, std::allocator<char> const&, std::forward_iterator_tag)",0,1,0x00032AF0,0x00033AF0,0x00433AF0,128,47,5e915ee3f0dbdc5e67f4f6714bb85bb966362c3e6f95ab0f9023a5418b240dfb,4f656bf19fcfbdd29fe99603363ebc91b114bd81c205752aeb48c6c43d002739
5.5.00,string-inst.cc,"std::basic_string<char, std::char_traits<char>, std::allocator<char> >::basic_string<char const*>(char const*, char const*, std::allocator<char> const&)",0,1,0x00035480,0x00036480,0x00436480,48,20,649016af2b252754877e337d5bd5f839c384bdbc8f7765217f334d746085a693,6551282592ebaff547ffa7a7a7f07d108b269149ac09f5e048ddb06765a1d4fd
5.5.00,string-inst.cc,"std::basic_string<char, std::char_traits<char>, std::allocator<char> >::basic_string<char const*>(char const*, char const*, std::allocator<char> const&)",1,1,0x00035890,0x00036890,0x00436890,48,20,deceebf8d57bcd590e908eed5380a32ac086e3de6bfae145ef15cbfa8c51c396,6551282592ebaff547ffa7a7a7f07d108b269149ac09f5e048ddb06765a1d4fd
5.5.00,string-inst.cc,"std::basic_string<char, std::char_traits<char>, std::allocator<char> >::basic_string(char const*, std::allocator<char> const&)",0,1,0x000350D0,0x000360D0,0x004360D0,80,38,3e9a1bb772a83f622d5eb0b4670a3dc1457dab738a5d89b6cbedd60f8afa2fe2,0d1a72ebb5ddc0f1bbac272fa8c1869f66dc98fa627db51dabee00d1c9b27876
5.5.00,string-inst.cc,"std::basic_string<char, std::char_traits<char>, std::allocator<char> >::basic_string(char const*, std::allocator<char> const&)",1,1,0x000354E0,0x000364E0,0x004364E0,80,38,a66b16d457996023bc30807f963350396bf2ca4bc1b551f1dd4c89f57342a66d,0d1a72ebb5ddc0f1bbac272fa8c1869f66dc98fa627db51dabee00d1c9b27876
5.5.00,string-inst.cc,"std::basic_string<char, std::char_traits<char>, std::allocator<char> >::basic_string(char const*, unsigned int, std::allocator<char> const&)",0,1,0x00035120,0x00036120,0x00436120,48,18,f5127910cf4b69702e2b8812f1a6748118ec02048aafa3e7c69e946b2321ca3a,ebbb2d0d9fb5715903e6376eb4ae3dd285a43300abe3b955813948aa7140611b
5.5.00,string-inst.cc,"std::string::replace(__gnu_cxx::__normal_iterator<char*, std::string>, __gnu_cxx::__normal_iterator<char*, std::string>, __gnu_cxx::__normal_iterator<char const*, std::string>, __gnu_cxx::__normal_iterator<char const*, std::string>)",0,1,0x000343D0,0x000353D0,0x004353D0,80,37,b3b81d76b9fd1ec657f15f3ec98965289fc4925ca225b9aa9974e85c56c7a56e,37a786cf120edd7f97fa587b412ce612b6ec6151e00335115f5a03b2db8c6346
5.5.00,string-inst.cc,"std::string::replace(__gnu_cxx::__normal_iterator<char*, std::string>, __gnu_cxx::__normal_iterator<char*, std::string>, __gnu_cxx::__normal_iterator<char*, std::string>, __gnu_cxx::__normal_iterator<char*, std::string>)",0,1,0x000345B0,0x000355B0,0x004355B0,80,37,c53fa06232e51a9e80582dc041cec6ae54af26e40745e817b5037168f6f8774d,37a786cf120edd7f97fa587b412ce612b6ec6151e00335115f5a03b2db8c6346
5.5.00,string-inst.cc,"std::string::replace(__gnu_cxx::__normal_iterator<char*, std::string>, __gnu_cxx::__normal_iterator<char*, std::string>, char const*, char const*)",0,1,0x00034480,0x00035480,0x00435480,80,37,423220211b33eb05e141b10bbeed20f1f91344ebd8a0577a5aab9f65bd28a2bd,37a786cf120edd7f97fa587b412ce612b6ec6151e00335115f5a03b2db8c6346
5.5.00,string-inst.cc,"std::string::replace(__gnu_cxx::__normal_iterator<char*, std::string>, __gnu_cxx::__normal_iterator<char*, std::string>, char*, char*)",0,1,0x00034560,0x00035560,0x00435560,80,37,6ace32b38f8b1e6528eb8e466fbc62ec08b75392b8e84657738f9749927ca8b8,37a786cf120edd7f97fa587b412ce612b6ec6151e00335115f5a03b2db8c6346
5.5.00,string-inst.cc,"std::string::replace(__gnu_cxx::__normal_iterator<char*, std::string>, __gnu_cxx::__normal_iterator<char*, std::string>, char const*)",0,1,0x00034420,0x00035420,0x00435420,96,41,eb8b5d365e3a947203e82857936ecc12762f486beca32811d43eb8bcda38b749,4b9042cbda431e87612cc83ecace2db0507f558b4cf0a029c0c0d3a33b64b7e6
5.5.00,string-inst.cc,"std::string::replace(__gnu_cxx::__normal_iterator<char*, std::string>, __gnu_cxx::__normal_iterator<char*, std::string>, std::string const&)",0,1,0x00034510,0x00035510,0x00435510,80,37,a904c11f64252d495fa9924ea188f354983788cd5a6b4d6d59b74abed2fa8343,894989816f5539ee12568e2891ad8c3d0989762cf5e17364cbebf7f0a453410d
5.5.00,string-inst.cc,"std::string::replace(unsigned int, unsigned int, char const*)",0,1,0x000346F0,0x000356F0,0x004356F0,64,27,5abfd97aae598b6722fc87be84df13c242ad721824ea440cfc105c4e7cf0838b,2a45e43f816a6e211b347307322f4b4e4a7736639d321f6f9cfadfb48dfb895f
5.5.00,string-inst.cc,"std::string::replace(unsigned int, unsigned int, std::string const&, unsigned int, unsigned int)",0,1,0x00034B90,0x00035B90,0x00435B90,128,51,c76723f813244bef429db21e1e61a2105078a618989f0d87b6148b9adac142cd,6feae680a3729b9f4843b4db90a0aa306668b06d11d9b4e64838cd93063584a5
5.5.00,string-inst.cc,"std::string::replace(unsigned int, unsigned int, std::string const&)",0,1,0x00034B50,0x00035B50,0x00435B50,64,32,e841b1e6e4ebb453bc64f5321742c5c8ba678511dd298a4e02896389134b4b6f,6bb9bf8b2978480c4cb8ec63cb52a9b4161a9159c3e110358f96b1b5595d2ac7
5.5.00,string-inst.cc,"std::basic_string<char, std::char_traits<char>, std::allocator<char> >::basic_string(char const*, unsigned int, std::allocator<char> const&)",1,1,0x00035530,0x00036530,0x00436530,48,18,223f5e51ece4830bb5727b58c2e5bfe5fe4cae0d248c1db7f5bfc160f857f0f2,ebbb2d0d9fb5715903e6376eb4ae3dd285a43300abe3b955813948aa7140611b
5.5.00,string-inst.cc,"bool __gnu_cxx::operator==<char*, std::string>(__gnu_cxx::__normal_iterator<char*, std::string> const&, __gnu_cxx::__normal_iterator<char*, std::string> const&)",0,1,0x00031C90,0x00032C90,0x00432C90,32,21,2bc1483e47366ff4975547ba5a66c467a8d59a3c1fc1b712209b2286027f2901,c1f91c264723eac2896fcfaedf35fc97c812fe4b2cf95e5fd8638c212629229c
5.5.00,string-inst.cc,std::string::_Rep::_M_destroy(std::allocator<char> const&),0,1,0x00032EE0,0x00033EE0,0x00433EE0,32,16,a733f877d54c2636a7ed11c1fa83178d0b9317c5c1124d2c5cd7f0c055132941,37f5d6a8029f3b13e3041dc6fca8733b83c83cc66543ee0bb62cae873ea9a7fe
5.5.00,string-inst.cc,std::string::_Rep::_M_refcopy(),0,1,0x00032F50,0x00033F50,0x00433F50,192,61,87f10d7808332d621011221ee2a8a8441dfd787a9d07cb9310d45d4a9245ac65,343fcdeec847d2dea9dc13351e3601cc6098d4a82b082aa9927b8b872729a4da
5.5.00,string-inst.cc,"std::string::find_last_not_of(char const*, unsigned int, unsigned int) const",0,1,0x00031F00,0x00032F00,0x00432F00,128,61,4dca16d58b43d7181fe13fe46003eb6c9efb2319d057d539df7d92f2db02a393,8eea4a516c0c404a5521f29e82d306b81552437204a07646c28d206ab4325d1b
5.5.00,string-inst.cc,"std::string::find_first_not_of(char const*, unsigned int, unsigned int) const",0,1,0x00032030,0x00033030,0x00433030,80,38,2333c1dcf2ff67db1d7061e8f16950e9113a2c631964d178075f11ae2a1c943d,c6f9e24aa326a50e9958c9294fc0df94a45a7875b59c672e6d0f6e150a5889d9
5.5.00,string-inst.cc,"std::string::find_last_of(char const*, unsigned int, unsigned int) const",0,1,0x00031CF0,0x00032CF0,0x00432CF0,144,66,35081a8b80c5ced396d9799e29c2f348d74957072f7fadf3332fa0dfef4b8cc5,bd298c85eff3383f50e781ea32905cb9de6609d50fe1725995dd76b2548d7dc5
5.5.00,string-inst.cc,"std::string::find_first_of(char const*, unsigned int, unsigned int) const",0,1,0x00031E00,0x00032E00,0x00432E00,112,52,956ea2ddef07cc5f46895eb2c89048e130fc9cff509d5ad9bc433ec8f33fdf11,9d27a3304c48d9b3abdc046700db4b2aecfb2521490f8f73e7f903e3f3a67133
5.5.00,string-inst.cc,"std::string::rfind(char const*, unsigned int, unsigned int) const",0,1,0x000323D0,0x000333D0,0x004333D0,128,58,835fb78881519c128ab8e0a7e39bc3b98d41b8290b83e4e81d13cd3be3a3151b,370dd2e06f4785ae7bbe014b51b855fbe8dab99e3a66b041c4e439d05ee3163c
5.5.00,string-inst.cc,"std::basic_string<char, std::char_traits<char>, std::allocator<char> >::basic_string<__gnu_cxx::__normal_iterator<char*, std::string> >(__gnu_cxx::__normal_iterator<char*, std::string>, __gnu_cxx::__normal_iterator<char*, std::string>, std::allocator<char> const&)",1,1,0x00035450,0x00036450,0x00436450,48,20,053dfa71a5b03903d05b7898182d68ef900ac1ee8f639fe67b49bbbfdc0f340b,3c508df1354d79a9a677f019a32b57810cfd69acfeaa38a31e69897ae43e513b
5.5.00,string-inst.cc,"std::string::replace(__gnu_cxx::__normal_iterator<char*, std::string>, __gnu_cxx::__normal_iterator<char*, std::string>, char const*, unsigned int)",0,1,0x000344D0,0x000354D0,0x004354D0,64,28,a71e91e0fba2e429e987db35dae7cdf4de071bf47115306d01566fe87f686281,d395ebdde9f39801a15e97f81d46852ef83d154bf690e4825d0faebfd6c6e76f
5.5.00,string-inst.cc,"std::string::replace(unsigned int, unsigned int, char const*, unsigned int)",0,1,0x00034730,0x00035730,0x00435730,1056,290,847d2929ab84e5835ce3c999020b05675be70e4b8fb223d7f156b6887d6fe748,67b2496bde2d2942d27f3ede1c0f6e26214c540561eefe403220a67e0aa7e966
5.5.00,string-inst.cc,"std::string::insert(unsigned int, char const*, unsigned int)",0,1,0x00033EC0,0x00034EC0,0x00434EC0,416,144,09d6673fef15c307c5757c73444a4de5e421dc8910af70fbd12882dcab12a9af,1f90ebaecb67ac2c912e996c0b8a6bc6941993425ee84f0203f8f0e041b90da0
5.5.00,string-inst.cc,"std::string::insert(unsigned int, std::string const&, unsigned int, unsigned int)",0,1,0x00034090,0x00035090,0x00435090,112,40,91830158300a6251c8a6d9271b26be4dc18a5d1118ad3b73e9b2e14bbca5e5fa,4d57d6cb61f7f5ec42249e41976f8c5b574db85e44951659b3aca24490c9c589
5.5.00,string-inst.cc,"std::string::replace(__gnu_cxx::__normal_iterator<char*, std::string>, __gnu_cxx::__normal_iterator<char*, std::string>, unsigned int, char)",0,1,0x00034600,0x00035600,0x00435600,240,86,e22f87dafe45e6236c3ac41e9d2e6ac8874d944971c0b8b8851bfc948a9d85cd,037edd8d601c7ad7ab3fbd94ff512d07e8bf39e5beb445d151bb460321f4b50f
5.5.00,string-inst.cc,"std::string::assign(char const*, unsigned int)",0,1,0x00033960,0x00034960,0x00434960,272,100,9265b8cf06b396b5a5ac24f63654d77aae19b48151d95e1be9534878be66adc4,1c9218200e7ca42bce9098158d1bdbfc536320ac343ba3224b43161c451679a9
5.5.00,string-inst.cc,"std::string::_M_replace_aux(unsigned int, unsigned int, unsigned int, char)",0,1,0x00032CC0,0x00033CC0,0x00433CC0,224,82,67f3ad0a7110d888249fb1f8fa2903ab99a26b2e8c6fbbc9369e94de2ab6a40e,c49fed258582222636cf87893bd9fd0ecea39b0870885143ed9144d3db6ab2ff
5.5.00,string-inst.cc,"std::string::_M_replace_safe(unsigned int, unsigned int, char const*, unsigned int)",0,1,0x00032DA0,0x00033DA0,0x00433DA0,144,58,3711487ac9d4e1f68bc94b28d571fb2d77dfbed56162eeec94925f62fdfbe27b,71eb0abe564e78116c5e4d2919f53dcb84c382eba7635c99d3d578a55984beb7
5.5.00,string-inst.cc,std::string::append(char const*),0,1,0x00033590,0x00034590,0x00434590,48,21,a2155cef470ef3e0ed7c7ab2ad1d6446c708868f3fc76250a17491a77ed8c67b,acd660a9f348fe4216c311e299eb746492b0c10beeeaab02cdfdb81a9278dc2a
5.5.00,string-inst.cc,std::string::append(std::string const&),0,1,0x00033690,0x00034690,0x00434690,224,85,6f17e9368bddbf522728bff0245b58d77c98ac036598c91813dada59027384fc,144e477ebcf1bca62247cc9d0c5dcaeb6bd6fcb41b2be0db3efa240e91ca5cbb
5.5.00,string-inst.cc,"std::string::_Rep::_M_clone(std::allocator<char> const&, unsigned int)",0,1,0x00033150,0x00034150,0x00434150,128,50,098537aac12cebc467ceafff2e29bb8a79d89beb9f3966ade7b1c47ce5eb0c14,4719c619c6d25fcc35ee8a2188f08502f039d4cf287ebae952d803e35e8a076b
5.5.00,string-inst.cc,"std::string::erase(unsigned int, unsigned int)",0,1,0x00033530,0x00034530,0x00434530,96,36,5b03c2a2252596b389950dddc169106d78b9788e626892c895c4d723789a373f,4e0bee3bc9cb7023dfca3b393fd5ecbee7aa882385d17869aa9498da771f57b2
5.5.00,string-inst.cc,"std::string::append(unsigned int, char)",0,1,0x00033860,0x00034860,0x00434860,208,78,180d8e6f453359fc500599d67b2ae9696ff0fbc5445ddf752c0e9b6924fb1a30,4ff3dae91b05a347a0aa70098d97bb10f0b5383472850e4bbd6634ce601ee592
5.5.00,string-inst.cc,"std::string::assign(unsigned int, char)",0,1,0x00033C60,0x00034C60,0x00434C60,208,76,086506ef0394d904b57bf05074a4e59f82a2a00f60ee1902fb3c0d604eb9d211,c05d56357754f62aea64ed436da441aeed5f15af864691c4d1155718cc76cd5a
5.5.00,string-inst.cc,std::string::assign(char const*),0,1,0x00033930,0x00034930,0x00434930,48,21,6b4c682040c3157e967a68b6968118c749a38ca509552b6e807c827780e8588f,acd660a9f348fe4216c311e299eb746492b0c10beeeaab02cdfdb81a9278dc2a
5.5.00,string-inst.cc,std::string::assign(std::string const&),0,1,0x00033A70,0x00034A70,0x00434A70,368,107,b917047c3c5a8220def3423a76eee6a427a900c26fe0d72e894b1cf8b56b58d2,6eb1a56f7ae3a210998123a47c32feb63ce55077b5a21a5589a54f44887d527b
5.5.00,string-inst.cc,"std::string::_Rep::_M_grab(std::allocator<char> const&, std::allocator<char> const&)",0,1,0x00033050,0x00034050,0x00434050,256,77,1f3ebe2a91489e9823d96ab6cf54da900d6ebc3c146d39c0c1a3113668204357,76a88058b2d6bd43f22cc5ade2dad694e0dc7b583f83c50b5d4620a4df55f8b4
5.5.00,string-inst.cc,"std::string::_S_construct(unsigned int, char, std::allocator<char> const&)",0,1,0x000329F0,0x000339F0,0x004339F0,128,54,fea0ce5d02ecf52eae180737eadba38d74cf14386b1fab3c2c08486285d24c0a,c6df78a76f4289ce1133918c4b194b311e3cdf31ddb86a5e02e89dd8f1a17f3f
5.5.00,string-inst.cc,"std::string::_Alloc_hider::_Alloc_hider(char*, std::allocator<char> const&)",1,1,0x00032980,0x00033980,0x00433980,16,10,af35a3b3e0c1be63b67bd78098044740355498bd3602e164544b151c996e18e3,d6cdf53a9e6993d0db32feafbdca705676df6539bf663a62c484d71cf2c31913
5.5.00,string-inst.cc,std::string::_Rep::_S_empty_rep(),0,1,0x00033020,0x00034020,0x00434020,16,11,6311eec5a62c6bec74ee60118807e2b808514b9325e73f47f5f14bcab1660df7,934b15466a493a98275729a919ccd775eb12c59744d9870576feb0221358facf
5.5.00,string-inst.cc,std::string::_Rep::_M_set_leaked(),0,1,0x00033030,0x00034030,0x00434030,16,7,ea33c9c671c3dc4758a8d467cf40fa379a82ac5b197a4d5767fdd930bdde7ee3,e9b34f0c2081a7ea15e840e574ab9660e89956f42c7e2393617970b4b4744888
5.5.00,string-inst.cc,std::string::_Rep::_M_set_sharable(),0,1,0x00033040,0x00034040,0x00434040,16,7,0a27045c5431af4d001b8a0993ff6b57f00f728fc921f3bed391867d82271ed1,7e6fd93bb79fde5afbc2cfc220b1ec692632ad9136a2ab2959b4a95bfda240c3
5.5.00,string-inst.cc,std::string::_Rep::_M_dispose(std::allocator<char> const&),0,1,0x00032F00,0x00033F00,0x00433F00,80,28,29d07317d8a68dae30ec363e817319ea607243d5fc352765587651ec572c4b91,6078471db0b53d85a32fddc9dfe400fa5fbdc22a21795d03ebf578e3d5767183
5.5.00,string-inst.cc,std::string::_Rep::_M_refdata(),0,1,0x00033010,0x00034010,0x00434010,16,11,1ff40a91308bf73c4c9ca8aeb1a6c1fa6d857000dd507fe2925f8b63e093c666,006a8cc74d2bda59381b93bac16975fed0658d82309e3135e745035aae34783d
5.5.00,string-inst.cc,"std::string::_Rep::_S_create(unsigned int, unsigned int, std::allocator<char> const&)",0,1,0x000331D0,0x000341D0,0x004341D0,320,87,1cb1c2827046fc4228d021cb068bd6f1b609c3ba338749aaac8ee59b9976b6f5,e2e0ba41e5e2ef4ca971fbe9ae90f5f6671777182fc47a5b17f9bdd1466aceef
5.5.00,string-inst.cc,std::string::get_allocator() const,0,1,0x00031EB0,0x00032EB0,0x00432EB0,16,11,02d5d60a8b56a60831358edee7395f035d2f966d02b55c76cf90a649c750746c,bb28bbbacd107f929718704f12a2a5fa5cb6ddbca0678038b013276485cc9d99
5.5.00,string-inst.cc,std::string::_S_empty_rep(),0,1,0x00032BF0,0x00033BF0,0x00433BF0,16,11,6311eec5a62c6bec74ee60118807e2b808514b9325e73f47f5f14bcab1660df7,934b15466a493a98275729a919ccd775eb12c59744d9870576feb0221358facf
5.5.00,string-inst.cc,std::string::_Rep::_M_is_shared() const,0,1,0x00032140,0x00033140,0x00433140,32,22,b33c6a3f0f17a360c982695f24d4877150c633eac201af779165dddd0a7e8cb6,36ea651ea75b3b60518484390d42e41fcec3f0c2c6f50794b4bf699c71f30dcd
5.5.00,string-inst.cc,std::string::capacity() const,0,1,0x00032940,0x00033940,0x00433940,16,8,5098480e660e7f7017aef0954f275d36f69af3be6ebd35bac7a6d75ca667b647,1a86f64fe50c390eac5198ad797a299f634793d87bf0cf651b06ab3666428ac6
5.5.00,string-inst.cc,"std::string::_S_copy_chars(char*, char const*, char const*)",0,1,0x00032C60,0x00033C60,0x00433C60,48,26,9108d4198146596bc5250cbcb0ee52f6ba89da9dacd11c8626e788cc68b56154,54b5b1280823a526d7f01833680919be1af9b99ee99de18da556cd474704a8ba
5.5.00,string-inst.cc,"std::string::_S_copy_chars(char*, char*, char*)",0,1,0x00032C90,0x00033C90,0x00433C90,48,26,9c02f903966554e7f045eb4a536077050d5643f6a60205bbedfb4b0181ca0a65,54b5b1280823a526d7f01833680919be1af9b99ee99de18da556cd474704a8ba
5.5.00,string-inst.cc,std::string::_M_leak_hard(),0,1,0x000329A0,0x000339A0,0x004339A0,80,31,211ae9980a58305b9451eb33e50bd7b367a40ec3b5a61fb8bbfdd85bbb783753,8a0be721b675f8805b8a990cb950ffaae26b41ee2b6ab7dd87b419e859ba64b6
5.5.00,string-inst.cc,std::string::_Rep::_M_is_leaked() const,0,1,0x00032130,0x00033130,0x00433130,16,9,30e86aa3e9dec8e305554e89f31b94fa88e8f4ac591c95220ada5f45943299aa,363e34f8a31253489ae23a1cb247b4f9e6ec85727fd0cc0a7459a5cba6511ff9
5.5.00,string-inst.cc,std::string::size() const,0,1,0x00032340,0x00033340,0x00433340,16,10,78e6a35a1ddf3db184d518653ef008414eee278e70af91c5c1c936d48077378c,9ee4fb0a10ab9a81ea70de509dec6db71a039ad467d821570c625adf04666408
5.5.00,atomicity.cc,"__gnu_cxx::__exchange_and_add(int volatile*, int)",0,1,0x0002C4B0,0x0002D4B0,0x0042D4B0,16,8,02507ce16d18388c151529674ae08d256d0ff30ed2f07b3aa4cb223090888fd7,bf30d0e7e5b2d0ba21f547db26f5a209ca9e64b2e2f8dade48fa2530a537ca8e
5.5.00,atomicity.cc,"__gnu_cxx::__atomic_add(int volatile*, int)",0,1,0x0002C4C0,0x0002D4C0,0x0042D4C0,16,9,7dea967e62f162be8d90af40f6ae58509ce3c8298fb66352dd335677d2a5d89d,d24cd1936faa1311ea8b8eea70e58a818c23dcaa723c3415c85b6584d3782961
5.5.00,eh_throw.cc,"__gxx_exception_cleanup(_Unwind_Reason_Code, _Unwind_Exception*)",0,1,0x0002C4D0,0x0002D4D0,0x0042D4D0,80,30,47f3dde6bb2a958e12d5a7d18ce63cd81daec5e4401a9ea0838c43d509c8b310,f2844e1f1d2e51b91c0926f657eecee08df5300be0b698c18c4b3809efb83a4b
5.5.00,eh_throw.cc,__cxa_throw,0,1,0x0002C520,0x0002D520,0x0042D520,112,29,02376d439acd5354c54bbc6cc589c4280addad214f80d64f388ccc86af94dca3,e156376af3a82f6e52a3ff94d27379d7747dee88c323361cd7c697c24950bab8
5.5.00,eh_throw.cc,__cxa_rethrow,0,1,0x0002C590,0x0002D590,0x0042D590,96,36,a3ce22874277b060d81b1ec391864beb2aca32e96e21c3d18a33e45cfc2c0d89,fd83a83b35373883c05503d557779f6e6eedb625a0210a27fd54e3fc14fbca00
5.5.00,eh_catch.cc,__cxa_begin_catch,0,1,0x0002C5F0,0x0002D5F0,0x0042D5F0,272,83,b0d658c530373cb8fd877df246f1c31a1dc61c1073f4fc21d74c3ffffda94a50,0b63ee4983cc2a73f886b7170392a81df26d5a3fd65e164af9fc764d93dd371d
5.5.00,eh_catch.cc,__cxa_end_catch,0,1,0x0002C700,0x0002D700,0x0042D700,144,55,7ae12998f1e6dab6870654a1a42eb73a18dd08ae8794d3644bb810a331b520c5,3a84ec96a36a1e568386b442339fdda8afdf5910a4ab5835bf6e0bf0602ca706
5.5.00,eh_catch.cc,std::uncaught_exception(),0,1,0x0002C790,0x0002D790,0x0042D790,32,18,6f487820421f045d93e46ca1040cffd43a45dfa08f40176b30b5cf48285bc0b9,699df32f6e6a9240c36d03e9158034b71c195d22643f2d01bf611f8aa8e70988
5.5.00,del_opv.cc,operator delete[](void*),0,1,0x0002C7B0,0x0002D7B0,0x0042D7B0,16,11,8c61f99d7ab1413424c2f5f7e151feb9c9129de92a9218ab94603714d4e7c516,4c4c2c7d1a5a48fd6513405ab88125224b6033ecdae2f6d8087a75d7a99408a5
5.5.00,new_opv.cc,operator new[](unsigned int),0,1,0x0002C7C0,0x0002D7C0,0x0042D7C0,160,54,4eccbd130eff961686a06979b588c1ded15865647e4d276aa69d713597ad3010,84f7a0f67191d9cded0270f979e1ac05ffe540abf641b8f62a0d9dcc22785dbc
5.5.00,tinfo.cc,std::type_info::~type_info(),0,1,0x0002C890,0x0002D890,0x0042D890,16,7,f6b165773ba9b961bb387f775a9647f793ebc6b8d078f9ef0748bd1debbba123,ad26934f29cce20e9c71ba99661cf4bdd7043b198b3e80158b58a1428ab76fe7
5.5.00,tinfo.cc,std::type_info::~type_info(),1,1,0x0002C8A0,0x0002D8A0,0x0042D8A0,32,8,e5961026d53e0350f688c9e81cbd66214d25a9d70d39138cd374c3121ba04825,933055cd7a27552720ea3c56501326dfd90652d6ce0f4c210b19eaff48a86e5a
5.5.00,tinfo.cc,std::bad_cast::~bad_cast(),0,1,0x0002C8C0,0x0002D8C0,0x0042D8C0,32,11,1ec9c8282560efca335707752d2a7fbd1fe8fe04876bc05fe09429c1c747b033,25e9c06881d0b05095a0619e56264adf120cf4bb18cad01e4da3504db3cb1259
5.5.00,tinfo.cc,std::bad_cast::~bad_cast(),1,1,0x0002C8E0,0x0002D8E0,0x0042D8E0,32,11,6f3b5f16869efe3e915a38afde1707f6f568052cef375638503e99c386dd6b81,25e9c06881d0b05095a0619e56264adf120cf4bb18cad01e4da3504db3cb1259
5.5.00,tinfo.cc,std::bad_cast::~bad_cast(),2,1,0x0002C900,0x0002D900,0x0042D900,48,16,58204cf783a414d7bb6dbf370177ebcb7e65545722693587ff8d739a596171f2,8e15be3fcfe3246518d7b9af0ca1a6854039aec8e63f60e8bb9e94ad7086a2fb
5.5.00,tinfo.cc,std::bad_typeid::~bad_typeid(),0,1,0x0002C930,0x0002D930,0x0042D930,32,11,82c93368a0fbf225838e709a658e5bd1ed88868cc092ce71ddf0def448c9cc85,25e9c06881d0b05095a0619e56264adf120cf4bb18cad01e4da3504db3cb1259
5.5.00,tinfo.cc,std::bad_typeid::~bad_typeid(),1,1,0x0002C950,0x0002D950,0x0042D950,32,11,c7b7978cf20324693049eb25a7c281f90586f20630275c214f18d6a7efc4e39d,25e9c06881d0b05095a0619e56264adf120cf4bb18cad01e4da3504db3cb1259
5.5.00,tinfo.cc,std::bad_typeid::~bad_typeid(),2,1,0x0002C970,0x0002D970,0x0042D970,48,16,eea1de5d1d66a325da2de6e576fc0f4fccfb8f85198cb22be8e203faf8c21a6e,f1116147cdcdc1667d604fa02c3c7f5b7d0fbfe0f9d663f380439bfe1654b65e
5.5.00,tinfo.cc,std::type_info::__is_pointer_p() const,0,1,0x0002C9E0,0x0002D9E0,0x0042D9E0,16,8,d78e7a30a5d35fc828ee9bbdcc8ab81537fade2eb75b8b5cf0fc989c4ca369e6,04fdcbc0bd143c7f3b2905ffcd9a9ab63ca8b9ce0e94be665c82a27e212cdc95
5.5.00,tinfo.cc,std::type_info::__is_function_p() const,0,1,0x0002C9F0,0x0002D9F0,0x0042D9F0,16,8,d78e7a30a5d35fc828ee9bbdcc8ab81537fade2eb75b8b5cf0fc989c4ca369e6,04fdcbc0bd143c7f3b2905ffcd9a9ab63ca8b9ce0e94be665c82a27e212cdc95
5.5.00,tinfo.cc,"std::type_info::__do_catch(std::type_info const*, void**, unsigned int) const",0,1,0x0002CA00,0x0002DA00,0x0042DA00,32,13,89fb932b1c1271f0b7009a72eee348e3bba163788a315b80e8818f5df7b1c96d,0928b1cef51ad18872770d1bac2909dc611a6028fa4e447ea025df61488154a5
5.5.00,tinfo.cc,"std::type_info::__do_upcast(__cxxabiv1::__class_type_info const*, void**) const",0,1,0x0002CA20,0x0002DA20,0x0042DA20,16,8,d78e7a30a5d35fc828ee9bbdcc8ab81537fade2eb75b8b5cf0fc989c4ca369e6,04fdcbc0bd143c7f3b2905ffcd9a9ab63ca8b9ce0e94be665c82a27e212cdc95
5.5.00,tinfo.cc,__cxxabiv1::__class_type_info::~__class_type_info(),0,1,0x0002CA30,0x0002DA30,0x0042DA30,32,11,e8cf4b7b696e119363d840c71fcbafc1b9eea6e6e4a69dbb88a6a218f111c736,a9c3933d7fbc70a8ca7d000be97fdb71e9bbf7f1dfc301d1d389591dc2d75724
5.5.00,tinfo.cc,__cxxabiv1::__class_type_info::~__class_type_info(),1,1,0x0002CA50,0x0002DA50,0x0042DA50,48,16,b359a690bd94d1be6de494151cc22f71acd79c2becec707012a0e94d1cf0b21e,6b203cebbf1e234d13add3712d60e05e8c24cc1531439c5934ef7d1c222f2ed9
5.5.00,tinfo.cc,__cxxabiv1::__si_class_type_info::~__si_class_type_info(),0,1,0x0002CA80,0x0002DA80,0x0042DA80,32,11,06e44ed2323a10587e18bc714cf2f51be3e3bc42c20a64dbc84e883157102877,5722772f0ed92586ef324c31898befa08847ad181e52e208b8cffdecb8bcd097
5.5.00,tinfo.cc,__cxxabiv1::__si_class_type_info::~__si_class_type_info(),1,1,0x0002CAA0,0x0002DAA0,0x0042DAA0,32,11,889721af4e8b1461196389d4aafa44d322e3a8eae2a7b8fb283973d41df20dda,5722772f0ed92586ef324c31898befa08847ad181e52e208b8cffdecb8bcd097
5.5.00,tinfo.cc,__cxxabiv1::__si_class_type_info::~__si_class_type_info(),2,1,0x0002CAC0,0x0002DAC0,0x0042DAC0,48,16,efa8ef7af9268b4907c4a3513c245d85032e1a807226d7f6991f9810962c1a51,f7453f629ebf6a27b7439c1c9c64fd88b9ac26abb1fac9a8512db83879ac59fa
5.5.00,tinfo.cc,__cxxabiv1::__vmi_class_type_info::~__vmi_class_type_info(),0,1,0x0002CAF0,0x0002DAF0,0x0042DAF0,32,11,9ed0390155dc0caba7805a7068ea2826ef6fc073a11043fb4c0ea337a0285caf,5722772f0ed92586ef324c31898befa08847ad181e52e208b8cffdecb8bcd097
5.5.00,tinfo.cc,__cxxabiv1::__vmi_class_type_info::~__vmi_class_type_info(),1,1,0x0002CB10,0x0002DB10,0x0042DB10,32,11,fa90f6e1b2cbeefcb741b6785a999a8a84f482ee96cf440ee6d24141384020ee,5722772f0ed92586ef324c31898befa08847ad181e52e208b8cffdecb8bcd097
5.5.00,tinfo.cc,__cxxabiv1::__vmi_class_type_info::~__vmi_class_type_info(),2,1,0x0002CB30,0x0002DB30,0x0042DB30,48,16,b7f9c1f86cca3c48d5090a9aec8c8b62a99d01570d156a67a4f215281281130c,c909a2dc4f31f52c174812c29423528da3def0e1deeeccc95f246d057db7ed9b
5.5.00,tinfo.cc,"__cxxabiv1::__class_type_info::__do_catch(std::type_info const*, void**, unsigned int) const",0,1,0x0002CB60,0x0002DB60,0x0042DB60,112,39,325392804d7164070780bd6b903bfc5dddc7cb3294f47a93b2484a9d048ac246,926392ad8a5a0569d8ebac370e967a34f6075ad654d7a964cb69509aca2c0ab4
5.5.00,tinfo.cc,"__cxxabiv1::__class_type_info::__do_upcast(__cxxabiv1::__class_type_info const*, void**) const",0,1,0x0002CBD0,0x0002DBD0,0x0042DBD0,112,34,5072c7742d60451e6e12162e743b882507d61cd707b9f4ff139f0cf12832f951,da13fbb5fd487d62e115867824947f87e7cdc1df59de244a1b55519f80eec76b
5.5.00,tinfo.cc,"__cxxabiv1::__si_class_type_info::__do_find_public_src(int, void const*, __cxxabiv1::__class_type_info const*, void const*) const",0,1,0x0002CC60,0x0002DC60,0x0042DC60,128,46,335c4c6ffaa1b1ae65a8f56067e461abcbc641f7b34295e255afba59498cdd8f,5de48751ee2df5a052bbf3cc1b6b42ed60b31e36e9a76d407e6b0c4fd79e6f80
5.5.00,tinfo.cc,"__cxxabiv1::__vmi_class_type_info::__do_find_public_src(int, void const*, __cxxabiv1::__class_type_info const*, void const*) const",0,1,0x0002CCE0,0x0002DCE0,0x0042DCE0,208,82,d1ce1547799dee0c056e076815a4cccfa29c544cd92f0f709267d42e5167e8cd,825a68d386b29af0807129dbc7f3da19db8497c12d2ed8225106bb73d80197b7
5.5.00,tinfo.cc,"__cxxabiv1::__class_type_info::__do_dyncast(int, __cxxabiv1::__class_type_info::__sub_kind, __cxxabiv1::__class_type_info const*, void const*, __cxxabiv1::__class_type_info const*, void const*, __cxxabiv1::__class_type_info::__dyncast_result&) const",0,1,0x0002CDB0,0x0002DDB0,0x0042DDB0,112,40,0eeb7dec7faf4fcfd7687821c729f77b9289c4bdd693cc3879bbf2fbd8ecd70f,c22c78c64b6af3451a48c50b0b668651163788e5d0749065dcd777b2228e4a42
5.5.00,tinfo.cc,"__cxxabiv1::__si_class_type_info::__do_dyncast(int, __cxxabiv1::__class_type_info::__sub_kind, __cxxabiv1::__class_type_info const*, void const*, __cxxabiv1::__class_type_info const*, void const*, __cxxabiv1::__class_type_info::__dyncast_result&) const",0,1,0x0002CE20,0x0002DE20,0x0042DE20,240,77,d0b4a6d04f1f669598cf710d734e39fb320d2cdaacf3945528d6ff33b75f8f93,ccf4151dda6680365d9312833e6992e656672fa51fa153c45d67a9550ce402f3
5.5.00,tinfo.cc,"__cxxabiv1::__vmi_class_type_info::__do_dyncast(int, __cxxabiv1::__class_type_info::__sub_kind, __cxxabiv1::__class_type_info const*, void const*, __cxxabiv1::__class_type_info const*, void const*, __cxxabiv1::__class_type_info::__dyncast_result&) const",0,1,0x0002CF10,0x0002DF10,0x0042DF10,1264,385,a86971823db8b9bfa4a083a72f5ab3d79b4f8bfdb6f8fb0232399bf308893341,3d3a8e3bee057b1c3cf660d2b1877d0a2dbfe3a7ac2fdeac0235ba50fe95877f
5.5.00,tinfo.cc,"__cxxabiv1::__si_class_type_info::__do_upcast(__cxxabiv1::__class_type_info const*, void const*, __cxxabiv1::__class_type_info::__upcast_result&) const",0,1,0x0002D450,0x0002E450,0x0042E450,128,44,a6c98603fcdfdf3d8a0dd5a34442c26e2cacf0dc310fa77b53f6894d0c15527d,8ce6f3cb724a497ef5bdecb126cb4eb1d93588bd580a3499323d5220cccb11e4
5.5.00,tinfo.cc,"__cxxabiv1::__vmi_class_type_info::__do_upcast(__cxxabiv1::__class_type_info const*, void const*, __cxxabiv1::__class_type_info::__upcast_result&) const",0,1,0x0002D4D0,0x0002E4D0,0x0042E4D0,528,167,2ebefc3fa1e72c5a2be83f09a928326113d95cf444975d191ceec4220653aaff,f29fee5215e9f9ae768d6b8afeb1c389b3f1bf20fab1238abebc3b8d5e49f0ba
5.5.00,tinfo.cc,__dynamic_cast,0,1,0x0002D6E0,0x0002E6E0,0x0042E6E0,304,107,6f23dfeee613bbcade08b57c808cda2477638a4fffccd6332038cab94e1cdc19,820f93a928ee6b46bb8e28c10b29b3caf305764c1b471008989ed06edd270f48
5.5.00,tinfo.cc,"__cxxabiv1::__class_type_info::__do_find_public_src(int, void const*, __cxxabiv1::__class_type_info const*, void const*) const",0,1,0x0002CC40,0x0002DC40,0x0042DC40,32,12,9a3c1c41bc24e4772d3df0c17081fdc36f7f7641aea606bb70951e5f58668e23,43a9f37614142786fa0d6e9ad16f549e75f785c33b90871db6a7b6c90930eeac
5.5.00,tinfo.cc,"__cxxabiv1::__class_type_info::__do_upcast(__cxxabiv1::__class_type_info const*, void const*, __cxxabiv1::__class_type_info::__upcast_result&) const",0,1,0x0002D400,0x0002E400,0x0042E400,80,25,1202e10e592ed44ffade5ebb8b466098c332a7051e6b80245db243b5609b8ace,bcf9e2b1d373a29d2ee2d86c1084409758dd20a89056f3cae7ed9e446ba883b5
5.5.00,tinfo.cc,__cxxabiv1::__class_type_info::~__class_type_info(),2,1,0x0002C870,0x0002D870,0x0042D870,32,11,92a1198676ab69c8e06845557b7ea81278f271b167570df5cfb2f9a12f69f52f,a9c3933d7fbc70a8ca7d000be97fdb71e9bbf7f1dfc301d1d389591dc2d75724
5.5.00,tinfo.cc,std::type_info::~type_info(),2,1,0x0002C860,0x0002D860,0x0042D860,16,7,f6b165773ba9b961bb387f775a9647f793ebc6b8d078f9ef0748bd1debbba123,ad26934f29cce20e9c71ba99661cf4bdd7043b198b3e80158b58a1428ab76fe7
5.5.00,tinfo.cc,std::type_info::operator==(std::type_info const&) const,0,1,0x0002C9A0,0x0002D9A0,0x0042D9A0,64,24,3a8a2d3c0591846f7d4b743bafdc509d82668245662f53646251b3fcb6c18ef1,26ae7444a9b9d2cae22f497d6fafce763d24985bccf282dc28af65e975fcf18b
5.5.00,new_handler.cc,std::set_new_handler(void (*)()),0,1,0x0002D810,0x0002E810,0x0042E810,32,10,8f862af092f78d1db851ee5e82a5af65e95a31e96f2f709e20c40c3cd9357ef9,f8d1f5acdc70236b7e66821b9e6300280df1c67a5e27f774dd426bbbf1aac7db
5.5.00,new_handler.cc,std::bad_alloc::~bad_alloc(),0,1,0x0002D830,0x0002E830,0x0042E830,32,11,e7cfb5dcc8e872b75dfc62d08f380a8b7762db95aedbb42637a0c05bf311616b,25e9c06881d0b05095a0619e56264adf120cf4bb18cad01e4da3504db3cb1259
5.5.00,new_handler.cc,std::bad_alloc::~bad_alloc(),1,1,0x0002D850,0x0002E850,0x0042E850,32,11,1ae59505136cfdd5db2672b91a674807fa5ec257bbf1c22acc824e923417177e,25e9c06881d0b05095a0619e56264adf120cf4bb18cad01e4da3504db3cb1259
5.5.00,new_handler.cc,std::bad_alloc::~bad_alloc(),2,1,0x0002D870,0x0002E870,0x0042E870,48,26,e67128505216bb3dfdfc0036b1846f26e18275d4996b17ae89475a9983a1072d,ccf09be764e50b26c780ddd37f99fd3122581ad877802ff7b0f7689e8a309078
5.5.00,eh_alloc.cc,emergency_mutex_init(),0,1,0x0002D8A0,0x0002E8A0,0x0042E8A0,32,9,0aaa01864e32f061154f8d422b02e140df0c62702608ef6d32a36722d52f4280,4fc0d701a8130e236bcf2d32a80e74a7dff8837dc021ffb119486309f007b7e1
5.5.00,eh_alloc.cc,__cxa_allocate_exception,0,1,0x0002D8C0,0x0002E8C0,0x0042E8C0,400,103,1ffc10eaec8933dbf36b5ffe819bdebe5a7ba507eb37b093a274700bc585d5a4,dba8515e8cb425e9de133d298d66637872b0ea19f37042cfff33dddf694413be
5.5.00,eh_alloc.cc,__cxa_free_exception,0,1,0x0002DA50,0x0002EA50,0x0042EA50,256,78,1386216ac2a28b5ff137d3ba301190c98a28d53b18c21e5450fafb0c9cf1697e,e919161cf937bf907012528a2574ee6b79f3eecad72b126a34ace5ccb713c513
5.5.00,eh_exception.cc,std::exception::~exception(),0,1,0x0002DB60,0x0002EB60,0x0042EB60,16,7,e812a935ad09c34ae022b41abe32c4d58b22c95a5ff08ede9e20419f708bebc6,ad26934f29cce20e9c71ba99661cf4bdd7043b198b3e80158b58a1428ab76fe7
5.5.00,eh_exception.cc,std::exception::~exception(),1,1,0x0002DB70,0x0002EB70,0x0042EB70,32,11,31a3a1fa5b7879e0cfb8d2450d95598c269e928bfadf026ebc51dafb5a92272f,7b3154dd3269a29a444c73f8fb2a070ad537a20131bae23279fd3c479f7bd594
5.5.00,eh_exception.cc,std::bad_exception::~bad_exception(),0,1,0x0002DB90,0x0002EB90,0x0042EB90,32,11,99c323bb6554a5e664ad5afdf022bb01a76992b05ba09340945496bda412ca18,25e9c06881d0b05095a0619e56264adf120cf4bb18cad01e4da3504db3cb1259
5.5.00,eh_exception.cc,std::bad_exception::~bad_exception(),1,1,0x0002DBB0,0x0002EBB0,0x0042EBB0,32,11,a090bd82bc22a05abce4ea1f6f9f4008547646f128f9be9cc8857e8209c69778,25e9c06881d0b05095a0619e56264adf120cf4bb18cad01e4da3504db3cb1259
5.5.00,eh_exception.cc,std::bad_exception::~bad_exception(),2,1,0x0002DBD0,0x0002EBD0,0x0042EBD0,48,16,7268864db4ed7abfad844fb8839c3db584fffe43a24b2af29f8fecb129544d08,8e15be3fcfe3246518d7b9af0ca1a6854039aec8e63f60e8bb9e94ad7086a2fb
5.5.00,eh_exception.cc,std::exception::what() const,0,1,0x0002DC00,0x0002EC00,0x0042EC00,16,8,ae295d6399a4f78d2ba79ed4f6227fbd639d25340b0fe666072cc0076a43f24f,14120ce730daf12568880e038f98fcc0a0172a0730ae0f86142fbb6ede02e4db
5.5.00,eh_exception.cc,std::exception::~exception(),2,1,0x0002DB50,0x0002EB50,0x0042EB50,16,7,e812a935ad09c34ae022b41abe32c4d58b22c95a5ff08ede9e20419f708bebc6,ad26934f29cce20e9c71ba99661cf4bdd7043b198b3e80158b58a1428ab76fe7
5.5.00,eh_terminate.cc,__cxxabiv1::__terminate(void (*)()),0,1,0x0002DC10,0x0002EC10,0x0042EC10,96,24,b3f58b563b99c06ce9970ed8e0834578a0331d40e08617c9b7d6198138dbd336,aa9927b81684a4cc4ce81f78fee8c3cfa2f26cbdf0ec3de37bb32e8461717d65
5.5.00,eh_terminate.cc,std::terminate(),0,1,0x0002DC70,0x0002EC70,0x0042EC70,32,10,d15099ea6fe6014c8d93ce0c2cdc8e44ebd0be42fbbb05215fce8ed06aad3c05,ee0683d4c102faa1b7df22ae624d8042a07b4e0e069086bc7d085d451ba38b54
5.5.00,eh_terminate.cc,__cxxabiv1::__unexpected(void (*)()),0,1,0x0002DC90,0x0002EC90,0x0042EC90,16,6,27b61d8001d5261fcf58d025b3ac1016bf89e257138a556ef62a4f2fda808c38,edbcb41d4db9b86748e9bc30c9e01b9e8f92f0562772737e4a66b9478941a787
5.5.00,eh_terminate.cc,std::unexpected(),0,1,0x0002DCA0,0x0002ECA0,0x0042ECA0,32,10,4c085f90d5dd643857b2441522ddb658e13bb754ae20679a778a93f3b53c5988,189f8a9f0a64e3536dc0247f1219e22f00a470147b58eb0378c02f6312f3c975
5.5.00,eh_terminate.cc,std::set_terminate(void (*)()),0,1,0x0002DCC0,0x0002ECC0,0x0042ECC0,32,10,d522c5d862354d84f79dc3d7bd496df2bbf50801bddc39f54a7ec95f3aa3a655,761f4465df7e1a5644ec548e3fd5e0b87d8b663fd087a47208d6aa9926715938
5.5.00,eh_terminate.cc,std::set_unexpected(void (*)()),0,1,0x0002DCE0,0x0002ECE0,0x0042ECE0,32,22,265bfdc095a6efdf362ac2fec108efe2f78e5444126f01c25b5c015beef091a7,7e159ec32d4f47fe985b984417e878572d2f261d032a2714582fc5f27861d3b6
5.5.00,eh_globals.cc,get_globals_dtor(void*),0,1,0x0002DD00,0x0002ED00,0x0042ED00,32,11,89a81d521acf548cb0e074bf1cd34aebcc33b1ac2a32011ceeb3eea2cb0d9109,a808d71bf9cc76086724fc375c5fbb6b3e5b3154c3a90397abea21219538391e
5.5.00,eh_globals.cc,get_globals_init(),0,1,0x0002DD20,0x0002ED20,0x0042ED20,80,26,4c7e5047907e6daf1dad37ab4d5a4b1cc96a4225c3b016cd104acc5bccdd9b83,e925cd2776557442d38cde543fb1b0db59a9e0a1d6652b6c9b3b329711035eea
5.5.00,eh_globals.cc,__cxa_get_globals_fast,0,1,0x0002DD70,0x0002ED70,0x0042ED70,208,57,7c3805b3e037c9d44a4976e1103fb2ca65a21106b82773ea388598aca66ee4e6,426cdf32cf7cb1834d0d4b9ea00305411259981ffefaa6aa7782ae2b5dc695a2
5.5.00,eh_globals.cc,__cxa_get_globals,0,1,0x0002DE40,0x0002EE40,0x0042EE40,512,146,d6badefc8e1fc2cd3cb85f3cc78fe1b4b7d6f29bc1541a83cc0d9886839da90f,c0c3dedeb78bb43a9101918e388ea93b05b42966d796f6d160fe9bef93cd9fed
5.5.00,functexcept.cc,std::__throw_bad_exception(),0,1,0x0002E040,0x0002F040,0x0042F040,64,14,471973893f2c234b54ca63aded555b8401600c47e187739ab3e4281ca4d8812d,f39dcbbaf5f3cc135e4b2f8e0c6d7d6bf370e4dfb454e5c99d35e5fc899469d7
5.5.00,functexcept.cc,std::__throw_bad_alloc(),0,1,0x0002E080,0x0002F080,0x0042F080,64,14,39792197e805337dcb67641d08b4d160e49e4878a4f0014a3f2b9f126a77dc16,f39dcbbaf5f3cc135e4b2f8e0c6d7d6bf370e4dfb454e5c99d35e5fc899469d7
5.5.00,functexcept.cc,std::__throw_bad_cast(),0,1,0x0002E0C0,0x0002F0C0,0x0042F0C0,64,14,c009065598a7ecc6b4652c4c9bc2b5b3f3b80dd197e33e41251c22b42242dffa,f39dcbbaf5f3cc135e4b2f8e0c6d7d6bf370e4dfb454e5c99d35e5fc899469d7
5.5.00,functexcept.cc,std::__throw_bad_typeid(),0,1,0x0002E100,0x0002F100,0x0042F100,64,14,ecaed7ba98217195f986d6e628b3a6f4346ca9b1694cb6ac6478dd290466f48e,f39dcbbaf5f3cc135e4b2f8e0c6d7d6bf370e4dfb454e5c99d35e5fc899469d7
5.5.00,functexcept.cc,std::domain_error::~domain_error(),0,1,0x00035C50,0x00036C50,0x00436C50,48,26,1aa0cdf182c24333d3afe91cc6eca17e806056a01bcc49c89f55800bd7cc1121,e861baad3ba72c5d74c87a4bbd7724cd2e0b32ae7162c98b9f981784a273a0cb
5.5.00,functexcept.cc,std::invalid_argument::~invalid_argument(),0,1,0x00035DE0,0x00036DE0,0x00436DE0,48,26,e497fa1dfa9da6b65036ed02ba13b83b8973439a274490a87a9caf64ce60649d,2ddfb9e600b13b8f989fef187b88b5e43f84d1012bb9014cdff72ebbc859d986
5.5.00,functexcept.cc,std::length_error::~length_error(),0,1,0x00035CA0,0x00036CA0,0x00436CA0,48,26,aba11249762cda8de24201f1bf466006e2cb94a24b54cceaaf6d7460102ec4b7,2ddfb9e600b13b8f989fef187b88b5e43f84d1012bb9014cdff72ebbc859d986
5.5.00,functexcept.cc,std::out_of_range::~out_of_range(),0,1,0x00035CF0,0x00036CF0,0x00436CF0,48,26,45a981726571d77bac75c0eb1c36080940fdd9c169df172147000a2878980168,2ddfb9e600b13b8f989fef187b88b5e43f84d1012bb9014cdff72ebbc859d986
5.5.00,functexcept.cc,std::range_error::~range_error(),0,1,0x00035C00,0x00036C00,0x00436C00,48,26,e1070952ed3e17aff3f58eab91feb6aea25e808cfd3316fabeb86d88dfb94736,5e9e1fd8184aea8ac816d8734a43e8178f001a6b621c9d484f3ab8fcbeacde85
5.5.00,functexcept.cc,std::overflow_error::~overflow_error(),0,1,0x00035D40,0x00036D40,0x00436D40,48,26,e278122aae54280c31260ab92d43db0133189e73fe8280dca57e3fac61e05b12,5e9e1fd8184aea8ac816d8734a43e8178f001a6b621c9d484f3ab8fcbeacde85
5.5.00,functexcept.cc,std::underflow_error::~underflow_error(),0,1,0x00035D90,0x00036D90,0x00436D90,48,26,4179b36d983040e8f3be32b387aed39595542d82c9e087aa8e56fb92199006db,5e9e1fd8184aea8ac816d8734a43e8178f001a6b621c9d484f3ab8fcbeacde85
5.5.00,functexcept.cc,std::__throw_ios_failure(char const*),0,1,0x0002E140,0x0002F140,0x0042F140,256,64,3dbb984fbbf158700a99f39be65be61686a3432771347642d296882c15c1082a,b0dd82dbe054219a611ae46a3957f6084214682e253c0def2d522b0318911d85
5.5.00,functexcept.cc,std::__throw_underflow_error(char const*),0,1,0x0002E240,0x0002F240,0x0042F240,416,100,ee09caf0e6cf78ed92bb3c799ddbc4b46e7de6ea33976c699003c0cee2f7995d,641bb9fca4bf177d022244956ef936a6912d1f7e788b24e5331ddbfc8b8409d8
5.5.00,functexcept.cc,std::__throw_overflow_error(char const*),0,1,0x0002E3E0,0x0002F3E0,0x0042F3E0,416,100,d75b8d7665ae40a6bc327847b17f367629a0f89bed9fdd47456dd58d68a1b21d,2e724548850d174b79e9de64809a58acf2b1b060e570abc8b5014be2239bab02
5.5.00,functexcept.cc,std::__throw_range_error(char const*),0,1,0x0002E580,0x0002F580,0x0042F580,416,100,8f7769e57b949adf1a05e60e9797b19d561cd0a195c540e8a0f907126285bb6f,edd0d086786ad8cbd7c1c6d1d5c7f383b7ab91123bdeef8a95d8976c1d7e150e
5.5.00,functexcept.cc,std::__throw_runtime_error(char const*),0,1,0x0002E720,0x0002F720,0x0042F720,416,100,01a9de232dae60e48edf0b02e190c42db1aedd0f2e4abde39d945fa9aa8e3f1c,52e6c7c0bf142bbcfa759af3141c4bf6caa2079a91408f1eeb48694df968ee6d
5.5.00,functexcept.cc,std::__throw_out_of_range(char const*),0,1,0x0002E8C0,0x0002F8C0,0x0042F8C0,416,100,c3113bfdb67ee8da37ddb6eeb1020763dec894c3713656e7f2d71d93f2cb6e57,58fdaeff53aeb492effd9b38e7134f4ac091ca28e826246c5dc2888a69cb5692
5.5.00,functexcept.cc,std::__throw_length_error(char const*),0,1,0x0002EA60,0x0002FA60,0x0042FA60,416,100,ebd577f57702265b7c8e16a6c59930f75c5beb99d696d7058206cd159d5601f6,53f0e6d0bdf1403834aaf07d1d060a1e24f8be245763c35e73a4b31c19ae8c38
5.5.00,functexcept.cc,std::__throw_invalid_argument(char const*),0,1,0x0002EC00,0x0002FC00,0x0042FC00,416,100,6ce246c55d51ffc74212c3b76226b3b85b1067d67027515a7c37530a0d0ff11c,a2f445e464f3d3e469da4e8c282374584d4a958f4650d899bfa74faffc258b11
5.5.00,functexcept.cc,std::__throw_domain_error(char const*),0,1,0x0002EDA0,0x0002FDA0,0x0042FDA0,416,100,931970ee74b1f7444bae6c3b7029ffb4d647e4d4030aae4e476bb4fd3220c5b6,a30a13170349b9d645d60aa772104181065bdae7f84e743b25029eb33f84cf63
5.5.00,functexcept.cc,std::__throw_logic_error(char const*),0,1,0x0002EF40,0x0002FF40,0x0042FF40,416,105,5be4442c9ef0f79bdaa9d7ef6d72e27b762d4836da491a16e78a948b8fdb3cb0,89b9d1200ea73a3070b627f9356be1d8b00d6e10453ed2e1e14eaa7ba30c8808
5.5.00,functexcept.cc,std::underflow_error::~underflow_error(),1,1,0x00035DC0,0x00036DC0,0x00436DC0,32,16,b9ea9d248e61f0da4cfee38bd95e69f920064486123228f2ae583bd18a227bdb,f996f73d447d7c35950aeffa113aa310ef9a93fa3fda7700bcd0fee8c79dbd16
5.5.00,functexcept.cc,std::overflow_error::~overflow_error(),1,1,0x00035D70,0x00036D70,0x00436D70,32,16,6980edbd337c0f281c18da42b73d08d64054fd7813357eebf00f43a126477e89,f996f73d447d7c35950aeffa113aa310ef9a93fa3fda7700bcd0fee8c79dbd16
5.5.00,functexcept.cc,std::range_error::~range_error(),1,1,0x00035C30,0x00036C30,0x00436C30,32,16,5d23a93f36b69eb9b2898ce32c3958150d057a5a70ebe6985244d9e4973d1300,f996f73d447d7c35950aeffa113aa310ef9a93fa3fda7700bcd0fee8c79dbd16
5.5.00,functexcept.cc,std::out_of_range::~out_of_range(),1,1,0x00035D20,0x00036D20,0x00436D20,32,16,9ac9193e0b90e08eeadd38e8e3738674919a5d888b3942356fa911d8e00f7f76,e3ad4fc2684d58948f4a1a9f6272165e3e6d2f227984bb56f8ea095def6c363f
5.5.00,functexcept.cc,std::length_error::~length_error(),1,1,0x00035CD0,0x00036CD0,0x00436CD0,32,16,1e1ab81f678cc67bb6b14c0e9f02e1d0b266d97d057b412d45f28f8b6c83dccb,e3ad4fc2684d58948f4a1a9f6272165e3e6d2f227984bb56f8ea095def6c363f
5.5.00,functexcept.cc,std::invalid_argument::~invalid_argument(),1,1,0x00035E10,0x00036E10,0x00436E10,32,16,0dfbd65c4e3243a03d1aea03705000c47cee3df10e0bff2d839fb29837f7ddd7,e3ad4fc2684d58948f4a1a9f6272165e3e6d2f227984bb56f8ea095def6c363f
5.5.00,functexcept.cc,std::domain_error::~domain_error(),1,1,0x00035C80,0x00036C80,0x00436C80,32,16,8a3438139bf1db180bef4288dea23a781754e84bdd5f40d5ff57599787d18003,e3ad4fc2684d58948f4a1a9f6272165e3e6d2f227984bb56f8ea095def6c363f
5.5.00,stdexcept.cc,std::runtime_error::what() const,0,1,0x0002F0E0,0x000300E0,0x004300E0,16,8,ff8046fbc8407304dc8252e679b8472bc8c39de40b6e4aaa7e3a156c71c979ac,ad13ee4e5ca4bef480ec2d42f974573c8874f200b2b9bb6d748b5ff1cea2515d
5.5.00,stdexcept.cc,std::logic_error::what() const,0,1,0x0002F0F0,0x000300F0,0x004300F0,16,8,ff8046fbc8407304dc8252e679b8472bc8c39de40b6e4aaa7e3a156c71c979ac,ad13ee4e5ca4bef480ec2d42f974573c8874f200b2b9bb6d748b5ff1cea2515d
5.5.00,stdexcept.cc,std::runtime_error::~runtime_error(),0,1,0x0002F100,0x00030100,0x00430100,256,71,16b8516dbabb2a4e557cdbc877d36816ac5a9a16f527b172c07cca75af46f092,f2ffe0d67321e30de556d1d9689280ea93852a6503f6b279940e0aebb5992c8a
5.5.00,stdexcept.cc,std::runtime_error::~runtime_error(),1,1,0x0002F200,0x00030200,0x00430200,256,71,5d7b42333836a16a9dbbdc497d42c971ab81738a7369507fca920192554ee238,1dce823e8cbb3d6bbe56353a2d2df213394d737cd31fdc1e15bcce298c98ef87
5.5.00,stdexcept.cc,std::runtime_error::~runtime_error(),2,1,0x0002F300,0x00030300,0x00430300,256,71,2a0f5ffb3745153db583fef3b35a54a812912b5e801c16180214913efb5521ae,5772dfd5f26ce1b455081e264281a80afa321ea0410855ff7e3fb58cabe75afd
5.5.00,stdexcept.cc,std::runtime_error::runtime_error(std::string const&),0,1,0x0002F400,0x00030400,0x00430400,176,49,eecf5034431edcca59c7ffc0a1e4d0c25929f6c1430e8187b87a22b31ea8a2e7,21a7cb7890b826342b848679eb8fde5d29f6c8e294684ae67898a9d144b573fe
5.5.00,stdexcept.cc,std::runtime_error::runtime_error(std::string const&),1,1,0x0002F4B0,0x000304B0,0x004304B0,176,49,aacb0d913771f1d4ba1c626828dc0a02fb6d8997575d1cd02ec08483485f821f,21a7cb7890b826342b848679eb8fde5d29f6c8e294684ae67898a9d144b573fe
5.5.00,stdexcept.cc,std::underflow_error::underflow_error(std::string const&),0,1,0x0002F560,0x00030560,0x00430560,48,17,0165c26c298f1587ed8cc321ae1cfbd3152853d89b3b92df1df1ecb36da1b90f,c8d5c6c99981e467f8cd9a66ec8f1bcdbc1b44757b7dd8a5f8e323c7976dc000
5.5.00,stdexcept.cc,std::underflow_error::underflow_error(std::string const&),1,1,0x0002F590,0x00030590,0x00430590,48,17,56f9540476377c73a17c395c5ee752e575c004a42d4ad7543e317432fe70bf96,c8d5c6c99981e467f8cd9a66ec8f1bcdbc1b44757b7dd8a5f8e323c7976dc000
5.5.00,stdexcept.cc,std::overflow_error::overflow_error(std::string const&),0,1,0x0002F5C0,0x000305C0,0x004305C0,48,17,311db8d68abc92144616864fc26a8bc8a0037e40dda7325879bcf9af5ce2fd87,c8d5c6c99981e467f8cd9a66ec8f1bcdbc1b44757b7dd8a5f8e323c7976dc000
5.5.00,stdexcept.cc,std::overflow_error::overflow_error(std::string const&),1,1,0x0002F5F0,0x000305F0,0x004305F0,48,17,07029469d3e3a6501c891aeb82b8e11b1ba877c8734ebf4e45f6d83d4ca7d6e1,c8d5c6c99981e467f8cd9a66ec8f1bcdbc1b44757b7dd8a5f8e323c7976dc000
5.5.00,stdexcept.cc,std::range_error::range_error(std::string const&),0,1,0x0002F620,0x00030620,0x00430620,48,17,2d6faec60abff0d5af43b835b6810160626fd63cd0a2ac9fb14c3f579ce83788,c8d5c6c99981e467f8cd9a66ec8f1bcdbc1b44757b7dd8a5f8e323c7976dc000
5.5.00,stdexcept.cc,std::range_error::range_error(std::string const&),1,1,0x0002F650,0x00030650,0x00430650,48,17,ce760685cc73f086836c5090b147039781fa98e436ada143993a11b6232f70f0,c8d5c6c99981e467f8cd9a66ec8f1bcdbc1b44757b7dd8a5f8e323c7976dc000
5.5.00,stdexcept.cc,std::logic_error::~logic_error(),0,1,0x0002F680,0x00030680,0x00430680,256,71,f782f1cd01f23255a33deca5b8bc2d30786e1fc26fc5bbf21265de80eaadd03f,d18a6b637cbfedfd4f291b1ce55df8b00d2437ca4b55920b15285061cfb8d982
5.5.00,stdexcept.cc,std::logic_error::~logic_error(),1,1,0x0002F780,0x00030780,0x00430780,256,71,47bdab690f7286a1e5aa59552b70da29cb6f238a32b9599ca82e3b0ed1727666,95e8fb808697c702adb6addc4b6d2a1fb2ec726df92c86d6111499f322cb20da
5.5.00,stdexcept.cc,std::logic_error::~logic_error(),2,1,0x0002F880,0x00030880,0x00430880,256,71,dbc977069dd8a70879f060de03d0bdf05aca38156f1ceea124b24e2b9ba95cfb,e7e59ffcca5a2d44b8660aa21262c3cd1aa89a242e8d9eb540428ba70742e6a9
5.5.00,stdexcept.cc,std::logic_error::logic_error(std::string const&),0,1,0x0002F980,0x00030980,0x00430980,176,49,a407bb735c5ec41d34c951db15232d9bcd3f981c109165b3071a47641a78a52b,21a7cb7890b826342b848679eb8fde5d29f6c8e294684ae67898a9d144b573fe
5.5.00,stdexcept.cc,std::logic_error::logic_error(std::string const&),1,1,0x0002FA30,0x00030A30,0x00430A30,176,49,21a444a8241f05d798e60eff72d3cfe78ca7369b36719772a85e4993465defec,21a7cb7890b826342b848679eb8fde5d29f6c8e294684ae67898a9d144b573fe
5.5.00,stdexcept.cc,std::out_of_range::out_of_range(std::string const&),0,1,0x0002FAE0,0x00030AE0,0x00430AE0,48,17,fc02a20d2676598ad1301079bde47bd56e3038e6ee18dc0258490af9636467c4,e1d02c6a8b139c51df5b85852a50e26c39cf1d23e84dd86a9714e8fd26268948
5.5.00,stdexcept.cc,std::out_of_range::out_of_range(std::string const&),1,1,0x0002FB10,0x00030B10,0x00430B10,48,17,5de163c8b4dbe9f9706a9691d33175051de82a5eb495194f3c6b934cf3787814,e1d02c6a8b139c51df5b85852a50e26c39cf1d23e84dd86a9714e8fd26268948
5.5.00,stdexcept.cc,std::length_error::length_error(std::string const&),0,1,0x0002FB40,0x00030B40,0x00430B40,48,17,4a8b1bc37dc5e5a4af5f87be4be0568d2c7b9281632ca3bbda0a08aa04a2237a,e1d02c6a8b139c51df5b85852a50e26c39cf1d23e84dd86a9714e8fd26268948
5.5.00,stdexcept.cc,std::length_error::length_error(std::string const&),1,1,0x0002FB70,0x00030B70,0x00430B70,48,17,4d683d6c852edff8361ae85c92ba844ecb945127e8d452d9f00cc3f3a36052be,e1d02c6a8b139c51df5b85852a50e26c39cf1d23e84dd86a9714e8fd26268948
5.5.00,stdexcept.cc,std::invalid_argument::invalid_argument(std::string const&),0,1,0x0002FBA0,0x00030BA0,0x00430BA0,48,17,59ae27f2cd933659188c82ab4024b231e6c7da84714bca54b902488b7ada8c44,e1d02c6a8b139c51df5b85852a50e26c39cf1d23e84dd86a9714e8fd26268948
5.5.00,stdexcept.cc,std::invalid_argument::invalid_argument(std::string const&),1,1,0x0002FBD0,0x00030BD0,0x00430BD0,48,17,0f14609b6fd76c3d5a0e0ddf58a2f42fed66d85fd6293b2667a8f374817deb6f,e1d02c6a8b139c51df5b85852a50e26c39cf1d23e84dd86a9714e8fd26268948
5.5.00,stdexcept.cc,std::domain_error::domain_error(std::string const&),0,1,0x0002FC00,0x00030C00,0x00430C00,48,17,dfc27875fbaee81594e52f334ac26a0f999d7954a86428b5d3fa897165764209,e1d02c6a8b139c51df5b85852a50e26c39cf1d23e84dd86a9714e8fd26268948
5.5.00,stdexcept.cc,std::domain_error::domain_error(std::string const&),1,1,0x0002FC30,0x00030C30,0x00430C30,48,25,ffb1bd3545cb20442b1d2d4547339286d8c9662293ac46c1c746b9faf94ec343,a9271f424f81ce8fa9549286e6a1c5cf5b7a09e20b57fd9032a32108702017d9
5.5.00,ios_failure.cc,std::ios_base::failure::what() const,0,1,0x0002FC60,0x00030C60,0x00430C60,16,8,ff8046fbc8407304dc8252e679b8472bc8c39de40b6e4aaa7e3a156c71c979ac,ad13ee4e5ca4bef480ec2d42f974573c8874f200b2b9bb6d748b5ff1cea2515d
5.5.00,ios_failure.cc,std::ios_base::failure::~failure(),0,1,0x0002FC70,0x00030C70,0x00430C70,256,71,f014164c7af3dbe00ba42c1673c6ba8a7984854e421359c61e73bc5cbd4b21aa,f2ffe0d67321e30de556d1d9689280ea93852a6503f6b279940e0aebb5992c8a
5.5.00,ios_failure.cc,std::ios_base::failure::~failure(),1,1,0x0002FD70,0x00030D70,0x00430D70,256,71,ff6992674316b6d27c0e953c5c0021a2fab89323b670bed9c58138d8c9ea03bc,1dce823e8cbb3d6bbe56353a2d2df213394d737cd31fdc1e15bcce298c98ef87
5.5.00,ios_failure.cc,std::ios_base::failure::~failure(),2,1,0x0002FE70,0x00030E70,0x00430E70,256,71,200d81e8d7b981a9b278c6b1a4a70e04eb4a1e651056b3d500ffbaddca40c5e0,5772dfd5f26ce1b455081e264281a80afa321ea0410855ff7e3fb58cabe75afd
5.5.00,ios_failure.cc,std::ios_base::failure::failure(std::string const&),0,1,0x0002FF70,0x00030F70,0x00430F70,208,57,cd976f4b30f4deeb2e30a86928bc335503933e2b9faf8a32571cf4efb2135da4,9eb6c62cf9196dcadd977d355641b51c589183cdbf777106a71db028ca0f13be
5.5.00,ios_failure.cc,std::ios_base::failure::failure(std::string const&),1,1,0x00030040,0x00031040,0x00431040,208,67,d87b42989992bc278ef1ccb9a6f66379d74b47b0f0c24f625b82b347a1a5ab67,4751c1dbd0318d699f277d30281b0b13e36831dc31ab50a502c1a2ba6271ccfe
5.5.00,main.c,main,0,1,0x00030110,0x00031110,0x00431110,288,105,76b3692c194648bd3370f17aa3ddb04018c855153664a631c8c6367e234b661d,37e38a55b1c7a79dbb226768c62615b297053d1f8be2db7ee436cb5d76f142ec
5.5.00,pseudo-reloc.c,_pei386_runtime_relocator,0,1,0x00030230,0x00031230,0x00431230,48,21,4998718e3753ef16a312c42080a49c4cda56778d8e2b71f65f6bef9bf9dc84b0,b8f849128735a1b2be9d8b56d4815a3380e02fe80ad8e2647b864db802366854
5.5.00,CRT_fp10.c,fpreset,0,1,0x00030260,0x00031260,0x00431260,16,14,c3b262831a4f7c9d5f66b7615cd029f7c35732dc78d61e1e2de1e818b6a86357,7f5e7a43303b03c8c6039693f18ba0cf98f4de3ef08266dff18a8967a3993d82
5.5.00,CRT_fp10.c,_fpreset,0,1,0x00030260,0x00031260,0x00431260,16,14,c3b262831a4f7c9d5f66b7615cd029f7c35732dc78d61e1e2de1e818b6a86357,7f5e7a43303b03c8c6039693f18ba0cf98f4de3ef08266dff18a8967a3993d82
5.5.00,mthr_stub.c,__mingwthr_key_dtor,0,1,0x00030270,0x00031270,0x00431270,16,7,7a85c7b09c6987c46ed3859a25d5eaa7cc2f188816a5b14adc9a53e088d7137a,13d9cec815e3f01c27efe9f1ed3c2c32de44ccccbaf2e08a6daa772ce09a5215
5.5.00,mthr_stub.c,__mingwthr_remove_key_dtor,0,1,0x00030280,0x00031280,0x00431280,16,14,1e2d0685879d22fb4d310f1d843b2ff16a23769694a6abd72d35f305c7dc7672,16dd167a6bbb27351c7509008f79ea681c5428c61456484e4ef8939e72cfc1c5
5.5.00,gccmain.c,__do_global_dtors,0,1,0x00030290,0x00031290,0x00431290,48,16,df48ec493228cf5d0da186e5461c8568febe74e86fd8395961a489ec7524a830,4d3fa4e50136b8f299b2f57c6b054d9886af6a9cf8cba994249bdc37de5824b3
5.5.00,gccmain.c,__do_global_ctors,0,1,0x000302C0,0x000312C0,0x004312C0,96,31,766b82e6ce8906fd75f29c94933e2d44bee66ece7fdc4a7144775fad8d278d1b,3012e5b9c49f56c07fea2634af3e1e3b3341d51185952f6307504bf89ea13cc5
5.5.00,gccmain.c,__main,0,1,0x00030320,0x00031320,0x00431320,112,46,90f2343aa5166f6d5d6f4e1ec60cbeecd8ca86c074c31fdd44c642e39171715a,87351d8360e3cb6229ac8c86e981898474ea88b99db2113f648dc6a5c85d61b4
5.5.00,pseudo-reloc-list.c,__w32_sharedptr_default_unexpected,0,1,0x00030390,0x00031390,0x00431390,16,7,7a7c7c6bf063c28f0443405e7e16698d32973761d301ec57111f5a54061a5544,7fd7d65299dee5d18ffc322c2591ef8b6019fbad52c576c00a229a4ed8fd9159
5.5.00,pseudo-reloc-list.c,__w32_sharedptr_get,0,1,0x000303A0,0x000313A0,0x004313A0,160,48,aeee289bf136273ed58866d1297dcbf6c0d74e07c3013b4328e39221edf515a5,5ecc0f2acbc4c72b1af767f08c762db7ac755aaa9d64beda7620a1a103df17a3
5.5.00,pseudo-reloc-list.c,__w32_sharedptr_initialize,0,1,0x00030440,0x00031440,0x00431440,576,156,c00f24ac06196f23d6fb3566a235c37ee21da71c6cca9ea1e2d174684cd56402,5cdaa449db89bb27db4b3900e402493004826ddddf1a9faf93340a8aafa6259e
5.5.00,pseudo-reloc-list.c,fc_key_init,0,1,0x00030680,0x00031680,0x00431680,96,34,698ac4fb5e7a10b25339f36389b49db0ed03524f15581f9f2221b2d4bca8e7b5,f9bdcf5383b0bda3307a4742076d94bad99efe33e30a200eb85adaa244244200
5.5.00,pseudo-reloc-list.c,fc_key_init_once,0,1,0x000306E0,0x000316E0,0x004316E0,176,54,65874f6c577b4d7ea71e0e884577a72bf4698b1e8d6ecba79f00040e80359f75,b1dabcadeda1873b866716d5a2e4716cf6b18c2596f06422154a6141ee0db7c9
5.5.00,pseudo-reloc-list.c,_Unwind_SjLj_Register,0,1,0x00030790,0x00031790,0x00431790,224,68,388016d6325434e8b77ba261a35220c6324cbaa682c8c81236c2ebe0ef237dea,6efaba991a3f619031c5a4fa2961ea7b55afd35f6001fe667b37540754130b65
5.5.00,pseudo-reloc-list.c,_Unwind_SjLj_Unregister,0,1,0x00030870,0x00031870,0x00431870,160,72,ae587570d311bb8ad6b778994fddfa49afa35c042ec9bc0e068f72750ca542a3,7fa4ba0448cbc97dde7bf83c54f64d93e072cf419455212ca15bd8ea1998089b
5.5.00,pseudo-reloc-list.c,_Unwind_GetGR,0,1,0x00030910,0x00031910,0x00431910,32,22,bb68b8e55ed64d4912b71c29b157899c2656b395bd37b28dfc11c0e3ff8fd103,b2b9e0f905f0c2e6a103f0c15889a0c0b3203d2fd1c45eb45f6f024eb02c2884
5.5.00,pseudo-reloc-list.c,_Unwind_GetCFA,0,1,0x00030930,0x00031930,0x00431930,16,7,7a85c7b09c6987c46ed3859a25d5eaa7cc2f188816a5b14adc9a53e088d7137a,13d9cec815e3f01c27efe9f1ed3c2c32de44ccccbaf2e08a6daa772ce09a5215
5.5.00,pseudo-reloc-list.c,_Unwind_SetGR,0,1,0x00030940,0x00031940,0x00431940,32,11,034dabc9af4ecd0da54bcc93d7b7cf5658dcc1ad1dc2c920fccb4e4e2113ac85,a0decb3c0eb32ac3c33ed6e8e56651f4c4c5e3e3f851a79953e1a75d83e45d83
5.5.00,pseudo-reloc-list.c,_Unwind_GetIP,0,1,0x00030960,0x00031960,0x00431960,16,9,e306a5c9aa49d72b0082fe58b3ff46ad555c6f287ad640c6c71109c2570ed021,8b8855b2d694b1583578914ccbf816b052fa8048f32b08aba7066b2ee071c068
5.5.00,pseudo-reloc-list.c,_Unwind_SetIP,0,1,0x00030970,0x00031970,0x00431970,32,23,8e678ed342158a3381ba2e19df54295eb5d703dd453aba98252b72c9d62df76f,c75e401ead115b55479f3c6e3d0973d88747479139eb71fad3770872f5761567
5.5.00,pseudo-reloc-list.c,_Unwind_GetLanguageSpecificData,0,1,0x00030990,0x00031990,0x00431990,16,8,7e21b3f1b13b05b013c519b4e9c1559c4d8baf8aa1110f8bdbc0ff84c0db9cdd,a1d35bde657b1e218e9680a1e190fe41380b9efb78b4563059f0d36350c1e8d9
5.5.00,pseudo-reloc-list.c,_Unwind_GetRegionStart,0,1,0x000309A0,0x000319A0,0x004319A0,16,7,7a85c7b09c6987c46ed3859a25d5eaa7cc2f188816a5b14adc9a53e088d7137a,13d9cec815e3f01c27efe9f1ed3c2c32de44ccccbaf2e08a6daa772ce09a5215
5.5.00,pseudo-reloc-list.c,_Unwind_FindEnclosingFunction,0,1,0x000309B0,0x000319B0,0x004319B0,16,7,7a85c7b09c6987c46ed3859a25d5eaa7cc2f188816a5b14adc9a53e088d7137a,13d9cec815e3f01c27efe9f1ed3c2c32de44ccccbaf2e08a6daa772ce09a5215
5.5.00,pseudo-reloc-list.c,_Unwind_GetDataRelBase,0,1,0x000309C0,0x000319C0,0x004319C0,16,7,7a85c7b09c6987c46ed3859a25d5eaa7cc2f188816a5b14adc9a53e088d7137a,13d9cec815e3f01c27efe9f1ed3c2c32de44ccccbaf2e08a6daa772ce09a5215
5.5.00,pseudo-reloc-list.c,_Unwind_GetTextRelBase,0,1,0x000309D0,0x000319D0,0x004319D0,16,7,7a85c7b09c6987c46ed3859a25d5eaa7cc2f188816a5b14adc9a53e088d7137a,13d9cec815e3f01c27efe9f1ed3c2c32de44ccccbaf2e08a6daa772ce09a5215
5.5.00,pseudo-reloc-list.c,_Unwind_RaiseException_Phase2,0,1,0x000309E0,0x000319E0,0x004319E0,144,66,0e346209546de106f6999f0844f8f6a8061d93168f2474e1b4cf7bfba346659e,a6a6698399a50f7de4226c326cedfdd2b3907f3dd4323f7dcce8ebb60e49ec19
5.5.00,pseudo-reloc-list.c,_Unwind_SjLj_RaiseException,0,1,0x00030A70,0x00031A70,0x00431A70,400,128,cf66f6374c69d9adcc6c4c0c9f1d52672ed6d8a26cf60b7a6df6c7f9dac43da2,9f2d9965939293efbc2f0c21fb3db37d6660406148ca3f7fd8142b090ab5f59a
5.5.00,pseudo-reloc-list.c,_Unwind_ForcedUnwind_Phase2,0,1,0x00030C00,0x00031C00,0x00431C00,240,87,afb7c4d4eb670cc054590aa079facdf22258f2b4968a3dfab17084cd94bae313,757389825d656def90f11786f4fc6ec60b196afdd5decda1a6b011ac2987f14c
5.5.00,pseudo-reloc-list.c,_Unwind_SjLj_ForcedUnwind,0,1,0x00030CF0,0x00031CF0,0x00431CF0,352,130,8da88b2c1a09653532c3a9c2cd63c94a80f226237d8abbc8b81fe9945eace7b1,2459179dea398e6cac273b14ba3f499caee714077b3b33486666ed7106c474de
5.5.00,pseudo-reloc-list.c,_Unwind_SjLj_Resume,0,1,0x00030E50,0x00031E50,0x00431E50,352,96,a11ca927e2411ff99e3b05c1bf591fe39063b7baeee319b7619ed0478e664678,8074fd473bd548f4df109a136f1aae254fd600a9ccd634d6416b43380e238f66
5.5.00,pseudo-reloc-list.c,_Unwind_SjLj_Resume_or_Rethrow,0,1,0x00030FB0,0x00031FB0,0x00431FB0,304,88,2d869f84938282e5908058afe51deb38299c6ddf6a1f760e0c922420e6480b1b,4feb92749ac03061d7ed7067e0062bf131a1b98cdbd07a9785454c1dd9e67a5d
5.5.00,pseudo-reloc-list.c,_Unwind_DeleteException,0,1,0x000310E0,0x000320E0,0x004320E0,48,28,2c172a02b429e5a2e6257d2bc65859cf9581ceef0aa6ddf6a583eccdd74f49b6,3637ad043d55e213ed5954976ceb5e1ebb6c25af3a5e32a29d0048d09e8c9e9e
5.5.00,pseudo-reloc-list.c,_Unwind_Backtrace,0,1,0x00031110,0x00032110,0x00432110,256,101,be8e4ac30ee7d1ff4b8dad04e02834140bc7464112df1527ce0fba309856feed,10980bd38a004f543af7a0b50414bb35a07c00ca729e2cf91965749cac445652
5.5.00,pseudo-reloc-list.c,__gthr_win32_mutex_unlock,0,1,0x00031440,0x00032440,0x00432440,80,35,d6959af0db381327295390a9c328d5d172fce8ead92250809b31e03665df47be,c71b9e258f21cdefaee322c837f23a36e16798856e5ab6d29b6235dc24908308
5.5.00,pseudo-reloc-list.c,__gthr_win32_mutex_trylock,0,1,0x00031210,0x00032210,0x00432210,32,12,f635d198a7b7b98e62408ae2cfdbc790b0adab066008857179f451718f04c2c3,55cc47c96110c22cb70123484c6bc2ccbf07118f76e5ae9e73ab8b82248ed99a
5.5.00,pseudo-reloc-list.c,__gthr_win32_mutex_lock,0,1,0x000313E0,0x000323E0,0x004323E0,96,43,e4b27fb415c2a7c6805282849db59cfb165d928f4d2431561ebcb1168a6911b9,ecefa97d78cc377edcc2e5fee0f58d30064b135b7c1d7846725e6cba18d115ef
5.5.00,pseudo-reloc-list.c,__gthr_win32_mutex_init_function,0,1,0x000313A0,0x000323A0,0x004323A0,64,20,9f9c5e787581d2b049c09014ef722799c4ee0d51a2701e914179c5d242186712,2bdfeb983be120bea6f64a3d67de22d4f8b0e327b935f5ae0101f4940e3eca77
5.5.00,pseudo-reloc-list.c,__gthr_win32_setspecific,0,1,0x00031360,0x00032360,0x00432360,64,22,9e3caf5c3e92343b28293fe03b7a5402ae4aa23a70373883013f487eda2b66e0,af9c1cbb6ff3a13afc5ad08321d776a0ffdb076c274184ef98b309bbbc4df0cb
5.5.00,pseudo-reloc-list.c,__gthr_win32_getspecific,0,1,0x00031320,0x00032320,0x00432320,64,22,836bc39a48137df45a06e6bf1301cf90f2548e1e8f50fbbe49a047ca4d045dd0,f8a61bd73270fa96a4ccc8bc9ea1a3903aae5bda81ebc7665b426020577ea7d9
5.5.00,pseudo-reloc-list.c,__gthr_win32_key_delete,0,1,0x000312F0,0x000322F0,0x004322F0,48,20,69e31ffe9dfc95ed4434bb0e45d88f556544a0c9e0bac754b0b3a670348389f6,153219a17033da79c3ced3fb6100fb97c2a67476e1388f6cb4283f5f7673a330
5.5.00,pseudo-reloc-list.c,__gthr_win32_key_create,0,1,0x000312B0,0x000322B0,0x004322B0,64,21,ffed99a05aa6d0627e7edbcc99207edaf18d9eb8daed64ab64a29947f6bb1731,599ad37f246a58af9810020a04b870d9e68fed2a844baa356eefb55f84d9eb67
5.5.00,pseudo-reloc-list.c,__gthr_win32_once,0,1,0x00031230,0x00032230,0x00432230,128,47,707bf204320dda17947ddce9dd29ca2ecbd353cb3d2a6c77199946ce293cdc8b,ed5286e9cda03d8cdccd9e143645d2ea3b7c67f51ac0452e50911ec443ecb502
5.5.00,pseudo-reloc-list.c,__eprintf,0,1,0x00031490,0x00032490,0x00432490,80,29,ebe66e59e464d66c4bf969d59dbd3bb3dc28abd91a1b4ec46a2b991fb1a399de,6ed4e653a69830ec7d82b98b4704cd2885b18e47e430811d3c5eb6b2409aa13f
5.5.00,crtstuff.c,__sjlj_init_ctor,0,1,0x00031C60,0x00032C60,0x00432C60,16,11,3c7436e8d574daff87ac6c26a0264c5463c512fb3815292eb6d97adde9d6b240,e49edca0c59bf3831493084c1ad40daa5ab08ae5956c825ece62899c45568e65
5.5.00,crtstuff.c,_cexit,0,1,0x00031500,0x00032500,0x00432500,16,3,156b38a9c447b6e805da6d852f4245db777aa8aed972d0d8bfa92fb8d9a44ef1,850b36cf61f7b7458df1db5fcf7c3cc709b5d06c5a8e21b98d462c1fc71925fa
5.5.00,crtstuff.c,sprintf,0,1,0x00031560,0x00032560,0x00432560,16,3,c16758591228628dba483ebc265a74f02d66f69e7a35b938f7caf811187f43b2,850b36cf61f7b7458df1db5fcf7c3cc709b5d06c5a8e21b98d462c1fc71925fa
5.5.00,crtstuff.c,free,0,1,0x00031650,0x00032650,0x00432650,16,3,c088bba02bcbb6f907a154a272319c596d06066c5ea4447d198f4ae21f0a9626,850b36cf61f7b7458df1db5fcf7c3cc709b5d06c5a8e21b98d462c1fc71925fa
5.5.00,crtstuff.c,strcat,0,1,0x000315C0,0x000325C0,0x004325C0,16,3,2f9607ef999f1fe02b05b8572c09e00b61e440ec04323915b7613293dc59ec37,850b36cf61f7b7458df1db5fcf7c3cc709b5d06c5a8e21b98d462c1fc71925fa
5.5.00,crtstuff.c,strcmp,0,1,0x000315B0,0x000325B0,0x004325B0,16,3,709545d779500f415f77c67133b108523e46f1d5a72e3a976505a475704cf559,850b36cf61f7b7458df1db5fcf7c3cc709b5d06c5a8e21b98d462c1fc71925fa
5.5.00,crtstuff.c,__p__fmode,0,1,0x00031530,0x00032530,0x00432530,16,3,056eb3fe3658461746f869b68369c968ee75e95d97c38d2b30b2b71eec9c79ae,850b36cf61f7b7458df1db5fcf7c3cc709b5d06c5a8e21b98d462c1fc71925fa
5.5.00,crtstuff.c,__p__environ,0,1,0x00031510,0x00032510,0x00432510,16,3,3f4c25baec9dbb80c7cc7cbc7e3cfeaad40987aed96a2af77d1702fa5d601d8e,850b36cf61f7b7458df1db5fcf7c3cc709b5d06c5a8e21b98d462c1fc71925fa
5.5.00,crtstuff.c,strcmpi,0,1,0x000314E0,0x000324E0,0x004324E0,32,6,ed33151335a5c05145bae2d746e19d38c19617548ae37c07e006f33fa324cca1,2786d70c5e677fff940a6c8aa65402caacfd92e64741748e324ecdf46550d4fc
5.5.00,crtstuff.c,strncpy,0,1,0x000315D0,0x000325D0,0x004325D0,16,3,e29751a01012938293251662ff26dd3743f911d7df96220b92bb6b05c08a854d,850b36cf61f7b7458df1db5fcf7c3cc709b5d06c5a8e21b98d462c1fc71925fa
5.5.00,crtstuff.c,atoi,0,1,0x000315A0,0x000325A0,0x004325A0,16,3,f361d4a23cb1ff26578acb18f7e610ec01a7f0e84efd2bdcefab2f8028590d34,850b36cf61f7b7458df1db5fcf7c3cc709b5d06c5a8e21b98d462c1fc71925fa
5.5.00,crtstuff.c,memcpy,0,1,0x00031570,0x00032570,0x00432570,16,3,c6623e47cbae356ad877a1f3b71ff5db1fe1b9939f017e916bfbfdbf588ac2cd,850b36cf61f7b7458df1db5fcf7c3cc709b5d06c5a8e21b98d462c1fc71925fa
5.5.00,crtstuff.c,memset,0,1,0x00031690,0x00032690,0x00432690,16,3,0203721764469ddb36000647987506b7ff8d3d357378467f9f0c2162d53d83bb,850b36cf61f7b7458df1db5fcf7c3cc709b5d06c5a8e21b98d462c1fc71925fa
5.5.00,crtstuff.c,__getmainargs,0,1,0x00031550,0x00032550,0x00432550,16,3,42e5e4b4f5bdaa3bc2a4bf234138fe8bec320be262a9f7b2122709c02557ee86,850b36cf61f7b7458df1db5fcf7c3cc709b5d06c5a8e21b98d462c1fc71925fa
5.5.00,crtstuff.c,fflush,0,1,0x000316B0,0x000326B0,0x004326B0,16,3,bb6b4fd65e85607448593cfe662ab7f6071790963f1a3b5d22f7838bcc40b916,850b36cf61f7b7458df1db5fcf7c3cc709b5d06c5a8e21b98d462c1fc71925fa
5.5.00,crtstuff.c,fprintf,0,1,0x000316C0,0x000326C0,0x004326C0,1440,270,8dabeeddcb937a9aeb09147c63c66e44a7fc344e6f6edbab01a8a01464a18240,720984283f183ec7c060f5d0ada76e92a5673c0a094d51e9b8bb571934ba1691
5.5.00,crtstuff.c,fopen,0,1,0x00031620,0x00032620,0x00432620,16,3,287bbddda613fafed10df601e595c6ffb9d4c948d109bde204a6c5395cc9909e,850b36cf61f7b7458df1db5fcf7c3cc709b5d06c5a8e21b98d462c1fc71925fa
5.5.00,crtstuff.c,memchr,0,1,0x000316A0,0x000326A0,0x004326A0,16,3,1f9050aa2124419830f3c1be6d790942c67e1b9f1d05dcceb3fd508907a4ac4b,850b36cf61f7b7458df1db5fcf7c3cc709b5d06c5a8e21b98d462c1fc71925fa
5.5.00,crtstuff.c,signal,0,1,0x00031520,0x00032520,0x00432520,16,3,4aa894f595d37711f4f8861820a0001cb70288efca017e547e613bf3de937e7c,850b36cf61f7b7458df1db5fcf7c3cc709b5d06c5a8e21b98d462c1fc71925fa
5.5.00,crtstuff.c,malloc,0,1,0x00031660,0x00032660,0x00432660,16,3,eb0760aafbd4a8232f8211be067c586926cdef5bca627c6f2e18f8e0a9ef9610,850b36cf61f7b7458df1db5fcf7c3cc709b5d06c5a8e21b98d462c1fc71925fa
5.5.00,crtstuff.c,fclose,0,1,0x000315F0,0x000325F0,0x004325F0,16,3,b15a978717a894c23bc6c228bf8361b31011bd76162ae8cf66b1896cd56e909c,850b36cf61f7b7458df1db5fcf7c3cc709b5d06c5a8e21b98d462c1fc71925fa
5.5.00,crtstuff.c,strcpy,0,1,0x00031590,0x00032590,0x00432590,16,3,7079f4e92e6f1199b3da255ae6ba5aef9fed416822e2c7afe4a6b9d9140b9fe2,850b36cf61f7b7458df1db5fcf7c3cc709b5d06c5a8e21b98d462c1fc71925fa
5.5.00,crtstuff.c,sqrt,0,1,0x00031640,0x00032640,0x00432640,16,3,7dc561cbcec115ebc169849c49cf459a7158143c97d8807e18dd9b1796a1ff0d,850b36cf61f7b7458df1db5fcf7c3cc709b5d06c5a8e21b98d462c1fc71925fa
5.5.00,crtstuff.c,abort,0,1,0x00031670,0x00032670,0x00432670,16,3,02fbc68d155d22fa918bea771e6fd733262ef8a6fb6d0d1c3293ac0f26e5a272,850b36cf61f7b7458df1db5fcf7c3cc709b5d06c5a8e21b98d462c1fc71925fa
5.5.00,crtstuff.c,_setmode,0,1,0x00031540,0x00032540,0x00432540,16,3,13fa8f77bcc878212a1c9c8032feec698b8b3f90fa509be9d3a7b99c9f3d3c3b,850b36cf61f7b7458df1db5fcf7c3cc709b5d06c5a8e21b98d462c1fc71925fa
5.5.00,crtstuff.c,atol,0,1,0x00031630,0x00032630,0x00432630,16,3,4bcda7bdaaca93074d6dba97ecdb30fe6c785a5f82cc2af41be3c9c3ef021902,850b36cf61f7b7458df1db5fcf7c3cc709b5d06c5a8e21b98d462c1fc71925fa
5.5.00,crtstuff.c,fgets,0,1,0x00031600,0x00032600,0x00432600,16,3,3dcb79c2af655943aa66508ad8f0c35829ea1a8aba7331bfecd0396140d9cab9,850b36cf61f7b7458df1db5fcf7c3cc709b5d06c5a8e21b98d462c1fc71925fa
5.5.00,crtstuff.c,strlen,0,1,0x00031580,0x00032580,0x00432580,16,3,452f985afea4f05413eaf0c20d19d405fbf6c423bdfdcd8b1ed39501d6e12411,850b36cf61f7b7458df1db5fcf7c3cc709b5d06c5a8e21b98d462c1fc71925fa
5.5.00,crtstuff.c,memmove,0,1,0x00031680,0x00032680,0x00432680,16,3,29b3ad79b01ac894c2611ceeab2dae47143b6d8b742d033dc0b5859aee34b1c4,850b36cf61f7b7458df1db5fcf7c3cc709b5d06c5a8e21b98d462c1fc71925fa
5.5.00,crtstuff.c,exit,0,1,0x00031610,0x00032610,0x00432610,16,3,08544315e7039e9982344a98093f42bc1e387eb3bc6c4bb11a69eeb32d12f034,850b36cf61f7b7458df1db5fcf7c3cc709b5d06c5a8e21b98d462c1fc71925fa
5.5.00,crtstuff.c,strstr,0,1,0x000315E0,0x000325E0,0x004325E0,16,3,7251160f8f0769f2ec1e67906d5d58c22eb3f9faa7088d78daa7cc08d01498be,850b36cf61f7b7458df1db5fcf7c3cc709b5d06c5a8e21b98d462c1fc71925fa
