word_address,word,mnemonic,operands,decode_status
0x0000,0x3018,movlw,0x18,instruction
0x0001,0x008A,movwf,0x0A,instruction
0x0002,0x2800,goto,0x000,instruction
0x0003,0x0000,nop,,instruction
0x0004,0x00FF,movwf,0x7F,instruction
0x0005,0x0E03,swapf,"0x03, W",instruction
0x0006,0x0183,clrf,0x03,instruction
0x0007,0x00A1,movwf,0x21,instruction
0x0008,0x080A,movf,"0x0A, W",instruction
0x0009,0x00A0,movwf,0x20,instruction
0x000A,0x018A,clrf,0x0A,instruction
0x000B,0x0804,movf,"0x04, W",instruction
0x000C,0x00A2,movwf,0x22,instruction
0x000D,0x0877,movf,"0x77, W",instruction
0x000E,0x00A3,movwf,0x23,instruction
0x000F,0x0878,movf,"0x78, W",instruction
0x0010,0x00A4,movwf,0x24,instruction
0x0011,0x0879,movf,"0x79, W",instruction
0x0012,0x00A5,movwf,0x25,instruction
0x0013,0x087A,movf,"0x7A, W",instruction
0x0014,0x00A6,movwf,0x26,instruction
0x0015,0x087B,movf,"0x7B, W",instruction
0x0016,0x00A7,movwf,0x27,instruction
0x0017,0x1383,bcf,"0x03, 7",instruction
0x0018,0x1283,bcf,"0x03, 5",instruction
0x0019,0x1E0B,btfss,"0x0B, 4",instruction
0x001A,0x281D,goto,0x01D,instruction
0x001B,0x188B,btfsc,"0x0B, 1",instruction
0x001C,0x283C,goto,0x03C,instruction
0x001D,0x308C,movlw,0x8C,instruction
0x001E,0x0084,movwf,0x04,instruction
0x001F,0x1E80,btfss,"0x00, 5",instruction
0x0020,0x2823,goto,0x023,instruction
0x0021,0x1A8C,btfsc,"0x0C, 5",instruction
0x0022,0x283F,goto,0x03F,instruction
0x0023,0x308C,movlw,0x8C,instruction
0x0024,0x0084,movwf,0x04,instruction
0x0025,0x1C80,btfss,"0x00, 1",instruction
0x0026,0x2829,goto,0x029,instruction
0x0027,0x188C,btfsc,"0x0C, 1",instruction
0x0028,0x2842,goto,0x042,instruction
0x0029,0x0822,movf,"0x22, W",instruction
0x002A,0x0084,movwf,0x04,instruction
0x002B,0x0823,movf,"0x23, W",instruction
0x002C,0x00F7,movwf,0x77,instruction
0x002D,0x0824,movf,"0x24, W",instruction
0x002E,0x00F8,movwf,0x78,instruction
0x002F,0x0825,movf,"0x25, W",instruction
0x0030,0x00F9,movwf,0x79,instruction
0x0031,0x0826,movf,"0x26, W",instruction
0x0032,0x00FA,movwf,0x7A,instruction
0x0033,0x0827,movf,"0x27, W",instruction
0x0034,0x00FB,movwf,0x7B,instruction
0x0035,0x0820,movf,"0x20, W",instruction
0x0036,0x008A,movwf,0x0A,instruction
0x0037,0x0E21,swapf,"0x21, W",instruction
0x0038,0x0083,movwf,0x03,instruction
0x0039,0x0EFF,swapf,"0x7F, F",instruction
0x003A,0x0E7F,swapf,"0x7F, W",instruction
0x003B,0x0009,retfie,,instruction
0x003C,0x118A,bcf,"0x0A, 3",instruction
0x003D,0x120A,bcf,"0x0A, 4",instruction
0x003E,0x2963,goto,0x163,instruction
0x003F,0x118A,bcf,"0x0A, 3",instruction
0x0040,0x120A,bcf,"0x0A, 4",instruction
0x0041,0x28C6,goto,0x0C6,instruction
0x0042,0x118A,bcf,"0x0A, 3",instruction
0x0043,0x120A,bcf,"0x0A, 4",instruction
0x0044,0x29A7,goto,0x1A7,instruction
0x0045,0x100A,bcf,"0x0A, 0",instruction
0x0046,0x108A,bcf,"0x0A, 1",instruction
0x0047,0x110A,bcf,"0x0A, 2",instruction
0x0048,0x0782,addwf,"0x02, F",instruction
0x0049,0x3412,retlw,0x12,instruction
0x004A,0x3414,retlw,0x14,instruction
0x004B,0x3416,retlw,0x16,instruction
0x004C,0x3418,retlw,0x18,instruction
0x004D,0x341A,retlw,0x1A,instruction
0x004E,0x341C,retlw,0x1C,instruction
0x004F,0x341E,retlw,0x1E,instruction
0x0050,0x3420,retlw,0x20,instruction
0x0051,0x100A,bcf,"0x0A, 0",instruction
0x0052,0x108A,bcf,"0x0A, 1",instruction
0x0053,0x110A,bcf,"0x0A, 2",instruction
0x0054,0x0782,addwf,"0x02, F",instruction
0x0055,0x3428,retlw,0x28,instruction
0x0056,0x342D,retlw,0x2D,instruction
0x0057,0x3432,retlw,0x32,instruction
0x0058,0x3437,retlw,0x37,instruction
0x0059,0x343C,retlw,0x3C,instruction
0x005A,0x3441,retlw,0x41,instruction
0x005B,0x3446,retlw,0x46,instruction
0x005C,0x344B,retlw,0x4B,instruction
0x005D,0x3450,retlw,0x50,instruction
0x005E,0x3455,retlw,0x55,instruction
0x005F,0x345A,retlw,0x5A,instruction
0x0060,0x100A,bcf,"0x0A, 0",instruction
0x0061,0x108A,bcf,"0x0A, 1",instruction
0x0062,0x110A,bcf,"0x0A, 2",instruction
0x0063,0x0782,addwf,"0x02, F",instruction
0x0064,0x3400,retlw,0x00,instruction
0x0065,0x3400,retlw,0x00,instruction
0x0066,0x3438,retlw,0x38,instruction
0x0067,0x3404,retlw,0x04,instruction
0x0068,0x3408,retlw,0x08,instruction
0x0069,0x3407,retlw,0x07,instruction
0x006A,0x348C,retlw,0x8C,instruction
0x006B,0x340A,retlw,0x0A,instruction
0x006C,0x100A,bcf,"0x0A, 0",instruction
0x006D,0x108A,bcf,"0x0A, 1",instruction
0x006E,0x110A,bcf,"0x0A, 2",instruction
0x006F,0x0782,addwf,"0x02, F",instruction
0x0070,0x34A0,retlw,0xA0,instruction
0x0071,0x3405,retlw,0x05,instruction
0x0072,0x3440,retlw,0x40,instruction
0x0073,0x340B,retlw,0x0B,instruction
0x0074,0x3400,retlw,0x00,instruction
0x0075,0x340F,retlw,0x0F,instruction
0x0076,0x34E0,retlw,0xE0,instruction
0x0077,0x3410,retlw,0x10,instruction
0x0078,0x100A,bcf,"0x0A, 0",instruction
0x0079,0x108A,bcf,"0x0A, 1",instruction
0x007A,0x110A,bcf,"0x0A, 2",instruction
0x007B,0x0782,addwf,"0x02, F",instruction
0x007C,0x3464,retlw,0x64,instruction
0x007D,0x3470,retlw,0x70,instruction
0x007E,0x100A,bcf,"0x0A, 0",instruction
0x007F,0x108A,bcf,"0x0A, 1",instruction
0x0080,0x110A,bcf,"0x0A, 2",instruction
0x0081,0x0782,addwf,"0x02, F",instruction
0x0082,0x3400,retlw,0x00,instruction
0x0083,0x3400,retlw,0x00,instruction
0x0084,0x3408,retlw,0x08,instruction
0x0085,0x3407,retlw,0x07,instruction
0x0086,0x100A,bcf,"0x0A, 0",instruction
0x0087,0x108A,bcf,"0x0A, 1",instruction
0x0088,0x110A,bcf,"0x0A, 2",instruction
0x0089,0x0782,addwf,"0x02, F",instruction
0x008A,0x3420,retlw,0x20,instruction
0x008B,0x341C,retlw,0x1C,instruction
0x008C,0x3480,retlw,0x80,instruction
0x008D,0x3416,retlw,0x16,instruction
0x008E,0x34C0,retlw,0xC0,instruction
0x008F,0x3412,retlw,0x12,instruction
0x0090,0x3412,retlw,0x12,instruction
0x0091,0x3410,retlw,0x10,instruction
0x0092,0x3410,retlw,0x10,instruction
0x0093,0x340E,retlw,0x0E,instruction
0x0094,0x3480,retlw,0x80,instruction
0x0095,0x340C,retlw,0x0C,instruction
0x0096,0x3440,retlw,0x40,instruction
0x0097,0x340B,retlw,0x0B,instruction
0x0098,0x343A,retlw,0x3A,instruction
0x0099,0x340A,retlw,0x0A,instruction
0x009A,0x100A,bcf,"0x0A, 0",instruction
0x009B,0x108A,bcf,"0x0A, 1",instruction
0x009C,0x110A,bcf,"0x0A, 2",instruction
0x009D,0x0782,addwf,"0x02, F",instruction
0x009E,0x3400,retlw,0x00,instruction
0x009F,0x3400,retlw,0x00,instruction
0x00A0,0x3468,retlw,0x68,instruction
0x00A1,0x3401,retlw,0x01,instruction
0x00A2,0x34D0,retlw,0xD0,instruction
0x00A3,0x3402,retlw,0x02,instruction
0x00A4,0x100A,bcf,"0x0A, 0",instruction
0x00A5,0x108A,bcf,"0x0A, 1",instruction
0x00A6,0x110A,bcf,"0x0A, 2",instruction
0x00A7,0x0782,addwf,"0x02, F",instruction
0x00A8,0x3410,retlw,0x10,instruction
0x00A9,0x340E,retlw,0x0E,instruction
0x00AA,0x3480,retlw,0x80,instruction
0x00AB,0x340C,retlw,0x0C,instruction
0x00AC,0x3410,retlw,0x10,instruction
0x00AD,0x340E,retlw,0x0E,instruction
0x00AE,0x100A,bcf,"0x0A, 0",instruction
0x00AF,0x108A,bcf,"0x0A, 1",instruction
0x00B0,0x110A,bcf,"0x0A, 2",instruction
0x00B1,0x0782,addwf,"0x02, F",instruction
0x00B2,0x3410,retlw,0x10,instruction
0x00B3,0x3410,retlw,0x10,instruction
0x00B4,0x3410,retlw,0x10,instruction
0x00B5,0x3410,retlw,0x10,instruction
0x00B6,0x3410,retlw,0x10,instruction
0x00B7,0x3410,retlw,0x10,instruction
0x00B8,0x3410,retlw,0x10,instruction
0x00B9,0x3410,retlw,0x10,instruction
0x00BA,0x100A,bcf,"0x0A, 0",instruction
0x00BB,0x108A,bcf,"0x0A, 1",instruction
0x00BC,0x110A,bcf,"0x0A, 2",instruction
0x00BD,0x0782,addwf,"0x02, F",instruction
0x00BE,0x343C,retlw,0x3C,instruction
0x00BF,0x344B,retlw,0x4B,instruction
0x00C0,0x345A,retlw,0x5A,instruction
0x00C1,0x3469,retlw,0x69,instruction
0x00C2,0x3478,retlw,0x78,instruction
0x00C3,0x3487,retlw,0x87,instruction
0x00C4,0x3496,retlw,0x96,instruction
0x00C5,0x34A5,retlw,0xA5,instruction
0x00C6,0x1E8C,btfss,"0x0C, 5",instruction
0x00C7,0x28E6,goto,0x0E6,instruction
0x00C8,0x081A,movf,"0x1A, W",instruction
0x00C9,0x1683,bsf,"0x03, 5",instruction
0x00CA,0x00E7,movwf,0x67,instruction
0x00CB,0x0867,movf,"0x67, W",instruction
0x00CC,0x3C03,sublw,0x03,instruction
0x00CD,0x1D03,btfss,"0x03, 2",instruction
0x00CE,0x28D2,goto,0x0D2,instruction
0x00CF,0x01C1,clrf,0x41,instruction
0x00D0,0x01C0,clrf,0x40,instruction
0x00D1,0x28E4,goto,0x0E4,instruction
0x00D2,0x0841,movf,"0x41, W",instruction
0x00D3,0x0AC1,incf,"0x41, F",instruction
0x00D4,0x3EA3,addlw,0xA3,instruction
0x00D5,0x0084,movwf,0x04,instruction
0x00D6,0x0867,movf,"0x67, W",instruction
0x00D7,0x0080,movwf,0x00,instruction
0x00D8,0x0AC0,incf,"0x40, F",instruction
0x00D9,0x0841,movf,"0x41, W",instruction
0x00DA,0x3C1C,sublw,0x1C,instruction
0x00DB,0x1803,btfsc,"0x03, 0",instruction
0x00DC,0x28E4,goto,0x0E4,instruction
0x00DD,0x01C1,clrf,0x41,instruction
0x00DE,0x0840,movf,"0x40, W",instruction
0x00DF,0x3C1C,sublw,0x1C,instruction
0x00E0,0x1803,btfsc,"0x03, 0",instruction
0x00E1,0x28E4,goto,0x0E4,instruction
0x00E2,0x01C1,clrf,0x41,instruction
0x00E3,0x01C0,clrf,0x40,instruction
0x00E4,0x1283,bcf,"0x03, 5",instruction
0x00E5,0x28C6,goto,0x0C6,instruction
0x00E6,0x118A,bcf,"0x0A, 3",instruction
0x00E7,0x120A,bcf,"0x0A, 4",instruction
0x00E8,0x2829,goto,0x029,instruction
0x00E9,0x16C3,bsf,"0x43, 5",instruction
0x00EA,0x3400,retlw,0x00,instruction
0x00EB,0x0064,clrwdt,,instruction
0x00EC,0x1CD2,btfss,"0x52, 1",instruction
0x00ED,0x28F3,goto,0x0F3,instruction
0x00EE,0x135D,bcf,"0x5D, 6",instruction
0x00EF,0x16DD,bsf,"0x5D, 5",instruction
0x00F0,0x15DD,bsf,"0x5D, 3",instruction
0x00F1,0x11B0,bcf,"0x30, 3",instruction
0x00F2,0x2925,goto,0x125,instruction
0x00F3,0x1C52,btfss,"0x52, 0",instruction
0x00F4,0x28FA,goto,0x0FA,instruction
0x00F5,0x20E9,call,0x0E9,instruction
0x00F6,0x175D,bsf,"0x5D, 6",instruction
0x00F7,0x12DD,bcf,"0x5D, 5",instruction
0x00F8,0x11DD,bcf,"0x5D, 3",instruction
0x00F9,0x2925,goto,0x125,instruction
0x00FA,0x1952,btfsc,"0x52, 2",instruction
0x00FB,0x28FE,goto,0x0FE,instruction
0x00FC,0x1DD2,btfss,"0x52, 3",instruction
0x00FD,0x2925,goto,0x125,instruction
0x00FE,0x1AD2,btfsc,"0x52, 5",instruction
0x00FF,0x2907,goto,0x107,instruction
0x0100,0x0B55,decfsz,"0x55, W",instruction
0x0101,0x2903,goto,0x103,instruction
0x0102,0x2907,goto,0x107,instruction
0x0103,0x0855,movf,"0x55, W",instruction
0x0104,0x3C04,sublw,0x04,instruction
0x0105,0x1803,btfsc,"0x03, 0",instruction
0x0106,0x2916,goto,0x116,instruction
0x0107,0x1D52,btfss,"0x52, 2",instruction
0x0108,0x290F,goto,0x10F,instruction
0x0109,0x085D,movf,"0x5D, W",instruction
0x010A,0x3907,andlw,0x07,instruction
0x010B,0x3C06,sublw,0x06,instruction
0x010C,0x1C03,btfss,"0x03, 0",instruction
0x010D,0x290F,goto,0x10F,instruction
0x010E,0x0ADD,incf,"0x5D, F",instruction
0x010F,0x1DD2,btfss,"0x52, 3",instruction
0x0110,0x2916,goto,0x116,instruction
0x0111,0x085D,movf,"0x5D, W",instruction
0x0112,0x3907,andlw,0x07,instruction
0x0113,0x1903,btfsc,"0x03, 2",instruction
0x0114,0x2916,goto,0x116,instruction
0x0115,0x03DD,decf,"0x5D, F",instruction
0x0116,0x0B55,decfsz,"0x55, W",instruction
0x0117,0x2919,goto,0x119,instruction
0x0118,0x0AD5,incf,"0x55, F",instruction
0x0119,0x0855,movf,"0x55, W",instruction
0x011A,0x3C04,sublw,0x04,instruction
0x011B,0x1803,btfsc,"0x03, 0",instruction
0x011C,0x291F,goto,0x11F,instruction
0x011D,0x3002,movlw,0x02,instruction
0x011E,0x00D5,movwf,0x55,instruction
0x011F,0x084C,movf,"0x4C, W",instruction
0x0120,0x065D,xorwf,"0x5D, W",instruction
0x0121,0x3907,andlw,0x07,instruction
0x0122,0x1903,btfsc,"0x03, 2",instruction
0x0123,0x2925,goto,0x125,instruction
0x0124,0x165D,bsf,"0x5D, 4",instruction
0x0125,0x0064,clrwdt,,instruction
0x0126,0x1AD2,btfsc,"0x52, 5",instruction
0x0127,0x292A,goto,0x12A,instruction
0x0128,0x1E52,btfss,"0x52, 4",instruction
0x0129,0x292B,goto,0x12B,instruction
0x012A,0x01D2,clrf,0x52,instruction
0x012B,0x118A,bcf,"0x0A, 3",instruction
0x012C,0x120A,bcf,"0x0A, 4",instruction
0x012D,0x2960,goto,0x160,instruction
0x012E,0x0064,clrwdt,,instruction
0x012F,0x1E52,btfss,"0x52, 4",instruction
0x0130,0x2934,goto,0x134,instruction
0x0131,0x1252,bcf,"0x52, 4",instruction
0x0132,0x16D2,bsf,"0x52, 5",instruction
0x0133,0x2948,goto,0x148,instruction
0x0134,0x3004,movlw,0x04,instruction
0x0135,0x0088,movwf,0x08,instruction
0x0136,0x1052,bcf,"0x52, 0",instruction
0x0137,0x1D88,btfss,"0x08, 3",instruction
0x0138,0x1452,bsf,"0x52, 0",instruction
0x0139,0x3024,movlw,0x24,instruction
0x013A,0x0088,movwf,0x08,instruction
0x013B,0x10D2,bcf,"0x52, 1",instruction
0x013C,0x1D88,btfss,"0x08, 3",instruction
0x013D,0x14D2,bsf,"0x52, 1",instruction
0x013E,0x3044,movlw,0x44,instruction
0x013F,0x0088,movwf,0x08,instruction
0x0140,0x1152,bcf,"0x52, 2",instruction
0x0141,0x1D88,btfss,"0x08, 3",instruction
0x0142,0x1552,bsf,"0x52, 2",instruction
0x0143,0x3064,movlw,0x64,instruction
0x0144,0x0088,movwf,0x08,instruction
0x0145,0x11D2,bcf,"0x52, 3",instruction
0x0146,0x1D88,btfss,"0x08, 3",instruction
0x0147,0x15D2,bsf,"0x52, 3",instruction
0x0148,0x1DD1,btfss,"0x51, 3",instruction
0x0149,0x294D,goto,0x14D,instruction
0x014A,0x0852,movf,"0x52, W",instruction
0x014B,0x04D3,iorwf,"0x53, F",instruction
0x014C,0x2960,goto,0x160,instruction
0x014D,0x0853,movf,"0x53, W",instruction
0x014E,0x0252,subwf,"0x52, W",instruction
0x014F,0x1D03,btfss,"0x03, 2",instruction
0x0150,0x2953,goto,0x153,instruction
0x0151,0x0AD4,incf,"0x54, F",instruction
0x0152,0x2957,goto,0x157,instruction
0x0153,0x01D4,clrf,0x54,instruction
0x0154,0x01D5,clrf,0x55,instruction
0x0155,0x0852,movf,"0x52, W",instruction
0x0156,0x00D3,movwf,0x53,instruction
0x0157,0x1ED2,btfss,"0x52, 5",instruction
0x0158,0x295B,goto,0x15B,instruction
0x0159,0x30FC,movlw,0xFC,instruction
0x015A,0x00D4,movwf,0x54,instruction
0x015B,0x0854,movf,"0x54, W",instruction
0x015C,0x39FC,andlw,0xFC,instruction
0x015D,0x1903,btfsc,"0x03, 2",instruction
0x015E,0x2960,goto,0x160,instruction
0x015F,0x28EB,goto,0x0EB,instruction
0x0160,0x118A,bcf,"0x0A, 3",instruction
0x0161,0x120A,bcf,"0x0A, 4",instruction
0x0162,0x2964,goto,0x164,instruction
0x0163,0x292E,goto,0x12E,instruction
0x0164,0x01B2,clrf,0x32,instruction
0x0165,0x01B1,clrf,0x31,instruction
0x0166,0x17CC,bsf,"0x4C, 7",instruction
0x0167,0x0872,movf,"0x72, W",instruction
0x0168,0x0473,iorwf,"0x73, W",instruction
0x0169,0x1903,btfsc,"0x03, 2",instruction
0x016A,0x296F,goto,0x16F,instruction
0x016B,0x0872,movf,"0x72, W",instruction
0x016C,0x1903,btfsc,"0x03, 2",instruction
0x016D,0x03F3,decf,"0x73, F",instruction
0x016E,0x03F2,decf,"0x72, F",instruction
0x016F,0x3002,movlw,0x02,instruction
0x0170,0x06B0,xorwf,"0x30, F",instruction
0x0171,0x1C86,btfss,"0x06, 1",instruction
0x0172,0x2976,goto,0x176,instruction
0x0173,0x0AC6,incf,"0x46, F",instruction
0x0174,0x1903,btfsc,"0x03, 2",instruction
0x0175,0x0AC7,incf,"0x47, F",instruction
0x0176,0x0191,clrf,0x11,instruction
0x0177,0x108C,bcf,"0x0C, 1",instruction
0x0178,0x0AB5,incf,"0x35, F",instruction
0x0179,0x1EB5,btfss,"0x35, 5",instruction
0x017A,0x2983,goto,0x183,instruction
0x017B,0x3082,movlw,0x82,instruction
0x017C,0x00B5,movwf,0x35,instruction
0x017D,0x0801,movf,"0x01, W",instruction
0x017E,0x190B,btfsc,"0x0B, 2",instruction
0x017F,0x30FF,movlw,0xFF,instruction
0x0180,0x00B4,movwf,0x34,instruction
0x0181,0x0181,clrf,0x01,instruction
0x0182,0x110B,bcf,"0x0B, 2",instruction
0x0183,0x1186,bcf,"0x06, 3",instruction
0x0184,0x3000,movlw,0x00,instruction
0x0185,0x18B0,btfsc,"0x30, 1",instruction
0x0186,0x3001,movlw,0x01,instruction
0x0187,0x3901,andlw,0x01,instruction
0x0188,0x1903,btfsc,"0x03, 2",instruction
0x0189,0x29A2,goto,0x1A2,instruction
0x018A,0x0829,movf,"0x29, W",instruction
0x018B,0x07AA,addwf,"0x2A, F",instruction
0x018C,0x082A,movf,"0x2A, W",instruction
0x018D,0x3C63,sublw,0x63,instruction
0x018E,0x1803,btfsc,"0x03, 0",instruction
0x018F,0x2999,goto,0x199,instruction
0x0190,0x3064,movlw,0x64,instruction
0x0191,0x02AA,subwf,"0x2A, F",instruction
0x0192,0x15D6,bsf,"0x56, 3",instruction
0x0193,0x1687,bsf,"0x07, 5",instruction
0x0194,0x3060,movlw,0x60,instruction
0x0195,0x0088,movwf,0x08,instruction
0x0196,0x1508,bsf,"0x08, 2",instruction
0x0197,0x12D1,bcf,"0x51, 5",instruction
0x0198,0x29A1,goto,0x1A1,instruction
0x0199,0x1ED1,btfss,"0x51, 5",instruction
0x019A,0x29A1,goto,0x1A1,instruction
0x019B,0x11D6,bcf,"0x56, 3",instruction
0x019C,0x1287,bcf,"0x07, 5",instruction
0x019D,0x3060,movlw,0x60,instruction
0x019E,0x0088,movwf,0x08,instruction
0x019F,0x1508,bsf,"0x08, 2",instruction
0x01A0,0x12D1,bcf,"0x51, 5",instruction
0x01A1,0x29A3,goto,0x1A3,instruction
0x01A2,0x16D1,bsf,"0x51, 5",instruction
0x01A3,0x108B,bcf,"0x0B, 1",instruction
0x01A4,0x118A,bcf,"0x0A, 3",instruction
0x01A5,0x120A,bcf,"0x0A, 4",instruction
0x01A6,0x2829,goto,0x029,instruction
0x01A7,0x0FB1,incfsz,"0x31, F",instruction
0x01A8,0x29AB,goto,0x1AB,instruction
0x01A9,0x0F32,incfsz,"0x32, W",instruction
0x01AA,0x00B2,movwf,0x32,instruction
0x01AB,0x1FCC,btfss,"0x4C, 7",instruction
0x01AC,0x29B1,goto,0x1B1,instruction
0x01AD,0x13CC,bcf,"0x4C, 7",instruction
0x01AE,0x0837,movf,"0x37, W",instruction
0x01AF,0x00B8,movwf,0x38,instruction
0x01B0,0x29B6,goto,0x1B6,instruction
0x01B1,0x08B8,movf,"0x38, F",instruction
0x01B2,0x1D03,btfss,"0x03, 2",instruction
0x01B3,0x0BB8,decfsz,"0x38, F",instruction
0x01B4,0x29B6,goto,0x1B6,instruction
0x01B5,0x1586,bsf,"0x06, 3",instruction
0x01B6,0x108C,bcf,"0x0C, 1",instruction
0x01B7,0x118A,bcf,"0x0A, 3",instruction
0x01B8,0x120A,bcf,"0x0A, 4",instruction
0x01B9,0x2829,goto,0x029,instruction
0x01BA,0x0064,clrwdt,,instruction
0x01BB,0x3001,movlw,0x01,instruction
0x01BC,0x00F5,movwf,0x75,instruction
0x01BD,0x130B,bcf,"0x0B, 6",instruction
0x01BE,0x138B,bcf,"0x0B, 7",instruction
0x01BF,0x1B8B,btfsc,"0x0B, 7",instruction
0x01C0,0x29BE,goto,0x1BE,instruction
0x01C1,0x301F,movlw,0x1F,instruction
0x01C2,0x0588,andwf,"0x08, F",instruction
0x01C3,0x08F5,movf,"0x75, F",instruction
0x01C4,0x1903,btfsc,"0x03, 2",instruction
0x01C5,0x29D3,goto,0x1D3,instruction
0x01C6,0x1687,bsf,"0x07, 5",instruction
0x01C7,0x0848,movf,"0x48, W",instruction
0x01C8,0x0575,andwf,"0x75, W",instruction
0x01C9,0x1903,btfsc,"0x03, 2",instruction
0x01CA,0x29CC,goto,0x1CC,instruction
0x01CB,0x1287,bcf,"0x07, 5",instruction
0x01CC,0x1107,bcf,"0x07, 2",instruction
0x01CD,0x1507,bsf,"0x07, 2",instruction
0x01CE,0x3020,movlw,0x20,instruction
0x01CF,0x0788,addwf,"0x08, F",instruction
0x01D0,0x1003,bcf,"0x03, 0",instruction
0x01D1,0x0DF5,rlf,"0x75, F",instruction
0x01D2,0x29C3,goto,0x1C3,instruction
0x01D3,0x30C0,movlw,0xC0,instruction
0x01D4,0x048B,iorwf,"0x0B, F",instruction
0x01D5,0x3400,retlw,0x00,instruction
0x01D6,0x3007,movlw,0x07,instruction
0x01D7,0x00AD,movwf,0x2D,instruction
0x01D8,0x0185,clrf,0x05,instruction
0x01D9,0x0186,clrf,0x06,instruction
0x01DA,0x0187,clrf,0x07,instruction
0x01DB,0x3004,movlw,0x04,instruction
0x01DC,0x0089,movwf,0x09,instruction
0x01DD,0x01C8,clrf,0x48,instruction
0x01DE,0x21BA,call,0x1BA,instruction
0x01DF,0x01C9,clrf,0x49,instruction
0x01E0,0x01BB,clrf,0x3B,instruction
0x01E1,0x01BC,clrf,0x3C,instruction
0x01E2,0x01D5,clrf,0x55,instruction
0x01E3,0x01D4,clrf,0x54,instruction
0x01E4,0x01CB,clrf,0x4B,instruction
0x01E5,0x01CA,clrf,0x4A,instruction
0x01E6,0x01DD,clrf,0x5D,instruction
0x01E7,0x01D3,clrf,0x53,instruction
0x01E8,0x0853,movf,"0x53, W",instruction
0x01E9,0x00D2,movwf,0x52,instruction
0x01EA,0x01D1,clrf,0x51,instruction
0x01EB,0x01D7,clrf,0x57,instruction
0x01EC,0x01B0,clrf,0x30,instruction
0x01ED,0x30DC,movlw,0xDC,instruction
0x01EE,0x00DA,movwf,0x5A,instruction
0x01EF,0x0064,clrwdt,,instruction
0x01F0,0x3053,movlw,0x53,instruction
0x01F1,0x00F7,movwf,0x77,instruction
0x01F2,0x0BF7,decfsz,"0x77, F",instruction
0x01F3,0x29F2,goto,0x1F2,instruction
0x01F4,0x118A,bcf,"0x0A, 3",instruction
0x01F5,0x120A,bcf,"0x0A, 4",instruction
0x01F6,0x2A35,goto,0x235,instruction
0x01F7,0x1186,bcf,"0x06, 3",instruction
0x01F8,0x01B3,clrf,0x33,instruction
0x01F9,0x01B8,clrf,0x38,instruction
0x01FA,0x01B7,clrf,0x37,instruction
0x01FB,0x01B5,clrf,0x35,instruction
0x01FC,0x01B4,clrf,0x34,instruction
0x01FD,0x3400,retlw,0x00,instruction
0x01FE,0x130B,bcf,"0x0B, 6",instruction
0x01FF,0x138B,bcf,"0x0B, 7",instruction
0x0200,0x1B8B,btfsc,"0x0B, 7",instruction
0x0201,0x29FF,goto,0x1FF,instruction
0x0202,0x301F,movlw,0x1F,instruction
0x0203,0x0588,andwf,"0x08, F",instruction
0x0204,0x3001,movlw,0x01,instruction
0x0205,0x1683,bsf,"0x03, 5",instruction
0x0206,0x00D7,movwf,0x57,instruction
0x0207,0x08D7,movf,"0x57, F",instruction
0x0208,0x1903,btfsc,"0x03, 2",instruction
0x0209,0x2A1D,goto,0x21D,instruction
0x020A,0x1283,bcf,"0x03, 5",instruction
0x020B,0x1287,bcf,"0x07, 5",instruction
0x020C,0x0856,movf,"0x56, W",instruction
0x020D,0x1683,bsf,"0x03, 5",instruction
0x020E,0x0557,andwf,"0x57, W",instruction
0x020F,0x1903,btfsc,"0x03, 2",instruction
0x0210,0x2A14,goto,0x214,instruction
0x0211,0x1283,bcf,"0x03, 5",instruction
0x0212,0x1687,bsf,"0x07, 5",instruction
0x0213,0x1683,bsf,"0x03, 5",instruction
0x0214,0x1283,bcf,"0x03, 5",instruction
0x0215,0x1108,bcf,"0x08, 2",instruction
0x0216,0x1508,bsf,"0x08, 2",instruction
0x0217,0x3020,movlw,0x20,instruction
0x0218,0x0788,addwf,"0x08, F",instruction
0x0219,0x1003,bcf,"0x03, 0",instruction
0x021A,0x1683,bsf,"0x03, 5",instruction
0x021B,0x0DD7,rlf,"0x57, F",instruction
0x021C,0x2A07,goto,0x207,instruction
0x021D,0x30C0,movlw,0xC0,instruction
0x021E,0x1283,bcf,"0x03, 5",instruction
0x021F,0x048B,iorwf,"0x0B, F",instruction
0x0220,0x3400,retlw,0x00,instruction
0x0221,0x30BF,movlw,0xBF,instruction
0x0222,0x1683,bsf,"0x03, 5",instruction
0x0223,0x0081,movwf,0x01,instruction
0x0224,0x1283,bcf,"0x03, 5",instruction
0x0225,0x0181,clrf,0x01,instruction
0x0226,0x110B,bcf,"0x0B, 2",instruction
0x0227,0x303F,movlw,0x3F,instruction
0x0228,0x1683,bsf,"0x03, 5",instruction
0x0229,0x0085,movwf,0x05,instruction
0x022A,0x30D1,movlw,0xD1,instruction
0x022B,0x0086,movwf,0x06,instruction
0x022C,0x3080,movlw,0x80,instruction
0x022D,0x0087,movwf,0x07,instruction
0x022E,0x301B,movlw,0x1B,instruction
0x022F,0x0088,movwf,0x08,instruction
0x0230,0x1409,bsf,"0x09, 0",instruction
0x0231,0x1489,bsf,"0x09, 1",instruction
0x0232,0x1109,bcf,"0x09, 2",instruction
0x0233,0x1283,bcf,"0x03, 5",instruction
0x0234,0x29D6,goto,0x1D6,instruction
0x0235,0x21F7,call,0x1F7,instruction
0x0236,0x3074,movlw,0x74,instruction
0x0237,0x0095,movwf,0x15,instruction
0x0238,0x30C6,movlw,0xC6,instruction
0x0239,0x0096,movwf,0x16,instruction
0x023A,0x300B,movlw,0x0B,instruction
0x023B,0x0097,movwf,0x17,instruction
0x023C,0x3031,movlw,0x31,instruction
0x023D,0x0090,movwf,0x10,instruction
0x023E,0x018F,clrf,0x0F,instruction
0x023F,0x018E,clrf,0x0E,instruction
0x0240,0x3009,movlw,0x09,instruction
0x0241,0x1683,bsf,"0x03, 5",instruction
0x0242,0x009F,movwf,0x1F,instruction
0x0243,0x3081,movlw,0x81,instruction
0x0244,0x1283,bcf,"0x03, 5",instruction
0x0245,0x009F,movwf,0x1F,instruction
0x0246,0x3000,movlw,0x00,instruction
0x0247,0x00F8,movwf,0x78,instruction
0x0248,0x3804,iorlw,0x04,instruction
0x0249,0x0092,movwf,0x12,instruction
0x024A,0x3042,movlw,0x42,instruction
0x024B,0x1683,bsf,"0x03, 5",instruction
0x024C,0x0092,movwf,0x12,instruction
0x024D,0x1283,bcf,"0x03, 5",instruction
0x024E,0x160B,bsf,"0x0B, 4",instruction
0x024F,0x1683,bsf,"0x03, 5",instruction
0x0250,0x148C,bsf,"0x0C, 1",instruction
0x0251,0x30C0,movlw,0xC0,instruction
0x0252,0x1283,bcf,"0x03, 5",instruction
0x0253,0x048B,iorwf,"0x0B, F",instruction
0x0254,0x30D1,movlw,0xD1,instruction
0x0255,0x1683,bsf,"0x03, 5",instruction
0x0256,0x0086,movwf,0x06,instruction
0x0257,0x1283,bcf,"0x03, 5",instruction
0x0258,0x01D6,clrf,0x56,instruction
0x0259,0x21FE,call,0x1FE,instruction
0x025A,0x118A,bcf,"0x0A, 3",instruction
0x025B,0x120A,bcf,"0x0A, 4",instruction
0x025C,0x2A6A,goto,0x26A,instruction
0x025D,0x081A,movf,"0x1A, W",instruction
0x025E,0x1683,bsf,"0x03, 5",instruction
0x025F,0x00A3,movwf,0x23,instruction
0x0260,0x1283,bcf,"0x03, 5",instruction
0x0261,0x1218,bcf,"0x18, 4",instruction
0x0262,0x1618,bsf,"0x18, 4",instruction
0x0263,0x1683,bsf,"0x03, 5",instruction
0x0264,0x01A3,clrf,0x23,instruction
0x0265,0x1283,bcf,"0x03, 5",instruction
0x0266,0x118A,bcf,"0x0A, 3",instruction
0x0267,0x120A,bcf,"0x0A, 4",instruction
0x0268,0x2A6B,goto,0x26B,instruction
0x0269,0x2A21,goto,0x221,instruction
0x026A,0x2A5D,goto,0x25D,instruction
0x026B,0x30DC,movlw,0xDC,instruction
0x026C,0x00DA,movwf,0x5A,instruction
0x026D,0x1683,bsf,"0x03, 5",instruction
0x026E,0x01C2,clrf,0x42,instruction
0x026F,0x01A1,clrf,0x21,instruction
0x0270,0x1283,bcf,"0x03, 5",instruction
0x0271,0x11D1,bcf,"0x51, 3",instruction
0x0272,0x1683,bsf,"0x03, 5",instruction
0x0273,0x1020,bcf,"0x20, 0",instruction
0x0274,0x1283,bcf,"0x03, 5",instruction
0x0275,0x01CD,clrf,0x4D,instruction
0x0276,0x158A,bsf,"0x0A, 3",instruction
0x0277,0x160A,bsf,"0x0A, 4",instruction
0x0278,0x281E,goto,0x01E,instruction
0x0279,0x01E1,clrf,0x61,instruction
0x027A,0x01E2,clrf,0x62,instruction
0x027B,0x01ED,clrf,0x6D,instruction
0x027C,0x01EB,clrf,0x6B,instruction
0x027D,0x01EE,clrf,0x6E,instruction
0x027E,0x01EF,clrf,0x6F,instruction
0x027F,0x30F0,movlw,0xF0,instruction
0x0280,0x1683,bsf,"0x03, 5",instruction
0x0281,0x05A0,andwf,"0x20, F",instruction
0x0282,0x01CA,clrf,0x4A,instruction
0x0283,0x084A,movf,"0x4A, W",instruction
0x0284,0x3C07,sublw,0x07,instruction
0x0285,0x1C03,btfss,"0x03, 0",instruction
0x0286,0x2A8D,goto,0x28D,instruction
0x0287,0x3063,movlw,0x63,instruction
0x0288,0x074A,addwf,"0x4A, W",instruction
0x0289,0x0084,movwf,0x04,instruction
0x028A,0x0180,clrf,0x00,instruction
0x028B,0x0ACA,incf,"0x4A, F",instruction
0x028C,0x2A83,goto,0x283,instruction
0x028D,0x1283,bcf,"0x03, 5",instruction
0x028E,0x3400,retlw,0x00,instruction
0x028F,0x16D6,bsf,"0x56, 5",instruction
0x0290,0x21FE,call,0x1FE,instruction
0x0291,0x3400,retlw,0x00,instruction
0x0292,0x1683,bsf,"0x03, 5",instruction
0x0293,0x08D5,movf,"0x55, F",instruction
0x0294,0x1903,btfsc,"0x03, 2",instruction
0x0295,0x2A9F,goto,0x29F,instruction
0x0296,0x1283,bcf,"0x03, 5",instruction
0x0297,0x18AD,btfsc,"0x2D, 1",instruction
0x0298,0x2A9B,goto,0x29B,instruction
0x0299,0x1683,bsf,"0x03, 5",instruction
0x029A,0x2A9F,goto,0x29F,instruction
0x029B,0x228F,call,0x28F,instruction
0x029C,0x1407,bsf,"0x07, 0",instruction
0x029D,0x2AA1,goto,0x2A1,instruction
0x029E,0x1683,bsf,"0x03, 5",instruction
0x029F,0x1283,bcf,"0x03, 5",instruction
0x02A0,0x1007,bcf,"0x07, 0",instruction
0x02A1,0x3400,retlw,0x00,instruction
0x02A2,0x1683,bsf,"0x03, 5",instruction
0x02A3,0x08D5,movf,"0x55, F",instruction
0x02A4,0x1903,btfsc,"0x03, 2",instruction
0x02A5,0x2AAF,goto,0x2AF,instruction
0x02A6,0x1283,bcf,"0x03, 5",instruction
0x02A7,0x182D,btfsc,"0x2D, 0",instruction
0x02A8,0x2AAB,goto,0x2AB,instruction
0x02A9,0x1683,bsf,"0x03, 5",instruction
0x02AA,0x2AAF,goto,0x2AF,instruction
0x02AB,0x228F,call,0x28F,instruction
0x02AC,0x1487,bsf,"0x07, 1",instruction
0x02AD,0x2AB1,goto,0x2B1,instruction
0x02AE,0x1683,bsf,"0x03, 5",instruction
0x02AF,0x1283,bcf,"0x03, 5",instruction
0x02B0,0x1087,bcf,"0x07, 1",instruction
0x02B1,0x3400,retlw,0x00,instruction
0x02B2,0x13AD,bcf,"0x2D, 7",instruction
0x02B3,0x1683,bsf,"0x03, 5",instruction
0x02B4,0x01D5,clrf,0x55,instruction
0x02B5,0x1283,bcf,"0x03, 5",instruction
0x02B6,0x2292,call,0x292,instruction
0x02B7,0x1683,bsf,"0x03, 5",instruction
0x02B8,0x01D5,clrf,0x55,instruction
0x02B9,0x1283,bcf,"0x03, 5",instruction
0x02BA,0x22A2,call,0x2A2,instruction
0x02BB,0x3400,retlw,0x00,instruction
0x02BC,0x300F,movlw,0x0F,instruction
0x02BD,0x1683,bsf,"0x03, 5",instruction
0x02BE,0x05DA,andwf,"0x5A, F",instruction
0x02BF,0x085A,movf,"0x5A, W",instruction
0x02C0,0x3C09,sublw,0x09,instruction
0x02C1,0x1803,btfsc,"0x03, 0",instruction
0x02C2,0x2AC7,goto,0x2C7,instruction
0x02C3,0x3057,movlw,0x57,instruction
0x02C4,0x075A,addwf,"0x5A, W",instruction
0x02C5,0x00DB,movwf,0x5B,instruction
0x02C6,0x2ACA,goto,0x2CA,instruction
0x02C7,0x3030,movlw,0x30,instruction
0x02C8,0x075A,addwf,"0x5A, W",instruction
0x02C9,0x00DB,movwf,0x5B,instruction
0x02CA,0x085B,movf,"0x5B, W",instruction
0x02CB,0x0064,clrwdt,,instruction
0x02CC,0x1283,bcf,"0x03, 5",instruction
0x02CD,0x1A0C,btfsc,"0x0C, 4",instruction
0x02CE,0x2AD1,goto,0x2D1,instruction
0x02CF,0x1683,bsf,"0x03, 5",instruction
0x02D0,0x2ACB,goto,0x2CB,instruction
0x02D1,0x0099,movwf,0x19,instruction
0x02D2,0x3400,retlw,0x00,instruction
0x02D3,0x1683,bsf,"0x03, 5",instruction
0x02D4,0x0E58,swapf,"0x58, W",instruction
0x02D5,0x00D9,movwf,0x59,instruction
0x02D6,0x300F,movlw,0x0F,instruction
0x02D7,0x05D9,andwf,"0x59, F",instruction
0x02D8,0x0859,movf,"0x59, W",instruction
0x02D9,0x00DA,movwf,0x5A,instruction
0x02DA,0x1283,bcf,"0x03, 5",instruction
0x02DB,0x22BC,call,0x2BC,instruction
0x02DC,0x1683,bsf,"0x03, 5",instruction
0x02DD,0x0858,movf,"0x58, W",instruction
0x02DE,0x00DA,movwf,0x5A,instruction
0x02DF,0x1283,bcf,"0x03, 5",instruction
0x02E0,0x22BC,call,0x2BC,instruction
0x02E1,0x3400,retlw,0x00,instruction
0x02E2,0x19D1,btfsc,"0x51, 3",instruction
0x02E3,0x2AFD,goto,0x2FD,instruction
0x02E4,0x3044,movlw,0x44,instruction
0x02E5,0x0064,clrwdt,,instruction
0x02E6,0x1E0C,btfss,"0x0C, 4",instruction
0x02E7,0x2AE5,goto,0x2E5,instruction
0x02E8,0x0099,movwf,0x19,instruction
0x02E9,0x3057,movlw,0x57,instruction
0x02EA,0x0064,clrwdt,,instruction
0x02EB,0x1E0C,btfss,"0x0C, 4",instruction
0x02EC,0x2AEA,goto,0x2EA,instruction
0x02ED,0x0099,movwf,0x19,instruction
0x02EE,0x1683,bsf,"0x03, 5",instruction
0x02EF,0x0855,movf,"0x55, W",instruction
0x02F0,0x00D8,movwf,0x58,instruction
0x02F1,0x1283,bcf,"0x03, 5",instruction
0x02F2,0x22D3,call,0x2D3,instruction
0x02F3,0x1683,bsf,"0x03, 5",instruction
0x02F4,0x0856,movf,"0x56, W",instruction
0x02F5,0x00D8,movwf,0x58,instruction
0x02F6,0x1283,bcf,"0x03, 5",instruction
0x02F7,0x22D3,call,0x2D3,instruction
0x02F8,0x300A,movlw,0x0A,instruction
0x02F9,0x0064,clrwdt,,instruction
0x02FA,0x1E0C,btfss,"0x0C, 4",instruction
0x02FB,0x2AF9,goto,0x2F9,instruction
0x02FC,0x0099,movwf,0x19,instruction
0x02FD,0x3400,retlw,0x00,instruction
0x02FE,0x1394,bcf,"0x14, 7",instruction
0x02FF,0x118C,bcf,"0x0C, 3",instruction
0x0300,0x1683,bsf,"0x03, 5",instruction
0x0301,0x0857,movf,"0x57, W",instruction
0x0302,0x1283,bcf,"0x03, 5",instruction
0x0303,0x0093,movwf,0x13,instruction
0x0304,0x3002,movlw,0x02,instruction
0x0305,0x1B94,btfsc,"0x14, 7",instruction
0x0306,0x2B0E,goto,0x30E,instruction
0x0307,0x1D8C,btfss,"0x0C, 3",instruction
0x0308,0x2B07,goto,0x307,instruction
0x0309,0x3000,movlw,0x00,instruction
0x030A,0x1683,bsf,"0x03, 5",instruction
0x030B,0x1B11,btfsc,"0x11, 6",instruction
0x030C,0x3001,movlw,0x01,instruction
0x030D,0x1283,bcf,"0x03, 5",instruction
0x030E,0x00F8,movwf,0x78,instruction
0x030F,0x3400,retlw,0x00,instruction
0x0310,0x1683,bsf,"0x03, 5",instruction
0x0311,0x1591,bsf,"0x11, 3",instruction
0x0312,0x1991,btfsc,"0x11, 3",instruction
0x0313,0x2B12,goto,0x312,instruction
0x0314,0x1877,btfsc,"0x77, 0",instruction
0x0315,0x1291,bcf,"0x11, 5",instruction
0x0316,0x1C77,btfss,"0x77, 0",instruction
0x0317,0x1691,bsf,"0x11, 5",instruction
0x0318,0x1611,bsf,"0x11, 4",instruction
0x0319,0x1A11,btfsc,"0x11, 4",instruction
0x031A,0x2B19,goto,0x319,instruction
0x031B,0x1283,bcf,"0x03, 5",instruction
0x031C,0x0813,movf,"0x13, W",instruction
0x031D,0x00F8,movwf,0x78,instruction
0x031E,0x3400,retlw,0x00,instruction
0x031F,0x0D2C,rlf,"0x2C, W",instruction
0x0320,0x00F7,movwf,0x77,instruction
0x0321,0x0DF7,rlf,"0x77, F",instruction
0x0322,0x0DF7,rlf,"0x77, F",instruction
0x0323,0x30F8,movlw,0xF8,instruction
0x0324,0x05F7,andwf,"0x77, F",instruction
0x0325,0x081F,movf,"0x1F, W",instruction
0x0326,0x39C7,andlw,0xC7,instruction
0x0327,0x0477,iorwf,"0x77, W",instruction
0x0328,0x009F,movwf,0x1F,instruction
0x0329,0x0064,clrwdt,,instruction
0x032A,0x3053,movlw,0x53,instruction
0x032B,0x00F7,movwf,0x77,instruction
0x032C,0x0BF7,decfsz,"0x77, F",instruction
0x032D,0x2B2C,goto,0x32C,instruction
0x032E,0x08AC,movf,"0x2C, F",instruction
0x032F,0x1D03,btfss,"0x03, 2",instruction
0x0330,0x2B31,goto,0x331,instruction
0x0331,0x0B2C,decfsz,"0x2C, W",instruction
0x0332,0x2B3A,goto,0x33A,instruction
0x0333,0x1886,btfsc,"0x06, 1",instruction
0x0334,0x2B3A,goto,0x33A,instruction
0x0335,0x151F,bsf,"0x1F, 2",instruction
0x0336,0x191F,btfsc,"0x1F, 2",instruction
0x0337,0x2B36,goto,0x336,instruction
0x0338,0x081E,movf,"0x1E, W",instruction
0x0339,0x00D7,movwf,0x57,instruction
0x033A,0x082C,movf,"0x2C, W",instruction
0x033B,0x3C02,sublw,0x02,instruction
0x033C,0x1D03,btfss,"0x03, 2",instruction
0x033D,0x2B68,goto,0x368,instruction
0x033E,0x151F,bsf,"0x1F, 2",instruction
0x033F,0x191F,btfsc,"0x1F, 2",instruction
0x0340,0x2B3F,goto,0x33F,instruction
0x0341,0x081E,movf,"0x1E, W",instruction
0x0342,0x00D8,movwf,0x58,instruction
0x0343,0x0858,movf,"0x58, W",instruction
0x0344,0x3C14,sublw,0x14,instruction
0x0345,0x1803,btfsc,"0x03, 0",instruction
0x0346,0x2B53,goto,0x353,instruction
0x0347,0x1AD6,btfsc,"0x56, 5",instruction
0x0348,0x2B4B,goto,0x34B,instruction
0x0349,0x0AF0,incf,"0x70, F",instruction
0x034A,0x2B50,goto,0x350,instruction
0x034B,0x0870,movf,"0x70, W",instruction
0x034C,0x3C06,sublw,0x06,instruction
0x034D,0x1C03,btfss,"0x03, 0",instruction
0x034E,0x2B50,goto,0x350,instruction
0x034F,0x01F0,clrf,0x70,instruction
0x0350,0x1BAD,btfsc,"0x2D, 7",instruction
0x0351,0x2B53,goto,0x353,instruction
0x0352,0x0AF0,incf,"0x70, F",instruction
0x0353,0x0870,movf,"0x70, W",instruction
0x0354,0x3C06,sublw,0x06,instruction
0x0355,0x1803,btfsc,"0x03, 0",instruction
0x0356,0x2B68,goto,0x368,instruction
0x0357,0x22B2,call,0x2B2,instruction
0x0358,0x228F,call,0x28F,instruction
0x0359,0x174F,bsf,"0x4F, 6",instruction
0x035A,0x144F,bsf,"0x4F, 0",instruction
0x035B,0x14CF,bsf,"0x4F, 1",instruction
0x035C,0x154F,bsf,"0x4F, 2",instruction
0x035D,0x301C,movlw,0x1C,instruction
0x035E,0x1683,bsf,"0x03, 5",instruction
0x035F,0x00D5,movwf,0x55,instruction
0x0360,0x1283,bcf,"0x03, 5",instruction
0x0361,0x0858,movf,"0x58, W",instruction
0x0362,0x1683,bsf,"0x03, 5",instruction
0x0363,0x00D6,movwf,0x56,instruction
0x0364,0x1283,bcf,"0x03, 5",instruction
0x0365,0x22E2,call,0x2E2,instruction
0x0366,0x300C,movlw,0x0C,instruction
0x0367,0x00F0,movwf,0x70,instruction
0x0368,0x082C,movf,"0x2C, W",instruction
0x0369,0x3C03,sublw,0x03,instruction
0x036A,0x1D03,btfss,"0x03, 2",instruction
0x036B,0x2B71,goto,0x371,instruction
0x036C,0x151F,bsf,"0x1F, 2",instruction
0x036D,0x191F,btfsc,"0x1F, 2",instruction
0x036E,0x2B6D,goto,0x36D,instruction
0x036F,0x081E,movf,"0x1E, W",instruction
0x0370,0x00AE,movwf,0x2E,instruction
0x0371,0x082C,movf,"0x2C, W",instruction
0x0372,0x3C04,sublw,0x04,instruction
0x0373,0x1D03,btfss,"0x03, 2",instruction
0x0374,0x2B7A,goto,0x37A,instruction
0x0375,0x151F,bsf,"0x1F, 2",instruction
0x0376,0x191F,btfsc,"0x1F, 2",instruction
0x0377,0x2B76,goto,0x376,instruction
0x0378,0x081E,movf,"0x1E, W",instruction
0x0379,0x00AF,movwf,0x2F,instruction
0x037A,0x082C,movf,"0x2C, W",instruction
0x037B,0x3C05,sublw,0x05,instruction
0x037C,0x1D03,btfss,"0x03, 2",instruction
0x037D,0x2BE0,goto,0x3E0,instruction
0x037E,0x1683,bsf,"0x03, 5",instruction
0x037F,0x0822,movf,"0x22, W",instruction
0x0380,0x00D5,movwf,0x55,instruction
0x0381,0x0064,clrwdt,,instruction
0x0382,0x0064,clrwdt,,instruction
0x0383,0x1411,bsf,"0x11, 0",instruction
0x0384,0x1811,btfsc,"0x11, 0",instruction
0x0385,0x2B84,goto,0x384,instruction
0x0386,0x309A,movlw,0x9A,instruction
0x0387,0x00D7,movwf,0x57,instruction
0x0388,0x1283,bcf,"0x03, 5",instruction
0x0389,0x22FE,call,0x2FE,instruction
0x038A,0x3001,movlw,0x01,instruction
0x038B,0x1683,bsf,"0x03, 5",instruction
0x038C,0x00D7,movwf,0x57,instruction
0x038D,0x1283,bcf,"0x03, 5",instruction
0x038E,0x22FE,call,0x2FE,instruction
0x038F,0x1683,bsf,"0x03, 5",instruction
0x0390,0x1511,bsf,"0x11, 2",instruction
0x0391,0x1911,btfsc,"0x11, 2",instruction
0x0392,0x2B91,goto,0x391,instruction
0x0393,0x1411,bsf,"0x11, 0",instruction
0x0394,0x1811,btfsc,"0x11, 0",instruction
0x0395,0x2B94,goto,0x394,instruction
0x0396,0x309B,movlw,0x9B,instruction
0x0397,0x00D7,movwf,0x57,instruction
0x0398,0x1283,bcf,"0x03, 5",instruction
0x0399,0x22FE,call,0x2FE,instruction
0x039A,0x3001,movlw,0x01,instruction
0x039B,0x00F7,movwf,0x77,instruction
0x039C,0x2310,call,0x310,instruction
0x039D,0x0878,movf,"0x78, W",instruction
0x039E,0x1683,bsf,"0x03, 5",instruction
0x039F,0x00D6,movwf,0x56,instruction
0x03A0,0x1511,bsf,"0x11, 2",instruction
0x03A1,0x1911,btfsc,"0x11, 2",instruction
0x03A2,0x2BA1,goto,0x3A1,instruction
0x03A3,0x0856,movf,"0x56, W",instruction
0x03A4,0x00F8,movwf,0x78,instruction
0x03A5,0x1B78,btfsc,"0x78, 6",instruction
0x03A6,0x2BA9,goto,0x3A9,instruction
0x03A7,0x0064,clrwdt,,instruction
0x03A8,0x2B82,goto,0x382,instruction
0x03A9,0x1411,bsf,"0x11, 0",instruction
0x03AA,0x1811,btfsc,"0x11, 0",instruction
0x03AB,0x2BAA,goto,0x3AA,instruction
0x03AC,0x309A,movlw,0x9A,instruction
0x03AD,0x00D7,movwf,0x57,instruction
0x03AE,0x1283,bcf,"0x03, 5",instruction
0x03AF,0x22FE,call,0x2FE,instruction
0x03B0,0x1683,bsf,"0x03, 5",instruction
0x03B1,0x01D7,clrf,0x57,instruction
0x03B2,0x1283,bcf,"0x03, 5",instruction
0x03B3,0x22FE,call,0x2FE,instruction
0x03B4,0x1683,bsf,"0x03, 5",instruction
0x03B5,0x1511,bsf,"0x11, 2",instruction
0x03B6,0x1911,btfsc,"0x11, 2",instruction
0x03B7,0x2BB6,goto,0x3B6,instruction
0x03B8,0x1411,bsf,"0x11, 0",instruction
0x03B9,0x1811,btfsc,"0x11, 0",instruction
0x03BA,0x2BB9,goto,0x3B9,instruction
0x03BB,0x309B,movlw,0x9B,instruction
0x03BC,0x00D7,movwf,0x57,instruction
0x03BD,0x1283,bcf,"0x03, 5",instruction
0x03BE,0x22FE,call,0x2FE,instruction
0x03BF,0x3001,movlw,0x01,instruction
0x03C0,0x00F7,movwf,0x77,instruction
0x03C1,0x2310,call,0x310,instruction
0x03C2,0x0878,movf,"0x78, W",instruction
0x03C3,0x1683,bsf,"0x03, 5",instruction
0x03C4,0x00A2,movwf,0x22,instruction
0x03C5,0x1511,bsf,"0x11, 2",instruction
0x03C6,0x1911,btfsc,"0x11, 2",instruction
0x03C7,0x2BC6,goto,0x3C6,instruction
0x03C8,0x3001,movlw,0x01,instruction
0x03C9,0x0755,addwf,"0x55, W",instruction
0x03CA,0x3A80,xorlw,0x80,instruction
0x03CB,0x00F7,movwf,0x77,instruction
0x03CC,0x0822,movf,"0x22, W",instruction
0x03CD,0x3A80,xorlw,0x80,instruction
0x03CE,0x0277,subwf,"0x77, W",instruction
0x03CF,0x1803,btfsc,"0x03, 0",instruction
0x03D0,0x2BD3,goto,0x3D3,instruction
0x03D1,0x0AA2,incf,"0x22, F",instruction
0x03D2,0x2BDF,goto,0x3DF,instruction
0x03D3,0x3001,movlw,0x01,instruction
0x03D4,0x0255,subwf,"0x55, W",instruction
0x03D5,0x3A80,xorlw,0x80,instruction
0x03D6,0x00F7,movwf,0x77,instruction
0x03D7,0x0822,movf,"0x22, W",instruction
0x03D8,0x3A80,xorlw,0x80,instruction
0x03D9,0x0277,subwf,"0x77, W",instruction
0x03DA,0x1903,btfsc,"0x03, 2",instruction
0x03DB,0x2BDF,goto,0x3DF,instruction
0x03DC,0x1C03,btfss,"0x03, 0",instruction
0x03DD,0x2BDF,goto,0x3DF,instruction
0x03DE,0x03A2,decf,"0x22, F",instruction
0x03DF,0x1283,bcf,"0x03, 5",instruction
0x03E0,0x0AAC,incf,"0x2C, F",instruction
0x03E1,0x082C,movf,"0x2C, W",instruction
0x03E2,0x3C05,sublw,0x05,instruction
0x03E3,0x1803,btfsc,"0x03, 0",instruction
0x03E4,0x2BE6,goto,0x3E6,instruction
0x03E5,0x01AC,clrf,0x2C,instruction
0x03E6,0x0064,clrwdt,,instruction
0x03E7,0x3400,retlw,0x00,instruction
0x03E8,0x3010,movlw,0x10,instruction
0x03E9,0x1683,bsf,"0x03, 5",instruction
0x03EA,0x00DA,movwf,0x5A,instruction
0x03EB,0x01F7,clrf,0x77,instruction
0x03EC,0x01FA,clrf,0x7A,instruction
0x03ED,0x0CD7,rrf,"0x57, F",instruction
0x03EE,0x0CD6,rrf,"0x56, F",instruction
0x03EF,0x1C03,btfss,"0x03, 0",instruction
0x03F0,0x2BF7,goto,0x3F7,instruction
0x03F1,0x0858,movf,"0x58, W",instruction
0x03F2,0x07F7,addwf,"0x77, F",instruction
0x03F3,0x1803,btfsc,"0x03, 0",instruction
0x03F4,0x0AFA,incf,"0x7A, F",instruction
0x03F5,0x0859,movf,"0x59, W",instruction
0x03F6,0x07FA,addwf,"0x7A, F",instruction
0x03F7,0x0CFA,rrf,"0x7A, F",instruction
0x03F8,0x0CF7,rrf,"0x77, F",instruction
0x03F9,0x0CF9,rrf,"0x79, F",instruction
0x03FA,0x0CF8,rrf,"0x78, F",instruction
0x03FB,0x0BDA,decfsz,"0x5A, F",instruction
0x03FC,0x2BED,goto,0x3ED,instruction
0x03FD,0x1283,bcf,"0x03, 5",instruction
0x03FE,0x3400,retlw,0x00,instruction
0x03FF,0x1951,btfsc,"0x51, 2",instruction
0x0400,0x2C05,goto,0x405,instruction
0x0401,0x3030,movlw,0x30,instruction
0x0402,0x1683,bsf,"0x03, 5",instruction
0x0403,0x07DC,addwf,"0x5C, F",instruction
0x0404,0x1283,bcf,"0x03, 5",instruction
0x0405,0x1683,bsf,"0x03, 5",instruction
0x0406,0x085C,movf,"0x5C, W",instruction
0x0407,0x1283,bcf,"0x03, 5",instruction
0x0408,0x1703,bsf,"0x03, 6",instruction
0x0409,0x008D,movwf,0x0D,instruction
0x040A,0x1683,bsf,"0x03, 5",instruction
0x040B,0x138C,bcf,"0x0C, 7",instruction
0x040C,0x140C,bsf,"0x0C, 0",instruction
0x040D,0x1283,bcf,"0x03, 5",instruction
0x040E,0x080C,movf,"0x0C, W",instruction
0x040F,0x1683,bsf,"0x03, 5",instruction
0x0410,0x1303,bcf,"0x03, 6",instruction
0x0411,0x00DD,movwf,0x5D,instruction
0x0412,0x085D,movf,"0x5D, W",instruction
0x0413,0x00F8,movwf,0x78,instruction
0x0414,0x1283,bcf,"0x03, 5",instruction
0x0415,0x3400,retlw,0x00,instruction
0x0416,0x1683,bsf,"0x03, 5",instruction
0x0417,0x01E3,clrf,0x63,instruction
0x0418,0x01E1,clrf,0x61,instruction
0x0419,0x01E0,clrf,0x60,instruction
0x041A,0x3080,movlw,0x80,instruction
0x041B,0x00E2,movwf,0x62,instruction
0x041C,0x01E4,clrf,0x64,instruction
0x041D,0x0864,movf,"0x64, W",instruction
0x041E,0x3C07,sublw,0x07,instruction
0x041F,0x1C03,btfss,"0x03, 0",instruction
0x0420,0x2C4B,goto,0x44B,instruction
0x0421,0x085E,movf,"0x5E, W",instruction
0x0422,0x0562,andwf,"0x62, W",instruction
0x0423,0x00F7,movwf,0x77,instruction
0x0424,0x01FA,clrf,0x7A,instruction
0x0425,0x0877,movf,"0x77, W",instruction
0x0426,0x047A,iorwf,"0x7A, W",instruction
0x0427,0x1903,btfsc,"0x03, 2",instruction
0x0428,0x2C2F,goto,0x42F,instruction
0x0429,0x085C,movf,"0x5C, W",instruction
0x042A,0x07E0,addwf,"0x60, F",instruction
0x042B,0x085D,movf,"0x5D, W",instruction
0x042C,0x1803,btfsc,"0x03, 0",instruction
0x042D,0x0F5D,incfsz,"0x5D, W",instruction
0x042E,0x07E1,addwf,"0x61, F",instruction
0x042F,0x085C,movf,"0x5C, W",instruction
0x0430,0x3901,andlw,0x01,instruction
0x0431,0x00F7,movwf,0x77,instruction
0x0432,0x01FA,clrf,0x7A,instruction
0x0433,0x0877,movf,"0x77, W",instruction
0x0434,0x047A,iorwf,"0x7A, W",instruction
0x0435,0x1903,btfsc,"0x03, 2",instruction
0x0436,0x2C3B,goto,0x43B,instruction
0x0437,0x0862,movf,"0x62, W",instruction
0x0438,0x07E3,addwf,"0x63, F",instruction
0x0439,0x0862,movf,"0x62, W",instruction
0x043A,0x07E3,addwf,"0x63, F",instruction
0x043B,0x1003,bcf,"0x03, 0",instruction
0x043C,0x0CDD,rrf,"0x5D, F",instruction
0x043D,0x0CDC,rrf,"0x5C, F",instruction
0x043E,0x0863,movf,"0x63, W",instruction
0x043F,0x3C80,sublw,0x80,instruction
0x0440,0x1803,btfsc,"0x03, 0",instruction
0x0441,0x2C47,goto,0x447,instruction
0x0442,0x3080,movlw,0x80,instruction
0x0443,0x02E3,subwf,"0x63, F",instruction
0x0444,0x0ADC,incf,"0x5C, F",instruction
0x0445,0x1903,btfsc,"0x03, 2",instruction
0x0446,0x0ADD,incf,"0x5D, F",instruction
0x0447,0x1003,bcf,"0x03, 0",instruction
0x0448,0x0CE2,rrf,"0x62, F",instruction
0x0449,0x0AE4,incf,"0x64, F",instruction
0x044A,0x2C1D,goto,0x41D,instruction
0x044B,0x0860,movf,"0x60, W",instruction
0x044C,0x00F8,movwf,0x78,instruction
0x044D,0x0861,movf,"0x61, W",instruction
0x044E,0x00F9,movwf,0x79,instruction
0x044F,0x1283,bcf,"0x03, 5",instruction
0x0450,0x3400,retlw,0x00,instruction
0x0451,0x1683,bsf,"0x03, 5",instruction
0x0452,0x01DB,clrf,0x5B,instruction
0x0453,0x1C20,btfss,"0x20, 0",instruction
0x0454,0x2C9F,goto,0x49F,instruction
0x0455,0x0857,movf,"0x57, W",instruction
0x0456,0x00DC,movwf,0x5C,instruction
0x0457,0x1283,bcf,"0x03, 5",instruction
0x0458,0x23FF,call,0x3FF,instruction
0x0459,0x0878,movf,"0x78, W",instruction
0x045A,0x1683,bsf,"0x03, 5",instruction
0x045B,0x00DA,movwf,0x5A,instruction
0x045C,0x0856,movf,"0x56, W",instruction
0x045D,0x3C07,sublw,0x07,instruction
0x045E,0x1803,btfsc,"0x03, 0",instruction
0x045F,0x2C65,goto,0x465,instruction
0x0460,0x1003,bcf,"0x03, 0",instruction
0x0461,0x0CD6,rrf,"0x56, F",instruction
0x0462,0x0CD5,rrf,"0x55, F",instruction
0x0463,0x0ADB,incf,"0x5B, F",instruction
0x0464,0x2C5C,goto,0x45C,instruction
0x0465,0x0856,movf,"0x56, W",instruction
0x0466,0x00DD,movwf,0x5D,instruction
0x0467,0x0855,movf,"0x55, W",instruction
0x0468,0x00DC,movwf,0x5C,instruction
0x0469,0x01DF,clrf,0x5F,instruction
0x046A,0x085A,movf,"0x5A, W",instruction
0x046B,0x00DE,movwf,0x5E,instruction
0x046C,0x1283,bcf,"0x03, 5",instruction
0x046D,0x2416,call,0x416,instruction
0x046E,0x0879,movf,"0x79, W",instruction
0x046F,0x1683,bsf,"0x03, 5",instruction
0x0470,0x00D9,movwf,0x59,instruction
0x0471,0x0878,movf,"0x78, W",instruction
0x0472,0x00D8,movwf,0x58,instruction
0x0473,0x0859,movf,"0x59, W",instruction
0x0474,0x3C05,sublw,0x05,instruction
0x0475,0x1803,btfsc,"0x03, 0",instruction
0x0476,0x2C83,goto,0x483,instruction
0x0477,0x3AFF,xorlw,0xFF,instruction
0x0478,0x1D03,btfss,"0x03, 2",instruction
0x0479,0x2C7E,goto,0x47E,instruction
0x047A,0x0858,movf,"0x58, W",instruction
0x047B,0x3C3D,sublw,0x3D,instruction
0x047C,0x1803,btfsc,"0x03, 0",instruction
0x047D,0x2C83,goto,0x483,instruction
0x047E,0x1003,bcf,"0x03, 0",instruction
0x047F,0x0CD9,rrf,"0x59, F",instruction
0x0480,0x0CD8,rrf,"0x58, F",instruction
0x0481,0x0ADB,incf,"0x5B, F",instruction
0x0482,0x2C73,goto,0x473,instruction
0x0483,0x0859,movf,"0x59, W",instruction
0x0484,0x00DD,movwf,0x5D,instruction
0x0485,0x0858,movf,"0x58, W",instruction
0x0486,0x00DC,movwf,0x5C,instruction
0x0487,0x01DF,clrf,0x5F,instruction
0x0488,0x30A4,movlw,0xA4,instruction
0x0489,0x00DE,movwf,0x5E,instruction
0x048A,0x1283,bcf,"0x03, 5",instruction
0x048B,0x2416,call,0x416,instruction
0x048C,0x0879,movf,"0x79, W",instruction
0x048D,0x1683,bsf,"0x03, 5",instruction
0x048E,0x00D9,movwf,0x59,instruction
0x048F,0x0878,movf,"0x78, W",instruction
0x0490,0x00D8,movwf,0x58,instruction
0x0491,0x08DB,movf,"0x5B, F",instruction
0x0492,0x1903,btfsc,"0x03, 2",instruction
0x0493,0x2C99,goto,0x499,instruction
0x0494,0x1003,bcf,"0x03, 0",instruction
0x0495,0x0DD8,rlf,"0x58, F",instruction
0x0496,0x0DD9,rlf,"0x59, F",instruction
0x0497,0x03DB,decf,"0x5B, F",instruction
0x0498,0x2C91,goto,0x491,instruction
0x0499,0x0858,movf,"0x58, W",instruction
0x049A,0x00F8,movwf,0x78,instruction
0x049B,0x0859,movf,"0x59, W",instruction
0x049C,0x00F9,movwf,0x79,instruction
0x049D,0x2CA4,goto,0x4A4,instruction
0x049E,0x2CA4,goto,0x4A4,instruction
0x049F,0x0855,movf,"0x55, W",instruction
0x04A0,0x00F8,movwf,0x78,instruction
0x04A1,0x0856,movf,"0x56, W",instruction
0x04A2,0x00F9,movwf,0x79,instruction
0x04A3,0x2CA4,goto,0x4A4,instruction
0x04A4,0x1283,bcf,"0x03, 5",instruction
0x04A5,0x3400,retlw,0x00,instruction
0x04A6,0x1683,bsf,"0x03, 5",instruction
0x04A7,0x0850,movf,"0x50, W",instruction
0x04A8,0x00D7,movwf,0x57,instruction
0x04A9,0x084F,movf,"0x4F, W",instruction
0x04AA,0x00D6,movwf,0x56,instruction
0x04AB,0x01D9,clrf,0x59,instruction
0x04AC,0x3018,movlw,0x18,instruction
0x04AD,0x00D8,movwf,0x58,instruction
0x04AE,0x1283,bcf,"0x03, 5",instruction
0x04AF,0x23E8,call,0x3E8,instruction
0x04B0,0x0879,movf,"0x79, W",instruction
0x04B1,0x1683,bsf,"0x03, 5",instruction
0x04B2,0x00D0,movwf,0x50,instruction
0x04B3,0x0878,movf,"0x78, W",instruction
0x04B4,0x00CF,movwf,0x4F,instruction
0x04B5,0x1C20,btfss,"0x20, 0",instruction
0x04B6,0x2CCA,goto,0x4CA,instruction
0x04B7,0x0850,movf,"0x50, W",instruction
0x04B8,0x00D6,movwf,0x56,instruction
0x04B9,0x084F,movf,"0x4F, W",instruction
0x04BA,0x00D5,movwf,0x55,instruction
0x04BB,0x0851,movf,"0x51, W",instruction
0x04BC,0x00D7,movwf,0x57,instruction
0x04BD,0x1283,bcf,"0x03, 5",instruction
0x04BE,0x2451,call,0x451,instruction
0x04BF,0x0879,movf,"0x79, W",instruction
0x04C0,0x1683,bsf,"0x03, 5",instruction
0x04C1,0x00D3,movwf,0x53,instruction
0x04C2,0x0878,movf,"0x78, W",instruction
0x04C3,0x00D2,movwf,0x52,instruction
0x04C4,0x0852,movf,"0x52, W",instruction
0x04C5,0x00F8,movwf,0x78,instruction
0x04C6,0x0853,movf,"0x53, W",instruction
0x04C7,0x00F9,movwf,0x79,instruction
0x04C8,0x2CCF,goto,0x4CF,instruction
0x04C9,0x2CCF,goto,0x4CF,instruction
0x04CA,0x084F,movf,"0x4F, W",instruction
0x04CB,0x00F8,movwf,0x78,instruction
0x04CC,0x0850,movf,"0x50, W",instruction
0x04CD,0x00F9,movwf,0x79,instruction
0x04CE,0x2CCF,goto,0x4CF,instruction
0x04CF,0x1283,bcf,"0x03, 5",instruction
0x04D0,0x3400,retlw,0x00,instruction
0x04D1,0x01F8,clrf,0x78,instruction
0x04D2,0x01F9,clrf,0x79,instruction
0x04D3,0x01F7,clrf,0x77,instruction
0x04D4,0x01FA,clrf,0x7A,instruction
0x04D5,0x1683,bsf,"0x03, 5",instruction
0x04D6,0x0859,movf,"0x59, W",instruction
0x04D7,0x1D03,btfss,"0x03, 2",instruction
0x04D8,0x2CDC,goto,0x4DC,instruction
0x04D9,0x0858,movf,"0x58, W",instruction
0x04DA,0x1903,btfsc,"0x03, 2",instruction
0x04DB,0x2CF6,goto,0x4F6,instruction
0x04DC,0x3010,movlw,0x10,instruction
0x04DD,0x00DA,movwf,0x5A,instruction
0x04DE,0x1003,bcf,"0x03, 0",instruction
0x04DF,0x0DD6,rlf,"0x56, F",instruction
0x04E0,0x0DD7,rlf,"0x57, F",instruction
0x04E1,0x0DF7,rlf,"0x77, F",instruction
0x04E2,0x0DFA,rlf,"0x7A, F",instruction
0x04E3,0x0859,movf,"0x59, W",instruction
0x04E4,0x027A,subwf,"0x7A, W",instruction
0x04E5,0x1D03,btfss,"0x03, 2",instruction
0x04E6,0x2CE9,goto,0x4E9,instruction
0x04E7,0x0858,movf,"0x58, W",instruction
0x04E8,0x0277,subwf,"0x77, W",instruction
0x04E9,0x1C03,btfss,"0x03, 0",instruction
0x04EA,0x2CF2,goto,0x4F2,instruction
0x04EB,0x0858,movf,"0x58, W",instruction
0x04EC,0x02F7,subwf,"0x77, F",instruction
0x04ED,0x1C03,btfss,"0x03, 0",instruction
0x04EE,0x03FA,decf,"0x7A, F",instruction
0x04EF,0x0859,movf,"0x59, W",instruction
0x04F0,0x02FA,subwf,"0x7A, F",instruction
0x04F1,0x1403,bsf,"0x03, 0",instruction
0x04F2,0x0DF8,rlf,"0x78, F",instruction
0x04F3,0x0DF9,rlf,"0x79, F",instruction
0x04F4,0x0BDA,decfsz,"0x5A, F",instruction
0x04F5,0x2CDE,goto,0x4DE,instruction
0x04F6,0x0000,nop,,instruction
0x04F7,0x1283,bcf,"0x03, 5",instruction
0x04F8,0x3400,retlw,0x00,instruction
0x04F9,0x1C88,btfss,"0x08, 1",instruction
0x04FA,0x2D1B,goto,0x51B,instruction
0x04FB,0x1683,bsf,"0x03, 5",instruction
0x04FC,0x0855,movf,"0x55, W",instruction
0x04FD,0x3C05,sublw,0x05,instruction
0x04FE,0x1C03,btfss,"0x03, 0",instruction
0x04FF,0x2D03,goto,0x503,instruction
0x0500,0x3006,movlw,0x06,instruction
0x0501,0x00D5,movwf,0x55,instruction
0x0502,0x01D4,clrf,0x54,instruction
0x0503,0x1283,bcf,"0x03, 5",instruction
0x0504,0x084C,movf,"0x4C, W",instruction
0x0505,0x3970,andlw,0x70,instruction
0x0506,0x3C2F,sublw,0x2F,instruction
0x0507,0x1803,btfsc,"0x03, 0",instruction
0x0508,0x2D1B,goto,0x51B,instruction
0x0509,0x1683,bsf,"0x03, 5",instruction
0x050A,0x0C55,rrf,"0x55, W",instruction
0x050B,0x00FA,movwf,0x7A,instruction
0x050C,0x0C54,rrf,"0x54, W",instruction
0x050D,0x00F9,movwf,0x79,instruction
0x050E,0x0CFA,rrf,"0x7A, F",instruction
0x050F,0x0CF9,rrf,"0x79, F",instruction
0x0510,0x0CFA,rrf,"0x7A, F",instruction
0x0511,0x0CF9,rrf,"0x79, F",instruction
0x0512,0x301F,movlw,0x1F,instruction
0x0513,0x05FA,andwf,"0x7A, F",instruction
0x0514,0x0879,movf,"0x79, W",instruction
0x0515,0x07D4,addwf,"0x54, F",instruction
0x0516,0x087A,movf,"0x7A, W",instruction
0x0517,0x1803,btfsc,"0x03, 0",instruction
0x0518,0x0F7A,incfsz,"0x7A, W",instruction
0x0519,0x07D5,addwf,"0x55, F",instruction
0x051A,0x1283,bcf,"0x03, 5",instruction
0x051B,0x1E08,btfss,"0x08, 4",instruction
0x051C,0x2D33,goto,0x533,instruction
0x051D,0x1683,bsf,"0x03, 5",instruction
0x051E,0x0854,movf,"0x54, W",instruction
0x051F,0x0455,iorwf,"0x55, W",instruction
0x0520,0x1903,btfsc,"0x03, 2",instruction
0x0521,0x2D32,goto,0x532,instruction
0x0522,0x0C55,rrf,"0x55, W",instruction
0x0523,0x00FA,movwf,0x7A,instruction
0x0524,0x0C54,rrf,"0x54, W",instruction
0x0525,0x00F9,movwf,0x79,instruction
0x0526,0x0CFA,rrf,"0x7A, F",instruction
0x0527,0x0CF9,rrf,"0x79, F",instruction
0x0528,0x0CFA,rrf,"0x7A, F",instruction
0x0529,0x0CF9,rrf,"0x79, F",instruction
0x052A,0x301F,movlw,0x1F,instruction
0x052B,0x05FA,andwf,"0x7A, F",instruction
0x052C,0x0879,movf,"0x79, W",instruction
0x052D,0x07D4,addwf,"0x54, F",instruction
0x052E,0x087A,movf,"0x7A, W",instruction
0x052F,0x1803,btfsc,"0x03, 0",instruction
0x0530,0x0F7A,incfsz,"0x7A, W",instruction
0x0531,0x07D5,addwf,"0x55, F",instruction
0x0532,0x1283,bcf,"0x03, 5",instruction
0x0533,0x1683,bsf,"0x03, 5",instruction
0x0534,0x0855,movf,"0x55, W",instruction
0x0535,0x00D7,movwf,0x57,instruction
0x0536,0x0854,movf,"0x54, W",instruction
0x0537,0x00D6,movwf,0x56,instruction
0x0538,0x01D9,clrf,0x59,instruction
0x0539,0x3018,movlw,0x18,instruction
0x053A,0x00D8,movwf,0x58,instruction
0x053B,0x1283,bcf,"0x03, 5",instruction
0x053C,0x24D1,call,0x4D1,instruction
0x053D,0x0879,movf,"0x79, W",instruction
0x053E,0x1683,bsf,"0x03, 5",instruction
0x053F,0x00D5,movwf,0x55,instruction
0x0540,0x0878,movf,"0x78, W",instruction
0x0541,0x00D4,movwf,0x54,instruction
0x0542,0x0855,movf,"0x55, W",instruction
0x0543,0x3C00,sublw,0x00,instruction
0x0544,0x1803,btfsc,"0x03, 0",instruction
0x0545,0x2D49,goto,0x549,instruction
0x0546,0x01D5,clrf,0x55,instruction
0x0547,0x30FF,movlw,0xFF,instruction
0x0548,0x00D4,movwf,0x54,instruction
0x0549,0x0854,movf,"0x54, W",instruction
0x054A,0x1283,bcf,"0x03, 5",instruction
0x054B,0x0233,subwf,"0x33, W",instruction
0x054C,0x1D03,btfss,"0x03, 2",instruction
0x054D,0x2D53,goto,0x553,instruction
0x054E,0x1683,bsf,"0x03, 5",instruction
0x054F,0x08D5,movf,"0x55, F",instruction
0x0550,0x1903,btfsc,"0x03, 2",instruction
0x0551,0x2D5A,goto,0x55A,instruction
0x0552,0x1283,bcf,"0x03, 5",instruction
0x0553,0x1683,bsf,"0x03, 5",instruction
0x0554,0x0854,movf,"0x54, W",instruction
0x0555,0x1283,bcf,"0x03, 5",instruction
0x0556,0x00B3,movwf,0x33,instruction
0x0557,0x30FF,movlw,0xFF,instruction
0x0558,0x00BC,movwf,0x3C,instruction
0x0559,0x1683,bsf,"0x03, 5",instruction
0x055A,0x1283,bcf,"0x03, 5",instruction
0x055B,0x3400,retlw,0x00,instruction
0x055C,0x1683,bsf,"0x03, 5",instruction
0x055D,0x0851,movf,"0x51, W",instruction
0x055E,0x00DD,movwf,0x5D,instruction
0x055F,0x0850,movf,"0x50, W",instruction
0x0560,0x00DC,movwf,0x5C,instruction
0x0561,0x01DF,clrf,0x5F,instruction
0x0562,0x3026,movlw,0x26,instruction
0x0563,0x00DE,movwf,0x5E,instruction
0x0564,0x1283,bcf,"0x03, 5",instruction
0x0565,0x2416,call,0x416,instruction
0x0566,0x0879,movf,"0x79, W",instruction
0x0567,0x1683,bsf,"0x03, 5",instruction
0x0568,0x00D3,movwf,0x53,instruction
0x0569,0x0878,movf,"0x78, W",instruction
0x056A,0x00D2,movwf,0x52,instruction
0x056B,0x0853,movf,"0x53, W",instruction
0x056C,0x00DD,movwf,0x5D,instruction
0x056D,0x0852,movf,"0x52, W",instruction
0x056E,0x00DC,movwf,0x5C,instruction
0x056F,0x01DF,clrf,0x5F,instruction
0x0570,0x1283,bcf,"0x03, 5",instruction
0x0571,0x082E,movf,"0x2E, W",instruction
0x0572,0x1683,bsf,"0x03, 5",instruction
0x0573,0x00DE,movwf,0x5E,instruction
0x0574,0x1283,bcf,"0x03, 5",instruction
0x0575,0x2416,call,0x416,instruction
0x0576,0x0879,movf,"0x79, W",instruction
0x0577,0x1683,bsf,"0x03, 5",instruction
0x0578,0x00D3,movwf,0x53,instruction
0x0579,0x0878,movf,"0x78, W",instruction
0x057A,0x00D2,movwf,0x52,instruction
0x057B,0x0851,movf,"0x51, W",instruction
0x057C,0x00DD,movwf,0x5D,instruction
0x057D,0x0850,movf,"0x50, W",instruction
0x057E,0x00DC,movwf,0x5C,instruction
0x057F,0x01DF,clrf,0x5F,instruction
0x0580,0x3059,movlw,0x59,instruction
0x0581,0x00DE,movwf,0x5E,instruction
0x0582,0x1283,bcf,"0x03, 5",instruction
0x0583,0x2416,call,0x416,instruction
0x0584,0x0878,movf,"0x78, W",instruction
0x0585,0x1683,bsf,"0x03, 5",instruction
0x0586,0x07D2,addwf,"0x52, F",instruction
0x0587,0x0879,movf,"0x79, W",instruction
0x0588,0x1803,btfsc,"0x03, 0",instruction
0x0589,0x0F79,incfsz,"0x79, W",instruction
0x058A,0x07D3,addwf,"0x53, F",instruction
0x058B,0x0853,movf,"0x53, W",instruction
0x058C,0x00D5,movwf,0x55,instruction
0x058D,0x0852,movf,"0x52, W",instruction
0x058E,0x00D4,movwf,0x54,instruction
0x058F,0x1283,bcf,"0x03, 5",instruction
0x0590,0x24F9,call,0x4F9,instruction
0x0591,0x3400,retlw,0x00,instruction
0x0592,0x084C,movf,"0x4C, W",instruction
0x0593,0x3970,andlw,0x70,instruction
0x0594,0x3C30,sublw,0x30,instruction
0x0595,0x1C03,btfss,"0x03, 0",instruction
0x0596,0x2D9D,goto,0x59D,instruction
0x0597,0x1683,bsf,"0x03, 5",instruction
0x0598,0x084B,movf,"0x4B, W",instruction
0x0599,0x3C02,sublw,0x02,instruction
0x059A,0x1D03,btfss,"0x03, 2",instruction
0x059B,0x2DBC,goto,0x5BC,instruction
0x059C,0x1283,bcf,"0x03, 5",instruction
0x059D,0x084C,movf,"0x4C, W",instruction
0x059E,0x3907,andlw,0x07,instruction
0x059F,0x20BA,call,0x0BA,instruction
0x05A0,0x1683,bsf,"0x03, 5",instruction
0x05A1,0x00CD,movwf,0x4D,instruction
0x05A2,0x1283,bcf,"0x03, 5",instruction
0x05A3,0x084C,movf,"0x4C, W",instruction
0x05A4,0x3907,andlw,0x07,instruction
0x05A5,0x3E40,addlw,0x40,instruction
0x05A6,0x1683,bsf,"0x03, 5",instruction
0x05A7,0x00CE,movwf,0x4E,instruction
0x05A8,0x01D0,clrf,0x50,instruction
0x05A9,0x084D,movf,"0x4D, W",instruction
0x05AA,0x00CF,movwf,0x4F,instruction
0x05AB,0x084E,movf,"0x4E, W",instruction
0x05AC,0x00D1,movwf,0x51,instruction
0x05AD,0x1283,bcf,"0x03, 5",instruction
0x05AE,0x24A6,call,0x4A6,instruction
0x05AF,0x0879,movf,"0x79, W",instruction
0x05B0,0x1683,bsf,"0x03, 5",instruction
0x05B1,0x00CF,movwf,0x4F,instruction
0x05B2,0x0878,movf,"0x78, W",instruction
0x05B3,0x00CE,movwf,0x4E,instruction
0x05B4,0x084F,movf,"0x4F, W",instruction
0x05B5,0x00D1,movwf,0x51,instruction
0x05B6,0x084E,movf,"0x4E, W",instruction
0x05B7,0x00D0,movwf,0x50,instruction
0x05B8,0x1283,bcf,"0x03, 5",instruction
0x05B9,0x255C,call,0x55C,instruction
0x05BA,0x2DC7,goto,0x5C7,instruction
0x05BB,0x1683,bsf,"0x03, 5",instruction
0x05BC,0x1283,bcf,"0x03, 5",instruction
0x05BD,0x084C,movf,"0x4C, W",instruction
0x05BE,0x3970,andlw,0x70,instruction
0x05BF,0x3C20,sublw,0x20,instruction
0x05C0,0x1D03,btfss,"0x03, 2",instruction
0x05C1,0x2DC7,goto,0x5C7,instruction
0x05C2,0x1683,bsf,"0x03, 5",instruction
0x05C3,0x01D5,clrf,0x55,instruction
0x05C4,0x01D4,clrf,0x54,instruction
0x05C5,0x1283,bcf,"0x03, 5",instruction
0x05C6,0x24F9,call,0x4F9,instruction
0x05C7,0x3400,retlw,0x00,instruction
0x05C8,0x19D1,btfsc,"0x51, 3",instruction
0x05C9,0x2DE2,goto,0x5E2,instruction
0x05CA,0x1683,bsf,"0x03, 5",instruction
0x05CB,0x01CB,clrf,0x4B,instruction
0x05CC,0x1283,bcf,"0x03, 5",instruction
0x05CD,0x2592,call,0x592,instruction
0x05CE,0x0857,movf,"0x57, W",instruction
0x05CF,0x3C13,sublw,0x13,instruction
0x05D0,0x1C03,btfss,"0x03, 0",instruction
0x05D1,0x2DD7,goto,0x5D7,instruction
0x05D2,0x1683,bsf,"0x03, 5",instruction
0x05D3,0x08CA,movf,"0x4A, F",instruction
0x05D4,0x1903,btfsc,"0x03, 2",instruction
0x05D5,0x2DE0,goto,0x5E0,instruction
0x05D6,0x1283,bcf,"0x03, 5",instruction
0x05D7,0x3008,movlw,0x08,instruction
0x05D8,0x1683,bsf,"0x03, 5",instruction
0x05D9,0x00D5,movwf,0x55,instruction
0x05DA,0x3034,movlw,0x34,instruction
0x05DB,0x00D4,movwf,0x54,instruction
0x05DC,0x1283,bcf,"0x03, 5",instruction
0x05DD,0x24F9,call,0x4F9,instruction
0x05DE,0x2DE2,goto,0x5E2,instruction
0x05DF,0x1683,bsf,"0x03, 5",instruction
0x05E0,0x1283,bcf,"0x03, 5",instruction
0x05E1,0x21F7,call,0x1F7,instruction
0x05E2,0x3400,retlw,0x00,instruction
0x05E3,0x30D0,movlw,0xD0,instruction
0x05E4,0x0084,movwf,0x04,instruction
0x05E5,0x0800,movf,"0x00, W",instruction
0x05E6,0x1903,btfsc,"0x03, 2",instruction
0x05E7,0x2DF7,goto,0x5F7,instruction
0x05E8,0x3003,movlw,0x03,instruction
0x05E9,0x00F8,movwf,0x78,instruction
0x05EA,0x01F7,clrf,0x77,instruction
0x05EB,0x0BF7,decfsz,"0x77, F",instruction
0x05EC,0x2DEB,goto,0x5EB,instruction
0x05ED,0x0BF8,decfsz,"0x78, F",instruction
0x05EE,0x2DEA,goto,0x5EA,instruction
0x05EF,0x303C,movlw,0x3C,instruction
0x05F0,0x00F7,movwf,0x77,instruction
0x05F1,0x0BF7,decfsz,"0x77, F",instruction
0x05F2,0x2DF1,goto,0x5F1,instruction
0x05F3,0x0000,nop,,instruction
0x05F4,0x0000,nop,,instruction
0x05F5,0x0B80,decfsz,"0x00, F",instruction
0x05F6,0x2DE8,goto,0x5E8,instruction
0x05F7,0x3400,retlw,0x00,instruction
0x05F8,0x3001,movlw,0x01,instruction
0x05F9,0x00C8,movwf,0x48,instruction
0x05FA,0x21BA,call,0x1BA,instruction
0x05FB,0x300A,movlw,0x0A,instruction
0x05FC,0x1683,bsf,"0x03, 5",instruction
0x05FD,0x00D0,movwf,0x50,instruction
0x05FE,0x1283,bcf,"0x03, 5",instruction
0x05FF,0x25E3,call,0x5E3,instruction
0x0600,0x1003,bcf,"0x03, 0",instruction
0x0601,0x0DC8,rlf,"0x48, F",instruction
0x0602,0x08C8,movf,"0x48, F",instruction
0x0603,0x1903,btfsc,"0x03, 2",instruction
0x0604,0x2E06,goto,0x606,instruction
0x0605,0x2DFA,goto,0x5FA,instruction
0x0606,0x118A,bcf,"0x0A, 3",instruction
0x0607,0x120A,bcf,"0x0A, 4",instruction
0x0608,0x2E1C,goto,0x61C,instruction
0x0609,0x3080,movlw,0x80,instruction
0x060A,0x00C8,movwf,0x48,instruction
0x060B,0x21BA,call,0x1BA,instruction
0x060C,0x300A,movlw,0x0A,instruction
0x060D,0x1683,bsf,"0x03, 5",instruction
0x060E,0x00D0,movwf,0x50,instruction
0x060F,0x1283,bcf,"0x03, 5",instruction
0x0610,0x25E3,call,0x5E3,instruction
0x0611,0x1003,bcf,"0x03, 0",instruction
0x0612,0x0CC8,rrf,"0x48, F",instruction
0x0613,0x08C8,movf,"0x48, F",instruction
0x0614,0x1903,btfsc,"0x03, 2",instruction
0x0615,0x2E17,goto,0x617,instruction
0x0616,0x2E0B,goto,0x60B,instruction
0x0617,0x21BA,call,0x1BA,instruction
0x0618,0x118A,bcf,"0x0A, 3",instruction
0x0619,0x120A,bcf,"0x0A, 4",instruction
0x061A,0x2E2D,goto,0x62D,instruction
0x061B,0x2DF8,goto,0x5F8,instruction
0x061C,0x1683,bsf,"0x03, 5",instruction
0x061D,0x084A,movf,"0x4A, W",instruction
0x061E,0x1283,bcf,"0x03, 5",instruction
0x061F,0x00C8,movwf,0x48,instruction
0x0620,0x21BA,call,0x1BA,instruction
0x0621,0x3004,movlw,0x04,instruction
0x0622,0x1683,bsf,"0x03, 5",instruction
0x0623,0x00CB,movwf,0x4B,instruction
0x0624,0x30FA,movlw,0xFA,instruction
0x0625,0x00D0,movwf,0x50,instruction
0x0626,0x1283,bcf,"0x03, 5",instruction
0x0627,0x25E3,call,0x5E3,instruction
0x0628,0x1683,bsf,"0x03, 5",instruction
0x0629,0x0BCB,decfsz,"0x4B, F",instruction
0x062A,0x2E24,goto,0x624,instruction
0x062B,0x1283,bcf,"0x03, 5",instruction
0x062C,0x2E09,goto,0x609,instruction
0x062D,0x3400,retlw,0x00,instruction
0x062E,0x3002,movlw,0x02,instruction
0x062F,0x1683,bsf,"0x03, 5",instruction
0x0630,0x00CA,movwf,0x4A,instruction
0x0631,0x1283,bcf,"0x03, 5",instruction
0x0632,0x261B,call,0x61B,instruction
0x0633,0x3006,movlw,0x06,instruction
0x0634,0x1683,bsf,"0x03, 5",instruction
0x0635,0x00CA,movwf,0x4A,instruction
0x0636,0x1283,bcf,"0x03, 5",instruction
0x0637,0x261B,call,0x61B,instruction
0x0638,0x158A,bsf,"0x0A, 3",instruction
0x0639,0x160A,bsf,"0x0A, 4",instruction
0x063A,0x284C,goto,0x04C,instruction
0x063B,0x0843,movf,"0x43, W",instruction
0x063C,0x390F,andlw,0x0F,instruction
0x063D,0x3C00,sublw,0x00,instruction
0x063E,0x1803,btfsc,"0x03, 0",instruction
0x063F,0x2E50,goto,0x650,instruction
0x0640,0x1683,bsf,"0x03, 5",instruction
0x0641,0x0855,movf,"0x55, W",instruction
0x0642,0x3C01,sublw,0x01,instruction
0x0643,0x1C03,btfss,"0x03, 0",instruction
0x0644,0x2E4F,goto,0x64F,instruction
0x0645,0x1D03,btfss,"0x03, 2",instruction
0x0646,0x2E4B,goto,0x64B,instruction
0x0647,0x0854,movf,"0x54, W",instruction
0x0648,0x3C67,sublw,0x67,instruction
0x0649,0x1C03,btfss,"0x03, 0",instruction
0x064A,0x2E4F,goto,0x64F,instruction
0x064B,0x3001,movlw,0x01,instruction
0x064C,0x00D5,movwf,0x55,instruction
0x064D,0x3068,movlw,0x68,instruction
0x064E,0x00D4,movwf,0x54,instruction
0x064F,0x1283,bcf,"0x03, 5",instruction
0x0650,0x1683,bsf,"0x03, 5",instruction
0x0651,0x0854,movf,"0x54, W",instruction
0x0652,0x1283,bcf,"0x03, 5",instruction
0x0653,0x0241,subwf,"0x41, W",instruction
0x0654,0x1D03,btfss,"0x03, 2",instruction
0x0655,0x2E5C,goto,0x65C,instruction
0x0656,0x1683,bsf,"0x03, 5",instruction
0x0657,0x0855,movf,"0x55, W",instruction
0x0658,0x1283,bcf,"0x03, 5",instruction
0x0659,0x0242,subwf,"0x42, W",instruction
0x065A,0x1903,btfsc,"0x03, 2",instruction
0x065B,0x2E64,goto,0x664,instruction
0x065C,0x1683,bsf,"0x03, 5",instruction
0x065D,0x0855,movf,"0x55, W",instruction
0x065E,0x1283,bcf,"0x03, 5",instruction
0x065F,0x00C0,movwf,0x40,instruction
0x0660,0x1683,bsf,"0x03, 5",instruction
0x0661,0x0854,movf,"0x54, W",instruction
0x0662,0x1283,bcf,"0x03, 5",instruction
0x0663,0x00BF,movwf,0x3F,instruction
0x0664,0x1683,bsf,"0x03, 5",instruction
0x0665,0x0855,movf,"0x55, W",instruction
0x0666,0x1283,bcf,"0x03, 5",instruction
0x0667,0x00C2,movwf,0x42,instruction
0x0668,0x1683,bsf,"0x03, 5",instruction
0x0669,0x0854,movf,"0x54, W",instruction
0x066A,0x1283,bcf,"0x03, 5",instruction
0x066B,0x00C1,movwf,0x41,instruction
0x066C,0x12C3,bcf,"0x43, 5",instruction
0x066D,0x083D,movf,"0x3D, W",instruction
0x066E,0x023F,subwf,"0x3F, W",instruction
0x066F,0x1D03,btfss,"0x03, 2",instruction
0x0670,0x2E75,goto,0x675,instruction
0x0671,0x083E,movf,"0x3E, W",instruction
0x0672,0x0240,subwf,"0x40, W",instruction
0x0673,0x1903,btfsc,"0x03, 2",instruction
0x0674,0x2E75,goto,0x675,instruction
0x0675,0x3400,retlw,0x00,instruction
0x0676,0x1683,bsf,"0x03, 5",instruction
0x0677,0x0853,movf,"0x53, W",instruction
0x0678,0x00DD,movwf,0x5D,instruction
0x0679,0x0852,movf,"0x52, W",instruction
0x067A,0x00DC,movwf,0x5C,instruction
0x067B,0x01DF,clrf,0x5F,instruction
0x067C,0x3026,movlw,0x26,instruction
0x067D,0x00DE,movwf,0x5E,instruction
0x067E,0x1283,bcf,"0x03, 5",instruction
0x067F,0x2416,call,0x416,instruction
0x0680,0x0879,movf,"0x79, W",instruction
0x0681,0x1683,bsf,"0x03, 5",instruction
0x0682,0x00D5,movwf,0x55,instruction
0x0683,0x0878,movf,"0x78, W",instruction
0x0684,0x00D4,movwf,0x54,instruction
0x0685,0x1283,bcf,"0x03, 5",instruction
0x0686,0x082F,movf,"0x2F, W",instruction
0x0687,0x3CFF,sublw,0xFF,instruction
0x0688,0x1683,bsf,"0x03, 5",instruction
0x0689,0x00D6,movwf,0x56,instruction
0x068A,0x0855,movf,"0x55, W",instruction
0x068B,0x00DD,movwf,0x5D,instruction
0x068C,0x0854,movf,"0x54, W",instruction
0x068D,0x00DC,movwf,0x5C,instruction
0x068E,0x01DF,clrf,0x5F,instruction
0x068F,0x0856,movf,"0x56, W",instruction
0x0690,0x00DE,movwf,0x5E,instruction
0x0691,0x1283,bcf,"0x03, 5",instruction
0x0692,0x2416,call,0x416,instruction
0x0693,0x0879,movf,"0x79, W",instruction
0x0694,0x1683,bsf,"0x03, 5",instruction
0x0695,0x00D5,movwf,0x55,instruction
0x0696,0x0878,movf,"0x78, W",instruction
0x0697,0x00D4,movwf,0x54,instruction
0x0698,0x0853,movf,"0x53, W",instruction
0x0699,0x00DD,movwf,0x5D,instruction
0x069A,0x0852,movf,"0x52, W",instruction
0x069B,0x00DC,movwf,0x5C,instruction
0x069C,0x01DF,clrf,0x5F,instruction
0x069D,0x3059,movlw,0x59,instruction
0x069E,0x00DE,movwf,0x5E,instruction
0x069F,0x1283,bcf,"0x03, 5",instruction
0x06A0,0x2416,call,0x416,instruction
0x06A1,0x0878,movf,"0x78, W",instruction
0x06A2,0x1683,bsf,"0x03, 5",instruction
0x06A3,0x07D4,addwf,"0x54, F",instruction
0x06A4,0x0879,movf,"0x79, W",instruction
0x06A5,0x1803,btfsc,"0x03, 0",instruction
0x06A6,0x0F79,incfsz,"0x79, W",instruction
0x06A7,0x07D5,addwf,"0x55, F",instruction
0x06A8,0x0854,movf,"0x54, W",instruction
0x06A9,0x00F8,movwf,0x78,instruction
0x06AA,0x0855,movf,"0x55, W",instruction
0x06AB,0x00F9,movwf,0x79,instruction
0x06AC,0x1283,bcf,"0x03, 5",instruction
0x06AD,0x118A,bcf,"0x0A, 3",instruction
0x06AE,0x120A,bcf,"0x0A, 4",instruction
0x06AF,0x2EBA,goto,0x6BA,instruction
0x06B0,0x1086,bcf,"0x06, 1",instruction
0x06B1,0x0842,movf,"0x42, W",instruction
0x06B2,0x1683,bsf,"0x03, 5",instruction
0x06B3,0x00D3,movwf,0x53,instruction
0x06B4,0x1283,bcf,"0x03, 5",instruction
0x06B5,0x0841,movf,"0x41, W",instruction
0x06B6,0x1683,bsf,"0x03, 5",instruction
0x06B7,0x00D2,movwf,0x52,instruction
0x06B8,0x1283,bcf,"0x03, 5",instruction
0x06B9,0x2E76,goto,0x676,instruction
0x06BA,0x0879,movf,"0x79, W",instruction
0x06BB,0x00C0,movwf,0x40,instruction
0x06BC,0x0878,movf,"0x78, W",instruction
0x06BD,0x00BF,movwf,0x3F,instruction
0x06BE,0x0845,movf,"0x45, W",instruction
0x06BF,0x0240,subwf,"0x40, W",instruction
0x06C0,0x1C03,btfss,"0x03, 0",instruction
0x06C1,0x2ED2,goto,0x6D2,instruction
0x06C2,0x1D03,btfss,"0x03, 2",instruction
0x06C3,0x2EC8,goto,0x6C8,instruction
0x06C4,0x083F,movf,"0x3F, W",instruction
0x06C5,0x0244,subwf,"0x44, W",instruction
0x06C6,0x1803,btfsc,"0x03, 0",instruction
0x06C7,0x2ED2,goto,0x6D2,instruction
0x06C8,0x0844,movf,"0x44, W",instruction
0x06C9,0x023F,subwf,"0x3F, W",instruction
0x06CA,0x00BD,movwf,0x3D,instruction
0x06CB,0x0840,movf,"0x40, W",instruction
0x06CC,0x00BE,movwf,0x3E,instruction
0x06CD,0x0845,movf,"0x45, W",instruction
0x06CE,0x1C03,btfss,"0x03, 0",instruction
0x06CF,0x0F45,incfsz,"0x45, W",instruction
0x06D0,0x02BE,subwf,"0x3E, F",instruction
0x06D1,0x2ED5,goto,0x6D5,instruction
0x06D2,0x01BE,clrf,0x3E,instruction
0x06D3,0x3001,movlw,0x01,instruction
0x06D4,0x00BD,movwf,0x3D,instruction
0x06D5,0x0843,movf,"0x43, W",instruction
0x06D6,0x390F,andlw,0x0F,instruction
0x06D7,0x3C00,sublw,0x00,instruction
0x06D8,0x1803,btfsc,"0x03, 0",instruction
0x06D9,0x2EE8,goto,0x6E8,instruction
0x06DA,0x083E,movf,"0x3E, W",instruction
0x06DB,0x3C01,sublw,0x01,instruction
0x06DC,0x1C03,btfss,"0x03, 0",instruction
0x06DD,0x2EE8,goto,0x6E8,instruction
0x06DE,0x1D03,btfss,"0x03, 2",instruction
0x06DF,0x2EE4,goto,0x6E4,instruction
0x06E0,0x083D,movf,"0x3D, W",instruction
0x06E1,0x3C67,sublw,0x67,instruction
0x06E2,0x1C03,btfss,"0x03, 0",instruction
0x06E3,0x2EE8,goto,0x6E8,instruction
0x06E4,0x3001,movlw,0x01,instruction
0x06E5,0x00BE,movwf,0x3E,instruction
0x06E6,0x3068,movlw,0x68,instruction
0x06E7,0x00BD,movwf,0x3D,instruction
0x06E8,0x083E,movf,"0x3E, W",instruction
0x06E9,0x1683,bsf,"0x03, 5",instruction
0x06EA,0x00D3,movwf,0x53,instruction
0x06EB,0x1283,bcf,"0x03, 5",instruction
0x06EC,0x083D,movf,"0x3D, W",instruction
0x06ED,0x1683,bsf,"0x03, 5",instruction
0x06EE,0x00D2,movwf,0x52,instruction
0x06EF,0x1283,bcf,"0x03, 5",instruction
0x06F0,0x130B,bcf,"0x0B, 6",instruction
0x06F1,0x138B,bcf,"0x0B, 7",instruction
0x06F2,0x1B8B,btfsc,"0x0B, 7",instruction
0x06F3,0x2EF1,goto,0x6F1,instruction
0x06F4,0x1683,bsf,"0x03, 5",instruction
0x06F5,0x0853,movf,"0x53, W",instruction
0x06F6,0x00F3,movwf,0x73,instruction
0x06F7,0x0852,movf,"0x52, W",instruction
0x06F8,0x00F2,movwf,0x72,instruction
0x06F9,0x30C0,movlw,0xC0,instruction
0x06FA,0x1283,bcf,"0x03, 5",instruction
0x06FB,0x048B,iorwf,"0x0B, F",instruction
0x06FC,0x3400,retlw,0x00,instruction
0x06FD,0x1683,bsf,"0x03, 5",instruction
0x06FE,0x01C4,clrf,0x44,instruction
0x06FF,0x01C3,clrf,0x43,instruction
0x0700,0x3002,movlw,0x02,instruction
0x0701,0x00D0,movwf,0x50,instruction
0x0702,0x0850,movf,"0x50, W",instruction
0x0703,0x3C9A,sublw,0x9A,instruction
0x0704,0x1C03,btfss,"0x03, 0",instruction
0x0705,0x2F20,goto,0x720,instruction
0x0706,0x0850,movf,"0x50, W",instruction
0x0707,0x1283,bcf,"0x03, 5",instruction
0x0708,0x1703,bsf,"0x03, 6",instruction
0x0709,0x008D,movwf,0x0D,instruction
0x070A,0x1683,bsf,"0x03, 5",instruction
0x070B,0x138C,bcf,"0x0C, 7",instruction
0x070C,0x140C,bsf,"0x0C, 0",instruction
0x070D,0x1283,bcf,"0x03, 5",instruction
0x070E,0x080C,movf,"0x0C, W",instruction
0x070F,0x1683,bsf,"0x03, 5",instruction
0x0710,0x1303,bcf,"0x03, 6",instruction
0x0711,0x07C3,addwf,"0x43, F",instruction
0x0712,0x1803,btfsc,"0x03, 0",instruction
0x0713,0x0AC4,incf,"0x44, F",instruction
0x0714,0x01D1,clrf,0x51,instruction
0x0715,0x1BC4,btfsc,"0x44, 7",instruction
0x0716,0x0AD1,incf,"0x51, F",instruction
0x0717,0x1003,bcf,"0x03, 0",instruction
0x0718,0x0DC3,rlf,"0x43, F",instruction
0x0719,0x0DC4,rlf,"0x44, F",instruction
0x071A,0x0851,movf,"0x51, W",instruction
0x071B,0x07C3,addwf,"0x43, F",instruction
0x071C,0x1803,btfsc,"0x03, 0",instruction
0x071D,0x0AC4,incf,"0x44, F",instruction
0x071E,0x0AD0,incf,"0x50, F",instruction
0x071F,0x2F02,goto,0x702,instruction
0x0720,0x1283,bcf,"0x03, 5",instruction
0x0721,0x3400,retlw,0x00,instruction
0x0722,0x1683,bsf,"0x03, 5",instruction
0x0723,0x1420,bsf,"0x20, 0",instruction
0x0724,0x14A0,bsf,"0x20, 1",instruction
0x0725,0x1520,bsf,"0x20, 2",instruction
0x0726,0x15A0,bsf,"0x20, 3",instruction
0x0727,0x1283,bcf,"0x03, 5",instruction
0x0728,0x1703,bsf,"0x03, 6",instruction
0x0729,0x018D,clrf,0x0D,instruction
0x072A,0x1683,bsf,"0x03, 5",instruction
0x072B,0x138C,bcf,"0x0C, 7",instruction
0x072C,0x140C,bsf,"0x0C, 0",instruction
0x072D,0x1283,bcf,"0x03, 5",instruction
0x072E,0x080C,movf,"0x0C, W",instruction
0x072F,0x1683,bsf,"0x03, 5",instruction
0x0730,0x1303,bcf,"0x03, 6",instruction
0x0731,0x0244,subwf,"0x44, W",instruction
0x0732,0x1903,btfsc,"0x03, 2",instruction
0x0733,0x2F36,goto,0x736,instruction
0x0734,0x1020,bcf,"0x20, 0",instruction
0x0735,0x10A0,bcf,"0x20, 1",instruction
0x0736,0x3001,movlw,0x01,instruction
0x0737,0x1283,bcf,"0x03, 5",instruction
0x0738,0x1703,bsf,"0x03, 6",instruction
0x0739,0x008D,movwf,0x0D,instruction
0x073A,0x1683,bsf,"0x03, 5",instruction
0x073B,0x138C,bcf,"0x0C, 7",instruction
0x073C,0x140C,bsf,"0x0C, 0",instruction
0x073D,0x1283,bcf,"0x03, 5",instruction
0x073E,0x080C,movf,"0x0C, W",instruction
0x073F,0x1683,bsf,"0x03, 5",instruction
0x0740,0x1303,bcf,"0x03, 6",instruction
0x0741,0x0243,subwf,"0x43, W",instruction
0x0742,0x1903,btfsc,"0x03, 2",instruction
0x0743,0x2F46,goto,0x746,instruction
0x0744,0x1020,bcf,"0x20, 0",instruction
0x0745,0x1120,bcf,"0x20, 2",instruction
0x0746,0x3002,movlw,0x02,instruction
0x0747,0x1283,bcf,"0x03, 5",instruction
0x0748,0x1703,bsf,"0x03, 6",instruction
0x0749,0x008D,movwf,0x0D,instruction
0x074A,0x1683,bsf,"0x03, 5",instruction
0x074B,0x138C,bcf,"0x0C, 7",instruction
0x074C,0x140C,bsf,"0x0C, 0",instruction
0x074D,0x1283,bcf,"0x03, 5",instruction
0x074E,0x080C,movf,"0x0C, W",instruction
0x074F,0x3C05,sublw,0x05,instruction
0x0750,0x1903,btfsc,"0x03, 2",instruction
0x0751,0x2F58,goto,0x758,instruction
0x0752,0x1683,bsf,"0x03, 5",instruction
0x0753,0x1303,bcf,"0x03, 6",instruction
0x0754,0x1020,bcf,"0x20, 0",instruction
0x0755,0x11A0,bcf,"0x20, 3",instruction
0x0756,0x1283,bcf,"0x03, 5",instruction
0x0757,0x1703,bsf,"0x03, 6",instruction
0x0758,0x1303,bcf,"0x03, 6",instruction
0x0759,0x3400,retlw,0x00,instruction
0x075A,0x26FD,call,0x6FD,instruction
0x075B,0x2722,call,0x722,instruction
0x075C,0x3400,retlw,0x00,instruction
0x075D,0x275A,call,0x75A,instruction
0x075E,0x1683,bsf,"0x03, 5",instruction
0x075F,0x0820,movf,"0x20, W",instruction
0x0760,0x390F,andlw,0x0F,instruction
0x0761,0x3C0F,sublw,0x0F,instruction
0x0762,0x1903,btfsc,"0x03, 2",instruction
0x0763,0x2F6C,goto,0x76C,instruction
0x0764,0x1283,bcf,"0x03, 5",instruction
0x0765,0x275A,call,0x75A,instruction
0x0766,0x1683,bsf,"0x03, 5",instruction
0x0767,0x0820,movf,"0x20, W",instruction
0x0768,0x390F,andlw,0x0F,instruction
0x0769,0x3C0F,sublw,0x0F,instruction
0x076A,0x1903,btfsc,"0x03, 2",instruction
0x076B,0x2F6C,goto,0x76C,instruction
0x076C,0x1283,bcf,"0x03, 5",instruction
0x076D,0x3400,retlw,0x00,instruction
0x076E,0x1683,bsf,"0x03, 5",instruction
0x076F,0x0856,movf,"0x56, W",instruction
0x0770,0x1283,bcf,"0x03, 5",instruction
0x0771,0x026E,subwf,"0x6E, W",instruction
0x0772,0x1803,btfsc,"0x03, 0",instruction
0x0773,0x2F78,goto,0x778,instruction
0x0774,0x1683,bsf,"0x03, 5",instruction
0x0775,0x0856,movf,"0x56, W",instruction
0x0776,0x1283,bcf,"0x03, 5",instruction
0x0777,0x00EE,movwf,0x6E,instruction
0x0778,0x3400,retlw,0x00,instruction
0x0779,0x13D6,bcf,"0x56, 7",instruction
0x077A,0x1683,bsf,"0x03, 5",instruction
0x077B,0x1C56,btfss,"0x56, 0",instruction
0x077C,0x2F80,goto,0x780,instruction
0x077D,0x1283,bcf,"0x03, 5",instruction
0x077E,0x17D6,bsf,"0x56, 7",instruction
0x077F,0x1683,bsf,"0x03, 5",instruction
0x0780,0x1283,bcf,"0x03, 5",instruction
0x0781,0x21FE,call,0x1FE,instruction
0x0782,0x3400,retlw,0x00,instruction
0x0783,0x3054,movlw,0x54,instruction
0x0784,0x0064,clrwdt,,instruction
0x0785,0x1E0C,btfss,"0x0C, 4",instruction
0x0786,0x2F84,goto,0x784,instruction
0x0787,0x0099,movwf,0x19,instruction
0x0788,0x1683,bsf,"0x03, 5",instruction
0x0789,0x0856,movf,"0x56, W",instruction
0x078A,0x00D8,movwf,0x58,instruction
0x078B,0x1283,bcf,"0x03, 5",instruction
0x078C,0x22D3,call,0x2D3,instruction
0x078D,0x1683,bsf,"0x03, 5",instruction
0x078E,0x0857,movf,"0x57, W",instruction
0x078F,0x00D8,movwf,0x58,instruction
0x0790,0x1283,bcf,"0x03, 5",instruction
0x0791,0x22D3,call,0x2D3,instruction
0x0792,0x300A,movlw,0x0A,instruction
0x0793,0x0064,clrwdt,,instruction
0x0794,0x1E0C,btfss,"0x0C, 4",instruction
0x0795,0x2F93,goto,0x793,instruction
0x0796,0x0099,movwf,0x19,instruction
0x0797,0x3400,retlw,0x00,instruction
0x0798,0x1683,bsf,"0x03, 5",instruction
0x0799,0x1C20,btfss,"0x20, 0",instruction
0x079A,0x2FB9,goto,0x7B9,instruction
0x079B,0x1283,bcf,"0x03, 5",instruction
0x079C,0x1951,btfsc,"0x51, 2",instruction
0x079D,0x2FA2,goto,0x7A2,instruction
0x079E,0x3030,movlw,0x30,instruction
0x079F,0x1683,bsf,"0x03, 5",instruction
0x07A0,0x07D4,addwf,"0x54, F",instruction
0x07A1,0x1283,bcf,"0x03, 5",instruction
0x07A2,0x1683,bsf,"0x03, 5",instruction
0x07A3,0x0854,movf,"0x54, W",instruction
0x07A4,0x1283,bcf,"0x03, 5",instruction
0x07A5,0x1703,bsf,"0x03, 6",instruction
0x07A6,0x008D,movwf,0x0D,instruction
0x07A7,0x1683,bsf,"0x03, 5",instruction
0x07A8,0x138C,bcf,"0x0C, 7",instruction
0x07A9,0x140C,bsf,"0x0C, 0",instruction
0x07AA,0x1283,bcf,"0x03, 5",instruction
0x07AB,0x080C,movf,"0x0C, W",instruction
0x07AC,0x1683,bsf,"0x03, 5",instruction
0x07AD,0x1303,bcf,"0x03, 6",instruction
0x07AE,0x00D5,movwf,0x55,instruction
0x07AF,0x0855,movf,"0x55, W",instruction
0x07B0,0x3C64,sublw,0x64,instruction
0x07B1,0x1803,btfsc,"0x03, 0",instruction
0x07B2,0x2FB5,goto,0x7B5,instruction
0x07B3,0x3064,movlw,0x64,instruction
0x07B4,0x00D5,movwf,0x55,instruction
0x07B5,0x0855,movf,"0x55, W",instruction
0x07B6,0x00F8,movwf,0x78,instruction
0x07B7,0x2FBC,goto,0x7BC,instruction
0x07B8,0x2FBC,goto,0x7BC,instruction
0x07B9,0x3064,movlw,0x64,instruction
0x07BA,0x00F8,movwf,0x78,instruction
0x07BB,0x2FBC,goto,0x7BC,instruction
0x07BC,0x1283,bcf,"0x03, 5",instruction
0x07BD,0x3400,retlw,0x00,instruction
0x07BE,0x3064,movlw,0x64,instruction
0x07BF,0x1683,bsf,"0x03, 5",instruction
0x07C0,0x00D4,movwf,0x54,instruction
0x07C1,0x1283,bcf,"0x03, 5",instruction
0x07C2,0x2798,call,0x798,instruction
0x07C3,0x0878,movf,"0x78, W",instruction
0x07C4,0x1683,bsf,"0x03, 5",instruction
0x07C5,0x00D3,movwf,0x53,instruction
0x07C6,0x01FA,clrf,0x7A,instruction
0x07C7,0x0853,movf,"0x53, W",instruction
0x07C8,0x00D4,movwf,0x54,instruction
0x07C9,0x087A,movf,"0x7A, W",instruction
0x07CA,0x00D5,movwf,0x55,instruction
0x07CB,0x01D7,clrf,0x57,instruction
0x07CC,0x30A0,movlw,0xA0,instruction
0x07CD,0x00D6,movwf,0x56,instruction
0x07CE,0x0855,movf,"0x55, W",instruction
0x07CF,0x00D9,movwf,0x59,instruction
0x07D0,0x0853,movf,"0x53, W",instruction
0x07D1,0x00D8,movwf,0x58,instruction
0x07D2,0x1283,bcf,"0x03, 5",instruction
0x07D3,0x23E8,call,0x3E8,instruction
0x07D4,0x0879,movf,"0x79, W",instruction
0x07D5,0x00FA,movwf,0x7A,instruction
0x07D6,0x0879,movf,"0x79, W",instruction
0x07D7,0x00F9,movwf,0x79,instruction
0x07D8,0x3400,retlw,0x00,instruction
0x07D9,0x1683,bsf,"0x03, 5",instruction
0x07DA,0x0850,movf,"0x50, W",instruction
0x07DB,0x01F8,clrf,0x78,instruction
0x07DC,0x024F,subwf,"0x4F, W",instruction
0x07DD,0x1803,btfsc,"0x03, 0",instruction
0x07DE,0x2FE2,goto,0x7E2,instruction
0x07DF,0x084F,movf,"0x4F, W",instruction
0x07E0,0x00F7,movwf,0x77,instruction
0x07E1,0x2FEE,goto,0x7EE,instruction
0x07E2,0x01F7,clrf,0x77,instruction
0x07E3,0x3008,movlw,0x08,instruction
0x07E4,0x00D1,movwf,0x51,instruction
0x07E5,0x0DCF,rlf,"0x4F, F",instruction
0x07E6,0x0DF7,rlf,"0x77, F",instruction
0x07E7,0x0850,movf,"0x50, W",instruction
0x07E8,0x0277,subwf,"0x77, W",instruction
0x07E9,0x1803,btfsc,"0x03, 0",instruction
0x07EA,0x00F7,movwf,0x77,instruction
0x07EB,0x0DF8,rlf,"0x78, F",instruction
0x07EC,0x0BD1,decfsz,"0x51, F",instruction
0x07ED,0x2FE5,goto,0x7E5,instruction
0x07EE,0x1283,bcf,"0x03, 5",instruction
0x07EF,0x158A,bsf,"0x0A, 3",instruction
0x07F0,0x120A,bcf,"0x0A, 4",instruction
0x07F1,0x2AF7,goto,0x2F7,instruction
0x07F2,0x084C,movf,"0x4C, W",instruction
0x07F3,0x3970,andlw,0x70,instruction
0x07F4,0x3C3F,sublw,0x3F,instruction
0x07F5,0x1803,btfsc,"0x03, 0",instruction
0x07F6,0x2FFE,goto,0x7FE,instruction
0x07F7,0x084C,movf,"0x4C, W",instruction
0x07F8,0x3970,andlw,0x70,instruction
0x07F9,0x3C5F,sublw,0x5F,instruction
0x07FA,0x1C03,btfss,"0x03, 0",instruction
0x07FB,0x2FFE,goto,0x7FE,instruction
0x07FC,0x3007,movlw,0x07,instruction
0x07FD,0x00AD,movwf,0x2D,instruction
0x07FE,0x3400,retlw,0x00,instruction
0x0800,0x0848,movf,"0x48, W",instruction
0x0801,0x1683,bsf,"0x03, 5",instruction
0x0802,0x00D5,movwf,0x55,instruction
0x0803,0x1283,bcf,"0x03, 5",instruction
0x0804,0x01C8,clrf,0x48,instruction
0x0805,0x01F4,clrf,0x74,instruction
0x0806,0x13C9,bcf,"0x49, 7",instruction
0x0807,0x084C,movf,"0x4C, W",instruction
0x0808,0x3970,andlw,0x70,instruction
0x0809,0x3C2F,sublw,0x2F,instruction
0x080A,0x1803,btfsc,"0x03, 0",instruction
0x080B,0x2815,goto,0x015,instruction
0x080C,0x085D,movf,"0x5D, W",instruction
0x080D,0x3907,andlw,0x07,instruction
0x080E,0x00F5,movwf,0x75,instruction
0x080F,0x0AF5,incf,"0x75, F",instruction
0x0810,0x1003,bcf,"0x03, 0",instruction
0x0811,0x0DC8,rlf,"0x48, F",instruction
0x0812,0x0AC8,incf,"0x48, F",instruction
0x0813,0x0BF5,decfsz,"0x75, F",instruction
0x0814,0x2810,goto,0x010,instruction
0x0815,0x1DCC,btfss,"0x4C, 3",instruction
0x0816,0x2819,goto,0x019,instruction
0x0817,0x0848,movf,"0x48, W",instruction
0x0818,0x04F4,iorwf,"0x74, F",instruction
0x0819,0x08CF,movf,"0x4F, F",instruction
0x081A,0x1903,btfsc,"0x03, 2",instruction
0x081B,0x281F,goto,0x01F,instruction
0x081C,0x17C9,bsf,"0x49, 7",instruction
0x081D,0x084F,movf,"0x4F, W",instruction
0x081E,0x04F4,iorwf,"0x74, F",instruction
0x081F,0x182D,btfsc,"0x2D, 0",instruction
0x0820,0x2823,goto,0x023,instruction
0x0821,0x3041,movlw,0x41,instruction
0x0822,0x04F4,iorwf,"0x74, F",instruction
0x0823,0x18AD,btfsc,"0x2D, 1",instruction
0x0824,0x2827,goto,0x027,instruction
0x0825,0x3042,movlw,0x42,instruction
0x0826,0x04F4,iorwf,"0x74, F",instruction
0x0827,0x1C30,btfss,"0x30, 0",instruction
0x0828,0x282B,goto,0x02B,instruction
0x0829,0x17C9,bsf,"0x49, 7",instruction
0x082A,0x1674,bsf,"0x74, 4",instruction
0x082B,0x1E50,btfss,"0x50, 4",instruction
0x082C,0x2830,goto,0x030,instruction
0x082D,0x17C9,bsf,"0x49, 7",instruction
0x082E,0x3006,movlw,0x06,instruction
0x082F,0x04F4,iorwf,"0x74, F",instruction
0x0830,0x0843,movf,"0x43, W",instruction
0x0831,0x390F,andlw,0x0F,instruction
0x0832,0x3C01,sublw,0x01,instruction
0x0833,0x1803,btfsc,"0x03, 0",instruction
0x0834,0x283E,goto,0x03E,instruction
0x0835,0x17C9,bsf,"0x49, 7",instruction
0x0836,0x17F4,bsf,"0x74, 7",instruction
0x0837,0x3005,movlw,0x05,instruction
0x0838,0x1683,bsf,"0x03, 5",instruction
0x0839,0x00D6,movwf,0x56,instruction
0x083A,0x118A,bcf,"0x0A, 3",instruction
0x083B,0x1283,bcf,"0x03, 5",instruction
0x083C,0x276E,call,0x76E,instruction
0x083D,0x158A,bsf,"0x0A, 3",instruction
0x083E,0x0874,movf,"0x74, W",instruction
0x083F,0x04C8,iorwf,"0x48, F",instruction
0x0840,0x1D49,btfss,"0x49, 2",instruction
0x0841,0x2852,goto,0x052,instruction
0x0842,0x18D0,btfsc,"0x50, 1",instruction
0x0843,0x2849,goto,0x049,instruction
0x0844,0x084C,movf,"0x4C, W",instruction
0x0845,0x3970,andlw,0x70,instruction
0x0846,0x3C60,sublw,0x60,instruction
0x0847,0x1D03,btfss,"0x03, 2",instruction
0x0848,0x2852,goto,0x052,instruction
0x0849,0x1FD6,btfss,"0x56, 7",instruction
0x084A,0x2851,goto,0x051,instruction
0x084B,0x1683,bsf,"0x03, 5",instruction
0x084C,0x01D6,clrf,0x56,instruction
0x084D,0x118A,bcf,"0x0A, 3",instruction
0x084E,0x1283,bcf,"0x03, 5",instruction
0x084F,0x2779,call,0x779,instruction
0x0850,0x158A,bsf,"0x0A, 3",instruction
0x0851,0x285B,goto,0x05B,instruction
0x0852,0x1BD6,btfsc,"0x56, 7",instruction
0x0853,0x285B,goto,0x05B,instruction
0x0854,0x3001,movlw,0x01,instruction
0x0855,0x1683,bsf,"0x03, 5",instruction
0x0856,0x00D6,movwf,0x56,instruction
0x0857,0x118A,bcf,"0x0A, 3",instruction
0x0858,0x1283,bcf,"0x03, 5",instruction
0x0859,0x2779,call,0x779,instruction
0x085A,0x158A,bsf,"0x0A, 3",instruction
0x085B,0x1E49,btfss,"0x49, 4",instruction
0x085C,0x285F,goto,0x05F,instruction
0x085D,0x0874,movf,"0x74, W",instruction
0x085E,0x06C8,xorwf,"0x48, F",instruction
0x085F,0x118A,bcf,"0x0A, 3",instruction
0x0860,0x21BA,call,0x1BA,instruction
0x0861,0x158A,bsf,"0x0A, 3",instruction
0x0862,0x0848,movf,"0x48, W",instruction
0x0863,0x1683,bsf,"0x03, 5",instruction
0x0864,0x0255,subwf,"0x55, W",instruction
0x0865,0x1903,btfsc,"0x03, 2",instruction
0x0866,0x2875,goto,0x075,instruction
0x0867,0x08C2,movf,"0x42, F",instruction
0x0868,0x1903,btfsc,"0x03, 2",instruction
0x0869,0x2875,goto,0x075,instruction
0x086A,0x3020,movlw,0x20,instruction
0x086B,0x00D6,movwf,0x56,instruction
0x086C,0x1283,bcf,"0x03, 5",instruction
0x086D,0x0848,movf,"0x48, W",instruction
0x086E,0x1683,bsf,"0x03, 5",instruction
0x086F,0x00D7,movwf,0x57,instruction
0x0870,0x118A,bcf,"0x0A, 3",instruction
0x0871,0x1283,bcf,"0x03, 5",instruction
0x0872,0x2783,call,0x783,instruction
0x0873,0x158A,bsf,"0x0A, 3",instruction
0x0874,0x1683,bsf,"0x03, 5",instruction
0x0875,0x1283,bcf,"0x03, 5",instruction
0x0876,0x158A,bsf,"0x0A, 3",instruction
0x0877,0x120A,bcf,"0x0A, 4",instruction
0x0878,0x293F,goto,0x13F,instruction
0x0879,0x0064,clrwdt,,instruction
0x087A,0x1D0C,btfss,"0x0C, 2",instruction
0x087B,0x293C,goto,0x13C,instruction
0x087C,0x110C,bcf,"0x0C, 2",instruction
0x087D,0x3001,movlw,0x01,instruction
0x087E,0x1BC9,btfsc,"0x49, 7",instruction
0x087F,0x3004,movlw,0x04,instruction
0x0880,0x07C9,addwf,"0x49, F",instruction
0x0881,0x12C9,bcf,"0x49, 5",instruction
0x0882,0x0ABB,incf,"0x3B, F",instruction
0x0883,0x0F3C,incfsz,"0x3C, W",instruction
0x0884,0x00BC,movwf,0x3C,instruction
0x0885,0x30F0,movlw,0xF0,instruction
0x0886,0x1C89,btfss,"0x09, 1",instruction
0x0887,0x1C86,btfss,"0x06, 1",instruction
0x0888,0x05BB,andwf,"0x3B, F",instruction
0x0889,0x0854,movf,"0x54, W",instruction
0x088A,0x3C07,sublw,0x07,instruction
0x088B,0x1803,btfsc,"0x03, 0",instruction
0x088C,0x288F,goto,0x08F,instruction
0x088D,0x0AD5,incf,"0x55, F",instruction
0x088E,0x17DD,bsf,"0x5D, 7",instruction
0x088F,0x1C98,btfss,"0x18, 1",instruction
0x0890,0x2894,goto,0x094,instruction
0x0891,0x1098,bcf,"0x18, 1",instruction
0x0892,0x1218,bcf,"0x18, 4",instruction
0x0893,0x1618,bsf,"0x18, 4",instruction
0x0894,0x08CE,movf,"0x4E, F",instruction
0x0895,0x1903,btfsc,"0x03, 2",instruction
0x0896,0x289A,goto,0x09A,instruction
0x0897,0x03CE,decf,"0x4E, F",instruction
0x0898,0x15CC,bsf,"0x4C, 3",instruction
0x0899,0x289B,goto,0x09B,instruction
0x089A,0x11CC,bcf,"0x4C, 3",instruction
0x089B,0x1C4A,btfss,"0x4A, 0",instruction
0x089C,0x289E,goto,0x09E,instruction
0x089D,0x0ADF,incf,"0x5F, F",instruction
0x089E,0x1C4A,btfss,"0x4A, 0",instruction
0x089F,0x28AE,goto,0x0AE,instruction
0x08A0,0x1CCA,btfss,"0x4A, 1",instruction
0x08A1,0x28AE,goto,0x0AE,instruction
0x08A2,0x1D4A,btfss,"0x4A, 2",instruction
0x08A3,0x28AE,goto,0x0AE,instruction
0x08A4,0x1DCA,btfss,"0x4A, 3",instruction
0x08A5,0x28AE,goto,0x0AE,instruction
0x08A6,0x1E4A,btfss,"0x4A, 4",instruction
0x08A7,0x28AE,goto,0x0AE,instruction
0x08A8,0x0ADE,incf,"0x5E, F",instruction
0x08A9,0x0AE0,incf,"0x60, F",instruction
0x08AA,0x08EE,movf,"0x6E, F",instruction
0x08AB,0x1903,btfsc,"0x03, 2",instruction
0x08AC,0x28AE,goto,0x0AE,instruction
0x08AD,0x03EE,decf,"0x6E, F",instruction
0x08AE,0x0AF1,incf,"0x71, F",instruction
0x08AF,0x0FCA,incfsz,"0x4A, F",instruction
0x08B0,0x28B3,goto,0x0B3,instruction
0x08B1,0x0F4B,incfsz,"0x4B, W",instruction
0x08B2,0x00CB,movwf,0x4B,instruction
0x08B3,0x118A,bcf,"0x0A, 3",instruction
0x08B4,0x231F,call,0x31F,instruction
0x08B5,0x158A,bsf,"0x0A, 3",instruction
0x08B6,0x1C86,btfss,"0x06, 1",instruction
0x08B7,0x28BF,goto,0x0BF,instruction
0x08B8,0x1808,btfsc,"0x08, 0",instruction
0x08B9,0x28BE,goto,0x0BE,instruction
0x08BA,0x1E43,btfss,"0x43, 4",instruction
0x08BB,0x28BD,goto,0x0BD,instruction
0x08BC,0x17C3,bsf,"0x43, 7",instruction
0x08BD,0x28BF,goto,0x0BF,instruction
0x08BE,0x1643,bsf,"0x43, 4",instruction
0x08BF,0x08B3,movf,"0x33, F",instruction
0x08C0,0x1D03,btfss,"0x03, 2",instruction
0x08C1,0x28C6,goto,0x0C6,instruction
0x08C2,0x1186,bcf,"0x06, 3",instruction
0x08C3,0x01B7,clrf,0x37,instruction
0x08C4,0x01B8,clrf,0x38,instruction
0x08C5,0x292A,goto,0x12A,instruction
0x08C6,0x1BB5,btfsc,"0x35, 7",instruction
0x08C7,0x28C9,goto,0x0C9,instruction
0x08C8,0x292A,goto,0x12A,instruction
0x08C9,0x13B5,bcf,"0x35, 7",instruction
0x08CA,0x083C,movf,"0x3C, W",instruction
0x08CB,0x3C09,sublw,0x09,instruction
0x08CC,0x1C03,btfss,"0x03, 0",instruction
0x08CD,0x28D0,goto,0x0D0,instruction
0x08CE,0x0ABC,incf,"0x3C, F",instruction
0x08CF,0x292A,goto,0x12A,instruction
0x08D0,0x01BC,clrf,0x3C,instruction
0x08D1,0x0834,movf,"0x34, W",instruction
0x08D2,0x3C04,sublw,0x04,instruction
0x08D3,0x1C03,btfss,"0x03, 0",instruction
0x08D4,0x28E1,goto,0x0E1,instruction
0x08D5,0x1F3B,btfss,"0x3B, 6",instruction
0x08D6,0x28DA,goto,0x0DA,instruction
0x08D7,0x16CF,bsf,"0x4F, 5",instruction
0x08D8,0x17B0,bsf,"0x30, 7",instruction
0x08D9,0x28DC,goto,0x0DC,instruction
0x08DA,0x3010,movlw,0x10,instruction
0x08DB,0x07BB,addwf,"0x3B, F",instruction
0x08DC,0x30FF,movlw,0xFF,instruction
0x08DD,0x00BC,movwf,0x3C,instruction
0x08DE,0x3002,movlw,0x02,instruction
0x08DF,0x00B7,movwf,0x37,instruction
0x08E0,0x292A,goto,0x12A,instruction
0x08E1,0x300F,movlw,0x0F,instruction
0x08E2,0x05BB,andwf,"0x3B, F",instruction
0x08E3,0x0F33,incfsz,"0x33, W",instruction
0x08E4,0x28E8,goto,0x0E8,instruction
0x08E5,0x3001,movlw,0x01,instruction
0x08E6,0x00B7,movwf,0x37,instruction
0x08E7,0x292A,goto,0x12A,instruction
0x08E8,0x0833,movf,"0x33, W",instruction
0x08E9,0x0234,subwf,"0x34, W",instruction
0x08EA,0x1D03,btfss,"0x03, 2",instruction
0x08EB,0x28ED,goto,0x0ED,instruction
0x08EC,0x292A,goto,0x12A,instruction
0x08ED,0x0833,movf,"0x33, W",instruction
0x08EE,0x0234,subwf,"0x34, W",instruction
0x08EF,0x1803,btfsc,"0x03, 0",instruction
0x08F0,0x2908,goto,0x108,instruction
0x08F1,0x08B7,movf,"0x37, F",instruction
0x08F2,0x1903,btfsc,"0x03, 2",instruction
0x08F3,0x28F5,goto,0x0F5,instruction
0x08F4,0x03B7,decf,"0x37, F",instruction
0x08F5,0x0834,movf,"0x34, W",instruction
0x08F6,0x0236,subwf,"0x36, W",instruction
0x08F7,0x1C03,btfss,"0x03, 0",instruction
0x08F8,0x2903,goto,0x103,instruction
0x08F9,0x0834,movf,"0x34, W",instruction
0x08FA,0x0236,subwf,"0x36, W",instruction
0x08FB,0x3C0A,sublw,0x0A,instruction
0x08FC,0x1803,btfsc,"0x03, 0",instruction
0x08FD,0x2902,goto,0x102,instruction
0x08FE,0x08B7,movf,"0x37, F",instruction
0x08FF,0x1903,btfsc,"0x03, 2",instruction
0x0900,0x2902,goto,0x102,instruction
0x0901,0x03B7,decf,"0x37, F",instruction
0x0902,0x2907,goto,0x107,instruction
0x0903,0x0F37,incfsz,"0x37, W",instruction
0x0904,0x2906,goto,0x106,instruction
0x0905,0x2907,goto,0x107,instruction
0x0906,0x0AB7,incf,"0x37, F",instruction
0x0907,0x2922,goto,0x122,instruction
0x0908,0x0834,movf,"0x34, W",instruction
0x0909,0x0233,subwf,"0x33, W",instruction
0x090A,0x1803,btfsc,"0x03, 0",instruction
0x090B,0x2922,goto,0x122,instruction
0x090C,0x0F37,incfsz,"0x37, W",instruction
0x090D,0x290F,goto,0x10F,instruction
0x090E,0x2910,goto,0x110,instruction
0x090F,0x0AB7,incf,"0x37, F",instruction
0x0910,0x0836,movf,"0x36, W",instruction
0x0911,0x0234,subwf,"0x34, W",instruction
0x0912,0x1C03,btfss,"0x03, 0",instruction
0x0913,0x291E,goto,0x11E,instruction
0x0914,0x0836,movf,"0x36, W",instruction
0x0915,0x0234,subwf,"0x34, W",instruction
0x0916,0x3C0A,sublw,0x0A,instruction
0x0917,0x1803,btfsc,"0x03, 0",instruction
0x0918,0x291D,goto,0x11D,instruction
0x0919,0x0F37,incfsz,"0x37, W",instruction
0x091A,0x291C,goto,0x11C,instruction
0x091B,0x291D,goto,0x11D,instruction
0x091C,0x0AB7,incf,"0x37, F",instruction
0x091D,0x2922,goto,0x122,instruction
0x091E,0x08B7,movf,"0x37, F",instruction
0x091F,0x1903,btfsc,"0x03, 2",instruction
0x0920,0x2922,goto,0x122,instruction
0x0921,0x03B7,decf,"0x37, F",instruction
0x0922,0x0834,movf,"0x34, W",instruction
0x0923,0x00B6,movwf,0x36,instruction
0x0924,0x08B7,movf,"0x37, F",instruction
0x0925,0x1D03,btfss,"0x03, 2",instruction
0x0926,0x292A,goto,0x12A,instruction
0x0927,0x3001,movlw,0x01,instruction
0x0928,0x00B7,movwf,0x37,instruction
0x0929,0x292A,goto,0x12A,instruction
0x092A,0x1E06,btfss,"0x06, 4",instruction
0x092B,0x292E,goto,0x12E,instruction
0x092C,0x300C,movlw,0x0C,instruction
0x092D,0x00CE,movwf,0x4E,instruction
0x092E,0x0857,movf,"0x57, W",instruction
0x092F,0x3CFC,sublw,0xFC,instruction
0x0930,0x1803,btfsc,"0x03, 0",instruction
0x0931,0x2933,goto,0x133,instruction
0x0932,0x1450,bsf,"0x50, 0",instruction
0x0933,0x1C50,btfss,"0x50, 0",instruction
0x0934,0x293C,goto,0x13C,instruction
0x0935,0x0857,movf,"0x57, W",instruction
0x0936,0x3CF4,sublw,0xF4,instruction
0x0937,0x1C03,btfss,"0x03, 0",instruction
0x0938,0x293B,goto,0x13B,instruction
0x0939,0x1050,bcf,"0x50, 0",instruction
0x093A,0x293C,goto,0x13C,instruction
0x093B,0x15CC,bsf,"0x4C, 3",instruction
0x093C,0x19D1,btfsc,"0x51, 3",instruction
0x093D,0x293F,goto,0x13F,instruction
0x093E,0x2800,goto,0x000,instruction
0x093F,0x0064,clrwdt,,instruction
0x0940,0x3400,retlw,0x00,instruction
0x0941,0x084C,movf,"0x4C, W",instruction
0x0942,0x3907,andlw,0x07,instruction
0x0943,0x1683,bsf,"0x03, 5",instruction
0x0944,0x00CF,movwf,0x4F,instruction
0x0945,0x084F,movf,"0x4F, W",instruction
0x0946,0x00D0,movwf,0x50,instruction
0x0947,0x1283,bcf,"0x03, 5",instruction
0x0948,0x1E4C,btfss,"0x4C, 4",instruction
0x0949,0x2951,goto,0x151,instruction
0x094A,0x087C,movf,"0x7C, W",instruction
0x094B,0x0276,subwf,"0x76, W",instruction
0x094C,0x1C03,btfss,"0x03, 0",instruction
0x094D,0x2951,goto,0x151,instruction
0x094E,0x1683,bsf,"0x03, 5",instruction
0x094F,0x0AD0,incf,"0x50, F",instruction
0x0950,0x1283,bcf,"0x03, 5",instruction
0x0951,0x1683,bsf,"0x03, 5",instruction
0x0952,0x084F,movf,"0x4F, W",instruction
0x0953,0x118A,bcf,"0x0A, 3",instruction
0x0954,0x1283,bcf,"0x03, 5",instruction
0x0955,0x2045,call,0x045,instruction
0x0956,0x158A,bsf,"0x0A, 3",instruction
0x0957,0x1683,bsf,"0x03, 5",instruction
0x0958,0x00D3,movwf,0x53,instruction
0x0959,0x0850,movf,"0x50, W",instruction
0x095A,0x118A,bcf,"0x0A, 3",instruction
0x095B,0x1283,bcf,"0x03, 5",instruction
0x095C,0x2051,call,0x051,instruction
0x095D,0x158A,bsf,"0x0A, 3",instruction
0x095E,0x1683,bsf,"0x03, 5",instruction
0x095F,0x00D4,movwf,0x54,instruction
0x0960,0x084F,movf,"0x4F, W",instruction
0x0961,0x118A,bcf,"0x0A, 3",instruction
0x0962,0x1283,bcf,"0x03, 5",instruction
0x0963,0x2051,call,0x051,instruction
0x0964,0x158A,bsf,"0x0A, 3",instruction
0x0965,0x00F8,movwf,0x78,instruction
0x0966,0x1683,bsf,"0x03, 5",instruction
0x0967,0x0254,subwf,"0x54, W",instruction
0x0968,0x0753,addwf,"0x53, W",instruction
0x0969,0x00CE,movwf,0x4E,instruction
0x096A,0x118A,bcf,"0x0A, 3",instruction
0x096B,0x1283,bcf,"0x03, 5",instruction
0x096C,0x27BE,call,0x7BE,instruction
0x096D,0x158A,bsf,"0x0A, 3",instruction
0x096E,0x0879,movf,"0x79, W",instruction
0x096F,0x1683,bsf,"0x03, 5",instruction
0x0970,0x00D4,movwf,0x54,instruction
0x0971,0x0878,movf,"0x78, W",instruction
0x0972,0x00D3,movwf,0x53,instruction
0x0973,0x0C54,rrf,"0x54, W",instruction
0x0974,0x00D2,movwf,0x52,instruction
0x0975,0x0C53,rrf,"0x53, W",instruction
0x0976,0x00D1,movwf,0x51,instruction
0x0977,0x0CD2,rrf,"0x52, F",instruction
0x0978,0x0CD1,rrf,"0x51, F",instruction
0x0979,0x0CD2,rrf,"0x52, F",instruction
0x097A,0x0CD1,rrf,"0x51, F",instruction
0x097B,0x301F,movlw,0x1F,instruction
0x097C,0x05D2,andwf,"0x52, F",instruction
0x097D,0x1283,bcf,"0x03, 5",instruction
0x097E,0x083A,movf,"0x3A, W",instruction
0x097F,0x1683,bsf,"0x03, 5",instruction
0x0980,0x0252,subwf,"0x52, W",instruction
0x0981,0x1C03,btfss,"0x03, 0",instruction
0x0982,0x29B5,goto,0x1B5,instruction
0x0983,0x1D03,btfss,"0x03, 2",instruction
0x0984,0x298D,goto,0x18D,instruction
0x0985,0x0851,movf,"0x51, W",instruction
0x0986,0x1283,bcf,"0x03, 5",instruction
0x0987,0x0239,subwf,"0x39, W",instruction
0x0988,0x1C03,btfss,"0x03, 0",instruction
0x0989,0x298C,goto,0x18C,instruction
0x098A,0x1683,bsf,"0x03, 5",instruction
0x098B,0x29B5,goto,0x1B5,instruction
0x098C,0x1683,bsf,"0x03, 5",instruction
0x098D,0x0CD2,rrf,"0x52, F",instruction
0x098E,0x0CD1,rrf,"0x51, F",instruction
0x098F,0x0CD2,rrf,"0x52, F",instruction
0x0990,0x0CD1,rrf,"0x51, F",instruction
0x0991,0x0CD2,rrf,"0x52, F",instruction
0x0992,0x0CD1,rrf,"0x51, F",instruction
0x0993,0x301F,movlw,0x1F,instruction
0x0994,0x05D2,andwf,"0x52, F",instruction
0x0995,0x1283,bcf,"0x03, 5",instruction
0x0996,0x083A,movf,"0x3A, W",instruction
0x0997,0x1683,bsf,"0x03, 5",instruction
0x0998,0x00D7,movwf,0x57,instruction
0x0999,0x1283,bcf,"0x03, 5",instruction
0x099A,0x0839,movf,"0x39, W",instruction
0x099B,0x1683,bsf,"0x03, 5",instruction
0x099C,0x00D6,movwf,0x56,instruction
0x099D,0x0852,movf,"0x52, W",instruction
0x099E,0x00D9,movwf,0x59,instruction
0x099F,0x0851,movf,"0x51, W",instruction
0x09A0,0x00D8,movwf,0x58,instruction
0x09A1,0x118A,bcf,"0x0A, 3",instruction
0x09A2,0x1283,bcf,"0x03, 5",instruction
0x09A3,0x24D1,call,0x4D1,instruction
0x09A4,0x158A,bsf,"0x0A, 3",instruction
0x09A5,0x0879,movf,"0x79, W",instruction
0x09A6,0x00FA,movwf,0x7A,instruction
0x09A7,0x0878,movf,"0x78, W",instruction
0x09A8,0x3C0A,sublw,0x0A,instruction
0x09A9,0x00F7,movwf,0x77,instruction
0x09AA,0x0879,movf,"0x79, W",instruction
0x09AB,0x1C03,btfss,"0x03, 0",instruction
0x09AC,0x0F79,incfsz,"0x79, W",instruction
0x09AD,0x29B0,goto,0x1B0,instruction
0x09AE,0x3000,movlw,0x00,instruction
0x09AF,0x29B1,goto,0x1B1,instruction
0x09B0,0x3C00,sublw,0x00,instruction
0x09B1,0x00FA,movwf,0x7A,instruction
0x09B2,0x0877,movf,"0x77, W",instruction
0x09B3,0x1683,bsf,"0x03, 5",instruction
0x09B4,0x07CE,addwf,"0x4E, F",instruction
0x09B5,0x084E,movf,"0x4E, W",instruction
0x09B6,0x00F8,movwf,0x78,instruction
0x09B7,0x1283,bcf,"0x03, 5",instruction
0x09B8,0x3400,retlw,0x00,instruction
0x09B9,0x08EE,movf,"0x6E, F",instruction
0x09BA,0x1D03,btfss,"0x03, 2",instruction
0x09BB,0x29C1,goto,0x1C1,instruction
0x09BC,0x084C,movf,"0x4C, W",instruction
0x09BD,0x3970,andlw,0x70,instruction
0x09BE,0x3C60,sublw,0x60,instruction
0x09BF,0x1D03,btfss,"0x03, 2",instruction
0x09C0,0x29D5,goto,0x1D5,instruction
0x09C1,0x1683,bsf,"0x03, 5",instruction
0x09C2,0x1B20,btfsc,"0x20, 6",instruction
0x09C3,0x29D4,goto,0x1D4,instruction
0x09C4,0x01F5,clrf,0x75,instruction
0x09C5,0x0875,movf,"0x75, W",instruction
0x09C6,0x3C07,sublw,0x07,instruction
0x09C7,0x1C03,btfss,"0x03, 0",instruction
0x09C8,0x29D4,goto,0x1D4,instruction
0x09C9,0x3063,movlw,0x63,instruction
0x09CA,0x0775,addwf,"0x75, W",instruction
0x09CB,0x0084,movwf,0x04,instruction
0x09CC,0x1283,bcf,"0x03, 5",instruction
0x09CD,0x0857,movf,"0x57, W",instruction
0x09CE,0x0080,movwf,0x00,instruction
0x09CF,0x0857,movf,"0x57, W",instruction
0x09D0,0x00EB,movwf,0x6B,instruction
0x09D1,0x0AF5,incf,"0x75, F",instruction
0x09D2,0x1683,bsf,"0x03, 5",instruction
0x09D3,0x29C5,goto,0x1C5,instruction
0x09D4,0x1283,bcf,"0x03, 5",instruction
0x09D5,0x084C,movf,"0x4C, W",instruction
0x09D6,0x3970,andlw,0x70,instruction
0x09D7,0x1683,bsf,"0x03, 5",instruction
0x09D8,0x00CA,movwf,0x4A,instruction
0x09D9,0x084A,movf,"0x4A, W",instruction
0x09DA,0x3C3F,sublw,0x3F,instruction
0x09DB,0x1803,btfsc,"0x03, 0",instruction
0x09DC,0x2B2C,goto,0x32C,instruction
0x09DD,0x084A,movf,"0x4A, W",instruction
0x09DE,0x3C5F,sublw,0x5F,instruction
0x09DF,0x1C03,btfss,"0x03, 0",instruction
0x09E0,0x2B2C,goto,0x32C,instruction
0x09E1,0x3007,movlw,0x07,instruction
0x09E2,0x00D5,movwf,0x55,instruction
0x09E3,0x1283,bcf,"0x03, 5",instruction
0x09E4,0x0861,movf,"0x61, W",instruction
0x09E5,0x1683,bsf,"0x03, 5",instruction
0x09E6,0x00D6,movwf,0x56,instruction
0x09E7,0x118A,bcf,"0x0A, 3",instruction
0x09E8,0x1283,bcf,"0x03, 5",instruction
0x09E9,0x22E2,call,0x2E2,instruction
0x09EA,0x158A,bsf,"0x0A, 3",instruction
0x09EB,0x085A,movf,"0x5A, W",instruction
0x09EC,0x0257,subwf,"0x57, W",instruction
0x09ED,0x1803,btfsc,"0x03, 0",instruction
0x09EE,0x29F1,goto,0x1F1,instruction
0x09EF,0x0857,movf,"0x57, W",instruction
0x09F0,0x00DA,movwf,0x5A,instruction
0x09F1,0x0861,movf,"0x61, W",instruction
0x09F2,0x3C00,sublw,0x00,instruction
0x09F3,0x1803,btfsc,"0x03, 0",instruction
0x09F4,0x2A7A,goto,0x27A,instruction
0x09F5,0x1683,bsf,"0x03, 5",instruction
0x09F6,0x1FA0,btfss,"0x20, 7",instruction
0x09F7,0x29FA,goto,0x1FA,instruction
0x09F8,0x3010,movlw,0x10,instruction
0x09F9,0x29FB,goto,0x1FB,instruction
0x09FA,0x3018,movlw,0x18,instruction
0x09FB,0x1283,bcf,"0x03, 5",instruction
0x09FC,0x0762,addwf,"0x62, W",instruction
0x09FD,0x1683,bsf,"0x03, 5",instruction
0x09FE,0x00CC,movwf,0x4C,instruction
0x09FF,0x00D5,movwf,0x55,instruction
0x0A00,0x1283,bcf,"0x03, 5",instruction
0x0A01,0x085A,movf,"0x5A, W",instruction
0x0A02,0x1683,bsf,"0x03, 5",instruction
0x0A03,0x00D6,movwf,0x56,instruction
0x0A04,0x118A,bcf,"0x0A, 3",instruction
0x0A05,0x1283,bcf,"0x03, 5",instruction
0x0A06,0x22E2,call,0x2E2,instruction
0x0A07,0x158A,bsf,"0x0A, 3",instruction
0x0A08,0x3005,movlw,0x05,instruction
0x0A09,0x1683,bsf,"0x03, 5",instruction
0x0A0A,0x00D5,movwf,0x55,instruction
0x0A0B,0x1283,bcf,"0x03, 5",instruction
0x0A0C,0x0862,movf,"0x62, W",instruction
0x0A0D,0x1683,bsf,"0x03, 5",instruction
0x0A0E,0x00D6,movwf,0x56,instruction
0x0A0F,0x118A,bcf,"0x0A, 3",instruction
0x0A10,0x1283,bcf,"0x03, 5",instruction
0x0A11,0x22E2,call,0x2E2,instruction
0x0A12,0x158A,bsf,"0x0A, 3",instruction
0x0A13,0x085A,movf,"0x5A, W",instruction
0x0A14,0x026B,subwf,"0x6B, W",instruction
0x0A15,0x1803,btfsc,"0x03, 0",instruction
0x0A16,0x2A2C,goto,0x22C,instruction
0x0A17,0x0AEB,incf,"0x6B, F",instruction
0x0A18,0x085A,movf,"0x5A, W",instruction
0x0A19,0x3CC7,sublw,0xC7,instruction
0x0A1A,0x1C03,btfss,"0x03, 0",instruction
0x0A1B,0x2A2A,goto,0x22A,instruction
0x0A1C,0x085A,movf,"0x5A, W",instruction
0x0A1D,0x026B,subwf,"0x6B, W",instruction
0x0A1E,0x1803,btfsc,"0x03, 0",instruction
0x0A1F,0x2A2A,goto,0x22A,instruction
0x0A20,0x0AEB,incf,"0x6B, F",instruction
0x0A21,0x085A,movf,"0x5A, W",instruction
0x0A22,0x3C95,sublw,0x95,instruction
0x0A23,0x1C03,btfss,"0x03, 0",instruction
0x0A24,0x2A2A,goto,0x22A,instruction
0x0A25,0x085A,movf,"0x5A, W",instruction
0x0A26,0x026B,subwf,"0x6B, W",instruction
0x0A27,0x1803,btfsc,"0x03, 0",instruction
0x0A28,0x2A2A,goto,0x22A,instruction
0x0A29,0x0AEB,incf,"0x6B, F",instruction
0x0A2A,0x086B,movf,"0x6B, W",instruction
0x0A2B,0x00DA,movwf,0x5A,instruction
0x0A2C,0x0862,movf,"0x62, W",instruction
0x0A2D,0x0AE2,incf,"0x62, F",instruction
0x0A2E,0x3E63,addlw,0x63,instruction
0x0A2F,0x0084,movwf,0x04,instruction
0x0A30,0x085A,movf,"0x5A, W",instruction
0x0A31,0x0080,movwf,0x00,instruction
0x0A32,0x1683,bsf,"0x03, 5",instruction
0x0A33,0x1BA0,btfsc,"0x20, 7",instruction
0x0A34,0x2A59,goto,0x259,instruction
0x0A35,0x1283,bcf,"0x03, 5",instruction
0x0A36,0x01EB,clrf,0x6B,instruction
0x0A37,0x01F5,clrf,0x75,instruction
0x0A38,0x0875,movf,"0x75, W",instruction
0x0A39,0x3C07,sublw,0x07,instruction
0x0A3A,0x1C03,btfss,"0x03, 0",instruction
0x0A3B,0x2A58,goto,0x258,instruction
0x0A3C,0x3063,movlw,0x63,instruction
0x0A3D,0x0775,addwf,"0x75, W",instruction
0x0A3E,0x0084,movwf,0x04,instruction
0x0A3F,0x0800,movf,"0x00, W",instruction
0x0A40,0x1683,bsf,"0x03, 5",instruction
0x0A41,0x00CA,movwf,0x4A,instruction
0x0A42,0x084A,movf,"0x4A, W",instruction
0x0A43,0x1283,bcf,"0x03, 5",instruction
0x0A44,0x026B,subwf,"0x6B, W",instruction
0x0A45,0x1803,btfsc,"0x03, 0",instruction
0x0A46,0x2A56,goto,0x256,instruction
0x0A47,0x1683,bsf,"0x03, 5",instruction
0x0A48,0x084A,movf,"0x4A, W",instruction
0x0A49,0x1283,bcf,"0x03, 5",instruction
0x0A4A,0x00EB,movwf,0x6B,instruction
0x0A4B,0x3006,movlw,0x06,instruction
0x0A4C,0x1683,bsf,"0x03, 5",instruction
0x0A4D,0x00D5,movwf,0x55,instruction
0x0A4E,0x1283,bcf,"0x03, 5",instruction
0x0A4F,0x086B,movf,"0x6B, W",instruction
0x0A50,0x1683,bsf,"0x03, 5",instruction
0x0A51,0x00D6,movwf,0x56,instruction
0x0A52,0x118A,bcf,"0x0A, 3",instruction
0x0A53,0x1283,bcf,"0x03, 5",instruction
0x0A54,0x22E2,call,0x2E2,instruction
0x0A55,0x158A,bsf,"0x0A, 3",instruction
0x0A56,0x0AF5,incf,"0x75, F",instruction
0x0A57,0x2A38,goto,0x238,instruction
0x0A58,0x1683,bsf,"0x03, 5",instruction
0x0A59,0x1283,bcf,"0x03, 5",instruction
0x0A5A,0x086B,movf,"0x6B, W",instruction
0x0A5B,0x025A,subwf,"0x5A, W",instruction
0x0A5C,0x1D03,btfss,"0x03, 2",instruction
0x0A5D,0x2A77,goto,0x277,instruction
0x0A5E,0x01F5,clrf,0x75,instruction
0x0A5F,0x0875,movf,"0x75, W",instruction
0x0A60,0x3C07,sublw,0x07,instruction
0x0A61,0x1C03,btfss,"0x03, 0",instruction
0x0A62,0x2A6C,goto,0x26C,instruction
0x0A63,0x3063,movlw,0x63,instruction
0x0A64,0x0775,addwf,"0x75, W",instruction
0x0A65,0x0084,movwf,0x04,instruction
0x0A66,0x086B,movf,"0x6B, W",instruction
0x0A67,0x0080,movwf,0x00,instruction
0x0A68,0x086B,movf,"0x6B, W",instruction
0x0A69,0x00EC,movwf,0x6C,instruction
0x0A6A,0x0AF5,incf,"0x75, F",instruction
0x0A6B,0x2A5F,goto,0x25F,instruction
0x0A6C,0x3006,movlw,0x06,instruction
0x0A6D,0x1683,bsf,"0x03, 5",instruction
0x0A6E,0x00D5,movwf,0x55,instruction
0x0A6F,0x1283,bcf,"0x03, 5",instruction
0x0A70,0x086B,movf,"0x6B, W",instruction
0x0A71,0x1683,bsf,"0x03, 5",instruction
0x0A72,0x00D6,movwf,0x56,instruction
0x0A73,0x118A,bcf,"0x0A, 3",instruction
0x0A74,0x1283,bcf,"0x03, 5",instruction
0x0A75,0x22E2,call,0x2E2,instruction
0x0A76,0x158A,bsf,"0x0A, 3",instruction
0x0A77,0x0857,movf,"0x57, W",instruction
0x0A78,0x00DA,movwf,0x5A,instruction
0x0A79,0x01E1,clrf,0x61,instruction
0x0A7A,0x2141,call,0x141,instruction
0x0A7B,0x0878,movf,"0x78, W",instruction
0x0A7C,0x1683,bsf,"0x03, 5",instruction
0x0A7D,0x00CA,movwf,0x4A,instruction
0x0A7E,0x1BA0,btfsc,"0x20, 7",instruction
0x0A7F,0x2AD4,goto,0x2D4,instruction
0x0A80,0x1283,bcf,"0x03, 5",instruction
0x0A81,0x01EF,clrf,0x6F,instruction
0x0A82,0x01F5,clrf,0x75,instruction
0x0A83,0x0875,movf,"0x75, W",instruction
0x0A84,0x3C07,sublw,0x07,instruction
0x0A85,0x1C03,btfss,"0x03, 0",instruction
0x0A86,0x2AC5,goto,0x2C5,instruction
0x0A87,0x086B,movf,"0x6B, W",instruction
0x0A88,0x1683,bsf,"0x03, 5",instruction
0x0A89,0x024A,subwf,"0x4A, W",instruction
0x0A8A,0x1803,btfsc,"0x03, 0",instruction
0x0A8B,0x2AC2,goto,0x2C2,instruction
0x0A8C,0x084A,movf,"0x4A, W",instruction
0x0A8D,0x1283,bcf,"0x03, 5",instruction
0x0A8E,0x026B,subwf,"0x6B, W",instruction
0x0A8F,0x1683,bsf,"0x03, 5",instruction
0x0A90,0x00CB,movwf,0x4B,instruction
0x0A91,0x3063,movlw,0x63,instruction
0x0A92,0x0775,addwf,"0x75, W",instruction
0x0A93,0x0084,movwf,0x04,instruction
0x0A94,0x0800,movf,"0x00, W",instruction
0x0A95,0x024B,subwf,"0x4B, W",instruction
0x0A96,0x1903,btfsc,"0x03, 2",instruction
0x0A97,0x2A9F,goto,0x29F,instruction
0x0A98,0x1C03,btfss,"0x03, 0",instruction
0x0A99,0x2A9F,goto,0x29F,instruction
0x0A9A,0x3010,movlw,0x10,instruction
0x0A9B,0x1283,bcf,"0x03, 5",instruction
0x0A9C,0x07EF,addwf,"0x6F, F",instruction
0x0A9D,0x2AC1,goto,0x2C1,instruction
0x0A9E,0x1683,bsf,"0x03, 5",instruction
0x0A9F,0x0C4A,rrf,"0x4A, W",instruction
0x0AA0,0x00F7,movwf,0x77,instruction
0x0AA1,0x0CF7,rrf,"0x77, F",instruction
0x0AA2,0x303F,movlw,0x3F,instruction
0x0AA3,0x05F7,andwf,"0x77, F",instruction
0x0AA4,0x0877,movf,"0x77, W",instruction
0x0AA5,0x1283,bcf,"0x03, 5",instruction
0x0AA6,0x026B,subwf,"0x6B, W",instruction
0x0AA7,0x1903,btfsc,"0x03, 2",instruction
0x0AA8,0x2AC1,goto,0x2C1,instruction
0x0AA9,0x1C03,btfss,"0x03, 0",instruction
0x0AAA,0x2AC1,goto,0x2C1,instruction
0x0AAB,0x1683,bsf,"0x03, 5",instruction
0x0AAC,0x0C4A,rrf,"0x4A, W",instruction
0x0AAD,0x00F7,movwf,0x77,instruction
0x0AAE,0x0CF7,rrf,"0x77, F",instruction
0x0AAF,0x303F,movlw,0x3F,instruction
0x0AB0,0x05F7,andwf,"0x77, F",instruction
0x0AB1,0x0877,movf,"0x77, W",instruction
0x0AB2,0x1283,bcf,"0x03, 5",instruction
0x0AB3,0x026B,subwf,"0x6B, W",instruction
0x0AB4,0x1683,bsf,"0x03, 5",instruction
0x0AB5,0x00CB,movwf,0x4B,instruction
0x0AB6,0x3063,movlw,0x63,instruction
0x0AB7,0x0775,addwf,"0x75, W",instruction
0x0AB8,0x0084,movwf,0x04,instruction
0x0AB9,0x0800,movf,"0x00, W",instruction
0x0ABA,0x024B,subwf,"0x4B, W",instruction
0x0ABB,0x1903,btfsc,"0x03, 2",instruction
0x0ABC,0x2AC2,goto,0x2C2,instruction
0x0ABD,0x1C03,btfss,"0x03, 0",instruction
0x0ABE,0x2AC2,goto,0x2C2,instruction
0x0ABF,0x1283,bcf,"0x03, 5",instruction
0x0AC0,0x0AEF,incf,"0x6F, F",instruction
0x0AC1,0x1683,bsf,"0x03, 5",instruction
0x0AC2,0x0AF5,incf,"0x75, F",instruction
0x0AC3,0x1283,bcf,"0x03, 5",instruction
0x0AC4,0x2A83,goto,0x283,instruction
0x0AC5,0x086F,movf,"0x6F, W",instruction
0x0AC6,0x3C2F,sublw,0x2F,instruction
0x0AC7,0x1803,btfsc,"0x03, 0",instruction
0x0AC8,0x2ACD,goto,0x2CD,instruction
0x0AC9,0x1683,bsf,"0x03, 5",instruction
0x0ACA,0x17A0,bsf,"0x20, 7",instruction
0x0ACB,0x1283,bcf,"0x03, 5",instruction
0x0ACC,0x01E2,clrf,0x62,instruction
0x0ACD,0x1683,bsf,"0x03, 5",instruction
0x0ACE,0x1FA0,btfss,"0x20, 7",instruction
0x0ACF,0x2AD3,goto,0x2D3,instruction
0x0AD0,0x1283,bcf,"0x03, 5",instruction
0x0AD1,0x0AED,incf,"0x6D, F",instruction
0x0AD2,0x1683,bsf,"0x03, 5",instruction
0x0AD3,0x2B2C,goto,0x32C,instruction
0x0AD4,0x1283,bcf,"0x03, 5",instruction
0x0AD5,0x0862,movf,"0x62, W",instruction
0x0AD6,0x3C07,sublw,0x07,instruction
0x0AD7,0x1803,btfsc,"0x03, 0",instruction
0x0AD8,0x2B15,goto,0x315,instruction
0x0AD9,0x01F5,clrf,0x75,instruction
0x0ADA,0x0875,movf,"0x75, W",instruction
0x0ADB,0x3C07,sublw,0x07,instruction
0x0ADC,0x1C03,btfss,"0x03, 0",instruction
0x0ADD,0x2B08,goto,0x308,instruction
0x0ADE,0x3063,movlw,0x63,instruction
0x0ADF,0x0775,addwf,"0x75, W",instruction
0x0AE0,0x0084,movwf,0x04,instruction
0x0AE1,0x0800,movf,"0x00, W",instruction
0x0AE2,0x1683,bsf,"0x03, 5",instruction
0x0AE3,0x00CB,movwf,0x4B,instruction
0x0AE4,0x0D4A,rlf,"0x4A, W",instruction
0x0AE5,0x00CC,movwf,0x4C,instruction
0x0AE6,0x0DCC,rlf,"0x4C, F",instruction
0x0AE7,0x30FC,movlw,0xFC,instruction
0x0AE8,0x05CC,andwf,"0x4C, F",instruction
0x0AE9,0x3009,movlw,0x09,instruction
0x0AEA,0x0775,addwf,"0x75, W",instruction
0x0AEB,0x00F7,movwf,0x77,instruction
0x0AEC,0x1003,bcf,"0x03, 0",instruction
0x0AED,0x0CF7,rrf,"0x77, F",instruction
0x0AEE,0x0877,movf,"0x77, W",instruction
0x0AEF,0x00CE,movwf,0x4E,instruction
0x0AF0,0x084C,movf,"0x4C, W",instruction
0x0AF1,0x00CF,movwf,0x4F,instruction
0x0AF2,0x084E,movf,"0x4E, W",instruction
0x0AF3,0x00D0,movwf,0x50,instruction
0x0AF4,0x118A,bcf,"0x0A, 3",instruction
0x0AF5,0x1283,bcf,"0x03, 5",instruction
0x0AF6,0x2FD9,goto,0x7D9,instruction
0x0AF7,0x158A,bsf,"0x0A, 3",instruction
0x0AF8,0x0878,movf,"0x78, W",instruction
0x0AF9,0x026B,subwf,"0x6B, W",instruction
0x0AFA,0x1683,bsf,"0x03, 5",instruction
0x0AFB,0x024B,subwf,"0x4B, W",instruction
0x0AFC,0x1903,btfsc,"0x03, 2",instruction
0x0AFD,0x2B05,goto,0x305,instruction
0x0AFE,0x1C03,btfss,"0x03, 0",instruction
0x0AFF,0x2B05,goto,0x305,instruction
0x0B00,0x13A0,bcf,"0x20, 7",instruction
0x0B01,0x1320,bcf,"0x20, 6",instruction
0x0B02,0x1283,bcf,"0x03, 5",instruction
0x0B03,0x1330,bcf,"0x30, 6",instruction
0x0B04,0x1683,bsf,"0x03, 5",instruction
0x0B05,0x0AF5,incf,"0x75, F",instruction
0x0B06,0x1283,bcf,"0x03, 5",instruction
0x0B07,0x2ADA,goto,0x2DA,instruction
0x0B08,0x1683,bsf,"0x03, 5",instruction
0x0B09,0x1FA0,btfss,"0x20, 7",instruction
0x0B0A,0x2B13,goto,0x313,instruction
0x0B0B,0x1283,bcf,"0x03, 5",instruction
0x0B0C,0x14CF,bsf,"0x4F, 1",instruction
0x0B0D,0x154F,bsf,"0x4F, 2",instruction
0x0B0E,0x1683,bsf,"0x03, 5",instruction
0x0B0F,0x1720,bsf,"0x20, 6",instruction
0x0B10,0x1283,bcf,"0x03, 5",instruction
0x0B11,0x1330,bcf,"0x30, 6",instruction
0x0B12,0x1683,bsf,"0x03, 5",instruction
0x0B13,0x2B2C,goto,0x32C,instruction
0x0B14,0x1283,bcf,"0x03, 5",instruction
0x0B15,0x3063,movlw,0x63,instruction
0x0B16,0x0775,addwf,"0x75, W",instruction
0x0B17,0x0084,movwf,0x04,instruction
0x0B18,0x0800,movf,"0x00, W",instruction
0x0B19,0x1683,bsf,"0x03, 5",instruction
0x0B1A,0x00CB,movwf,0x4B,instruction
0x0B1B,0x1003,bcf,"0x03, 0",instruction
0x0B1C,0x0D4A,rlf,"0x4A, W",instruction
0x0B1D,0x024B,subwf,"0x4B, W",instruction
0x0B1E,0x1903,btfsc,"0x03, 2",instruction
0x0B1F,0x2B2C,goto,0x32C,instruction
0x0B20,0x1C03,btfss,"0x03, 0",instruction
0x0B21,0x2B2C,goto,0x32C,instruction
0x0B22,0x1FA0,btfss,"0x20, 7",instruction
0x0B23,0x2B2C,goto,0x32C,instruction
0x0B24,0x1283,bcf,"0x03, 5",instruction
0x0B25,0x14CF,bsf,"0x4F, 1",instruction
0x0B26,0x154F,bsf,"0x4F, 2",instruction
0x0B27,0x1683,bsf,"0x03, 5",instruction
0x0B28,0x1720,bsf,"0x20, 6",instruction
0x0B29,0x1283,bcf,"0x03, 5",instruction
0x0B2A,0x1330,bcf,"0x30, 6",instruction
0x0B2B,0x1683,bsf,"0x03, 5",instruction
0x0B2C,0x1283,bcf,"0x03, 5",instruction
0x0B2D,0x0862,movf,"0x62, W",instruction
0x0B2E,0x3C07,sublw,0x07,instruction
0x0B2F,0x1803,btfsc,"0x03, 0",instruction
0x0B30,0x2B32,goto,0x332,instruction
0x0B31,0x01E2,clrf,0x62,instruction
0x0B32,0x158A,bsf,"0x0A, 3",instruction
0x0B33,0x120A,bcf,"0x0A, 4",instruction
0x0B34,0x2B8F,goto,0x38F,instruction
0x0B35,0x1683,bsf,"0x03, 5",instruction
0x0B36,0x1C20,btfss,"0x20, 0",instruction
0x0B37,0x2B42,goto,0x342,instruction
0x0B38,0x084F,movf,"0x4F, W",instruction
0x0B39,0x00DC,movwf,0x5C,instruction
0x0B3A,0x118A,bcf,"0x0A, 3",instruction
0x0B3B,0x1283,bcf,"0x03, 5",instruction
0x0B3C,0x23FF,call,0x3FF,instruction
0x0B3D,0x158A,bsf,"0x0A, 3",instruction
0x0B3E,0x0878,movf,"0x78, W",instruction
0x0B3F,0x1683,bsf,"0x03, 5",instruction
0x0B40,0x00D2,movwf,0x52,instruction
0x0B41,0x2B44,goto,0x344,instruction
0x0B42,0x084D,movf,"0x4D, W",instruction
0x0B43,0x00D2,movwf,0x52,instruction
0x0B44,0x0852,movf,"0x52, W",instruction
0x0B45,0x00F8,movwf,0x78,instruction
0x0B46,0x1283,bcf,"0x03, 5",instruction
0x0B47,0x158A,bsf,"0x0A, 3",instruction
0x0B48,0x120A,bcf,"0x0A, 4",instruction
0x0B49,0x2BA4,goto,0x3A4,instruction
0x0B4A,0x1EC3,btfss,"0x43, 5",instruction
0x0B4B,0x2B51,goto,0x351,instruction
0x0B4C,0x1C86,btfss,"0x06, 1",instruction
0x0B4D,0x2B51,goto,0x351,instruction
0x0B4E,0x118A,bcf,"0x0A, 3",instruction
0x0B4F,0x26B0,call,0x6B0,instruction
0x0B50,0x158A,bsf,"0x0A, 3",instruction
0x0B51,0x1C86,btfss,"0x06, 1",instruction
0x0B52,0x2B84,goto,0x384,instruction
0x0B53,0x1FC3,btfss,"0x43, 7",instruction
0x0B54,0x2B72,goto,0x372,instruction
0x0B55,0x118A,bcf,"0x0A, 3",instruction
0x0B56,0x26B0,call,0x6B0,instruction
0x0B57,0x158A,bsf,"0x0A, 3",instruction
0x0B58,0x30F0,movlw,0xF0,instruction
0x0B59,0x05C3,andwf,"0x43, F",instruction
0x0B5A,0x0847,movf,"0x47, W",instruction
0x0B5B,0x00C5,movwf,0x45,instruction
0x0B5C,0x0846,movf,"0x46, W",instruction
0x0B5D,0x00C4,movwf,0x44,instruction
0x0B5E,0x0845,movf,"0x45, W",instruction
0x0B5F,0x3C13,sublw,0x13,instruction
0x0B60,0x1803,btfsc,"0x03, 0",instruction
0x0B61,0x2B6D,goto,0x36D,instruction
0x0B62,0x3AFF,xorlw,0xFF,instruction
0x0B63,0x1D03,btfss,"0x03, 2",instruction
0x0B64,0x2B69,goto,0x369,instruction
0x0B65,0x0844,movf,"0x44, W",instruction
0x0B66,0x3C50,sublw,0x50,instruction
0x0B67,0x1803,btfsc,"0x03, 0",instruction
0x0B68,0x2B6D,goto,0x36D,instruction
0x0B69,0x3014,movlw,0x14,instruction
0x0B6A,0x00C5,movwf,0x45,instruction
0x0B6B,0x3050,movlw,0x50,instruction
0x0B6C,0x00C4,movwf,0x44,instruction
0x0B6D,0x01C7,clrf,0x47,instruction
0x0B6E,0x01C6,clrf,0x46,instruction
0x0B6F,0x13C3,bcf,"0x43, 7",instruction
0x0B70,0x1243,bcf,"0x43, 4",instruction
0x0B71,0x2B83,goto,0x383,instruction
0x0B72,0x08F2,movf,"0x72, F",instruction
0x0B73,0x1D03,btfss,"0x03, 2",instruction
0x0B74,0x2B83,goto,0x383,instruction
0x0B75,0x08F3,movf,"0x73, F",instruction
0x0B76,0x1D03,btfss,"0x03, 2",instruction
0x0B77,0x2B83,goto,0x383,instruction
0x0B78,0x118A,bcf,"0x0A, 3",instruction
0x0B79,0x26B0,call,0x6B0,instruction
0x0B7A,0x158A,bsf,"0x0A, 3",instruction
0x0B7B,0x0843,movf,"0x43, W",instruction
0x0B7C,0x390F,andlw,0x0F,instruction
0x0B7D,0x3C06,sublw,0x06,instruction
0x0B7E,0x1C03,btfss,"0x03, 0",instruction
0x0B7F,0x2B82,goto,0x382,instruction
0x0B80,0x0AC3,incf,"0x43, F",instruction
0x0B81,0x2B83,goto,0x383,instruction
0x0B82,0x17CF,bsf,"0x4F, 7",instruction
0x0B83,0x2BFF,goto,0x3FF,instruction
0x0B84,0x08F2,movf,"0x72, F",instruction
0x0B85,0x1D03,btfss,"0x03, 2",instruction
0x0B86,0x2BFF,goto,0x3FF,instruction
0x0B87,0x08F3,movf,"0x73, F",instruction
0x0B88,0x1D03,btfss,"0x03, 2",instruction
0x0B89,0x2BFF,goto,0x3FF,instruction
0x0B8A,0x19CF,btfsc,"0x4F, 3",instruction
0x0B8B,0x2BFF,goto,0x3FF,instruction
0x0B8C,0x1AC3,btfsc,"0x43, 5",instruction
0x0B8D,0x2BFF,goto,0x3FF,instruction
0x0B8E,0x29B9,goto,0x1B9,instruction
0x0B8F,0x1486,bsf,"0x06, 1",instruction
0x0B90,0x084C,movf,"0x4C, W",instruction
0x0B91,0x3907,andlw,0x07,instruction
0x0B92,0x118A,bcf,"0x0A, 3",instruction
0x0B93,0x20AE,call,0x0AE,instruction
0x0B94,0x158A,bsf,"0x0A, 3",instruction
0x0B95,0x1683,bsf,"0x03, 5",instruction
0x0B96,0x00CB,movwf,0x4B,instruction
0x0B97,0x1283,bcf,"0x03, 5",instruction
0x0B98,0x084C,movf,"0x4C, W",instruction
0x0B99,0x3907,andlw,0x07,instruction
0x0B9A,0x3E50,addlw,0x50,instruction
0x0B9B,0x1683,bsf,"0x03, 5",instruction
0x0B9C,0x00CC,movwf,0x4C,instruction
0x0B9D,0x01CE,clrf,0x4E,instruction
0x0B9E,0x084B,movf,"0x4B, W",instruction
0x0B9F,0x00CD,movwf,0x4D,instruction
0x0BA0,0x084C,movf,"0x4C, W",instruction
0x0BA1,0x00CF,movwf,0x4F,instruction
0x0BA2,0x1283,bcf,"0x03, 5",instruction
0x0BA3,0x2B35,goto,0x335,instruction
0x0BA4,0x0878,movf,"0x78, W",instruction
0x0BA5,0x07B9,addwf,"0x39, F",instruction
0x0BA6,0x1803,btfsc,"0x03, 0",instruction
0x0BA7,0x0ABA,incf,"0x3A, F",instruction
0x0BA8,0x118A,bcf,"0x0A, 3",instruction
0x0BA9,0x27BE,call,0x7BE,instruction
0x0BAA,0x158A,bsf,"0x0A, 3",instruction
0x0BAB,0x0879,movf,"0x79, W",instruction
0x0BAC,0x00FA,movwf,0x7A,instruction
0x0BAD,0x087A,movf,"0x7A, W",instruction
0x0BAE,0x023A,subwf,"0x3A, W",instruction
0x0BAF,0x1C03,btfss,"0x03, 0",instruction
0x0BB0,0x2BC1,goto,0x3C1,instruction
0x0BB1,0x1D03,btfss,"0x03, 2",instruction
0x0BB2,0x2BB7,goto,0x3B7,instruction
0x0BB3,0x0878,movf,"0x78, W",instruction
0x0BB4,0x0239,subwf,"0x39, W",instruction
0x0BB5,0x1C03,btfss,"0x03, 0",instruction
0x0BB6,0x2BC1,goto,0x3C1,instruction
0x0BB7,0x14D0,bsf,"0x50, 1",instruction
0x0BB8,0x118A,bcf,"0x0A, 3",instruction
0x0BB9,0x27BE,call,0x7BE,instruction
0x0BBA,0x158A,bsf,"0x0A, 3",instruction
0x0BBB,0x0878,movf,"0x78, W",instruction
0x0BBC,0x02B9,subwf,"0x39, F",instruction
0x0BBD,0x0879,movf,"0x79, W",instruction
0x0BBE,0x1C03,btfss,"0x03, 0",instruction
0x0BBF,0x0F79,incfsz,"0x79, W",instruction
0x0BC0,0x02BA,subwf,"0x3A, F",instruction
0x0BC1,0x0AE1,incf,"0x61, F",instruction
0x0BC2,0x08C5,movf,"0x45, F",instruction
0x0BC3,0x1D03,btfss,"0x03, 2",instruction
0x0BC4,0x2BCD,goto,0x3CD,instruction
0x0BC5,0x0844,movf,"0x44, W",instruction
0x0BC6,0x3C63,sublw,0x63,instruction
0x0BC7,0x1C03,btfss,"0x03, 0",instruction
0x0BC8,0x2BCD,goto,0x3CD,instruction
0x0BC9,0x3002,movlw,0x02,instruction
0x0BCA,0x00C5,movwf,0x45,instruction
0x0BCB,0x308A,movlw,0x8A,instruction
0x0BCC,0x00C4,movwf,0x44,instruction
0x0BCD,0x1B43,btfsc,"0x43, 6",instruction
0x0BCE,0x2BEA,goto,0x3EA,instruction
0x0BCF,0x1003,bcf,"0x03, 0",instruction
0x0BD0,0x0D44,rlf,"0x44, W",instruction
0x0BD1,0x1683,bsf,"0x03, 5",instruction
0x0BD2,0x00CA,movwf,0x4A,instruction
0x0BD3,0x1283,bcf,"0x03, 5",instruction
0x0BD4,0x0D45,rlf,"0x45, W",instruction
0x0BD5,0x1683,bsf,"0x03, 5",instruction
0x0BD6,0x00CB,movwf,0x4B,instruction
0x0BD7,0x084B,movf,"0x4B, W",instruction
0x0BD8,0x00D3,movwf,0x53,instruction
0x0BD9,0x084A,movf,"0x4A, W",instruction
0x0BDA,0x00D2,movwf,0x52,instruction
0x0BDB,0x1283,bcf,"0x03, 5",instruction
0x0BDC,0x130B,bcf,"0x0B, 6",instruction
0x0BDD,0x138B,bcf,"0x0B, 7",instruction
0x0BDE,0x1B8B,btfsc,"0x0B, 7",instruction
0x0BDF,0x2BDD,goto,0x3DD,instruction
0x0BE0,0x1683,bsf,"0x03, 5",instruction
0x0BE1,0x0853,movf,"0x53, W",instruction
0x0BE2,0x00F3,movwf,0x73,instruction
0x0BE3,0x0852,movf,"0x52, W",instruction
0x0BE4,0x00F2,movwf,0x72,instruction
0x0BE5,0x30C0,movlw,0xC0,instruction
0x0BE6,0x1283,bcf,"0x03, 5",instruction
0x0BE7,0x048B,iorwf,"0x0B, F",instruction
0x0BE8,0x1343,bcf,"0x43, 6",instruction
0x0BE9,0x2BFF,goto,0x3FF,instruction
0x0BEA,0x0845,movf,"0x45, W",instruction
0x0BEB,0x1683,bsf,"0x03, 5",instruction
0x0BEC,0x00D3,movwf,0x53,instruction
0x0BED,0x1283,bcf,"0x03, 5",instruction
0x0BEE,0x0844,movf,"0x44, W",instruction
0x0BEF,0x1683,bsf,"0x03, 5",instruction
0x0BF0,0x00D2,movwf,0x52,instruction
0x0BF1,0x1283,bcf,"0x03, 5",instruction
0x0BF2,0x130B,bcf,"0x0B, 6",instruction
0x0BF3,0x138B,bcf,"0x0B, 7",instruction
0x0BF4,0x1B8B,btfsc,"0x0B, 7",instruction
0x0BF5,0x2BF3,goto,0x3F3,instruction
0x0BF6,0x1683,bsf,"0x03, 5",instruction
0x0BF7,0x0853,movf,"0x53, W",instruction
0x0BF8,0x00F3,movwf,0x73,instruction
0x0BF9,0x0852,movf,"0x52, W",instruction
0x0BFA,0x00F2,movwf,0x72,instruction
0x0BFB,0x30C0,movlw,0xC0,instruction
0x0BFC,0x1283,bcf,"0x03, 5",instruction
0x0BFD,0x048B,iorwf,"0x0B, F",instruction
0x0BFE,0x1343,bcf,"0x43, 6",instruction
0x0BFF,0x158A,bsf,"0x0A, 3",instruction
0x0C00,0x160A,bsf,"0x0A, 4",instruction
0x0C01,0x2880,goto,0x080,instruction
0x0C02,0x083B,movf,"0x3B, W",instruction
0x0C03,0x390F,andlw,0x0F,instruction
0x0C04,0x3C0C,sublw,0x0C,instruction
0x0C05,0x1803,btfsc,"0x03, 0",instruction
0x0C06,0x2C08,goto,0x408,instruction
0x0C07,0x154F,bsf,"0x4F, 2",instruction
0x0C08,0x1030,bcf,"0x30, 0",instruction
0x0C09,0x1A08,btfsc,"0x08, 4",instruction
0x0C0A,0x1430,bsf,"0x30, 0",instruction
0x0C0B,0x1A08,btfsc,"0x08, 4",instruction
0x0C0C,0x2C0F,goto,0x40F,instruction
0x0C0D,0x01DE,clrf,0x5E,instruction
0x0C0E,0x2C19,goto,0x419,instruction
0x0C0F,0x118A,bcf,"0x0A, 3",instruction
0x0C10,0x27F2,call,0x7F2,instruction
0x0C11,0x158A,bsf,"0x0A, 3",instruction
0x0C12,0x300C,movlw,0x0C,instruction
0x0C13,0x1683,bsf,"0x03, 5",instruction
0x0C14,0x00D6,movwf,0x56,instruction
0x0C15,0x118A,bcf,"0x0A, 3",instruction
0x0C16,0x1283,bcf,"0x03, 5",instruction
0x0C17,0x276E,call,0x76E,instruction
0x0C18,0x158A,bsf,"0x0A, 3",instruction
0x0C19,0x085E,movf,"0x5E, W",instruction
0x0C1A,0x3CE0,sublw,0xE0,instruction
0x0C1B,0x1803,btfsc,"0x03, 0",instruction
0x0C1C,0x2C20,goto,0x420,instruction
0x0C1D,0x164F,bsf,"0x4F, 4",instruction
0x0C1E,0x30E1,movlw,0xE1,instruction
0x0C1F,0x00DE,movwf,0x5E,instruction
0x0C20,0x1C88,btfss,"0x08, 1",instruction
0x0C21,0x2C2E,goto,0x42E,instruction
0x0C22,0x118A,bcf,"0x0A, 3",instruction
0x0C23,0x27F2,call,0x7F2,instruction
0x0C24,0x158A,bsf,"0x0A, 3",instruction
0x0C25,0x15CF,bsf,"0x4F, 3",instruction
0x0C26,0x3018,movlw,0x18,instruction
0x0C27,0x1683,bsf,"0x03, 5",instruction
0x0C28,0x00D6,movwf,0x56,instruction
0x0C29,0x118A,bcf,"0x0A, 3",instruction
0x0C2A,0x1283,bcf,"0x03, 5",instruction
0x0C2B,0x276E,call,0x76E,instruction
0x0C2C,0x158A,bsf,"0x0A, 3",instruction
0x0C2D,0x2C35,goto,0x435,instruction
0x0C2E,0x085F,movf,"0x5F, W",instruction
0x0C2F,0x3CB3,sublw,0xB3,instruction
0x0C30,0x1C03,btfss,"0x03, 0",instruction
0x0C31,0x2C35,goto,0x435,instruction
0x0C32,0x1130,bcf,"0x30, 2",instruction
0x0C33,0x11CF,bcf,"0x4F, 3",instruction
0x0C34,0x01DF,clrf,0x5F,instruction
0x0C35,0x085F,movf,"0x5F, W",instruction
0x0C36,0x3CB3,sublw,0xB3,instruction
0x0C37,0x1803,btfsc,"0x03, 0",instruction
0x0C38,0x2C3D,goto,0x43D,instruction
0x0C39,0x1530,bsf,"0x30, 2",instruction
0x0C3A,0x15CF,bsf,"0x4F, 3",instruction
0x0C3B,0x30B4,movlw,0xB4,instruction
0x0C3C,0x00DF,movwf,0x5F,instruction
0x0C3D,0x1F4F,btfss,"0x4F, 6",instruction
0x0C3E,0x2C40,goto,0x440,instruction
0x0C3F,0x15B0,bsf,"0x30, 3",instruction
0x0C40,0x3400,retlw,0x00,instruction
0x0C41,0x1683,bsf,"0x03, 5",instruction
0x0C42,0x1C20,btfss,"0x20, 0",instruction
0x0C43,0x2C77,goto,0x477,instruction
0x0C44,0x3068,movlw,0x68,instruction
0x0C45,0x00CE,movwf,0x4E,instruction
0x0C46,0x1283,bcf,"0x03, 5",instruction
0x0C47,0x1951,btfsc,"0x51, 2",instruction
0x0C48,0x2C4D,goto,0x44D,instruction
0x0C49,0x3030,movlw,0x30,instruction
0x0C4A,0x1683,bsf,"0x03, 5",instruction
0x0C4B,0x07CE,addwf,"0x4E, F",instruction
0x0C4C,0x1283,bcf,"0x03, 5",instruction
0x0C4D,0x1683,bsf,"0x03, 5",instruction
0x0C4E,0x084E,movf,"0x4E, W",instruction
0x0C4F,0x1283,bcf,"0x03, 5",instruction
0x0C50,0x1703,bsf,"0x03, 6",instruction
0x0C51,0x008D,movwf,0x0D,instruction
0x0C52,0x1683,bsf,"0x03, 5",instruction
0x0C53,0x138C,bcf,"0x0C, 7",instruction
0x0C54,0x140C,bsf,"0x0C, 0",instruction
0x0C55,0x1283,bcf,"0x03, 5",instruction
0x0C56,0x080C,movf,"0x0C, W",instruction
0x0C57,0x1683,bsf,"0x03, 5",instruction
0x0C58,0x1303,bcf,"0x03, 6",instruction
0x0C59,0x00CC,movwf,0x4C,instruction
0x0C5A,0x3001,movlw,0x01,instruction
0x0C5B,0x074E,addwf,"0x4E, W",instruction
0x0C5C,0x00CF,movwf,0x4F,instruction
0x0C5D,0x1283,bcf,"0x03, 5",instruction
0x0C5E,0x1703,bsf,"0x03, 6",instruction
0x0C5F,0x008D,movwf,0x0D,instruction
0x0C60,0x1683,bsf,"0x03, 5",instruction
0x0C61,0x138C,bcf,"0x0C, 7",instruction
0x0C62,0x140C,bsf,"0x0C, 0",instruction
0x0C63,0x1283,bcf,"0x03, 5",instruction
0x0C64,0x080C,movf,"0x0C, W",instruction
0x0C65,0x1683,bsf,"0x03, 5",instruction
0x0C66,0x1303,bcf,"0x03, 6",instruction
0x0C67,0x00CD,movwf,0x4D,instruction
0x0C68,0x084C,movf,"0x4C, W",instruction
0x0C69,0x3C82,sublw,0x82,instruction
0x0C6A,0x1803,btfsc,"0x03, 0",instruction
0x0C6B,0x2C6E,goto,0x46E,instruction
0x0C6C,0x3082,movlw,0x82,instruction
0x0C6D,0x00CC,movwf,0x4C,instruction
0x0C6E,0x3028,movlw,0x28,instruction
0x0C6F,0x074C,addwf,"0x4C, W",instruction
0x0C70,0x024D,subwf,"0x4D, W",instruction
0x0C71,0x1803,btfsc,"0x03, 0",instruction
0x0C72,0x2C76,goto,0x476,instruction
0x0C73,0x3028,movlw,0x28,instruction
0x0C74,0x074C,addwf,"0x4C, W",instruction
0x0C75,0x00CD,movwf,0x4D,instruction
0x0C76,0x2C7B,goto,0x47B,instruction
0x0C77,0x305A,movlw,0x5A,instruction
0x0C78,0x00CC,movwf,0x4C,instruction
0x0C79,0x30AA,movlw,0xAA,instruction
0x0C7A,0x00CD,movwf,0x4D,instruction
0x0C7B,0x1283,bcf,"0x03, 5",instruction
0x0C7C,0x19D1,btfsc,"0x51, 3",instruction
0x0C7D,0x2CEF,goto,0x4EF,instruction
0x0C7E,0x0857,movf,"0x57, W",instruction
0x0C7F,0x3C13,sublw,0x13,instruction
0x0C80,0x1C03,btfss,"0x03, 0",instruction
0x0C81,0x2C93,goto,0x493,instruction
0x0C82,0x01A9,clrf,0x29,instruction
0x0C83,0x084C,movf,"0x4C, W",instruction
0x0C84,0x3970,andlw,0x70,instruction
0x0C85,0x3C20,sublw,0x20,instruction
0x0C86,0x1903,btfsc,"0x03, 2",instruction
0x0C87,0x2C92,goto,0x492,instruction
0x0C88,0x084C,movf,"0x4C, W",instruction
0x0C89,0x3907,andlw,0x07,instruction
0x0C8A,0x00F7,movwf,0x77,instruction
0x0C8B,0x0DF7,rlf,"0x77, F",instruction
0x0C8C,0x0DF7,rlf,"0x77, F",instruction
0x0C8D,0x30FC,movlw,0xFC,instruction
0x0C8E,0x05F7,andwf,"0x77, F",instruction
0x0C8F,0x0877,movf,"0x77, W",instruction
0x0C90,0x3E19,addlw,0x19,instruction
0x0C91,0x00A9,movwf,0x29,instruction
0x0C92,0x2CEF,goto,0x4EF,instruction
0x0C93,0x0857,movf,"0x57, W",instruction
0x0C94,0x1683,bsf,"0x03, 5",instruction
0x0C95,0x024C,subwf,"0x4C, W",instruction
0x0C96,0x1C03,btfss,"0x03, 0",instruction
0x0C97,0x2C9D,goto,0x49D,instruction
0x0C98,0x3019,movlw,0x19,instruction
0x0C99,0x1283,bcf,"0x03, 5",instruction
0x0C9A,0x00A9,movwf,0x29,instruction
0x0C9B,0x2CE9,goto,0x4E9,instruction
0x0C9C,0x1683,bsf,"0x03, 5",instruction
0x0C9D,0x084D,movf,"0x4D, W",instruction
0x0C9E,0x1283,bcf,"0x03, 5",instruction
0x0C9F,0x0257,subwf,"0x57, W",instruction
0x0CA0,0x1C03,btfss,"0x03, 0",instruction
0x0CA1,0x2CA5,goto,0x4A5,instruction
0x0CA2,0x3064,movlw,0x64,instruction
0x0CA3,0x00A9,movwf,0x29,instruction
0x0CA4,0x2CE9,goto,0x4E9,instruction
0x0CA5,0x1683,bsf,"0x03, 5",instruction
0x0CA6,0x084C,movf,"0x4C, W",instruction
0x0CA7,0x1283,bcf,"0x03, 5",instruction
0x0CA8,0x0257,subwf,"0x57, W",instruction
0x0CA9,0x01FA,clrf,0x7A,instruction
0x0CAA,0x1683,bsf,"0x03, 5",instruction
0x0CAB,0x00CF,movwf,0x4F,instruction
0x0CAC,0x087A,movf,"0x7A, W",instruction
0x0CAD,0x00D0,movwf,0x50,instruction
0x0CAE,0x01D7,clrf,0x57,instruction
0x0CAF,0x304B,movlw,0x4B,instruction
0x0CB0,0x00D6,movwf,0x56,instruction
0x0CB1,0x0850,movf,"0x50, W",instruction
0x0CB2,0x00D9,movwf,0x59,instruction
0x0CB3,0x084F,movf,"0x4F, W",instruction
0x0CB4,0x00D8,movwf,0x58,instruction
0x0CB5,0x118A,bcf,"0x0A, 3",instruction
0x0CB6,0x1283,bcf,"0x03, 5",instruction
0x0CB7,0x23E8,call,0x3E8,instruction
0x0CB8,0x158A,bsf,"0x0A, 3",instruction
0x0CB9,0x0879,movf,"0x79, W",instruction
0x0CBA,0x1683,bsf,"0x03, 5",instruction
0x0CBB,0x00D1,movwf,0x51,instruction
0x0CBC,0x0878,movf,"0x78, W",instruction
0x0CBD,0x00D0,movwf,0x50,instruction
0x0CBE,0x084C,movf,"0x4C, W",instruction
0x0CBF,0x024D,subwf,"0x4D, W",instruction
0x0CC0,0x01FA,clrf,0x7A,instruction
0x0CC1,0x00D2,movwf,0x52,instruction
0x0CC2,0x087A,movf,"0x7A, W",instruction
0x0CC3,0x00D3,movwf,0x53,instruction
0x0CC4,0x0851,movf,"0x51, W",instruction
0x0CC5,0x00D7,movwf,0x57,instruction
0x0CC6,0x0850,movf,"0x50, W",instruction
0x0CC7,0x00D6,movwf,0x56,instruction
0x0CC8,0x0853,movf,"0x53, W",instruction
0x0CC9,0x00D9,movwf,0x59,instruction
0x0CCA,0x0852,movf,"0x52, W",instruction
0x0CCB,0x00D8,movwf,0x58,instruction
0x0CCC,0x118A,bcf,"0x0A, 3",instruction
0x0CCD,0x1283,bcf,"0x03, 5",instruction
0x0CCE,0x24D1,call,0x4D1,instruction
0x0CCF,0x158A,bsf,"0x0A, 3",instruction
0x0CD0,0x0879,movf,"0x79, W",instruction
0x0CD1,0x1683,bsf,"0x03, 5",instruction
0x0CD2,0x00D2,movwf,0x52,instruction
0x0CD3,0x0878,movf,"0x78, W",instruction
0x0CD4,0x00D1,movwf,0x51,instruction
0x0CD5,0x3019,movlw,0x19,instruction
0x0CD6,0x0751,addwf,"0x51, W",instruction
0x0CD7,0x00CA,movwf,0x4A,instruction
0x0CD8,0x0852,movf,"0x52, W",instruction
0x0CD9,0x00CB,movwf,0x4B,instruction
0x0CDA,0x1803,btfsc,"0x03, 0",instruction
0x0CDB,0x0ACB,incf,"0x4B, F",instruction
0x0CDC,0x08CB,movf,"0x4B, F",instruction
0x0CDD,0x1D03,btfss,"0x03, 2",instruction
0x0CDE,0x2CE3,goto,0x4E3,instruction
0x0CDF,0x084A,movf,"0x4A, W",instruction
0x0CE0,0x3C64,sublw,0x64,instruction
0x0CE1,0x1803,btfsc,"0x03, 0",instruction
0x0CE2,0x2CE6,goto,0x4E6,instruction
0x0CE3,0x01CB,clrf,0x4B,instruction
0x0CE4,0x3064,movlw,0x64,instruction
0x0CE5,0x00CA,movwf,0x4A,instruction
0x0CE6,0x084A,movf,"0x4A, W",instruction
0x0CE7,0x1283,bcf,"0x03, 5",instruction
0x0CE8,0x00A9,movwf,0x29,instruction
0x0CE9,0x0829,movf,"0x29, W",instruction
0x0CEA,0x3C18,sublw,0x18,instruction
0x0CEB,0x1C03,btfss,"0x03, 0",instruction
0x0CEC,0x2CEF,goto,0x4EF,instruction
0x0CED,0x3019,movlw,0x19,instruction
0x0CEE,0x00A9,movwf,0x29,instruction
0x0CEF,0x158A,bsf,"0x0A, 3",instruction
0x0CF0,0x160A,bsf,"0x0A, 4",instruction
0x0CF1,0x2886,goto,0x086,instruction
0x0CF2,0x1683,bsf,"0x03, 5",instruction
0x0CF3,0x0821,movf,"0x21, W",instruction
0x0CF4,0x00CC,movwf,0x4C,instruction
0x0CF5,0x104D,bcf,"0x4D, 0",instruction
0x0CF6,0x1283,bcf,"0x03, 5",instruction
0x0CF7,0x19D1,btfsc,"0x51, 3",instruction
0x0CF8,0x2E67,goto,0x667,instruction
0x0CF9,0x1683,bsf,"0x03, 5",instruction
0x0CFA,0x08A1,movf,"0x21, F",instruction
0x0CFB,0x1D03,btfss,"0x03, 2",instruction
0x0CFC,0x2D02,goto,0x502,instruction
0x0CFD,0x0822,movf,"0x22, W",instruction
0x0CFE,0x00CA,movwf,0x4A,instruction
0x0CFF,0x01CB,clrf,0x4B,instruction
0x0D00,0x1BA0,btfsc,"0x20, 7",instruction
0x0D01,0x0ACB,incf,"0x4B, F",instruction
0x0D02,0x0B21,decfsz,"0x21, W",instruction
0x0D03,0x2D0B,goto,0x50B,instruction
0x0D04,0x1283,bcf,"0x03, 5",instruction
0x0D05,0x0857,movf,"0x57, W",instruction
0x0D06,0x1683,bsf,"0x03, 5",instruction
0x0D07,0x00CA,movwf,0x4A,instruction
0x0D08,0x01CB,clrf,0x4B,instruction
0x0D09,0x1B20,btfsc,"0x20, 6",instruction
0x0D0A,0x0ACB,incf,"0x4B, F",instruction
0x0D0B,0x0821,movf,"0x21, W",instruction
0x0D0C,0x3C02,sublw,0x02,instruction
0x0D0D,0x1D03,btfss,"0x03, 2",instruction
0x0D0E,0x2D1B,goto,0x51B,instruction
0x0D0F,0x1283,bcf,"0x03, 5",instruction
0x0D10,0x082E,movf,"0x2E, W",instruction
0x0D11,0x1683,bsf,"0x03, 5",instruction
0x0D12,0x00CA,movwf,0x4A,instruction
0x0D13,0x01CB,clrf,0x4B,instruction
0x0D14,0x1283,bcf,"0x03, 5",instruction
0x0D15,0x1F30,btfss,"0x30, 6",instruction
0x0D16,0x2D1A,goto,0x51A,instruction
0x0D17,0x1683,bsf,"0x03, 5",instruction
0x0D18,0x0ACB,incf,"0x4B, F",instruction
0x0D19,0x1283,bcf,"0x03, 5",instruction
0x0D1A,0x1683,bsf,"0x03, 5",instruction
0x0D1B,0x0821,movf,"0x21, W",instruction
0x0D1C,0x3C03,sublw,0x03,instruction
0x0D1D,0x1D03,btfss,"0x03, 2",instruction
0x0D1E,0x2D27,goto,0x527,instruction
0x0D1F,0x1283,bcf,"0x03, 5",instruction
0x0D20,0x082F,movf,"0x2F, W",instruction
0x0D21,0x1683,bsf,"0x03, 5",instruction
0x0D22,0x00CA,movwf,0x4A,instruction
0x0D23,0x1283,bcf,"0x03, 5",instruction
0x0D24,0x086D,movf,"0x6D, W",instruction
0x0D25,0x1683,bsf,"0x03, 5",instruction
0x0D26,0x00CB,movwf,0x4B,instruction
0x0D27,0x0821,movf,"0x21, W",instruction
0x0D28,0x3C04,sublw,0x04,instruction
0x0D29,0x1D03,btfss,"0x03, 2",instruction
0x0D2A,0x2D37,goto,0x537,instruction
0x0D2B,0x1283,bcf,"0x03, 5",instruction
0x0D2C,0x0834,movf,"0x34, W",instruction
0x0D2D,0x1683,bsf,"0x03, 5",instruction
0x0D2E,0x00CA,movwf,0x4A,instruction
0x0D2F,0x01CB,clrf,0x4B,instruction
0x0D30,0x1283,bcf,"0x03, 5",instruction
0x0D31,0x1C50,btfss,"0x50, 0",instruction
0x0D32,0x2D36,goto,0x536,instruction
0x0D33,0x1683,bsf,"0x03, 5",instruction
0x0D34,0x0ACB,incf,"0x4B, F",instruction
0x0D35,0x1283,bcf,"0x03, 5",instruction
0x0D36,0x1683,bsf,"0x03, 5",instruction
0x0D37,0x0821,movf,"0x21, W",instruction
0x0D38,0x3C05,sublw,0x05,instruction
0x0D39,0x1D03,btfss,"0x03, 2",instruction
0x0D3A,0x2D43,goto,0x543,instruction
0x0D3B,0x1283,bcf,"0x03, 5",instruction
0x0D3C,0x0837,movf,"0x37, W",instruction
0x0D3D,0x1683,bsf,"0x03, 5",instruction
0x0D3E,0x00CA,movwf,0x4A,instruction
0x0D3F,0x1283,bcf,"0x03, 5",instruction
0x0D40,0x0862,movf,"0x62, W",instruction
0x0D41,0x1683,bsf,"0x03, 5",instruction
0x0D42,0x00CB,movwf,0x4B,instruction
0x0D43,0x0821,movf,"0x21, W",instruction
0x0D44,0x3C06,sublw,0x06,instruction
0x0D45,0x1D03,btfss,"0x03, 2",instruction
0x0D46,0x2D4F,goto,0x54F,instruction
0x0D47,0x1283,bcf,"0x03, 5",instruction
0x0D48,0x0829,movf,"0x29, W",instruction
0x0D49,0x1683,bsf,"0x03, 5",instruction
0x0D4A,0x00CA,movwf,0x4A,instruction
0x0D4B,0x1283,bcf,"0x03, 5",instruction
0x0D4C,0x086B,movf,"0x6B, W",instruction
0x0D4D,0x1683,bsf,"0x03, 5",instruction
0x0D4E,0x00CB,movwf,0x4B,instruction
0x0D4F,0x0821,movf,"0x21, W",instruction
0x0D50,0x3C07,sublw,0x07,instruction
0x0D51,0x1D03,btfss,"0x03, 2",instruction
0x0D52,0x2D5B,goto,0x55B,instruction
0x0D53,0x1283,bcf,"0x03, 5",instruction
0x0D54,0x0848,movf,"0x48, W",instruction
0x0D55,0x1683,bsf,"0x03, 5",instruction
0x0D56,0x00CA,movwf,0x4A,instruction
0x0D57,0x1283,bcf,"0x03, 5",instruction
0x0D58,0x0861,movf,"0x61, W",instruction
0x0D59,0x1683,bsf,"0x03, 5",instruction
0x0D5A,0x00CB,movwf,0x4B,instruction
0x0D5B,0x0821,movf,"0x21, W",instruction
0x0D5C,0x3C08,sublw,0x08,instruction
0x0D5D,0x1D03,btfss,"0x03, 2",instruction
0x0D5E,0x2D67,goto,0x567,instruction
0x0D5F,0x1283,bcf,"0x03, 5",instruction
0x0D60,0x082D,movf,"0x2D, W",instruction
0x0D61,0x1683,bsf,"0x03, 5",instruction
0x0D62,0x00CA,movwf,0x4A,instruction
0x0D63,0x1283,bcf,"0x03, 5",instruction
0x0D64,0x086C,movf,"0x6C, W",instruction
0x0D65,0x1683,bsf,"0x03, 5",instruction
0x0D66,0x00CB,movwf,0x4B,instruction
0x0D67,0x0821,movf,"0x21, W",instruction
0x0D68,0x3C09,sublw,0x09,instruction
0x0D69,0x1D03,btfss,"0x03, 2",instruction
0x0D6A,0x2D70,goto,0x570,instruction
0x0D6B,0x1283,bcf,"0x03, 5",instruction
0x0D6C,0x084C,movf,"0x4C, W",instruction
0x0D6D,0x1683,bsf,"0x03, 5",instruction
0x0D6E,0x00CA,movwf,0x4A,instruction
0x0D6F,0x144D,bsf,"0x4D, 0",instruction
0x0D70,0x0821,movf,"0x21, W",instruction
0x0D71,0x3C0A,sublw,0x0A,instruction
0x0D72,0x1D03,btfss,"0x03, 2",instruction
0x0D73,0x2D79,goto,0x579,instruction
0x0D74,0x1283,bcf,"0x03, 5",instruction
0x0D75,0x083A,movf,"0x3A, W",instruction
0x0D76,0x1683,bsf,"0x03, 5",instruction
0x0D77,0x00CA,movwf,0x4A,instruction
0x0D78,0x144D,bsf,"0x4D, 0",instruction
0x0D79,0x0821,movf,"0x21, W",instruction
0x0D7A,0x3C0B,sublw,0x0B,instruction
0x0D7B,0x1D03,btfss,"0x03, 2",instruction
0x0D7C,0x2D82,goto,0x582,instruction
0x0D7D,0x1283,bcf,"0x03, 5",instruction
0x0D7E,0x0839,movf,"0x39, W",instruction
0x0D7F,0x1683,bsf,"0x03, 5",instruction
0x0D80,0x00CA,movwf,0x4A,instruction
0x0D81,0x144D,bsf,"0x4D, 0",instruction
0x0D82,0x0821,movf,"0x21, W",instruction
0x0D83,0x3C0C,sublw,0x0C,instruction
0x0D84,0x1D03,btfss,"0x03, 2",instruction
0x0D85,0x2D95,goto,0x595,instruction
0x0D86,0x118A,bcf,"0x0A, 3",instruction
0x0D87,0x1283,bcf,"0x03, 5",instruction
0x0D88,0x27BE,call,0x7BE,instruction
0x0D89,0x158A,bsf,"0x0A, 3",instruction
0x0D8A,0x0879,movf,"0x79, W",instruction
0x0D8B,0x1683,bsf,"0x03, 5",instruction
0x0D8C,0x00CF,movwf,0x4F,instruction
0x0D8D,0x0878,movf,"0x78, W",instruction
0x0D8E,0x00CE,movwf,0x4E,instruction
0x0D8F,0x084F,movf,"0x4F, W",instruction
0x0D90,0x00CA,movwf,0x4A,instruction
0x0D91,0x1283,bcf,"0x03, 5",instruction
0x0D92,0x086E,movf,"0x6E, W",instruction
0x0D93,0x1683,bsf,"0x03, 5",instruction
0x0D94,0x00CB,movwf,0x4B,instruction
0x0D95,0x0821,movf,"0x21, W",instruction
0x0D96,0x3C0D,sublw,0x0D,instruction
0x0D97,0x1D03,btfss,"0x03, 2",instruction
0x0D98,0x2DA1,goto,0x5A1,instruction
0x0D99,0x118A,bcf,"0x0A, 3",instruction
0x0D9A,0x1283,bcf,"0x03, 5",instruction
0x0D9B,0x27BE,call,0x7BE,instruction
0x0D9C,0x158A,bsf,"0x0A, 3",instruction
0x0D9D,0x0878,movf,"0x78, W",instruction
0x0D9E,0x1683,bsf,"0x03, 5",instruction
0x0D9F,0x00CA,movwf,0x4A,instruction
0x0DA0,0x144D,bsf,"0x4D, 0",instruction
0x0DA1,0x0821,movf,"0x21, W",instruction
0x0DA2,0x3C0E,sublw,0x0E,instruction
0x0DA3,0x1D03,btfss,"0x03, 2",instruction
0x0DA4,0x2DAA,goto,0x5AA,instruction
0x0DA5,0x1283,bcf,"0x03, 5",instruction
0x0DA6,0x0845,movf,"0x45, W",instruction
0x0DA7,0x1683,bsf,"0x03, 5",instruction
0x0DA8,0x00CA,movwf,0x4A,instruction
0x0DA9,0x144D,bsf,"0x4D, 0",instruction
0x0DAA,0x0821,movf,"0x21, W",instruction
0x0DAB,0x3C0F,sublw,0x0F,instruction
0x0DAC,0x1D03,btfss,"0x03, 2",instruction
0x0DAD,0x2DB6,goto,0x5B6,instruction
0x0DAE,0x1283,bcf,"0x03, 5",instruction
0x0DAF,0x0844,movf,"0x44, W",instruction
0x0DB0,0x1683,bsf,"0x03, 5",instruction
0x0DB1,0x00CA,movwf,0x4A,instruction
0x0DB2,0x1283,bcf,"0x03, 5",instruction
0x0DB3,0x0860,movf,"0x60, W",instruction
0x0DB4,0x1683,bsf,"0x03, 5",instruction
0x0DB5,0x00CB,movwf,0x4B,instruction
0x0DB6,0x0821,movf,"0x21, W",instruction
0x0DB7,0x3C0F,sublw,0x0F,instruction
0x0DB8,0x1803,btfsc,"0x03, 0",instruction
0x0DB9,0x2DBE,goto,0x5BE,instruction
0x0DBA,0x1283,bcf,"0x03, 5",instruction
0x0DBB,0x083E,movf,"0x3E, W",instruction
0x0DBC,0x1683,bsf,"0x03, 5",instruction
0x0DBD,0x00CA,movwf,0x4A,instruction
0x0DBE,0x0821,movf,"0x21, W",instruction
0x0DBF,0x3C11,sublw,0x11,instruction
0x0DC0,0x1D03,btfss,"0x03, 2",instruction
0x0DC1,0x2DC6,goto,0x5C6,instruction
0x0DC2,0x1283,bcf,"0x03, 5",instruction
0x0DC3,0x083D,movf,"0x3D, W",instruction
0x0DC4,0x1683,bsf,"0x03, 5",instruction
0x0DC5,0x00CA,movwf,0x4A,instruction
0x0DC6,0x0821,movf,"0x21, W",instruction
0x0DC7,0x3C12,sublw,0x12,instruction
0x0DC8,0x1D03,btfss,"0x03, 2",instruction
0x0DC9,0x2DCC,goto,0x5CC,instruction
0x0DCA,0x0820,movf,"0x20, W",instruction
0x0DCB,0x00CA,movwf,0x4A,instruction
0x0DCC,0x0821,movf,"0x21, W",instruction
0x0DCD,0x3C13,sublw,0x13,instruction
0x0DCE,0x1D03,btfss,"0x03, 2",instruction
0x0DCF,0x2DD4,goto,0x5D4,instruction
0x0DD0,0x1283,bcf,"0x03, 5",instruction
0x0DD1,0x084F,movf,"0x4F, W",instruction
0x0DD2,0x1683,bsf,"0x03, 5",instruction
0x0DD3,0x00CA,movwf,0x4A,instruction
0x0DD4,0x0821,movf,"0x21, W",instruction
0x0DD5,0x3C14,sublw,0x14,instruction
0x0DD6,0x1D03,btfss,"0x03, 2",instruction
0x0DD7,0x2DDC,goto,0x5DC,instruction
0x0DD8,0x1283,bcf,"0x03, 5",instruction
0x0DD9,0x085D,movf,"0x5D, W",instruction
0x0DDA,0x1683,bsf,"0x03, 5",instruction
0x0DDB,0x00CA,movwf,0x4A,instruction
0x0DDC,0x0821,movf,"0x21, W",instruction
0x0DDD,0x3C15,sublw,0x15,instruction
0x0DDE,0x1D03,btfss,"0x03, 2",instruction
0x0DDF,0x2DE4,goto,0x5E4,instruction
0x0DE0,0x1283,bcf,"0x03, 5",instruction
0x0DE1,0x0858,movf,"0x58, W",instruction
0x0DE2,0x1683,bsf,"0x03, 5",instruction
0x0DE3,0x00CA,movwf,0x4A,instruction
0x0DE4,0x0821,movf,"0x21, W",instruction
0x0DE5,0x3C16,sublw,0x16,instruction
0x0DE6,0x1D03,btfss,"0x03, 2",instruction
0x0DE7,0x2DEC,goto,0x5EC,instruction
0x0DE8,0x1283,bcf,"0x03, 5",instruction
0x0DE9,0x085F,movf,"0x5F, W",instruction
0x0DEA,0x1683,bsf,"0x03, 5",instruction
0x0DEB,0x00CA,movwf,0x4A,instruction
0x0DEC,0x0821,movf,"0x21, W",instruction
0x0DED,0x3C17,sublw,0x17,instruction
0x0DEE,0x1D03,btfss,"0x03, 2",instruction
0x0DEF,0x2DF4,goto,0x5F4,instruction
0x0DF0,0x1283,bcf,"0x03, 5",instruction
0x0DF1,0x085E,movf,"0x5E, W",instruction
0x0DF2,0x1683,bsf,"0x03, 5",instruction
0x0DF3,0x00CA,movwf,0x4A,instruction
0x0DF4,0x0821,movf,"0x21, W",instruction
0x0DF5,0x3C18,sublw,0x18,instruction
0x0DF6,0x1D03,btfss,"0x03, 2",instruction
0x0DF7,0x2DFD,goto,0x5FD,instruction
0x0DF8,0x1283,bcf,"0x03, 5",instruction
0x0DF9,0x0833,movf,"0x33, W",instruction
0x0DFA,0x1683,bsf,"0x03, 5",instruction
0x0DFB,0x00CA,movwf,0x4A,instruction
0x0DFC,0x144D,bsf,"0x4D, 0",instruction
0x0DFD,0x0821,movf,"0x21, W",instruction
0x0DFE,0x3C19,sublw,0x19,instruction
0x0DFF,0x1D03,btfss,"0x03, 2",instruction
0x0E00,0x2E07,goto,0x607,instruction
0x0E01,0x1283,bcf,"0x03, 5",instruction
0x0E02,0x2141,call,0x141,instruction
0x0E03,0x0878,movf,"0x78, W",instruction
0x0E04,0x1683,bsf,"0x03, 5",instruction
0x0E05,0x00CA,movwf,0x4A,instruction
0x0E06,0x144D,bsf,"0x4D, 0",instruction
0x0E07,0x0821,movf,"0x21, W",instruction
0x0E08,0x3C1A,sublw,0x1A,instruction
0x0E09,0x1D03,btfss,"0x03, 2",instruction
0x0E0A,0x2E0E,goto,0x60E,instruction
0x0E0B,0x0849,movf,"0x49, W",instruction
0x0E0C,0x00CA,movwf,0x4A,instruction
0x0E0D,0x144D,bsf,"0x4D, 0",instruction
0x0E0E,0x0821,movf,"0x21, W",instruction
0x0E0F,0x3C1B,sublw,0x1B,instruction
0x0E10,0x1D03,btfss,"0x03, 2",instruction
0x0E11,0x2E15,goto,0x615,instruction
0x0E12,0x0848,movf,"0x48, W",instruction
0x0E13,0x00CA,movwf,0x4A,instruction
0x0E14,0x144D,bsf,"0x4D, 0",instruction
0x0E15,0x0821,movf,"0x21, W",instruction
0x0E16,0x3C1C,sublw,0x1C,instruction
0x0E17,0x1D03,btfss,"0x03, 2",instruction
0x0E18,0x2E1E,goto,0x61E,instruction
0x0E19,0x1283,bcf,"0x03, 5",instruction
0x0E1A,0x0840,movf,"0x40, W",instruction
0x0E1B,0x1683,bsf,"0x03, 5",instruction
0x0E1C,0x00CA,movwf,0x4A,instruction
0x0E1D,0x144D,bsf,"0x4D, 0",instruction
0x0E1E,0x0821,movf,"0x21, W",instruction
0x0E1F,0x3C1D,sublw,0x1D,instruction
0x0E20,0x1D03,btfss,"0x03, 2",instruction
0x0E21,0x2E27,goto,0x627,instruction
0x0E22,0x1283,bcf,"0x03, 5",instruction
0x0E23,0x083F,movf,"0x3F, W",instruction
0x0E24,0x1683,bsf,"0x03, 5",instruction
0x0E25,0x00CA,movwf,0x4A,instruction
0x0E26,0x144D,bsf,"0x4D, 0",instruction
0x0E27,0x0821,movf,"0x21, W",instruction
0x0E28,0x3C0F,sublw,0x0F,instruction
0x0E29,0x1803,btfsc,"0x03, 0",instruction
0x0E2A,0x2E4B,goto,0x64B,instruction
0x0E2B,0x0821,movf,"0x21, W",instruction
0x0E2C,0x3C17,sublw,0x17,instruction
0x0E2D,0x1C03,btfss,"0x03, 0",instruction
0x0E2E,0x2E4B,goto,0x64B,instruction
0x0E2F,0x1BA0,btfsc,"0x20, 7",instruction
0x0E30,0x2E39,goto,0x639,instruction
0x0E31,0x1283,bcf,"0x03, 5",instruction
0x0E32,0x1F30,btfss,"0x30, 6",instruction
0x0E33,0x2E36,goto,0x636,instruction
0x0E34,0x1683,bsf,"0x03, 5",instruction
0x0E35,0x2E39,goto,0x639,instruction
0x0E36,0x3008,movlw,0x08,instruction
0x0E37,0x1683,bsf,"0x03, 5",instruction
0x0E38,0x07CC,addwf,"0x4C, F",instruction
0x0E39,0x0821,movf,"0x21, W",instruction
0x0E3A,0x1283,bcf,"0x03, 5",instruction
0x0E3B,0x0762,addwf,"0x62, W",instruction
0x0E3C,0x3EF0,addlw,0xF0,instruction
0x0E3D,0x3907,andlw,0x07,instruction
0x0E3E,0x3E63,addlw,0x63,instruction
0x0E3F,0x0084,movwf,0x04,instruction
0x0E40,0x0800,movf,"0x00, W",instruction
0x0E41,0x1683,bsf,"0x03, 5",instruction
0x0E42,0x00CB,movwf,0x4B,instruction
0x0E43,0x0821,movf,"0x21, W",instruction
0x0E44,0x1283,bcf,"0x03, 5",instruction
0x0E45,0x0762,addwf,"0x62, W",instruction
0x0E46,0x3EF0,addlw,0xF0,instruction
0x0E47,0x3907,andlw,0x07,instruction
0x0E48,0x3E10,addlw,0x10,instruction
0x0E49,0x1683,bsf,"0x03, 5",instruction
0x0E4A,0x07CC,addwf,"0x4C, F",instruction
0x0E4B,0x0064,clrwdt,,instruction
0x0E4C,0x184D,btfsc,"0x4D, 0",instruction
0x0E4D,0x2E57,goto,0x657,instruction
0x0E4E,0x084C,movf,"0x4C, W",instruction
0x0E4F,0x00D5,movwf,0x55,instruction
0x0E50,0x084B,movf,"0x4B, W",instruction
0x0E51,0x00D6,movwf,0x56,instruction
0x0E52,0x118A,bcf,"0x0A, 3",instruction
0x0E53,0x1283,bcf,"0x03, 5",instruction
0x0E54,0x22E2,call,0x2E2,instruction
0x0E55,0x158A,bsf,"0x0A, 3",instruction
0x0E56,0x1683,bsf,"0x03, 5",instruction
0x0E57,0x0821,movf,"0x21, W",instruction
0x0E58,0x00D6,movwf,0x56,instruction
0x0E59,0x084A,movf,"0x4A, W",instruction
0x0E5A,0x00D7,movwf,0x57,instruction
0x0E5B,0x118A,bcf,"0x0A, 3",instruction
0x0E5C,0x1283,bcf,"0x03, 5",instruction
0x0E5D,0x2783,call,0x783,instruction
0x0E5E,0x158A,bsf,"0x0A, 3",instruction
0x0E5F,0x1683,bsf,"0x03, 5",instruction
0x0E60,0x0AA1,incf,"0x21, F",instruction
0x0E61,0x0821,movf,"0x21, W",instruction
0x0E62,0x3C1D,sublw,0x1D,instruction
0x0E63,0x1803,btfsc,"0x03, 0",instruction
0x0E64,0x2E66,goto,0x666,instruction
0x0E65,0x01A1,clrf,0x21,instruction
0x0E66,0x1283,bcf,"0x03, 5",instruction
0x0E67,0x158A,bsf,"0x0A, 3",instruction
0x0E68,0x160A,bsf,"0x0A, 4",instruction
0x0E69,0x289D,goto,0x09D,instruction
0x0E6A,0x1683,bsf,"0x03, 5",instruction
0x0E6B,0x0840,movf,"0x40, W",instruction
0x0E6C,0x00F8,movwf,0x78,instruction
0x0E6D,0x1283,bcf,"0x03, 5",instruction
0x0E6E,0x158A,bsf,"0x0A, 3",instruction
0x0E6F,0x160A,bsf,"0x0A, 4",instruction
0x0E70,0x28A4,goto,0x0A4,instruction
0x0E71,0x1683,bsf,"0x03, 5",instruction
0x0E72,0x01D3,clrf,0x53,instruction
0x0E73,0x08C0,movf,"0x40, F",instruction
0x0E74,0x1D03,btfss,"0x03, 2",instruction
0x0E75,0x2E7D,goto,0x67D,instruction
0x0E76,0x0FD3,incfsz,"0x53, F",instruction
0x0E77,0x2E7C,goto,0x67C,instruction
0x0E78,0x0064,clrwdt,,instruction
0x0E79,0x3000,movlw,0x00,instruction
0x0E7A,0x00F8,movwf,0x78,instruction
0x0E7B,0x2EA2,goto,0x6A2,instruction
0x0E7C,0x2E73,goto,0x673,instruction
0x0E7D,0x08C0,movf,"0x40, F",instruction
0x0E7E,0x1903,btfsc,"0x03, 2",instruction
0x0E7F,0x2E9F,goto,0x69F,instruction
0x0E80,0x0840,movf,"0x40, W",instruction
0x0E81,0x0241,subwf,"0x41, W",instruction
0x0E82,0x1C03,btfss,"0x03, 0",instruction
0x0E83,0x2E87,goto,0x687,instruction
0x0E84,0x0840,movf,"0x40, W",instruction
0x0E85,0x0241,subwf,"0x41, W",instruction
0x0E86,0x00D4,movwf,0x54,instruction
0x0E87,0x0841,movf,"0x41, W",instruction
0x0E88,0x0240,subwf,"0x40, W",instruction
0x0E89,0x1D03,btfss,"0x03, 2",instruction
0x0E8A,0x2E8B,goto,0x68B,instruction
0x0E8B,0x0840,movf,"0x40, W",instruction
0x0E8C,0x0241,subwf,"0x41, W",instruction
0x0E8D,0x1803,btfsc,"0x03, 0",instruction
0x0E8E,0x2E93,goto,0x693,instruction
0x0E8F,0x0840,movf,"0x40, W",instruction
0x0E90,0x3C1D,sublw,0x1D,instruction
0x0E91,0x0741,addwf,"0x41, W",instruction
0x0E92,0x00D4,movwf,0x54,instruction
0x0E93,0x0854,movf,"0x54, W",instruction
0x0E94,0x00F8,movwf,0x78,instruction
0x0E95,0x30A3,movlw,0xA3,instruction
0x0E96,0x0778,addwf,"0x78, W",instruction
0x0E97,0x0084,movwf,0x04,instruction
0x0E98,0x0800,movf,"0x00, W",instruction
0x0E99,0x00D3,movwf,0x53,instruction
0x0E9A,0x03C0,decf,"0x40, F",instruction
0x0E9B,0x0853,movf,"0x53, W",instruction
0x0E9C,0x00F8,movwf,0x78,instruction
0x0E9D,0x2EA2,goto,0x6A2,instruction
0x0E9E,0x2EA2,goto,0x6A2,instruction
0x0E9F,0x3000,movlw,0x00,instruction
0x0EA0,0x00F8,movwf,0x78,instruction
0x0EA1,0x2EA2,goto,0x6A2,instruction
0x0EA2,0x1283,bcf,"0x03, 5",instruction
0x0EA3,0x3400,retlw,0x00,instruction
0x0EA4,0x1683,bsf,"0x03, 5",instruction
0x0EA5,0x0853,movf,"0x53, W",instruction
0x0EA6,0x3C2F,sublw,0x2F,instruction
0x0EA7,0x1803,btfsc,"0x03, 0",instruction
0x0EA8,0x2EB0,goto,0x6B0,instruction
0x0EA9,0x0853,movf,"0x53, W",instruction
0x0EAA,0x3C39,sublw,0x39,instruction
0x0EAB,0x1C03,btfss,"0x03, 0",instruction
0x0EAC,0x2EB0,goto,0x6B0,instruction
0x0EAD,0x3030,movlw,0x30,instruction
0x0EAE,0x0253,subwf,"0x53, W",instruction
0x0EAF,0x00D4,movwf,0x54,instruction
0x0EB0,0x0853,movf,"0x53, W",instruction
0x0EB1,0x3C40,sublw,0x40,instruction
0x0EB2,0x1803,btfsc,"0x03, 0",instruction
0x0EB3,0x2EBC,goto,0x6BC,instruction
0x0EB4,0x0853,movf,"0x53, W",instruction
0x0EB5,0x3C46,sublw,0x46,instruction
0x0EB6,0x1C03,btfss,"0x03, 0",instruction
0x0EB7,0x2EBC,goto,0x6BC,instruction
0x0EB8,0x3041,movlw,0x41,instruction
0x0EB9,0x0253,subwf,"0x53, W",instruction
0x0EBA,0x3E0A,addlw,0x0A,instruction
0x0EBB,0x00D4,movwf,0x54,instruction
0x0EBC,0x0854,movf,"0x54, W",instruction
0x0EBD,0x00F8,movwf,0x78,instruction
0x0EBE,0x1283,bcf,"0x03, 5",instruction
0x0EBF,0x3400,retlw,0x00,instruction
0x0EC0,0x2671,call,0x671,instruction
0x0EC1,0x0878,movf,"0x78, W",instruction
0x0EC2,0x1683,bsf,"0x03, 5",instruction
0x0EC3,0x00D1,movwf,0x51,instruction
0x0EC4,0x1283,bcf,"0x03, 5",instruction
0x0EC5,0x2671,call,0x671,instruction
0x0EC6,0x0878,movf,"0x78, W",instruction
0x0EC7,0x1683,bsf,"0x03, 5",instruction
0x0EC8,0x00D2,movwf,0x52,instruction
0x0EC9,0x0851,movf,"0x51, W",instruction
0x0ECA,0x00D3,movwf,0x53,instruction
0x0ECB,0x1283,bcf,"0x03, 5",instruction
0x0ECC,0x26A4,call,0x6A4,instruction
0x0ECD,0x0E78,swapf,"0x78, W",instruction
0x0ECE,0x1683,bsf,"0x03, 5",instruction
0x0ECF,0x00D0,movwf,0x50,instruction
0x0ED0,0x30F0,movlw,0xF0,instruction
0x0ED1,0x05D0,andwf,"0x50, F",instruction
0x0ED2,0x0852,movf,"0x52, W",instruction
0x0ED3,0x00D3,movwf,0x53,instruction
0x0ED4,0x1283,bcf,"0x03, 5",instruction
0x0ED5,0x26A4,call,0x6A4,instruction
0x0ED6,0x0878,movf,"0x78, W",instruction
0x0ED7,0x1683,bsf,"0x03, 5",instruction
0x0ED8,0x07D0,addwf,"0x50, F",instruction
0x0ED9,0x0850,movf,"0x50, W",instruction
0x0EDA,0x00F8,movwf,0x78,instruction
0x0EDB,0x1283,bcf,"0x03, 5",instruction
0x0EDC,0x3400,retlw,0x00,instruction
0x0EDD,0x1683,bsf,"0x03, 5",instruction
0x0EDE,0x0852,movf,"0x52, W",instruction
0x0EDF,0x1283,bcf,"0x03, 5",instruction
0x0EE0,0x074A,addwf,"0x4A, W",instruction
0x0EE1,0x1683,bsf,"0x03, 5",instruction
0x0EE2,0x00D3,movwf,0x53,instruction
0x0EE3,0x1283,bcf,"0x03, 5",instruction
0x0EE4,0x084B,movf,"0x4B, W",instruction
0x0EE5,0x1683,bsf,"0x03, 5",instruction
0x0EE6,0x00D4,movwf,0x54,instruction
0x0EE7,0x1803,btfsc,"0x03, 0",instruction
0x0EE8,0x0AD4,incf,"0x54, F",instruction
0x0EE9,0x1283,bcf,"0x03, 5",instruction
0x0EEA,0x084B,movf,"0x4B, W",instruction
0x0EEB,0x1683,bsf,"0x03, 5",instruction
0x0EEC,0x0254,subwf,"0x54, W",instruction
0x0EED,0x1C03,btfss,"0x03, 0",instruction
0x0EEE,0x2EFD,goto,0x6FD,instruction
0x0EEF,0x1D03,btfss,"0x03, 2",instruction
0x0EF0,0x2EF9,goto,0x6F9,instruction
0x0EF1,0x0853,movf,"0x53, W",instruction
0x0EF2,0x1283,bcf,"0x03, 5",instruction
0x0EF3,0x024A,subwf,"0x4A, W",instruction
0x0EF4,0x1C03,btfss,"0x03, 0",instruction
0x0EF5,0x2EF8,goto,0x6F8,instruction
0x0EF6,0x1683,bsf,"0x03, 5",instruction
0x0EF7,0x2EFD,goto,0x6FD,instruction
0x0EF8,0x1683,bsf,"0x03, 5",instruction
0x0EF9,0x1283,bcf,"0x03, 5",instruction
0x0EFA,0x2079,call,0x079,instruction
0x0EFB,0x1683,bsf,"0x03, 5",instruction
0x0EFC,0x2EE9,goto,0x6E9,instruction
0x0EFD,0x1283,bcf,"0x03, 5",instruction
0x0EFE,0x3400,retlw,0x00,instruction
0x0EFF,0x130B,bcf,"0x0B, 6",instruction
0x0F00,0x138B,bcf,"0x0B, 7",instruction
0x0F01,0x1B8B,btfsc,"0x0B, 7",instruction
0x0F02,0x2F00,goto,0x700,instruction
0x0F03,0x301F,movlw,0x1F,instruction
0x0F04,0x0588,andwf,"0x08, F",instruction
0x0F05,0x3080,movlw,0x80,instruction
0x0F06,0x0788,addwf,"0x08, F",instruction
0x0F07,0x1051,bcf,"0x51, 0",instruction
0x0F08,0x1988,btfsc,"0x08, 3",instruction
0x0F09,0x1451,bsf,"0x51, 0",instruction
0x0F0A,0x3020,movlw,0x20,instruction
0x0F0B,0x0788,addwf,"0x08, F",instruction
0x0F0C,0x10D1,bcf,"0x51, 1",instruction
0x0F0D,0x1988,btfsc,"0x08, 3",instruction
0x0F0E,0x14D1,bsf,"0x51, 1",instruction
0x0F0F,0x3020,movlw,0x20,instruction
0x0F10,0x0788,addwf,"0x08, F",instruction
0x0F11,0x1151,bcf,"0x51, 2",instruction
0x0F12,0x1988,btfsc,"0x08, 3",instruction
0x0F13,0x1551,bsf,"0x51, 2",instruction
0x0F14,0x30C0,movlw,0xC0,instruction
0x0F15,0x048B,iorwf,"0x0B, F",instruction
0x0F16,0x3400,retlw,0x00,instruction
0x0F17,0x118A,bcf,"0x0A, 3",instruction
0x0F18,0x26B0,call,0x6B0,instruction
0x0F19,0x158A,bsf,"0x0A, 3",instruction
0x0F1A,0x3006,movlw,0x06,instruction
0x0F1B,0x1683,bsf,"0x03, 5",instruction
0x0F1C,0x00D2,movwf,0x52,instruction
0x0F1D,0x1283,bcf,"0x03, 5",instruction
0x0F1E,0x26DD,call,0x6DD,instruction
0x0F1F,0x12DD,bcf,"0x5D, 5",instruction
0x0F20,0x13DD,bcf,"0x5D, 7",instruction
0x0F21,0x1F4F,btfss,"0x4F, 6",instruction
0x0F22,0x2F25,goto,0x725,instruction
0x0F23,0x3000,movlw,0x00,instruction
0x0F24,0x2F26,goto,0x726,instruction
0x0F25,0x305A,movlw,0x5A,instruction
0x0F26,0x1683,bsf,"0x03, 5",instruction
0x0F27,0x00D0,movwf,0x50,instruction
0x0F28,0x1283,bcf,"0x03, 5",instruction
0x0F29,0x11D0,bcf,"0x50, 3",instruction
0x0F2A,0x1683,bsf,"0x03, 5",instruction
0x0F2B,0x08D0,movf,"0x50, F",instruction
0x0F2C,0x1903,btfsc,"0x03, 2",instruction
0x0F2D,0x2F81,goto,0x781,instruction
0x0F2E,0x01C0,clrf,0x40,instruction
0x0F2F,0x01C1,clrf,0x41,instruction
0x0F30,0x1283,bcf,"0x03, 5",instruction
0x0F31,0x2402,call,0x402,instruction
0x0F32,0x303C,movlw,0x3C,instruction
0x0F33,0x1683,bsf,"0x03, 5",instruction
0x0F34,0x00D1,movwf,0x51,instruction
0x0F35,0x1283,bcf,"0x03, 5",instruction
0x0F36,0x1888,btfsc,"0x08, 1",instruction
0x0F37,0x2F42,goto,0x742,instruction
0x0F38,0x19CF,btfsc,"0x4F, 3",instruction
0x0F39,0x2F3C,goto,0x73C,instruction
0x0F3A,0x1C30,btfss,"0x30, 0",instruction
0x0F3B,0x2F56,goto,0x756,instruction
0x0F3C,0x1683,bsf,"0x03, 5",instruction
0x0F3D,0x1F20,btfss,"0x20, 6",instruction
0x0F3E,0x2F41,goto,0x741,instruction
0x0F3F,0x1283,bcf,"0x03, 5",instruction
0x0F40,0x2F56,goto,0x756,instruction
0x0F41,0x1283,bcf,"0x03, 5",instruction
0x0F42,0x1683,bsf,"0x03, 5",instruction
0x0F43,0x08D1,movf,"0x51, F",instruction
0x0F44,0x1D03,btfss,"0x03, 2",instruction
0x0F45,0x2F48,goto,0x748,instruction
0x0F46,0x1283,bcf,"0x03, 5",instruction
0x0F47,0x2F56,goto,0x756,instruction
0x0F48,0x01C0,clrf,0x40,instruction
0x0F49,0x01C1,clrf,0x41,instruction
0x0F4A,0x1283,bcf,"0x03, 5",instruction
0x0F4B,0x1286,bcf,"0x06, 5",instruction
0x0F4C,0x2402,call,0x402,instruction
0x0F4D,0x3001,movlw,0x01,instruction
0x0F4E,0x1683,bsf,"0x03, 5",instruction
0x0F4F,0x00D2,movwf,0x52,instruction
0x0F50,0x1283,bcf,"0x03, 5",instruction
0x0F51,0x26DD,call,0x6DD,instruction
0x0F52,0x1683,bsf,"0x03, 5",instruction
0x0F53,0x03D1,decf,"0x51, F",instruction
0x0F54,0x2F35,goto,0x735,instruction
0x0F55,0x1283,bcf,"0x03, 5",instruction
0x0F56,0x1683,bsf,"0x03, 5",instruction
0x0F57,0x08D1,movf,"0x51, F",instruction
0x0F58,0x1D03,btfss,"0x03, 2",instruction
0x0F59,0x2F5F,goto,0x75F,instruction
0x0F5A,0x1283,bcf,"0x03, 5",instruction
0x0F5B,0x15B0,bsf,"0x30, 3",instruction
0x0F5C,0x1683,bsf,"0x03, 5",instruction
0x0F5D,0x2F81,goto,0x781,instruction
0x0F5E,0x2F63,goto,0x763,instruction
0x0F5F,0x1283,bcf,"0x03, 5",instruction
0x0F60,0x1686,bsf,"0x06, 5",instruction
0x0F61,0x134F,bcf,"0x4F, 6",instruction
0x0F62,0x1683,bsf,"0x03, 5",instruction
0x0F63,0x3001,movlw,0x01,instruction
0x0F64,0x00D2,movwf,0x52,instruction
0x0F65,0x1283,bcf,"0x03, 5",instruction
0x0F66,0x26DD,call,0x6DD,instruction
0x0F67,0x26FF,call,0x6FF,instruction
0x0F68,0x3000,movlw,0x00,instruction
0x0F69,0x1C51,btfss,"0x51, 0",instruction
0x0F6A,0x3001,movlw,0x01,instruction
0x0F6B,0x1683,bsf,"0x03, 5",instruction
0x0F6C,0x00D2,movwf,0x52,instruction
0x0F6D,0x3000,movlw,0x00,instruction
0x0F6E,0x1283,bcf,"0x03, 5",instruction
0x0F6F,0x19D0,btfsc,"0x50, 3",instruction
0x0F70,0x3001,movlw,0x01,instruction
0x0F71,0x1683,bsf,"0x03, 5",instruction
0x0F72,0x0652,xorwf,"0x52, W",instruction
0x0F73,0x1903,btfsc,"0x03, 2",instruction
0x0F74,0x2F77,goto,0x777,instruction
0x0F75,0x03D0,decf,"0x50, F",instruction
0x0F76,0x2F7E,goto,0x77E,instruction
0x0F77,0x1283,bcf,"0x03, 5",instruction
0x0F78,0x19D0,btfsc,"0x50, 3",instruction
0x0F79,0x2F7C,goto,0x77C,instruction
0x0F7A,0x15D0,bsf,"0x50, 3",instruction
0x0F7B,0x2F7F,goto,0x77F,instruction
0x0F7C,0x1683,bsf,"0x03, 5",instruction
0x0F7D,0x2F81,goto,0x781,instruction
0x0F7E,0x1283,bcf,"0x03, 5",instruction
0x0F7F,0x2F2A,goto,0x72A,instruction
0x0F80,0x1683,bsf,"0x03, 5",instruction
0x0F81,0x1283,bcf,"0x03, 5",instruction
0x0F82,0x1286,bcf,"0x06, 5",instruction
0x0F83,0x1683,bsf,"0x03, 5",instruction
0x0F84,0x08D0,movf,"0x50, F",instruction
0x0F85,0x1D03,btfss,"0x03, 2",instruction
0x0F86,0x2F8B,goto,0x78B,instruction
0x0F87,0x1283,bcf,"0x03, 5",instruction
0x0F88,0x174F,bsf,"0x4F, 6",instruction
0x0F89,0x15B0,bsf,"0x30, 3",instruction
0x0F8A,0x1683,bsf,"0x03, 5",instruction
0x0F8B,0x0850,movf,"0x50, W",instruction
0x0F8C,0x3C5A,sublw,0x5A,instruction
0x0F8D,0x00F7,movwf,0x77,instruction
0x0F8E,0x1003,bcf,"0x03, 0",instruction
0x0F8F,0x0C77,rrf,"0x77, W",instruction
0x0F90,0x1283,bcf,"0x03, 5",instruction
0x0F91,0x00AB,movwf,0x2B,instruction
0x0F92,0x3400,retlw,0x00,instruction
0x0F93,0x0870,movf,"0x70, W",instruction
0x0F94,0x3C05,sublw,0x05,instruction
0x0F95,0x1C03,btfss,"0x03, 0",instruction
0x0F96,0x2F9E,goto,0x79E,instruction
0x0F97,0x118A,bcf,"0x0A, 3",instruction
0x0F98,0x22B2,call,0x2B2,instruction
0x0F99,0x158A,bsf,"0x0A, 3",instruction
0x0F9A,0x12D6,bcf,"0x56, 5",instruction
0x0F9B,0x118A,bcf,"0x0A, 3",instruction
0x0F9C,0x21FE,call,0x1FE,instruction
0x0F9D,0x158A,bsf,"0x0A, 3",instruction
0x0F9E,0x3400,retlw,0x00,instruction
0x0F9F,0x3007,movlw,0x07,instruction
0x0FA0,0x00AD,movwf,0x2D,instruction
0x0FA1,0x118A,bcf,"0x0A, 3",instruction
0x0FA2,0x228F,call,0x28F,instruction
0x0FA3,0x158A,bsf,"0x0A, 3",instruction
0x0FA4,0x3012,movlw,0x12,instruction
0x0FA5,0x1683,bsf,"0x03, 5",instruction
0x0FA6,0x00D2,movwf,0x52,instruction
0x0FA7,0x1283,bcf,"0x03, 5",instruction
0x0FA8,0x26DD,call,0x6DD,instruction
0x0FA9,0x3001,movlw,0x01,instruction
0x0FAA,0x1683,bsf,"0x03, 5",instruction
0x0FAB,0x00D5,movwf,0x55,instruction
0x0FAC,0x118A,bcf,"0x0A, 3",instruction
0x0FAD,0x1283,bcf,"0x03, 5",instruction
0x0FAE,0x2292,call,0x292,instruction
0x0FAF,0x158A,bsf,"0x0A, 3",instruction
0x0FB0,0x3012,movlw,0x12,instruction
0x0FB1,0x1683,bsf,"0x03, 5",instruction
0x0FB2,0x00D2,movwf,0x52,instruction
0x0FB3,0x1283,bcf,"0x03, 5",instruction
0x0FB4,0x26DD,call,0x6DD,instruction
0x0FB5,0x0858,movf,"0x58, W",instruction
0x0FB6,0x3C1D,sublw,0x1D,instruction
0x0FB7,0x1C03,btfss,"0x03, 0",instruction
0x0FB8,0x2FBB,goto,0x7BB,instruction
0x0FB9,0x10AD,bcf,"0x2D, 1",instruction
0x0FBA,0x112D,bcf,"0x2D, 2",instruction
0x0FBB,0x1683,bsf,"0x03, 5",instruction
0x0FBC,0x01D5,clrf,0x55,instruction
0x0FBD,0x118A,bcf,"0x0A, 3",instruction
0x0FBE,0x1283,bcf,"0x03, 5",instruction
0x0FBF,0x2292,call,0x292,instruction
0x0FC0,0x158A,bsf,"0x0A, 3",instruction
0x0FC1,0x3001,movlw,0x01,instruction
0x0FC2,0x1683,bsf,"0x03, 5",instruction
0x0FC3,0x00D5,movwf,0x55,instruction
0x0FC4,0x118A,bcf,"0x0A, 3",instruction
0x0FC5,0x1283,bcf,"0x03, 5",instruction
0x0FC6,0x22A2,call,0x2A2,instruction
0x0FC7,0x158A,bsf,"0x0A, 3",instruction
0x0FC8,0x3012,movlw,0x12,instruction
0x0FC9,0x1683,bsf,"0x03, 5",instruction
0x0FCA,0x00D2,movwf,0x52,instruction
0x0FCB,0x1283,bcf,"0x03, 5",instruction
0x0FCC,0x26DD,call,0x6DD,instruction
0x0FCD,0x0858,movf,"0x58, W",instruction
0x0FCE,0x3C1D,sublw,0x1D,instruction
0x0FCF,0x1C03,btfss,"0x03, 0",instruction
0x0FD0,0x2FD3,goto,0x7D3,instruction
0x0FD1,0x102D,bcf,"0x2D, 0",instruction
0x0FD2,0x112D,bcf,"0x2D, 2",instruction
0x0FD3,0x1683,bsf,"0x03, 5",instruction
0x0FD4,0x01D5,clrf,0x55,instruction
0x0FD5,0x118A,bcf,"0x0A, 3",instruction
0x0FD6,0x1283,bcf,"0x03, 5",instruction
0x0FD7,0x2292,call,0x292,instruction
0x0FD8,0x158A,bsf,"0x0A, 3",instruction
0x0FD9,0x1683,bsf,"0x03, 5",instruction
0x0FDA,0x01D5,clrf,0x55,instruction
0x0FDB,0x118A,bcf,"0x0A, 3",instruction
0x0FDC,0x1283,bcf,"0x03, 5",instruction
0x0FDD,0x22A2,call,0x2A2,instruction
0x0FDE,0x158A,bsf,"0x0A, 3",instruction
0x0FDF,0x118A,bcf,"0x0A, 3",instruction
0x0FE0,0x228F,call,0x28F,instruction
0x0FE1,0x158A,bsf,"0x0A, 3",instruction
0x0FE2,0x3400,retlw,0x00,instruction
0x0FE3,0x3001,movlw,0x01,instruction
0x0FE4,0x1683,bsf,"0x03, 5",instruction
0x0FE5,0x00D5,movwf,0x55,instruction
0x0FE6,0x118A,bcf,"0x0A, 3",instruction
0x0FE7,0x1283,bcf,"0x03, 5",instruction
0x0FE8,0x2292,call,0x292,instruction
0x0FE9,0x158A,bsf,"0x0A, 3",instruction
0x0FEA,0x3001,movlw,0x01,instruction
0x0FEB,0x1683,bsf,"0x03, 5",instruction
0x0FEC,0x00D5,movwf,0x55,instruction
0x0FED,0x118A,bcf,"0x0A, 3",instruction
0x0FEE,0x1283,bcf,"0x03, 5",instruction
0x0FEF,0x22A2,call,0x2A2,instruction
0x0FF0,0x158A,bsf,"0x0A, 3",instruction
0x0FF1,0x1807,btfsc,"0x07, 0",instruction
0x0FF2,0x2FF7,goto,0x7F7,instruction
0x0FF3,0x1887,btfsc,"0x07, 1",instruction
0x0FF4,0x2FF7,goto,0x7F7,instruction
0x0FF5,0x13AD,bcf,"0x2D, 7",instruction
0x0FF6,0x2FF8,goto,0x7F8,instruction
0x0FF7,0x17AD,bsf,"0x2D, 7",instruction
0x0FF8,0x3400,retlw,0x00,instruction
0x1000,0x120A,bcf,"0x0A, 4",instruction
0x1001,0x158A,bsf,"0x0A, 3",instruction
0x1002,0x2671,call,0x671,instruction
0x1003,0x160A,bsf,"0x0A, 4",instruction
0x1004,0x118A,bcf,"0x0A, 3",instruction
0x1005,0x0878,movf,"0x78, W",instruction
0x1006,0x1683,bsf,"0x03, 5",instruction
0x1007,0x00CA,movwf,0x4A,instruction
0x1008,0x3C43,sublw,0x43,instruction
0x1009,0x1D03,btfss,"0x03, 2",instruction
0x100A,0x29EC,goto,0x1EC,instruction
0x100B,0x120A,bcf,"0x0A, 4",instruction
0x100C,0x158A,bsf,"0x0A, 3",instruction
0x100D,0x1283,bcf,"0x03, 5",instruction
0x100E,0x2671,call,0x671,instruction
0x100F,0x160A,bsf,"0x0A, 4",instruction
0x1010,0x118A,bcf,"0x0A, 3",instruction
0x1011,0x0878,movf,"0x78, W",instruction
0x1012,0x1683,bsf,"0x03, 5",instruction
0x1013,0x00CB,movwf,0x4B,instruction
0x1014,0x3C57,sublw,0x57,instruction
0x1015,0x1D03,btfss,"0x03, 2",instruction
0x1016,0x293E,goto,0x13E,instruction
0x1017,0x120A,bcf,"0x0A, 4",instruction
0x1018,0x158A,bsf,"0x0A, 3",instruction
0x1019,0x1283,bcf,"0x03, 5",instruction
0x101A,0x26C0,call,0x6C0,instruction
0x101B,0x160A,bsf,"0x0A, 4",instruction
0x101C,0x118A,bcf,"0x0A, 3",instruction
0x101D,0x0878,movf,"0x78, W",instruction
0x101E,0x1683,bsf,"0x03, 5",instruction
0x101F,0x00CC,movwf,0x4C,instruction
0x1020,0x120A,bcf,"0x0A, 4",instruction
0x1021,0x158A,bsf,"0x0A, 3",instruction
0x1022,0x1283,bcf,"0x03, 5",instruction
0x1023,0x26C0,call,0x6C0,instruction
0x1024,0x160A,bsf,"0x0A, 4",instruction
0x1025,0x118A,bcf,"0x0A, 3",instruction
0x1026,0x0878,movf,"0x78, W",instruction
0x1027,0x1683,bsf,"0x03, 5",instruction
0x1028,0x00CD,movwf,0x4D,instruction
0x1029,0x084C,movf,"0x4C, W",instruction
0x102A,0x3EF0,addlw,0xF0,instruction
0x102B,0x1803,btfsc,"0x03, 0",instruction
0x102C,0x293D,goto,0x13D,instruction
0x102D,0x3E10,addlw,0x10,instruction
0x102E,0x1283,bcf,"0x03, 5",instruction
0x102F,0x2A93,goto,0x293,instruction
0x1030,0x1683,bsf,"0x03, 5",instruction
0x1031,0x08CD,movf,"0x4D, F",instruction
0x1032,0x1D03,btfss,"0x03, 2",instruction
0x1033,0x2835,goto,0x035,instruction
0x1034,0x01C2,clrf,0x42,instruction
0x1035,0x293D,goto,0x13D,instruction
0x1036,0x120A,bcf,"0x0A, 4",instruction
0x1037,0x26FD,call,0x6FD,instruction
0x1038,0x160A,bsf,"0x0A, 4",instruction
0x1039,0x1703,bsf,"0x03, 6",instruction
0x103A,0x018D,clrf,0x0D,instruction
0x103B,0x1683,bsf,"0x03, 5",instruction
0x103C,0x1303,bcf,"0x03, 6",instruction
0x103D,0x0844,movf,"0x44, W",instruction
0x103E,0x1283,bcf,"0x03, 5",instruction
0x103F,0x1703,bsf,"0x03, 6",instruction
0x1040,0x008C,movwf,0x0C,instruction
0x1041,0x1683,bsf,"0x03, 5",instruction
0x1042,0x138C,bcf,"0x0C, 7",instruction
0x1043,0x150C,bsf,"0x0C, 2",instruction
0x1044,0x1283,bcf,"0x03, 5",instruction
0x1045,0x1303,bcf,"0x03, 6",instruction
0x1046,0x080B,movf,"0x0B, W",instruction
0x1047,0x00F7,movwf,0x77,instruction
0x1048,0x138B,bcf,"0x0B, 7",instruction
0x1049,0x1683,bsf,"0x03, 5",instruction
0x104A,0x1703,bsf,"0x03, 6",instruction
0x104B,0x3055,movlw,0x55,instruction
0x104C,0x008D,movwf,0x0D,instruction
0x104D,0x30AA,movlw,0xAA,instruction
0x104E,0x008D,movwf,0x0D,instruction
0x104F,0x148C,bsf,"0x0C, 1",instruction
0x1050,0x188C,btfsc,"0x0C, 1",instruction
0x1051,0x2850,goto,0x050,instruction
0x1052,0x110C,bcf,"0x0C, 2",instruction
0x1053,0x0877,movf,"0x77, W",instruction
0x1054,0x1283,bcf,"0x03, 5",instruction
0x1055,0x1303,bcf,"0x03, 6",instruction
0x1056,0x048B,iorwf,"0x0B, F",instruction
0x1057,0x3001,movlw,0x01,instruction
0x1058,0x1703,bsf,"0x03, 6",instruction
0x1059,0x008D,movwf,0x0D,instruction
0x105A,0x1683,bsf,"0x03, 5",instruction
0x105B,0x1303,bcf,"0x03, 6",instruction
0x105C,0x0843,movf,"0x43, W",instruction
0x105D,0x1283,bcf,"0x03, 5",instruction
0x105E,0x1703,bsf,"0x03, 6",instruction
0x105F,0x008C,movwf,0x0C,instruction
0x1060,0x1683,bsf,"0x03, 5",instruction
0x1061,0x138C,bcf,"0x0C, 7",instruction
0x1062,0x150C,bsf,"0x0C, 2",instruction
0x1063,0x1283,bcf,"0x03, 5",instruction
0x1064,0x1303,bcf,"0x03, 6",instruction
0x1065,0x080B,movf,"0x0B, W",instruction
0x1066,0x00F7,movwf,0x77,instruction
0x1067,0x138B,bcf,"0x0B, 7",instruction
0x1068,0x1683,bsf,"0x03, 5",instruction
0x1069,0x1703,bsf,"0x03, 6",instruction
0x106A,0x3055,movlw,0x55,instruction
0x106B,0x008D,movwf,0x0D,instruction
0x106C,0x30AA,movlw,0xAA,instruction
0x106D,0x008D,movwf,0x0D,instruction
0x106E,0x148C,bsf,"0x0C, 1",instruction
0x106F,0x188C,btfsc,"0x0C, 1",instruction
0x1070,0x286F,goto,0x06F,instruction
0x1071,0x110C,bcf,"0x0C, 2",instruction
0x1072,0x0877,movf,"0x77, W",instruction
0x1073,0x1283,bcf,"0x03, 5",instruction
0x1074,0x1303,bcf,"0x03, 6",instruction
0x1075,0x048B,iorwf,"0x0B, F",instruction
0x1076,0x120A,bcf,"0x0A, 4",instruction
0x1077,0x2722,call,0x722,instruction
0x1078,0x160A,bsf,"0x0A, 4",instruction
0x1079,0x1683,bsf,"0x03, 5",instruction
0x107A,0x293D,goto,0x13D,instruction
0x107B,0x15D1,bsf,"0x51, 3",instruction
0x107C,0x3078,movlw,0x78,instruction
0x107D,0x1683,bsf,"0x03, 5",instruction
0x107E,0x00C2,movwf,0x42,instruction
0x107F,0x293D,goto,0x13D,instruction
0x1080,0x11D1,bcf,"0x51, 3",instruction
0x1081,0x01CB,clrf,0x4B,instruction
0x1082,0x01CA,clrf,0x4A,instruction
0x1083,0x1683,bsf,"0x03, 5",instruction
0x1084,0x293D,goto,0x13D,instruction
0x1085,0x1683,bsf,"0x03, 5",instruction
0x1086,0x084D,movf,"0x4D, W",instruction
0x1087,0x1283,bcf,"0x03, 5",instruction
0x1088,0x00C8,movwf,0x48,instruction
0x1089,0x120A,bcf,"0x0A, 4",instruction
0x108A,0x21BA,call,0x1BA,instruction
0x108B,0x160A,bsf,"0x0A, 4",instruction
0x108C,0x1683,bsf,"0x03, 5",instruction
0x108D,0x293D,goto,0x13D,instruction
0x108E,0x120A,bcf,"0x0A, 4",instruction
0x108F,0x158A,bsf,"0x0A, 3",instruction
0x1090,0x2717,call,0x717,instruction
0x1091,0x160A,bsf,"0x0A, 4",instruction
0x1092,0x118A,bcf,"0x0A, 3",instruction
0x1093,0x1683,bsf,"0x03, 5",instruction
0x1094,0x293D,goto,0x13D,instruction
0x1095,0x120A,bcf,"0x0A, 4",instruction
0x1096,0x228F,call,0x28F,instruction
0x1097,0x160A,bsf,"0x0A, 4",instruction
0x1098,0x1683,bsf,"0x03, 5",instruction
0x1099,0x293D,goto,0x13D,instruction
0x109A,0x120A,bcf,"0x0A, 4",instruction
0x109B,0x158A,bsf,"0x0A, 3",instruction
0x109C,0x2793,call,0x793,instruction
0x109D,0x160A,bsf,"0x0A, 4",instruction
0x109E,0x118A,bcf,"0x0A, 3",instruction
0x109F,0x1683,bsf,"0x03, 5",instruction
0x10A0,0x293D,goto,0x13D,instruction
0x10A1,0x1683,bsf,"0x03, 5",instruction
0x10A2,0x084D,movf,"0x4D, W",instruction
0x10A3,0x1283,bcf,"0x03, 5",instruction
0x10A4,0x00A9,movwf,0x29,instruction
0x10A5,0x1683,bsf,"0x03, 5",instruction
0x10A6,0x293D,goto,0x13D,instruction
0x10A7,0x1683,bsf,"0x03, 5",instruction
0x10A8,0x01CF,clrf,0x4F,instruction
0x10A9,0x084D,movf,"0x4D, W",instruction
0x10AA,0x00CE,movwf,0x4E,instruction
0x10AB,0x084F,movf,"0x4F, W",instruction
0x10AC,0x00D7,movwf,0x57,instruction
0x10AD,0x084E,movf,"0x4E, W",instruction
0x10AE,0x00D6,movwf,0x56,instruction
0x10AF,0x01D9,clrf,0x59,instruction
0x10B0,0x3018,movlw,0x18,instruction
0x10B1,0x00D8,movwf,0x58,instruction
0x10B2,0x120A,bcf,"0x0A, 4",instruction
0x10B3,0x1283,bcf,"0x03, 5",instruction
0x10B4,0x23E8,call,0x3E8,instruction
0x10B5,0x160A,bsf,"0x0A, 4",instruction
0x10B6,0x0879,movf,"0x79, W",instruction
0x10B7,0x1683,bsf,"0x03, 5",instruction
0x10B8,0x00D1,movwf,0x51,instruction
0x10B9,0x0878,movf,"0x78, W",instruction
0x10BA,0x00D0,movwf,0x50,instruction
0x10BB,0x0851,movf,"0x51, W",instruction
0x10BC,0x00D5,movwf,0x55,instruction
0x10BD,0x0850,movf,"0x50, W",instruction
0x10BE,0x00D4,movwf,0x54,instruction
0x10BF,0x120A,bcf,"0x0A, 4",instruction
0x10C0,0x1283,bcf,"0x03, 5",instruction
0x10C1,0x24F9,call,0x4F9,instruction
0x10C2,0x160A,bsf,"0x0A, 4",instruction
0x10C3,0x1683,bsf,"0x03, 5",instruction
0x10C4,0x293D,goto,0x13D,instruction
0x10C5,0x120A,bcf,"0x0A, 4",instruction
0x10C6,0x158A,bsf,"0x0A, 3",instruction
0x10C7,0x279F,call,0x79F,instruction
0x10C8,0x160A,bsf,"0x0A, 4",instruction
0x10C9,0x118A,bcf,"0x0A, 3",instruction
0x10CA,0x120A,bcf,"0x0A, 4",instruction
0x10CB,0x158A,bsf,"0x0A, 3",instruction
0x10CC,0x2793,call,0x793,instruction
0x10CD,0x160A,bsf,"0x0A, 4",instruction
0x10CE,0x118A,bcf,"0x0A, 3",instruction
0x10CF,0x1683,bsf,"0x03, 5",instruction
0x10D0,0x293D,goto,0x13D,instruction
0x10D1,0x1683,bsf,"0x03, 5",instruction
0x10D2,0x0E4D,swapf,"0x4D, W",instruction
0x10D3,0x00D0,movwf,0x50,instruction
0x10D4,0x30F0,movlw,0xF0,instruction
0x10D5,0x05D0,andwf,"0x50, F",instruction
0x10D6,0x01D5,clrf,0x55,instruction
0x10D7,0x0850,movf,"0x50, W",instruction
0x10D8,0x00D4,movwf,0x54,instruction
0x10D9,0x120A,bcf,"0x0A, 4",instruction
0x10DA,0x1283,bcf,"0x03, 5",instruction
0x10DB,0x263B,call,0x63B,instruction
0x10DC,0x160A,bsf,"0x0A, 4",instruction
0x10DD,0x1683,bsf,"0x03, 5",instruction
0x10DE,0x293D,goto,0x13D,instruction
0x10DF,0x120A,bcf,"0x0A, 4",instruction
0x10E0,0x26B0,call,0x6B0,instruction
0x10E1,0x160A,bsf,"0x0A, 4",instruction
0x10E2,0x1EC3,btfss,"0x43, 5",instruction
0x10E3,0x28E6,goto,0x0E6,instruction
0x10E4,0x3021,movlw,0x21,instruction
0x10E5,0x28E7,goto,0x0E7,instruction
0x10E6,0x3001,movlw,0x01,instruction
0x10E7,0x00C3,movwf,0x43,instruction
0x10E8,0x120A,bcf,"0x0A, 4",instruction
0x10E9,0x20E9,call,0x0E9,instruction
0x10EA,0x160A,bsf,"0x0A, 4",instruction
0x10EB,0x1683,bsf,"0x03, 5",instruction
0x10EC,0x293D,goto,0x13D,instruction
0x10ED,0x120A,bcf,"0x0A, 4",instruction
0x10EE,0x158A,bsf,"0x0A, 3",instruction
0x10EF,0x27E3,call,0x7E3,instruction
0x10F0,0x160A,bsf,"0x0A, 4",instruction
0x10F1,0x118A,bcf,"0x0A, 3",instruction
0x10F2,0x3082,movlw,0x82,instruction
0x10F3,0x1683,bsf,"0x03, 5",instruction
0x10F4,0x00C2,movwf,0x42,instruction
0x10F5,0x3049,movlw,0x49,instruction
0x10F6,0x0064,clrwdt,,instruction
0x10F7,0x1283,bcf,"0x03, 5",instruction
0x10F8,0x1A0C,btfsc,"0x0C, 4",instruction
0x10F9,0x28FC,goto,0x0FC,instruction
0x10FA,0x1683,bsf,"0x03, 5",instruction
0x10FB,0x28F6,goto,0x0F6,instruction
0x10FC,0x0099,movwf,0x19,instruction
0x10FD,0x300A,movlw,0x0A,instruction
0x10FE,0x0064,clrwdt,,instruction
0x10FF,0x1E0C,btfss,"0x0C, 4",instruction
0x1100,0x28FE,goto,0x0FE,instruction
0x1101,0x0099,movwf,0x19,instruction
0x1102,0x1683,bsf,"0x03, 5",instruction
0x1103,0x293D,goto,0x13D,instruction
0x1104,0x1683,bsf,"0x03, 5",instruction
0x1105,0x084D,movf,"0x4D, W",instruction
0x1106,0x1283,bcf,"0x03, 5",instruction
0x1107,0x00D2,movwf,0x52,instruction
0x1108,0x17DD,bsf,"0x5D, 7",instruction
0x1109,0x1683,bsf,"0x03, 5",instruction
0x110A,0x293D,goto,0x13D,instruction
0x110B,0x1683,bsf,"0x03, 5",instruction
0x110C,0x084D,movf,"0x4D, W",instruction
0x110D,0x3CC4,sublw,0xC4,instruction
0x110E,0x1D03,btfss,"0x03, 2",instruction
0x110F,0x293B,goto,0x13B,instruction
0x1110,0x01CD,clrf,0x4D,instruction
0x1111,0x084D,movf,"0x4D, W",instruction
0x1112,0x3C13,sublw,0x13,instruction
0x1113,0x1C03,btfss,"0x03, 0",instruction
0x1114,0x2932,goto,0x132,instruction
0x1115,0x01D6,clrf,0x56,instruction
0x1116,0x120A,bcf,"0x0A, 4",instruction
0x1117,0x1283,bcf,"0x03, 5",instruction
0x1118,0x2779,call,0x779,instruction
0x1119,0x160A,bsf,"0x0A, 4",instruction
0x111A,0x3032,movlw,0x32,instruction
0x111B,0x1683,bsf,"0x03, 5",instruction
0x111C,0x00D0,movwf,0x50,instruction
0x111D,0x120A,bcf,"0x0A, 4",instruction
0x111E,0x1283,bcf,"0x03, 5",instruction
0x111F,0x25E3,call,0x5E3,instruction
0x1120,0x160A,bsf,"0x0A, 4",instruction
0x1121,0x3001,movlw,0x01,instruction
0x1122,0x1683,bsf,"0x03, 5",instruction
0x1123,0x00D6,movwf,0x56,instruction
0x1124,0x120A,bcf,"0x0A, 4",instruction
0x1125,0x1283,bcf,"0x03, 5",instruction
0x1126,0x2779,call,0x779,instruction
0x1127,0x160A,bsf,"0x0A, 4",instruction
0x1128,0x3032,movlw,0x32,instruction
0x1129,0x1683,bsf,"0x03, 5",instruction
0x112A,0x00D0,movwf,0x50,instruction
0x112B,0x120A,bcf,"0x0A, 4",instruction
0x112C,0x1283,bcf,"0x03, 5",instruction
0x112D,0x25E3,call,0x5E3,instruction
0x112E,0x160A,bsf,"0x0A, 4",instruction
0x112F,0x1683,bsf,"0x03, 5",instruction
0x1130,0x0ACD,incf,"0x4D, F",instruction
0x1131,0x2911,goto,0x111,instruction
0x1132,0x1283,bcf,"0x03, 5",instruction
0x1133,0x130B,bcf,"0x0B, 6",instruction
0x1134,0x138B,bcf,"0x0B, 7",instruction
0x1135,0x1B8B,btfsc,"0x0B, 7",instruction
0x1136,0x2934,goto,0x134,instruction
0x1137,0x2937,goto,0x137,instruction
0x1138,0x018A,clrf,0x0A,instruction
0x1139,0x2800,goto,0x000,instruction
0x113A,0x1683,bsf,"0x03, 5",instruction
0x113B,0x293D,goto,0x13D,instruction
0x113C,0x1683,bsf,"0x03, 5",instruction
0x113D,0x2A8A,goto,0x28A,instruction
0x113E,0x084B,movf,"0x4B, W",instruction
0x113F,0x3C52,sublw,0x52,instruction
0x1140,0x1D03,btfss,"0x03, 2",instruction
0x1141,0x29EC,goto,0x1EC,instruction
0x1142,0x120A,bcf,"0x0A, 4",instruction
0x1143,0x158A,bsf,"0x0A, 3",instruction
0x1144,0x1283,bcf,"0x03, 5",instruction
0x1145,0x26C0,call,0x6C0,instruction
0x1146,0x160A,bsf,"0x0A, 4",instruction
0x1147,0x118A,bcf,"0x0A, 3",instruction
0x1148,0x0878,movf,"0x78, W",instruction
0x1149,0x1683,bsf,"0x03, 5",instruction
0x114A,0x00CC,movwf,0x4C,instruction
0x114B,0x01CD,clrf,0x4D,instruction
0x114C,0x084C,movf,"0x4C, W",instruction
0x114D,0x3EF1,addlw,0xF1,instruction
0x114E,0x1803,btfsc,"0x03, 0",instruction
0x114F,0x29EB,goto,0x1EB,instruction
0x1150,0x3E0F,addlw,0x0F,instruction
0x1151,0x1283,bcf,"0x03, 5",instruction
0x1152,0x2AA7,goto,0x2A7,instruction
0x1153,0x01D3,clrf,0x53,instruction
0x1154,0x1683,bsf,"0x03, 5",instruction
0x1155,0x29EB,goto,0x1EB,instruction
0x1156,0x0853,movf,"0x53, W",instruction
0x1157,0x1683,bsf,"0x03, 5",instruction
0x1158,0x00CD,movwf,0x4D,instruction
0x1159,0x29EB,goto,0x1EB,instruction
0x115A,0x120A,bcf,"0x0A, 4",instruction
0x115B,0x158A,bsf,"0x0A, 3",instruction
0x115C,0x26FF,call,0x6FF,instruction
0x115D,0x160A,bsf,"0x0A, 4",instruction
0x115E,0x118A,bcf,"0x0A, 3",instruction
0x115F,0x1683,bsf,"0x03, 5",instruction
0x1160,0x01CD,clrf,0x4D,instruction
0x1161,0x1283,bcf,"0x03, 5",instruction
0x1162,0x1C51,btfss,"0x51, 0",instruction
0x1163,0x2967,goto,0x167,instruction
0x1164,0x1683,bsf,"0x03, 5",instruction
0x1165,0x144D,bsf,"0x4D, 0",instruction
0x1166,0x1283,bcf,"0x03, 5",instruction
0x1167,0x1CD1,btfss,"0x51, 1",instruction
0x1168,0x296C,goto,0x16C,instruction
0x1169,0x1683,bsf,"0x03, 5",instruction
0x116A,0x14CD,bsf,"0x4D, 1",instruction
0x116B,0x1283,bcf,"0x03, 5",instruction
0x116C,0x1D51,btfss,"0x51, 2",instruction
0x116D,0x2971,goto,0x171,instruction
0x116E,0x1683,bsf,"0x03, 5",instruction
0x116F,0x154D,bsf,"0x4D, 2",instruction
0x1170,0x1283,bcf,"0x03, 5",instruction
0x1171,0x1DD1,btfss,"0x51, 3",instruction
0x1172,0x2976,goto,0x176,instruction
0x1173,0x1683,bsf,"0x03, 5",instruction
0x1174,0x15CD,bsf,"0x4D, 3",instruction
0x1175,0x1283,bcf,"0x03, 5",instruction
0x1176,0x1C08,btfss,"0x08, 0",instruction
0x1177,0x297B,goto,0x17B,instruction
0x1178,0x1683,bsf,"0x03, 5",instruction
0x1179,0x164D,bsf,"0x4D, 4",instruction
0x117A,0x1283,bcf,"0x03, 5",instruction
0x117B,0x1C88,btfss,"0x08, 1",instruction
0x117C,0x2980,goto,0x180,instruction
0x117D,0x1683,bsf,"0x03, 5",instruction
0x117E,0x16CD,bsf,"0x4D, 5",instruction
0x117F,0x1283,bcf,"0x03, 5",instruction
0x1180,0x1E08,btfss,"0x08, 4",instruction
0x1181,0x2985,goto,0x185,instruction
0x1182,0x1683,bsf,"0x03, 5",instruction
0x1183,0x174D,bsf,"0x4D, 6",instruction
0x1184,0x1283,bcf,"0x03, 5",instruction
0x1185,0x1C89,btfss,"0x09, 1",instruction
0x1186,0x298A,goto,0x18A,instruction
0x1187,0x1683,bsf,"0x03, 5",instruction
0x1188,0x17CD,bsf,"0x4D, 7",instruction
0x1189,0x1283,bcf,"0x03, 5",instruction
0x118A,0x1683,bsf,"0x03, 5",instruction
0x118B,0x29EB,goto,0x1EB,instruction
0x118C,0x1683,bsf,"0x03, 5",instruction
0x118D,0x01CD,clrf,0x4D,instruction
0x118E,0x1283,bcf,"0x03, 5",instruction
0x118F,0x1C86,btfss,"0x06, 1",instruction
0x1190,0x2994,goto,0x194,instruction
0x1191,0x1683,bsf,"0x03, 5",instruction
0x1192,0x144D,bsf,"0x4D, 0",instruction
0x1193,0x1283,bcf,"0x03, 5",instruction
0x1194,0x1E86,btfss,"0x06, 5",instruction
0x1195,0x2999,goto,0x199,instruction
0x1196,0x1683,bsf,"0x03, 5",instruction
0x1197,0x14CD,bsf,"0x4D, 1",instruction
0x1198,0x1283,bcf,"0x03, 5",instruction
0x1199,0x1ED6,btfss,"0x56, 5",instruction
0x119A,0x299E,goto,0x19E,instruction
0x119B,0x1683,bsf,"0x03, 5",instruction
0x119C,0x154D,bsf,"0x4D, 2",instruction
0x119D,0x1283,bcf,"0x03, 5",instruction
0x119E,0x1FD6,btfss,"0x56, 7",instruction
0x119F,0x29A3,goto,0x1A3,instruction
0x11A0,0x1683,bsf,"0x03, 5",instruction
0x11A1,0x15CD,bsf,"0x4D, 3",instruction
0x11A2,0x1283,bcf,"0x03, 5",instruction
0x11A3,0x1683,bsf,"0x03, 5",instruction
0x11A4,0x29EB,goto,0x1EB,instruction
0x11A5,0x1683,bsf,"0x03, 5",instruction
0x11A6,0x0822,movf,"0x22, W",instruction
0x11A7,0x00CD,movwf,0x4D,instruction
0x11A8,0x29EB,goto,0x1EB,instruction
0x11A9,0x0834,movf,"0x34, W",instruction
0x11AA,0x1683,bsf,"0x03, 5",instruction
0x11AB,0x00CD,movwf,0x4D,instruction
0x11AC,0x29EB,goto,0x1EB,instruction
0x11AD,0x1683,bsf,"0x03, 5",instruction
0x11AE,0x01CD,clrf,0x4D,instruction
0x11AF,0x1283,bcf,"0x03, 5",instruction
0x11B0,0x1C2D,btfss,"0x2D, 0",instruction
0x11B1,0x29B5,goto,0x1B5,instruction
0x11B2,0x1683,bsf,"0x03, 5",instruction
0x11B3,0x144D,bsf,"0x4D, 0",instruction
0x11B4,0x1283,bcf,"0x03, 5",instruction
0x11B5,0x1CAD,btfss,"0x2D, 1",instruction
0x11B6,0x29BA,goto,0x1BA,instruction
0x11B7,0x1683,bsf,"0x03, 5",instruction
0x11B8,0x14CD,bsf,"0x4D, 1",instruction
0x11B9,0x1283,bcf,"0x03, 5",instruction
0x11BA,0x1E06,btfss,"0x06, 4",instruction
0x11BB,0x29BF,goto,0x1BF,instruction
0x11BC,0x1683,bsf,"0x03, 5",instruction
0x11BD,0x154D,bsf,"0x4D, 2",instruction
0x11BE,0x1283,bcf,"0x03, 5",instruction
0x11BF,0x1683,bsf,"0x03, 5",instruction
0x11C0,0x29EB,goto,0x1EB,instruction
0x11C1,0x0C45,rrf,"0x45, W",instruction
0x11C2,0x00FA,movwf,0x7A,instruction
0x11C3,0x0C44,rrf,"0x44, W",instruction
0x11C4,0x00F9,movwf,0x79,instruction
0x11C5,0x0CFA,rrf,"0x7A, F",instruction
0x11C6,0x0CF9,rrf,"0x79, F",instruction
0x11C7,0x0CFA,rrf,"0x7A, F",instruction
0x11C8,0x0CF9,rrf,"0x79, F",instruction
0x11C9,0x0CFA,rrf,"0x7A, F",instruction
0x11CA,0x0CF9,rrf,"0x79, F",instruction
0x11CB,0x0879,movf,"0x79, W",instruction
0x11CC,0x1683,bsf,"0x03, 5",instruction
0x11CD,0x00CD,movwf,0x4D,instruction
0x11CE,0x29EB,goto,0x1EB,instruction
0x11CF,0x3005,movlw,0x05,instruction
0x11D0,0x1683,bsf,"0x03, 5",instruction
0x11D1,0x00CD,movwf,0x4D,instruction
0x11D2,0x29EB,goto,0x1EB,instruction
0x11D3,0x082E,movf,"0x2E, W",instruction
0x11D4,0x1683,bsf,"0x03, 5",instruction
0x11D5,0x00CD,movwf,0x4D,instruction
0x11D6,0x29EB,goto,0x1EB,instruction
0x11D7,0x082F,movf,"0x2F, W",instruction
0x11D8,0x1683,bsf,"0x03, 5",instruction
0x11D9,0x00CD,movwf,0x4D,instruction
0x11DA,0x29EB,goto,0x1EB,instruction
0x11DB,0x3002,movlw,0x02,instruction
0x11DC,0x1683,bsf,"0x03, 5",instruction
0x11DD,0x00CD,movwf,0x4D,instruction
0x11DE,0x29EB,goto,0x1EB,instruction
0x11DF,0x3006,movlw,0x06,instruction
0x11E0,0x1683,bsf,"0x03, 5",instruction
0x11E1,0x00CD,movwf,0x4D,instruction
0x11E2,0x29EB,goto,0x1EB,instruction
0x11E3,0x1683,bsf,"0x03, 5",instruction
0x11E4,0x01CD,clrf,0x4D,instruction
0x11E5,0x29EB,goto,0x1EB,instruction
0x11E6,0x3021,movlw,0x21,instruction
0x11E7,0x1683,bsf,"0x03, 5",instruction
0x11E8,0x00CD,movwf,0x4D,instruction
0x11E9,0x29EB,goto,0x1EB,instruction
0x11EA,0x1683,bsf,"0x03, 5",instruction
0x11EB,0x2A65,goto,0x265,instruction
0x11EC,0x084A,movf,"0x4A, W",instruction
0x11ED,0x3C41,sublw,0x41,instruction
0x11EE,0x1903,btfsc,"0x03, 2",instruction
0x11EF,0x29F4,goto,0x1F4,instruction
0x11F0,0x084A,movf,"0x4A, W",instruction
0x11F1,0x3C4D,sublw,0x4D,instruction
0x11F2,0x1D03,btfss,"0x03, 2",instruction
0x11F3,0x2A64,goto,0x264,instruction
0x11F4,0x120A,bcf,"0x0A, 4",instruction
0x11F5,0x158A,bsf,"0x0A, 3",instruction
0x11F6,0x1283,bcf,"0x03, 5",instruction
0x11F7,0x2671,call,0x671,instruction
0x11F8,0x160A,bsf,"0x0A, 4",instruction
0x11F9,0x118A,bcf,"0x0A, 3",instruction
0x11FA,0x0878,movf,"0x78, W",instruction
0x11FB,0x1683,bsf,"0x03, 5",instruction
0x11FC,0x00CB,movwf,0x4B,instruction
0x11FD,0x084B,movf,"0x4B, W",instruction
0x11FE,0x3C57,sublw,0x57,instruction
0x11FF,0x1D03,btfss,"0x03, 2",instruction
0x1200,0x2A46,goto,0x246,instruction
0x1201,0x120A,bcf,"0x0A, 4",instruction
0x1202,0x158A,bsf,"0x0A, 3",instruction
0x1203,0x1283,bcf,"0x03, 5",instruction
0x1204,0x26C0,call,0x6C0,instruction
0x1205,0x160A,bsf,"0x0A, 4",instruction
0x1206,0x118A,bcf,"0x0A, 3",instruction
0x1207,0x0878,movf,"0x78, W",instruction
0x1208,0x1683,bsf,"0x03, 5",instruction
0x1209,0x00CC,movwf,0x4C,instruction
0x120A,0x120A,bcf,"0x0A, 4",instruction
0x120B,0x158A,bsf,"0x0A, 3",instruction
0x120C,0x1283,bcf,"0x03, 5",instruction
0x120D,0x26C0,call,0x6C0,instruction
0x120E,0x160A,bsf,"0x0A, 4",instruction
0x120F,0x118A,bcf,"0x0A, 3",instruction
0x1210,0x0878,movf,"0x78, W",instruction
0x1211,0x1683,bsf,"0x03, 5",instruction
0x1212,0x00CD,movwf,0x4D,instruction
0x1213,0x084A,movf,"0x4A, W",instruction
0x1214,0x3C41,sublw,0x41,instruction
0x1215,0x1D03,btfss,"0x03, 2",instruction
0x1216,0x2A45,goto,0x245,instruction
0x1217,0x084C,movf,"0x4C, W",instruction
0x1218,0x1283,bcf,"0x03, 5",instruction
0x1219,0x1703,bsf,"0x03, 6",instruction
0x121A,0x008D,movwf,0x0D,instruction
0x121B,0x1683,bsf,"0x03, 5",instruction
0x121C,0x1303,bcf,"0x03, 6",instruction
0x121D,0x084D,movf,"0x4D, W",instruction
0x121E,0x1283,bcf,"0x03, 5",instruction
0x121F,0x1703,bsf,"0x03, 6",instruction
0x1220,0x008C,movwf,0x0C,instruction
0x1221,0x1683,bsf,"0x03, 5",instruction
0x1222,0x138C,bcf,"0x0C, 7",instruction
0x1223,0x150C,bsf,"0x0C, 2",instruction
0x1224,0x1283,bcf,"0x03, 5",instruction
0x1225,0x1303,bcf,"0x03, 6",instruction
0x1226,0x080B,movf,"0x0B, W",instruction
0x1227,0x00F7,movwf,0x77,instruction
0x1228,0x138B,bcf,"0x0B, 7",instruction
0x1229,0x1683,bsf,"0x03, 5",instruction
0x122A,0x1703,bsf,"0x03, 6",instruction
0x122B,0x3055,movlw,0x55,instruction
0x122C,0x008D,movwf,0x0D,instruction
0x122D,0x30AA,movlw,0xAA,instruction
0x122E,0x008D,movwf,0x0D,instruction
0x122F,0x148C,bsf,"0x0C, 1",instruction
0x1230,0x188C,btfsc,"0x0C, 1",instruction
0x1231,0x2A30,goto,0x230,instruction
0x1232,0x110C,bcf,"0x0C, 2",instruction
0x1233,0x0877,movf,"0x77, W",instruction
0x1234,0x1283,bcf,"0x03, 5",instruction
0x1235,0x1303,bcf,"0x03, 6",instruction
0x1236,0x048B,iorwf,"0x0B, F",instruction
0x1237,0x1683,bsf,"0x03, 5",instruction
0x1238,0x084C,movf,"0x4C, W",instruction
0x1239,0x1283,bcf,"0x03, 5",instruction
0x123A,0x1703,bsf,"0x03, 6",instruction
0x123B,0x008D,movwf,0x0D,instruction
0x123C,0x1683,bsf,"0x03, 5",instruction
0x123D,0x138C,bcf,"0x0C, 7",instruction
0x123E,0x140C,bsf,"0x0C, 0",instruction
0x123F,0x1283,bcf,"0x03, 5",instruction
0x1240,0x080C,movf,"0x0C, W",instruction
0x1241,0x1683,bsf,"0x03, 5",instruction
0x1242,0x1303,bcf,"0x03, 6",instruction
0x1243,0x00CD,movwf,0x4D,instruction
0x1244,0x2A45,goto,0x245,instruction
0x1245,0x2A65,goto,0x265,instruction
0x1246,0x084B,movf,"0x4B, W",instruction
0x1247,0x3C52,sublw,0x52,instruction
0x1248,0x1D03,btfss,"0x03, 2",instruction
0x1249,0x2A64,goto,0x264,instruction
0x124A,0x120A,bcf,"0x0A, 4",instruction
0x124B,0x158A,bsf,"0x0A, 3",instruction
0x124C,0x1283,bcf,"0x03, 5",instruction
0x124D,0x26C0,call,0x6C0,instruction
0x124E,0x160A,bsf,"0x0A, 4",instruction
0x124F,0x118A,bcf,"0x0A, 3",instruction
0x1250,0x0878,movf,"0x78, W",instruction
0x1251,0x1683,bsf,"0x03, 5",instruction
0x1252,0x00CC,movwf,0x4C,instruction
0x1253,0x084A,movf,"0x4A, W",instruction
0x1254,0x3C41,sublw,0x41,instruction
0x1255,0x1D03,btfss,"0x03, 2",instruction
0x1256,0x2A63,goto,0x263,instruction
0x1257,0x084C,movf,"0x4C, W",instruction
0x1258,0x1283,bcf,"0x03, 5",instruction
0x1259,0x1703,bsf,"0x03, 6",instruction
0x125A,0x008D,movwf,0x0D,instruction
0x125B,0x1683,bsf,"0x03, 5",instruction
0x125C,0x138C,bcf,"0x0C, 7",instruction
0x125D,0x140C,bsf,"0x0C, 0",instruction
0x125E,0x1283,bcf,"0x03, 5",instruction
0x125F,0x080C,movf,"0x0C, W",instruction
0x1260,0x1683,bsf,"0x03, 5",instruction
0x1261,0x1303,bcf,"0x03, 6",instruction
0x1262,0x00CD,movwf,0x4D,instruction
0x1263,0x2A65,goto,0x265,instruction
0x1264,0x2A8D,goto,0x28D,instruction
0x1265,0x084A,movf,"0x4A, W",instruction
0x1266,0x0064,clrwdt,,instruction
0x1267,0x1283,bcf,"0x03, 5",instruction
0x1268,0x1A0C,btfsc,"0x0C, 4",instruction
0x1269,0x2A6C,goto,0x26C,instruction
0x126A,0x1683,bsf,"0x03, 5",instruction
0x126B,0x2A66,goto,0x266,instruction
0x126C,0x0099,movwf,0x19,instruction
0x126D,0x1683,bsf,"0x03, 5",instruction
0x126E,0x084B,movf,"0x4B, W",instruction
0x126F,0x0064,clrwdt,,instruction
0x1270,0x1283,bcf,"0x03, 5",instruction
0x1271,0x1A0C,btfsc,"0x0C, 4",instruction
0x1272,0x2A75,goto,0x275,instruction
0x1273,0x1683,bsf,"0x03, 5",instruction
0x1274,0x2A6F,goto,0x26F,instruction
0x1275,0x0099,movwf,0x19,instruction
0x1276,0x1683,bsf,"0x03, 5",instruction
0x1277,0x084C,movf,"0x4C, W",instruction
0x1278,0x00D8,movwf,0x58,instruction
0x1279,0x120A,bcf,"0x0A, 4",instruction
0x127A,0x1283,bcf,"0x03, 5",instruction
0x127B,0x22D3,call,0x2D3,instruction
0x127C,0x160A,bsf,"0x0A, 4",instruction
0x127D,0x1683,bsf,"0x03, 5",instruction
0x127E,0x084D,movf,"0x4D, W",instruction
0x127F,0x00D8,movwf,0x58,instruction
0x1280,0x120A,bcf,"0x0A, 4",instruction
0x1281,0x1283,bcf,"0x03, 5",instruction
0x1282,0x22D3,call,0x2D3,instruction
0x1283,0x160A,bsf,"0x0A, 4",instruction
0x1284,0x300A,movlw,0x0A,instruction
0x1285,0x0064,clrwdt,,instruction
0x1286,0x1E0C,btfss,"0x0C, 4",instruction
0x1287,0x2A85,goto,0x285,instruction
0x1288,0x0099,movwf,0x19,instruction
0x1289,0x1683,bsf,"0x03, 5",instruction
0x128A,0x3001,movlw,0x01,instruction
0x128B,0x00F8,movwf,0x78,instruction
0x128C,0x2A8F,goto,0x28F,instruction
0x128D,0x3000,movlw,0x00,instruction
0x128E,0x00F8,movwf,0x78,instruction
0x128F,0x1283,bcf,"0x03, 5",instruction
0x1290,0x158A,bsf,"0x0A, 3",instruction
0x1291,0x160A,bsf,"0x0A, 4",instruction
0x1292,0x28AA,goto,0x0AA,instruction
0x1293,0x100A,bcf,"0x0A, 0",instruction
0x1294,0x148A,bsf,"0x0A, 1",instruction
0x1295,0x110A,bcf,"0x0A, 2",instruction
0x1296,0x0782,addwf,"0x02, F",instruction
0x1297,0x2830,goto,0x030,instruction
0x1298,0x2836,goto,0x036,instruction
0x1299,0x287B,goto,0x07B,instruction
0x129A,0x2880,goto,0x080,instruction
0x129B,0x2885,goto,0x085,instruction
0x129C,0x288E,goto,0x08E,instruction
0x129D,0x2895,goto,0x095,instruction
0x129E,0x289A,goto,0x09A,instruction
0x129F,0x28A1,goto,0x0A1,instruction
0x12A0,0x28A7,goto,0x0A7,instruction
0x12A1,0x28C5,goto,0x0C5,instruction
0x12A2,0x28D1,goto,0x0D1,instruction
0x12A3,0x28DF,goto,0x0DF,instruction
0x12A4,0x28ED,goto,0x0ED,instruction
0x12A5,0x2904,goto,0x104,instruction
0x12A6,0x290B,goto,0x10B,instruction
0x12A7,0x100A,bcf,"0x0A, 0",instruction
0x12A8,0x148A,bsf,"0x0A, 1",instruction
0x12A9,0x110A,bcf,"0x0A, 2",instruction
0x12AA,0x0782,addwf,"0x02, F",instruction
0x12AB,0x2953,goto,0x153,instruction
0x12AC,0x2956,goto,0x156,instruction
0x12AD,0x295A,goto,0x15A,instruction
0x12AE,0x298C,goto,0x18C,instruction
0x12AF,0x29A5,goto,0x1A5,instruction
0x12B0,0x29A9,goto,0x1A9,instruction
0x12B1,0x29AD,goto,0x1AD,instruction
0x12B2,0x29C1,goto,0x1C1,instruction
0x12B3,0x29CF,goto,0x1CF,instruction
0x12B4,0x29D3,goto,0x1D3,instruction
0x12B5,0x29D7,goto,0x1D7,instruction
0x12B6,0x29DB,goto,0x1DB,instruction
0x12B7,0x29DF,goto,0x1DF,instruction
0x12B8,0x29E3,goto,0x1E3,instruction
0x12B9,0x29E6,goto,0x1E6,instruction
0x12BA,0x01CF,clrf,0x4F,instruction
0x12BB,0x01BB,clrf,0x3B,instruction
0x12BC,0x1130,bcf,"0x30, 2",instruction
0x12BD,0x01BC,clrf,0x3C,instruction
0x12BE,0x1EC3,btfss,"0x43, 5",instruction
0x12BF,0x2AC2,goto,0x2C2,instruction
0x12C0,0x3021,movlw,0x21,instruction
0x12C1,0x2AC3,goto,0x2C3,instruction
0x12C2,0x3001,movlw,0x01,instruction
0x12C3,0x00C3,movwf,0x43,instruction
0x12C4,0x120A,bcf,"0x0A, 4",instruction
0x12C5,0x158A,bsf,"0x0A, 3",instruction
0x12C6,0x2402,call,0x402,instruction
0x12C7,0x160A,bsf,"0x0A, 4",instruction
0x12C8,0x118A,bcf,"0x0A, 3",instruction
0x12C9,0x3400,retlw,0x00,instruction
0x12CA,0x01CD,clrf,0x4D,instruction
0x12CB,0x175D,bsf,"0x5D, 6",instruction
0x12CC,0x11DD,bcf,"0x5D, 3",instruction
0x12CD,0x12DD,bcf,"0x5D, 5",instruction
0x12CE,0x13DD,bcf,"0x5D, 7",instruction
0x12CF,0x118A,bcf,"0x0A, 3",instruction
0x12D0,0x160A,bsf,"0x0A, 4",instruction
0x12D1,0x2ADB,goto,0x2DB,instruction
0x12D2,0x1683,bsf,"0x03, 5",instruction
0x12D3,0x1F20,btfss,"0x20, 6",instruction
0x12D4,0x2AF7,goto,0x2F7,instruction
0x12D5,0x3010,movlw,0x10,instruction
0x12D6,0x1283,bcf,"0x03, 5",instruction
0x12D7,0x00CC,movwf,0x4C,instruction
0x12D8,0x14CF,bsf,"0x4F, 1",instruction
0x12D9,0x154F,bsf,"0x4F, 2",instruction
0x12DA,0x2ACA,goto,0x2CA,instruction
0x12DB,0x1B30,btfsc,"0x30, 6",instruction
0x12DC,0x2AF8,goto,0x2F8,instruction
0x12DD,0x120A,bcf,"0x0A, 4",instruction
0x12DE,0x20E9,call,0x0E9,instruction
0x12DF,0x160A,bsf,"0x0A, 4",instruction
0x12E0,0x120A,bcf,"0x0A, 4",instruction
0x12E1,0x158A,bsf,"0x0A, 3",instruction
0x12E2,0x2717,call,0x717,instruction
0x12E3,0x160A,bsf,"0x0A, 4",instruction
0x12E4,0x118A,bcf,"0x0A, 3",instruction
0x12E5,0x1686,bsf,"0x06, 5",instruction
0x12E6,0x082B,movf,"0x2B, W",instruction
0x12E7,0x1683,bsf,"0x03, 5",instruction
0x12E8,0x00D2,movwf,0x52,instruction
0x12E9,0x120A,bcf,"0x0A, 4",instruction
0x12EA,0x158A,bsf,"0x0A, 3",instruction
0x12EB,0x1283,bcf,"0x03, 5",instruction
0x12EC,0x26DD,call,0x6DD,instruction
0x12ED,0x160A,bsf,"0x0A, 4",instruction
0x12EE,0x118A,bcf,"0x0A, 3",instruction
0x12EF,0x1286,bcf,"0x06, 5",instruction
0x12F0,0x1730,bsf,"0x30, 6",instruction
0x12F1,0x1683,bsf,"0x03, 5",instruction
0x12F2,0x13A0,bcf,"0x20, 7",instruction
0x12F3,0x1320,bcf,"0x20, 6",instruction
0x12F4,0x3001,movlw,0x01,instruction
0x12F5,0x00F8,movwf,0x78,instruction
0x12F6,0x2AFB,goto,0x2FB,instruction
0x12F7,0x1283,bcf,"0x03, 5",instruction
0x12F8,0x3000,movlw,0x00,instruction
0x12F9,0x00F8,movwf,0x78,instruction
0x12FA,0x1683,bsf,"0x03, 5",instruction
0x12FB,0x1283,bcf,"0x03, 5",instruction
0x12FC,0x158A,bsf,"0x0A, 3",instruction
0x12FD,0x160A,bsf,"0x0A, 4",instruction
0x12FE,0x28D6,goto,0x0D6,instruction
0x12FF,0x1683,bsf,"0x03, 5",instruction
0x1300,0x084A,movf,"0x4A, W",instruction
0x1301,0x1283,bcf,"0x03, 5",instruction
0x1302,0x074A,addwf,"0x4A, W",instruction
0x1303,0x1683,bsf,"0x03, 5",instruction
0x1304,0x00CB,movwf,0x4B,instruction
0x1305,0x1283,bcf,"0x03, 5",instruction
0x1306,0x084B,movf,"0x4B, W",instruction
0x1307,0x1683,bsf,"0x03, 5",instruction
0x1308,0x00CC,movwf,0x4C,instruction
0x1309,0x1803,btfsc,"0x03, 0",instruction
0x130A,0x0ACC,incf,"0x4C, F",instruction
0x130B,0x1283,bcf,"0x03, 5",instruction
0x130C,0x084B,movf,"0x4B, W",instruction
0x130D,0x1683,bsf,"0x03, 5",instruction
0x130E,0x024C,subwf,"0x4C, W",instruction
0x130F,0x1C03,btfss,"0x03, 0",instruction
0x1310,0x2B23,goto,0x323,instruction
0x1311,0x1D03,btfss,"0x03, 2",instruction
0x1312,0x2B1B,goto,0x31B,instruction
0x1313,0x084B,movf,"0x4B, W",instruction
0x1314,0x1283,bcf,"0x03, 5",instruction
0x1315,0x024A,subwf,"0x4A, W",instruction
0x1316,0x1C03,btfss,"0x03, 0",instruction
0x1317,0x2B1A,goto,0x31A,instruction
0x1318,0x1683,bsf,"0x03, 5",instruction
0x1319,0x2B23,goto,0x323,instruction
0x131A,0x1683,bsf,"0x03, 5",instruction
0x131B,0x120A,bcf,"0x0A, 4",instruction
0x131C,0x158A,bsf,"0x0A, 3",instruction
0x131D,0x1283,bcf,"0x03, 5",instruction
0x131E,0x2079,call,0x079,instruction
0x131F,0x160A,bsf,"0x0A, 4",instruction
0x1320,0x118A,bcf,"0x0A, 3",instruction
0x1321,0x1683,bsf,"0x03, 5",instruction
0x1322,0x2B0B,goto,0x30B,instruction
0x1323,0x1283,bcf,"0x03, 5",instruction
0x1324,0x118A,bcf,"0x0A, 3",instruction
0x1325,0x160A,bsf,"0x0A, 4",instruction
0x1326,0x2B3B,goto,0x33B,instruction
0x1327,0x01CB,clrf,0x4B,instruction
0x1328,0x01CA,clrf,0x4A,instruction
0x1329,0x1BCF,btfsc,"0x4F, 7",instruction
0x132A,0x2B46,goto,0x346,instruction
0x132B,0x1BC3,btfsc,"0x43, 7",instruction
0x132C,0x2B46,goto,0x346,instruction
0x132D,0x13C3,bcf,"0x43, 7",instruction
0x132E,0x1643,bsf,"0x43, 4",instruction
0x132F,0x08CB,movf,"0x4B, F",instruction
0x1330,0x1D03,btfss,"0x03, 2",instruction
0x1331,0x2B45,goto,0x345,instruction
0x1332,0x084A,movf,"0x4A, W",instruction
0x1333,0x3C77,sublw,0x77,instruction
0x1334,0x1C03,btfss,"0x03, 0",instruction
0x1335,0x2B45,goto,0x345,instruction
0x1336,0x3001,movlw,0x01,instruction
0x1337,0x1683,bsf,"0x03, 5",instruction
0x1338,0x00CA,movwf,0x4A,instruction
0x1339,0x1283,bcf,"0x03, 5",instruction
0x133A,0x2AFF,goto,0x2FF,instruction
0x133B,0x1FC3,btfss,"0x43, 7",instruction
0x133C,0x2B3E,goto,0x33E,instruction
0x133D,0x2B45,goto,0x345,instruction
0x133E,0x1486,bsf,"0x06, 1",instruction
0x133F,0x1FDD,btfss,"0x5D, 7",instruction
0x1340,0x2B44,goto,0x344,instruction
0x1341,0x1EDD,btfss,"0x5D, 5",instruction
0x1342,0x2B44,goto,0x344,instruction
0x1343,0x2B45,goto,0x345,instruction
0x1344,0x2B2F,goto,0x32F,instruction
0x1345,0x1086,bcf,"0x06, 1",instruction
0x1346,0x158A,bsf,"0x0A, 3",instruction
0x1347,0x160A,bsf,"0x0A, 4",instruction
0x1348,0x2922,goto,0x122,instruction
0x1349,0x120A,bcf,"0x0A, 4",instruction
0x134A,0x158A,bsf,"0x0A, 3",instruction
0x134B,0x2717,call,0x717,instruction
0x134C,0x160A,bsf,"0x0A, 4",instruction
0x134D,0x118A,bcf,"0x0A, 3",instruction
0x134E,0x120A,bcf,"0x0A, 4",instruction
0x134F,0x2279,call,0x279,instruction
0x1350,0x160A,bsf,"0x0A, 4",instruction
0x1351,0x01CB,clrf,0x4B,instruction
0x1352,0x01CA,clrf,0x4A,instruction
0x1353,0x3037,movlw,0x37,instruction
0x1354,0x00AD,movwf,0x2D,instruction
0x1355,0x1CD0,btfss,"0x50, 1",instruction
0x1356,0x2B5B,goto,0x35B,instruction
0x1357,0x3047,movlw,0x47,instruction
0x1358,0x00AD,movwf,0x2D,instruction
0x1359,0x10D0,bcf,"0x50, 1",instruction
0x135A,0x2B78,goto,0x378,instruction
0x135B,0x3057,movlw,0x57,instruction
0x135C,0x00AD,movwf,0x2D,instruction
0x135D,0x120A,bcf,"0x0A, 4",instruction
0x135E,0x27BE,call,0x7BE,instruction
0x135F,0x160A,bsf,"0x0A, 4",instruction
0x1360,0x0879,movf,"0x79, W",instruction
0x1361,0x00FA,movwf,0x7A,instruction
0x1362,0x087A,movf,"0x7A, W",instruction
0x1363,0x023A,subwf,"0x3A, W",instruction
0x1364,0x1C03,btfss,"0x03, 0",instruction
0x1365,0x2B76,goto,0x376,instruction
0x1366,0x1D03,btfss,"0x03, 2",instruction
0x1367,0x2B6C,goto,0x36C,instruction
0x1368,0x0878,movf,"0x78, W",instruction
0x1369,0x0239,subwf,"0x39, W",instruction
0x136A,0x1C03,btfss,"0x03, 0",instruction
0x136B,0x2B76,goto,0x376,instruction
0x136C,0x120A,bcf,"0x0A, 4",instruction
0x136D,0x27BE,call,0x7BE,instruction
0x136E,0x160A,bsf,"0x0A, 4",instruction
0x136F,0x0878,movf,"0x78, W",instruction
0x1370,0x02B9,subwf,"0x39, F",instruction
0x1371,0x0879,movf,"0x79, W",instruction
0x1372,0x1C03,btfss,"0x03, 0",instruction
0x1373,0x0F79,incfsz,"0x79, W",instruction
0x1374,0x02BA,subwf,"0x3A, F",instruction
0x1375,0x2B78,goto,0x378,instruction
0x1376,0x01BA,clrf,0x3A,instruction
0x1377,0x01B9,clrf,0x39,instruction
0x1378,0x3067,movlw,0x67,instruction
0x1379,0x00AD,movwf,0x2D,instruction
0x137A,0x3400,retlw,0x00,instruction
0x137B,0x084D,movf,"0x4D, W",instruction
0x137C,0x3C01,sublw,0x01,instruction
0x137D,0x1803,btfsc,"0x03, 0",instruction
0x137E,0x2B83,goto,0x383,instruction
0x137F,0x14CF,bsf,"0x4F, 1",instruction
0x1380,0x3001,movlw,0x01,instruction
0x1381,0x00F8,movwf,0x78,instruction
0x1382,0x2BA2,goto,0x3A2,instruction
0x1383,0x1D30,btfss,"0x30, 2",instruction
0x1384,0x2B8A,goto,0x38A,instruction
0x1385,0x3007,movlw,0x07,instruction
0x1386,0x00AD,movwf,0x2D,instruction
0x1387,0x3001,movlw,0x01,instruction
0x1388,0x00F8,movwf,0x78,instruction
0x1389,0x2BA2,goto,0x3A2,instruction
0x138A,0x084F,movf,"0x4F, W",instruction
0x138B,0x39F7,andlw,0xF7,instruction
0x138C,0x3C40,sublw,0x40,instruction
0x138D,0x1803,btfsc,"0x03, 0",instruction
0x138E,0x2B97,goto,0x397,instruction
0x138F,0x084F,movf,"0x4F, W",instruction
0x1390,0x39F7,andlw,0xF7,instruction
0x1391,0x3C43,sublw,0x43,instruction
0x1392,0x1C03,btfss,"0x03, 0",instruction
0x1393,0x2B97,goto,0x397,instruction
0x1394,0x3000,movlw,0x00,instruction
0x1395,0x00F8,movwf,0x78,instruction
0x1396,0x2BA2,goto,0x3A2,instruction
0x1397,0x084F,movf,"0x4F, W",instruction
0x1398,0x39F7,andlw,0xF7,instruction
0x1399,0x1903,btfsc,"0x03, 2",instruction
0x139A,0x2BA0,goto,0x3A0,instruction
0x139B,0x3007,movlw,0x07,instruction
0x139C,0x00AD,movwf,0x2D,instruction
0x139D,0x3001,movlw,0x01,instruction
0x139E,0x00F8,movwf,0x78,instruction
0x139F,0x2BA2,goto,0x3A2,instruction
0x13A0,0x3000,movlw,0x00,instruction
0x13A1,0x00F8,movwf,0x78,instruction
0x13A2,0x3400,retlw,0x00,instruction
0x13A3,0x3020,movlw,0x20,instruction
0x13A4,0x1683,bsf,"0x03, 5",instruction
0x13A5,0x00E6,movwf,0x66,instruction
0x13A6,0x01E2,clrf,0x62,instruction
0x13A7,0x01E3,clrf,0x63,instruction
0x13A8,0x01E4,clrf,0x64,instruction
0x13A9,0x01E5,clrf,0x65,instruction
0x13AA,0x085D,movf,"0x5D, W",instruction
0x13AB,0x00FA,movwf,0x7A,instruction
0x13AC,0x085C,movf,"0x5C, W",instruction
0x13AD,0x00F9,movwf,0x79,instruction
0x13AE,0x085B,movf,"0x5B, W",instruction
0x13AF,0x00F8,movwf,0x78,instruction
0x13B0,0x085A,movf,"0x5A, W",instruction
0x13B1,0x00F7,movwf,0x77,instruction
0x13B2,0x1003,bcf,"0x03, 0",instruction
0x13B3,0x1C77,btfss,"0x77, 0",instruction
0x13B4,0x2BC3,goto,0x3C3,instruction
0x13B5,0x085E,movf,"0x5E, W",instruction
0x13B6,0x07E2,addwf,"0x62, F",instruction
0x13B7,0x085F,movf,"0x5F, W",instruction
0x13B8,0x1803,btfsc,"0x03, 0",instruction
0x13B9,0x0F5F,incfsz,"0x5F, W",instruction
0x13BA,0x07E3,addwf,"0x63, F",instruction
0x13BB,0x0860,movf,"0x60, W",instruction
0x13BC,0x1803,btfsc,"0x03, 0",instruction
0x13BD,0x0F60,incfsz,"0x60, W",instruction
0x13BE,0x07E4,addwf,"0x64, F",instruction
0x13BF,0x0861,movf,"0x61, W",instruction
0x13C0,0x1803,btfsc,"0x03, 0",instruction
0x13C1,0x0F61,incfsz,"0x61, W",instruction
0x13C2,0x07E5,addwf,"0x65, F",instruction
0x13C3,0x0CE5,rrf,"0x65, F",instruction
0x13C4,0x0CE4,rrf,"0x64, F",instruction
0x13C5,0x0CE3,rrf,"0x63, F",instruction
0x13C6,0x0CE2,rrf,"0x62, F",instruction
0x13C7,0x0CFA,rrf,"0x7A, F",instruction
0x13C8,0x0CF9,rrf,"0x79, F",instruction
0x13C9,0x0CF8,rrf,"0x78, F",instruction
0x13CA,0x0CF7,rrf,"0x77, F",instruction
0x13CB,0x0BE6,decfsz,"0x66, F",instruction
0x13CC,0x2BB2,goto,0x3B2,instruction
0x13CD,0x1283,bcf,"0x03, 5",instruction
0x13CE,0x118A,bcf,"0x0A, 3",instruction
0x13CF,0x160A,bsf,"0x0A, 4",instruction
0x13D0,0x2C6B,goto,0x46B,instruction
0x13D1,0x01F7,clrf,0x77,instruction
0x13D2,0x01F8,clrf,0x78,instruction
0x13D3,0x01F9,clrf,0x79,instruction
0x13D4,0x01FA,clrf,0x7A,instruction
0x13D5,0x1683,bsf,"0x03, 5",instruction
0x13D6,0x01E2,clrf,0x62,instruction
0x13D7,0x01E3,clrf,0x63,instruction
0x13D8,0x01E4,clrf,0x64,instruction
0x13D9,0x01E5,clrf,0x65,instruction
0x13DA,0x0861,movf,"0x61, W",instruction
0x13DB,0x0460,iorwf,"0x60, W",instruction
0x13DC,0x045F,iorwf,"0x5F, W",instruction
0x13DD,0x045E,iorwf,"0x5E, W",instruction
0x13DE,0x1903,btfsc,"0x03, 2",instruction
0x13DF,0x2C10,goto,0x410,instruction
0x13E0,0x3020,movlw,0x20,instruction
0x13E1,0x00E6,movwf,0x66,instruction
0x13E2,0x1003,bcf,"0x03, 0",instruction
0x13E3,0x0DDA,rlf,"0x5A, F",instruction
0x13E4,0x0DDB,rlf,"0x5B, F",instruction
0x13E5,0x0DDC,rlf,"0x5C, F",instruction
0x13E6,0x0DDD,rlf,"0x5D, F",instruction
0x13E7,0x0DE2,rlf,"0x62, F",instruction
0x13E8,0x0DE3,rlf,"0x63, F",instruction
0x13E9,0x0DE4,rlf,"0x64, F",instruction
0x13EA,0x0DE5,rlf,"0x65, F",instruction
0x13EB,0x0861,movf,"0x61, W",instruction
0x13EC,0x0265,subwf,"0x65, W",instruction
0x13ED,0x1D03,btfss,"0x03, 2",instruction
0x13EE,0x2BF9,goto,0x3F9,instruction
0x13EF,0x0860,movf,"0x60, W",instruction
0x13F0,0x0264,subwf,"0x64, W",instruction
0x13F1,0x1D03,btfss,"0x03, 2",instruction
0x13F2,0x2BF9,goto,0x3F9,instruction
0x13F3,0x085F,movf,"0x5F, W",instruction
0x13F4,0x0263,subwf,"0x63, W",instruction
0x13F5,0x1D03,btfss,"0x03, 2",instruction
0x13F6,0x2BF9,goto,0x3F9,instruction
0x13F7,0x085E,movf,"0x5E, W",instruction
0x13F8,0x0262,subwf,"0x62, W",instruction
0x13F9,0x1C03,btfss,"0x03, 0",instruction
0x13FA,0x2C0A,goto,0x40A,instruction
0x13FB,0x085E,movf,"0x5E, W",instruction
0x13FC,0x02E2,subwf,"0x62, F",instruction
0x13FD,0x085F,movf,"0x5F, W",instruction
0x13FE,0x1C03,btfss,"0x03, 0",instruction
0x13FF,0x0F5F,incfsz,"0x5F, W",instruction
0x1400,0x02E3,subwf,"0x63, F",instruction
0x1401,0x0860,movf,"0x60, W",instruction
0x1402,0x1C03,btfss,"0x03, 0",instruction
0x1403,0x0F60,incfsz,"0x60, W",instruction
0x1404,0x02E4,subwf,"0x64, F",instruction
0x1405,0x0861,movf,"0x61, W",instruction
0x1406,0x1C03,btfss,"0x03, 0",instruction
0x1407,0x0F61,incfsz,"0x61, W",instruction
0x1408,0x02E5,subwf,"0x65, F",instruction
0x1409,0x1403,bsf,"0x03, 0",instruction
0x140A,0x0DF7,rlf,"0x77, F",instruction
0x140B,0x0DF8,rlf,"0x78, F",instruction
0x140C,0x0DF9,rlf,"0x79, F",instruction
0x140D,0x0DFA,rlf,"0x7A, F",instruction
0x140E,0x0BE6,decfsz,"0x66, F",instruction
0x140F,0x2BE2,goto,0x3E2,instruction
0x1410,0x0000,nop,,instruction
0x1411,0x30E2,movlw,0xE2,instruction
0x1412,0x0084,movwf,0x04,instruction
0x1413,0x1283,bcf,"0x03, 5",instruction
0x1414,0x118A,bcf,"0x0A, 3",instruction
0x1415,0x160A,bsf,"0x0A, 4",instruction
0x1416,0x2C83,goto,0x483,instruction
0x1417,0x1683,bsf,"0x03, 5",instruction
0x1418,0x0853,movf,"0x53, W",instruction
0x1419,0x00C9,movwf,0x49,instruction
0x141A,0x0852,movf,"0x52, W",instruction
0x141B,0x00C8,movwf,0x48,instruction
0x141C,0x1283,bcf,"0x03, 5",instruction
0x141D,0x1250,bcf,"0x50, 4",instruction
0x141E,0x086F,movf,"0x6F, W",instruction
0x141F,0x3C02,sublw,0x02,instruction
0x1420,0x1803,btfsc,"0x03, 0",instruction
0x1421,0x2C3A,goto,0x43A,instruction
0x1422,0x084C,movf,"0x4C, W",instruction
0x1423,0x3970,andlw,0x70,instruction
0x1424,0x3C40,sublw,0x40,instruction
0x1425,0x1D03,btfss,"0x03, 2",instruction
0x1426,0x2C3A,goto,0x43A,instruction
0x1427,0x1683,bsf,"0x03, 5",instruction
0x1428,0x0853,movf,"0x53, W",instruction
0x1429,0x00DD,movwf,0x5D,instruction
0x142A,0x0852,movf,"0x52, W",instruction
0x142B,0x00DC,movwf,0x5C,instruction
0x142C,0x01DF,clrf,0x5F,instruction
0x142D,0x3062,movlw,0x62,instruction
0x142E,0x00DE,movwf,0x5E,instruction
0x142F,0x120A,bcf,"0x0A, 4",instruction
0x1430,0x1283,bcf,"0x03, 5",instruction
0x1431,0x2416,call,0x416,instruction
0x1432,0x160A,bsf,"0x0A, 4",instruction
0x1433,0x0879,movf,"0x79, W",instruction
0x1434,0x1683,bsf,"0x03, 5",instruction
0x1435,0x00D3,movwf,0x53,instruction
0x1436,0x0878,movf,"0x78, W",instruction
0x1437,0x00D2,movwf,0x52,instruction
0x1438,0x1283,bcf,"0x03, 5",instruction
0x1439,0x1650,bsf,"0x50, 4",instruction
0x143A,0x1683,bsf,"0x03, 5",instruction
0x143B,0x1C20,btfss,"0x20, 0",instruction
0x143C,0x2CA8,goto,0x4A8,instruction
0x143D,0x0854,movf,"0x54, W",instruction
0x143E,0x00DC,movwf,0x5C,instruction
0x143F,0x120A,bcf,"0x0A, 4",instruction
0x1440,0x1283,bcf,"0x03, 5",instruction
0x1441,0x23FF,call,0x3FF,instruction
0x1442,0x160A,bsf,"0x0A, 4",instruction
0x1443,0x0878,movf,"0x78, W",instruction
0x1444,0x1683,bsf,"0x03, 5",instruction
0x1445,0x00D9,movwf,0x59,instruction
0x1446,0x08D9,movf,"0x59, F",instruction
0x1447,0x1D03,btfss,"0x03, 2",instruction
0x1448,0x2C4B,goto,0x44B,instruction
0x1449,0x3001,movlw,0x01,instruction
0x144A,0x00D9,movwf,0x59,instruction
0x144B,0x01D8,clrf,0x58,instruction
0x144C,0x01D7,clrf,0x57,instruction
0x144D,0x0853,movf,"0x53, W",instruction
0x144E,0x00D6,movwf,0x56,instruction
0x144F,0x0852,movf,"0x52, W",instruction
0x1450,0x00D5,movwf,0x55,instruction
0x1451,0x1003,bcf,"0x03, 0",instruction
0x1452,0x0857,movf,"0x57, W",instruction
0x1453,0x00D8,movwf,0x58,instruction
0x1454,0x0856,movf,"0x56, W",instruction
0x1455,0x00D7,movwf,0x57,instruction
0x1456,0x0855,movf,"0x55, W",instruction
0x1457,0x00D6,movwf,0x56,instruction
0x1458,0x01D5,clrf,0x55,instruction
0x1459,0x0DD6,rlf,"0x56, F",instruction
0x145A,0x0DD7,rlf,"0x57, F",instruction
0x145B,0x0DD8,rlf,"0x58, F",instruction
0x145C,0x0858,movf,"0x58, W",instruction
0x145D,0x00DD,movwf,0x5D,instruction
0x145E,0x0857,movf,"0x57, W",instruction
0x145F,0x00DC,movwf,0x5C,instruction
0x1460,0x0856,movf,"0x56, W",instruction
0x1461,0x00DB,movwf,0x5B,instruction
0x1462,0x0855,movf,"0x55, W",instruction
0x1463,0x00DA,movwf,0x5A,instruction
0x1464,0x01E1,clrf,0x61,instruction
0x1465,0x01E0,clrf,0x60,instruction
0x1466,0x01DF,clrf,0x5F,instruction
0x1467,0x3064,movlw,0x64,instruction
0x1468,0x00DE,movwf,0x5E,instruction
0x1469,0x1283,bcf,"0x03, 5",instruction
0x146A,0x2BA3,goto,0x3A3,instruction
0x146B,0x087A,movf,"0x7A, W",instruction
0x146C,0x1683,bsf,"0x03, 5",instruction
0x146D,0x00D8,movwf,0x58,instruction
0x146E,0x0879,movf,"0x79, W",instruction
0x146F,0x00D7,movwf,0x57,instruction
0x1470,0x0878,movf,"0x78, W",instruction
0x1471,0x00D6,movwf,0x56,instruction
0x1472,0x0877,movf,"0x77, W",instruction
0x1473,0x00D5,movwf,0x55,instruction
0x1474,0x0858,movf,"0x58, W",instruction
0x1475,0x00DD,movwf,0x5D,instruction
0x1476,0x0857,movf,"0x57, W",instruction
0x1477,0x00DC,movwf,0x5C,instruction
0x1478,0x0856,movf,"0x56, W",instruction
0x1479,0x00DB,movwf,0x5B,instruction
0x147A,0x0855,movf,"0x55, W",instruction
0x147B,0x00DA,movwf,0x5A,instruction
0x147C,0x01E1,clrf,0x61,instruction
0x147D,0x01E0,clrf,0x60,instruction
0x147E,0x01DF,clrf,0x5F,instruction
0x147F,0x0859,movf,"0x59, W",instruction
0x1480,0x00DE,movwf,0x5E,instruction
0x1481,0x1283,bcf,"0x03, 5",instruction
0x1482,0x2BD1,goto,0x3D1,instruction
0x1483,0x087A,movf,"0x7A, W",instruction
0x1484,0x1683,bsf,"0x03, 5",instruction
0x1485,0x00D8,movwf,0x58,instruction
0x1486,0x0879,movf,"0x79, W",instruction
0x1487,0x00D7,movwf,0x57,instruction
0x1488,0x0878,movf,"0x78, W",instruction
0x1489,0x00D6,movwf,0x56,instruction
0x148A,0x0877,movf,"0x77, W",instruction
0x148B,0x00D5,movwf,0x55,instruction
0x148C,0x0856,movf,"0x56, W",instruction
0x148D,0x00D5,movwf,0x55,instruction
0x148E,0x0857,movf,"0x57, W",instruction
0x148F,0x00D6,movwf,0x56,instruction
0x1490,0x0858,movf,"0x58, W",instruction
0x1491,0x00D7,movwf,0x57,instruction
0x1492,0x01D8,clrf,0x58,instruction
0x1493,0x1003,bcf,"0x03, 0",instruction
0x1494,0x0CD8,rrf,"0x58, F",instruction
0x1495,0x0CD7,rrf,"0x57, F",instruction
0x1496,0x0CD6,rrf,"0x56, F",instruction
0x1497,0x0CD5,rrf,"0x55, F",instruction
0x1498,0x08D8,movf,"0x58, F",instruction
0x1499,0x1D03,btfss,"0x03, 2",instruction
0x149A,0x2C9F,goto,0x49F,instruction
0x149B,0x0857,movf,"0x57, W",instruction
0x149C,0x3C00,sublw,0x00,instruction
0x149D,0x1803,btfsc,"0x03, 0",instruction
0x149E,0x2CA4,goto,0x4A4,instruction
0x149F,0x01D8,clrf,0x58,instruction
0x14A0,0x01D7,clrf,0x57,instruction
0x14A1,0x30FF,movlw,0xFF,instruction
0x14A2,0x00D6,movwf,0x56,instruction
0x14A3,0x00D5,movwf,0x55,instruction
0x14A4,0x0856,movf,"0x56, W",instruction
0x14A5,0x00D3,movwf,0x53,instruction
0x14A6,0x0855,movf,"0x55, W",instruction
0x14A7,0x00D2,movwf,0x52,instruction
0x14A8,0x0852,movf,"0x52, W",instruction
0x14A9,0x00F8,movwf,0x78,instruction
0x14AA,0x0853,movf,"0x53, W",instruction
0x14AB,0x00F9,movwf,0x79,instruction
0x14AC,0x1283,bcf,"0x03, 5",instruction
0x14AD,0x3400,retlw,0x00,instruction
0x14AE,0x1683,bsf,"0x03, 5",instruction
0x14AF,0x0850,movf,"0x50, W",instruction
0x14B0,0x00D3,movwf,0x53,instruction
0x14B1,0x084F,movf,"0x4F, W",instruction
0x14B2,0x00D2,movwf,0x52,instruction
0x14B3,0x0851,movf,"0x51, W",instruction
0x14B4,0x00D4,movwf,0x54,instruction
0x14B5,0x1283,bcf,"0x03, 5",instruction
0x14B6,0x2417,call,0x417,instruction
0x14B7,0x0879,movf,"0x79, W",instruction
0x14B8,0x1683,bsf,"0x03, 5",instruction
0x14B9,0x00D3,movwf,0x53,instruction
0x14BA,0x0878,movf,"0x78, W",instruction
0x14BB,0x00D2,movwf,0x52,instruction
0x14BC,0x0853,movf,"0x53, W",instruction
0x14BD,0x00D5,movwf,0x55,instruction
0x14BE,0x0852,movf,"0x52, W",instruction
0x14BF,0x00D4,movwf,0x54,instruction
0x14C0,0x120A,bcf,"0x0A, 4",instruction
0x14C1,0x1283,bcf,"0x03, 5",instruction
0x14C2,0x263B,call,0x63B,instruction
0x14C3,0x160A,bsf,"0x0A, 4",instruction
0x14C4,0x3400,retlw,0x00,instruction
0x14C5,0x087D,movf,"0x7D, W",instruction
0x14C6,0x120A,bcf,"0x0A, 4",instruction
0x14C7,0x2078,call,0x078,instruction
0x14C8,0x160A,bsf,"0x0A, 4",instruction
0x14C9,0x1683,bsf,"0x03, 5",instruction
0x14CA,0x00CA,movwf,0x4A,instruction
0x14CB,0x01D0,clrf,0x50,instruction
0x14CC,0x084A,movf,"0x4A, W",instruction
0x14CD,0x00CF,movwf,0x4F,instruction
0x14CE,0x3058,movlw,0x58,instruction
0x14CF,0x00D1,movwf,0x51,instruction
0x14D0,0x120A,bcf,"0x0A, 4",instruction
0x14D1,0x1283,bcf,"0x03, 5",instruction
0x14D2,0x24A6,call,0x4A6,instruction
0x14D3,0x160A,bsf,"0x0A, 4",instruction
0x14D4,0x0879,movf,"0x79, W",instruction
0x14D5,0x1683,bsf,"0x03, 5",instruction
0x14D6,0x00CC,movwf,0x4C,instruction
0x14D7,0x0878,movf,"0x78, W",instruction
0x14D8,0x00CB,movwf,0x4B,instruction
0x14D9,0x084C,movf,"0x4C, W",instruction
0x14DA,0x00D1,movwf,0x51,instruction
0x14DB,0x084B,movf,"0x4B, W",instruction
0x14DC,0x00D0,movwf,0x50,instruction
0x14DD,0x120A,bcf,"0x0A, 4",instruction
0x14DE,0x1283,bcf,"0x03, 5",instruction
0x14DF,0x255C,call,0x55C,instruction
0x14E0,0x160A,bsf,"0x0A, 4",instruction
0x14E1,0x1683,bsf,"0x03, 5",instruction
0x14E2,0x1AA0,btfsc,"0x20, 5",instruction
0x14E3,0x2D07,goto,0x507,instruction
0x14E4,0x3001,movlw,0x01,instruction
0x14E5,0x077D,addwf,"0x7D, W",instruction
0x14E6,0x00F7,movwf,0x77,instruction
0x14E7,0x1003,bcf,"0x03, 0",instruction
0x14E8,0x0DF7,rlf,"0x77, F",instruction
0x14E9,0x0877,movf,"0x77, W",instruction
0x14EA,0x00CB,movwf,0x4B,instruction
0x14EB,0x0A4B,incf,"0x4B, W",instruction
0x14EC,0x120A,bcf,"0x0A, 4",instruction
0x14ED,0x1283,bcf,"0x03, 5",instruction
0x14EE,0x207E,call,0x07E,instruction
0x14EF,0x160A,bsf,"0x0A, 4",instruction
0x14F0,0x00FA,movwf,0x7A,instruction
0x14F1,0x1683,bsf,"0x03, 5",instruction
0x14F2,0x084B,movf,"0x4B, W",instruction
0x14F3,0x120A,bcf,"0x0A, 4",instruction
0x14F4,0x1283,bcf,"0x03, 5",instruction
0x14F5,0x207E,call,0x07E,instruction
0x14F6,0x160A,bsf,"0x0A, 4",instruction
0x14F7,0x00F8,movwf,0x78,instruction
0x14F8,0x087A,movf,"0x7A, W",instruction
0x14F9,0x024B,subwf,"0x4B, W",instruction
0x14FA,0x1C03,btfss,"0x03, 0",instruction
0x14FB,0x2D06,goto,0x506,instruction
0x14FC,0x1D03,btfss,"0x03, 2",instruction
0x14FD,0x2D02,goto,0x502,instruction
0x14FE,0x0878,movf,"0x78, W",instruction
0x14FF,0x024A,subwf,"0x4A, W",instruction
0x1500,0x1C03,btfss,"0x03, 0",instruction
0x1501,0x2D06,goto,0x506,instruction
0x1502,0x08FD,movf,"0x7D, F",instruction
0x1503,0x1D03,btfss,"0x03, 2",instruction
0x1504,0x2D06,goto,0x506,instruction
0x1505,0x0AFD,incf,"0x7D, F",instruction
0x1506,0x1683,bsf,"0x03, 5",instruction
0x1507,0x1283,bcf,"0x03, 5",instruction
0x1508,0x158A,bsf,"0x0A, 3",instruction
0x1509,0x160A,bsf,"0x0A, 4",instruction
0x150A,0x2A2C,goto,0x22C,instruction
0x150B,0x1683,bsf,"0x03, 5",instruction
0x150C,0x01CF,clrf,0x4F,instruction
0x150D,0x01CE,clrf,0x4E,instruction
0x150E,0x1283,bcf,"0x03, 5",instruction
0x150F,0x0859,movf,"0x59, W",instruction
0x1510,0x3C09,sublw,0x09,instruction
0x1511,0x1C03,btfss,"0x03, 0",instruction
0x1512,0x2D27,goto,0x527,instruction
0x1513,0x0859,movf,"0x59, W",instruction
0x1514,0x3C0A,sublw,0x0A,instruction
0x1515,0x1683,bsf,"0x03, 5",instruction
0x1516,0x00D1,movwf,0x51,instruction
0x1517,0x01D7,clrf,0x57,instruction
0x1518,0x0851,movf,"0x51, W",instruction
0x1519,0x00D6,movwf,0x56,instruction
0x151A,0x01D9,clrf,0x59,instruction
0x151B,0x302D,movlw,0x2D,instruction
0x151C,0x00D8,movwf,0x58,instruction
0x151D,0x120A,bcf,"0x0A, 4",instruction
0x151E,0x1283,bcf,"0x03, 5",instruction
0x151F,0x23E8,call,0x3E8,instruction
0x1520,0x160A,bsf,"0x0A, 4",instruction
0x1521,0x0879,movf,"0x79, W",instruction
0x1522,0x1683,bsf,"0x03, 5",instruction
0x1523,0x00CF,movwf,0x4F,instruction
0x1524,0x0878,movf,"0x78, W",instruction
0x1525,0x00CE,movwf,0x4E,instruction
0x1526,0x1283,bcf,"0x03, 5",instruction
0x1527,0x3040,movlw,0x40,instruction
0x1528,0x1683,bsf,"0x03, 5",instruction
0x1529,0x074E,addwf,"0x4E, W",instruction
0x152A,0x00D0,movwf,0x50,instruction
0x152B,0x084F,movf,"0x4F, W",instruction
0x152C,0x00D1,movwf,0x51,instruction
0x152D,0x300B,movlw,0x0B,instruction
0x152E,0x1803,btfsc,"0x03, 0",instruction
0x152F,0x300C,movlw,0x0C,instruction
0x1530,0x07D1,addwf,"0x51, F",instruction
0x1531,0x1283,bcf,"0x03, 5",instruction
0x1532,0x1D2D,btfss,"0x2D, 2",instruction
0x1533,0x2D37,goto,0x537,instruction
0x1534,0x01FA,clrf,0x7A,instruction
0x1535,0x3000,movlw,0x00,instruction
0x1536,0x2D3A,goto,0x53A,instruction
0x1537,0x3002,movlw,0x02,instruction
0x1538,0x00FA,movwf,0x7A,instruction
0x1539,0x301C,movlw,0x1C,instruction
0x153A,0x1683,bsf,"0x03, 5",instruction
0x153B,0x0750,addwf,"0x50, W",instruction
0x153C,0x00CC,movwf,0x4C,instruction
0x153D,0x0851,movf,"0x51, W",instruction
0x153E,0x00CD,movwf,0x4D,instruction
0x153F,0x087A,movf,"0x7A, W",instruction
0x1540,0x1803,btfsc,"0x03, 0",instruction
0x1541,0x0F7A,incfsz,"0x7A, W",instruction
0x1542,0x07CD,addwf,"0x4D, F",instruction
0x1543,0x084D,movf,"0x4D, W",instruction
0x1544,0x00D6,movwf,0x56,instruction
0x1545,0x084C,movf,"0x4C, W",instruction
0x1546,0x00D5,movwf,0x55,instruction
0x1547,0x305B,movlw,0x5B,instruction
0x1548,0x00D7,movwf,0x57,instruction
0x1549,0x120A,bcf,"0x0A, 4",instruction
0x154A,0x1283,bcf,"0x03, 5",instruction
0x154B,0x2451,call,0x451,instruction
0x154C,0x160A,bsf,"0x0A, 4",instruction
0x154D,0x0879,movf,"0x79, W",instruction
0x154E,0x1683,bsf,"0x03, 5",instruction
0x154F,0x00CD,movwf,0x4D,instruction
0x1550,0x0878,movf,"0x78, W",instruction
0x1551,0x00CC,movwf,0x4C,instruction
0x1552,0x084A,movf,"0x4A, W",instruction
0x1553,0x07CC,addwf,"0x4C, F",instruction
0x1554,0x084B,movf,"0x4B, W",instruction
0x1555,0x1803,btfsc,"0x03, 0",instruction
0x1556,0x0F4B,incfsz,"0x4B, W",instruction
0x1557,0x07CD,addwf,"0x4D, F",instruction
0x1558,0x084C,movf,"0x4C, W",instruction
0x1559,0x00F8,movwf,0x78,instruction
0x155A,0x084D,movf,"0x4D, W",instruction
0x155B,0x00F9,movwf,0x79,instruction
0x155C,0x1283,bcf,"0x03, 5",instruction
0x155D,0x3400,retlw,0x00,instruction
0x155E,0x120A,bcf,"0x0A, 4",instruction
0x155F,0x158A,bsf,"0x0A, 3",instruction
0x1560,0x279F,call,0x79F,instruction
0x1561,0x160A,bsf,"0x0A, 4",instruction
0x1562,0x118A,bcf,"0x0A, 3",instruction
0x1563,0x120A,bcf,"0x0A, 4",instruction
0x1564,0x158A,bsf,"0x0A, 3",instruction
0x1565,0x27E3,call,0x7E3,instruction
0x1566,0x160A,bsf,"0x0A, 4",instruction
0x1567,0x118A,bcf,"0x0A, 3",instruction
0x1568,0x158A,bsf,"0x0A, 3",instruction
0x1569,0x160A,bsf,"0x0A, 4",instruction
0x156A,0x2ADD,goto,0x2DD,instruction
0x156B,0x084F,movf,"0x4F, W",instruction
0x156C,0x39F7,andlw,0xF7,instruction
0x156D,0x3943,andlw,0x43,instruction
0x156E,0x1683,bsf,"0x03, 5",instruction
0x156F,0x00CF,movwf,0x4F,instruction
0x1570,0x084F,movf,"0x4F, W",instruction
0x1571,0x3C43,sublw,0x43,instruction
0x1572,0x1D03,btfss,"0x03, 2",instruction
0x1573,0x2D7B,goto,0x57B,instruction
0x1574,0x301C,movlw,0x1C,instruction
0x1575,0x00CD,movwf,0x4D,instruction
0x1576,0x3020,movlw,0x20,instruction
0x1577,0x00CC,movwf,0x4C,instruction
0x1578,0x3049,movlw,0x49,instruction
0x1579,0x00CE,movwf,0x4E,instruction
0x157A,0x2D90,goto,0x590,instruction
0x157B,0x1003,bcf,"0x03, 0",instruction
0x157C,0x0D7E,rlf,"0x7E, W",instruction
0x157D,0x00D0,movwf,0x50,instruction
0x157E,0x0A50,incf,"0x50, W",instruction
0x157F,0x120A,bcf,"0x0A, 4",instruction
0x1580,0x1283,bcf,"0x03, 5",instruction
0x1581,0x206C,call,0x06C,instruction
0x1582,0x160A,bsf,"0x0A, 4",instruction
0x1583,0x00FA,movwf,0x7A,instruction
0x1584,0x1683,bsf,"0x03, 5",instruction
0x1585,0x0850,movf,"0x50, W",instruction
0x1586,0x120A,bcf,"0x0A, 4",instruction
0x1587,0x1283,bcf,"0x03, 5",instruction
0x1588,0x206C,call,0x06C,instruction
0x1589,0x160A,bsf,"0x0A, 4",instruction
0x158A,0x1683,bsf,"0x03, 5",instruction
0x158B,0x00CC,movwf,0x4C,instruction
0x158C,0x087A,movf,"0x7A, W",instruction
0x158D,0x00CD,movwf,0x4D,instruction
0x158E,0x3059,movlw,0x59,instruction
0x158F,0x00CE,movwf,0x4E,instruction
0x1590,0x084D,movf,"0x4D, W",instruction
0x1591,0x00D3,movwf,0x53,instruction
0x1592,0x084C,movf,"0x4C, W",instruction
0x1593,0x00D2,movwf,0x52,instruction
0x1594,0x084E,movf,"0x4E, W",instruction
0x1595,0x00D4,movwf,0x54,instruction
0x1596,0x1283,bcf,"0x03, 5",instruction
0x1597,0x2417,call,0x417,instruction
0x1598,0x0879,movf,"0x79, W",instruction
0x1599,0x1683,bsf,"0x03, 5",instruction
0x159A,0x00CB,movwf,0x4B,instruction
0x159B,0x0878,movf,"0x78, W",instruction
0x159C,0x00CA,movwf,0x4A,instruction
0x159D,0x084F,movf,"0x4F, W",instruction
0x159E,0x3C42,sublw,0x42,instruction
0x159F,0x1903,btfsc,"0x03, 2",instruction
0x15A0,0x2DA5,goto,0x5A5,instruction
0x15A1,0x084F,movf,"0x4F, W",instruction
0x15A2,0x3C41,sublw,0x41,instruction
0x15A3,0x1D03,btfss,"0x03, 2",instruction
0x15A4,0x2DB5,goto,0x5B5,instruction
0x15A5,0x084B,movf,"0x4B, W",instruction
0x15A6,0x00DD,movwf,0x5D,instruction
0x15A7,0x084A,movf,"0x4A, W",instruction
0x15A8,0x00DC,movwf,0x5C,instruction
0x15A9,0x01DF,clrf,0x5F,instruction
0x15AA,0x30AA,movlw,0xAA,instruction
0x15AB,0x00DE,movwf,0x5E,instruction
0x15AC,0x120A,bcf,"0x0A, 4",instruction
0x15AD,0x1283,bcf,"0x03, 5",instruction
0x15AE,0x2416,call,0x416,instruction
0x15AF,0x160A,bsf,"0x0A, 4",instruction
0x15B0,0x0879,movf,"0x79, W",instruction
0x15B1,0x1683,bsf,"0x03, 5",instruction
0x15B2,0x00CB,movwf,0x4B,instruction
0x15B3,0x0878,movf,"0x78, W",instruction
0x15B4,0x00CA,movwf,0x4A,instruction
0x15B5,0x084B,movf,"0x4B, W",instruction
0x15B6,0x00D5,movwf,0x55,instruction
0x15B7,0x084A,movf,"0x4A, W",instruction
0x15B8,0x00D4,movwf,0x54,instruction
0x15B9,0x120A,bcf,"0x0A, 4",instruction
0x15BA,0x1283,bcf,"0x03, 5",instruction
0x15BB,0x263B,call,0x63B,instruction
0x15BC,0x160A,bsf,"0x0A, 4",instruction
0x15BD,0x3400,retlw,0x00,instruction
0x15BE,0x084C,movf,"0x4C, W",instruction
0x15BF,0x3907,andlw,0x07,instruction
0x15C0,0x1683,bsf,"0x03, 5",instruction
0x15C1,0x00CA,movwf,0x4A,instruction
0x15C2,0x1283,bcf,"0x03, 5",instruction
0x15C3,0x1E4C,btfss,"0x4C, 4",instruction
0x15C4,0x2DCF,goto,0x5CF,instruction
0x15C5,0x1683,bsf,"0x03, 5",instruction
0x15C6,0x08CA,movf,"0x4A, F",instruction
0x15C7,0x1903,btfsc,"0x03, 2",instruction
0x15C8,0x2DCE,goto,0x5CE,instruction
0x15C9,0x0876,movf,"0x76, W",instruction
0x15CA,0x027C,subwf,"0x7C, W",instruction
0x15CB,0x1C03,btfss,"0x03, 0",instruction
0x15CC,0x2DCE,goto,0x5CE,instruction
0x15CD,0x03CA,decf,"0x4A, F",instruction
0x15CE,0x1283,bcf,"0x03, 5",instruction
0x15CF,0x08EE,movf,"0x6E, F",instruction
0x15D0,0x1D03,btfss,"0x03, 2",instruction
0x15D1,0x2DF2,goto,0x5F2,instruction
0x15D2,0x1683,bsf,"0x03, 5",instruction
0x15D3,0x084A,movf,"0x4A, W",instruction
0x15D4,0x120A,bcf,"0x0A, 4",instruction
0x15D5,0x1283,bcf,"0x03, 5",instruction
0x15D6,0x2051,call,0x051,instruction
0x15D7,0x160A,bsf,"0x0A, 4",instruction
0x15D8,0x1683,bsf,"0x03, 5",instruction
0x15D9,0x00CB,movwf,0x4B,instruction
0x15DA,0x1BA2,btfsc,"0x22, 7",instruction
0x15DB,0x2DE7,goto,0x5E7,instruction
0x15DC,0x0822,movf,"0x22, W",instruction
0x15DD,0x3C00,sublw,0x00,instruction
0x15DE,0x1803,btfsc,"0x03, 0",instruction
0x15DF,0x2DE7,goto,0x5E7,instruction
0x15E0,0x0C22,rrf,"0x22, W",instruction
0x15E1,0x00F7,movwf,0x77,instruction
0x15E2,0x0CF7,rrf,"0x77, F",instruction
0x15E3,0x303F,movlw,0x3F,instruction
0x15E4,0x05F7,andwf,"0x77, F",instruction
0x15E5,0x0877,movf,"0x77, W",instruction
0x15E6,0x2DE8,goto,0x5E8,instruction
0x15E7,0x3000,movlw,0x00,instruction
0x15E8,0x074B,addwf,"0x4B, W",instruction
0x15E9,0x1283,bcf,"0x03, 5",instruction
0x15EA,0x0257,subwf,"0x57, W",instruction
0x15EB,0x1903,btfsc,"0x03, 2",instruction
0x15EC,0x2DEF,goto,0x5EF,instruction
0x15ED,0x1803,btfsc,"0x03, 0",instruction
0x15EE,0x2DF2,goto,0x5F2,instruction
0x15EF,0x3001,movlw,0x01,instruction
0x15F0,0x00F8,movwf,0x78,instruction
0x15F1,0x2DF4,goto,0x5F4,instruction
0x15F2,0x3000,movlw,0x00,instruction
0x15F3,0x00F8,movwf,0x78,instruction
0x15F4,0x158A,bsf,"0x0A, 3",instruction
0x15F5,0x160A,bsf,"0x0A, 4",instruction
0x15F6,0x2C00,goto,0x400,instruction
0x15F7,0x1683,bsf,"0x03, 5",instruction
0x15F8,0x1C20,btfss,"0x20, 0",instruction
0x15F9,0x2E24,goto,0x624,instruction
0x15FA,0x3063,movlw,0x63,instruction
0x15FB,0x00CA,movwf,0x4A,instruction
0x15FC,0x1283,bcf,"0x03, 5",instruction
0x15FD,0x1951,btfsc,"0x51, 2",instruction
0x15FE,0x2E03,goto,0x603,instruction
0x15FF,0x3030,movlw,0x30,instruction
0x1600,0x1683,bsf,"0x03, 5",instruction
0x1601,0x07CA,addwf,"0x4A, F",instruction
0x1602,0x1283,bcf,"0x03, 5",instruction
0x1603,0x1683,bsf,"0x03, 5",instruction
0x1604,0x084A,movf,"0x4A, W",instruction
0x1605,0x1283,bcf,"0x03, 5",instruction
0x1606,0x1703,bsf,"0x03, 6",instruction
0x1607,0x008D,movwf,0x0D,instruction
0x1608,0x1683,bsf,"0x03, 5",instruction
0x1609,0x138C,bcf,"0x0C, 7",instruction
0x160A,0x140C,bsf,"0x0C, 0",instruction
0x160B,0x1283,bcf,"0x03, 5",instruction
0x160C,0x080C,movf,"0x0C, W",instruction
0x160D,0x1683,bsf,"0x03, 5",instruction
0x160E,0x1303,bcf,"0x03, 6",instruction
0x160F,0x00CB,movwf,0x4B,instruction
0x1610,0x08CB,movf,"0x4B, F",instruction
0x1611,0x1D03,btfss,"0x03, 2",instruction
0x1612,0x2E19,goto,0x619,instruction
0x1613,0x1283,bcf,"0x03, 5",instruction
0x1614,0x084C,movf,"0x4C, W",instruction
0x1615,0x3907,andlw,0x07,instruction
0x1616,0x1683,bsf,"0x03, 5",instruction
0x1617,0x00CB,movwf,0x4B,instruction
0x1618,0x2E1A,goto,0x61A,instruction
0x1619,0x03CB,decf,"0x4B, F",instruction
0x161A,0x084B,movf,"0x4B, W",instruction
0x161B,0x3C07,sublw,0x07,instruction
0x161C,0x1803,btfsc,"0x03, 0",instruction
0x161D,0x2E20,goto,0x620,instruction
0x161E,0x3003,movlw,0x03,instruction
0x161F,0x00CB,movwf,0x4B,instruction
0x1620,0x084B,movf,"0x4B, W",instruction
0x1621,0x00F8,movwf,0x78,instruction
0x1622,0x2E27,goto,0x627,instruction
0x1623,0x2E27,goto,0x627,instruction
0x1624,0x3003,movlw,0x03,instruction
0x1625,0x00F8,movwf,0x78,instruction
0x1626,0x2E27,goto,0x627,instruction
0x1627,0x1283,bcf,"0x03, 5",instruction
0x1628,0x3400,retlw,0x00,instruction
0x1629,0x30FF,movlw,0xFF,instruction
0x162A,0x1683,bsf,"0x03, 5",instruction
0x162B,0x00CC,movwf,0x4C,instruction
0x162C,0x01CB,clrf,0x4B,instruction
0x162D,0x01CA,clrf,0x4A,instruction
0x162E,0x084A,movf,"0x4A, W",instruction
0x162F,0x3C07,sublw,0x07,instruction
0x1630,0x1C03,btfss,"0x03, 0",instruction
0x1631,0x2E45,goto,0x645,instruction
0x1632,0x3063,movlw,0x63,instruction
0x1633,0x074A,addwf,"0x4A, W",instruction
0x1634,0x0084,movwf,0x04,instruction
0x1635,0x0800,movf,"0x00, W",instruction
0x1636,0x00CD,movwf,0x4D,instruction
0x1637,0x084C,movf,"0x4C, W",instruction
0x1638,0x024D,subwf,"0x4D, W",instruction
0x1639,0x1803,btfsc,"0x03, 0",instruction
0x163A,0x2E3D,goto,0x63D,instruction
0x163B,0x084D,movf,"0x4D, W",instruction
0x163C,0x00CC,movwf,0x4C,instruction
0x163D,0x084D,movf,"0x4D, W",instruction
0x163E,0x024B,subwf,"0x4B, W",instruction
0x163F,0x1803,btfsc,"0x03, 0",instruction
0x1640,0x2E43,goto,0x643,instruction
0x1641,0x084D,movf,"0x4D, W",instruction
0x1642,0x00CB,movwf,0x4B,instruction
0x1643,0x0ACA,incf,"0x4A, F",instruction
0x1644,0x2E2E,goto,0x62E,instruction
0x1645,0x084C,movf,"0x4C, W",instruction
0x1646,0x02CB,subwf,"0x4B, F",instruction
0x1647,0x087C,movf,"0x7C, W",instruction
0x1648,0x00CA,movwf,0x4A,instruction
0x1649,0x1283,bcf,"0x03, 5",instruction
0x164A,0x1C50,btfss,"0x50, 0",instruction
0x164B,0x2E51,goto,0x651,instruction
0x164C,0x30D0,movlw,0xD0,instruction
0x164D,0x00F8,movwf,0x78,instruction
0x164E,0x3002,movlw,0x02,instruction
0x164F,0x00F9,movwf,0x79,instruction
0x1650,0x2E93,goto,0x693,instruction
0x1651,0x1683,bsf,"0x03, 5",instruction
0x1652,0x084B,movf,"0x4B, W",instruction
0x1653,0x3C05,sublw,0x05,instruction
0x1654,0x1803,btfsc,"0x03, 0",instruction
0x1655,0x2E5E,goto,0x65E,instruction
0x1656,0x3010,movlw,0x10,instruction
0x1657,0x00F8,movwf,0x78,instruction
0x1658,0x300E,movlw,0x0E,instruction
0x1659,0x00F9,movwf,0x79,instruction
0x165A,0x1283,bcf,"0x03, 5",instruction
0x165B,0x2E93,goto,0x693,instruction
0x165C,0x2E93,goto,0x693,instruction
0x165D,0x1683,bsf,"0x03, 5",instruction
0x165E,0x0876,movf,"0x76, W",instruction
0x165F,0x027C,subwf,"0x7C, W",instruction
0x1660,0x1803,btfsc,"0x03, 0",instruction
0x1661,0x2E8D,goto,0x68D,instruction
0x1662,0x120A,bcf,"0x0A, 4",instruction
0x1663,0x1283,bcf,"0x03, 5",instruction
0x1664,0x27BE,call,0x7BE,instruction
0x1665,0x160A,bsf,"0x0A, 4",instruction
0x1666,0x0879,movf,"0x79, W",instruction
0x1667,0x1683,bsf,"0x03, 5",instruction
0x1668,0x00CF,movwf,0x4F,instruction
0x1669,0x0878,movf,"0x78, W",instruction
0x166A,0x00CE,movwf,0x4E,instruction
0x166B,0x0C4F,rrf,"0x4F, W",instruction
0x166C,0x00D1,movwf,0x51,instruction
0x166D,0x0C4E,rrf,"0x4E, W",instruction
0x166E,0x00D0,movwf,0x50,instruction
0x166F,0x0CD1,rrf,"0x51, F",instruction
0x1670,0x0CD0,rrf,"0x50, F",instruction
0x1671,0x0CD1,rrf,"0x51, F",instruction
0x1672,0x0CD0,rrf,"0x50, F",instruction
0x1673,0x301F,movlw,0x1F,instruction
0x1674,0x05D1,andwf,"0x51, F",instruction
0x1675,0x1283,bcf,"0x03, 5",instruction
0x1676,0x083A,movf,"0x3A, W",instruction
0x1677,0x1683,bsf,"0x03, 5",instruction
0x1678,0x0251,subwf,"0x51, W",instruction
0x1679,0x1C03,btfss,"0x03, 0",instruction
0x167A,0x2E8D,goto,0x68D,instruction
0x167B,0x1D03,btfss,"0x03, 2",instruction
0x167C,0x2E85,goto,0x685,instruction
0x167D,0x0850,movf,"0x50, W",instruction
0x167E,0x1283,bcf,"0x03, 5",instruction
0x167F,0x0239,subwf,"0x39, W",instruction
0x1680,0x1C03,btfss,"0x03, 0",instruction
0x1681,0x2E84,goto,0x684,instruction
0x1682,0x1683,bsf,"0x03, 5",instruction
0x1683,0x2E8D,goto,0x68D,instruction
0x1684,0x1683,bsf,"0x03, 5",instruction
0x1685,0x3070,movlw,0x70,instruction
0x1686,0x00F8,movwf,0x78,instruction
0x1687,0x3008,movlw,0x08,instruction
0x1688,0x00F9,movwf,0x79,instruction
0x1689,0x1283,bcf,"0x03, 5",instruction
0x168A,0x2E93,goto,0x693,instruction
0x168B,0x2E93,goto,0x693,instruction
0x168C,0x1683,bsf,"0x03, 5",instruction
0x168D,0x3038,movlw,0x38,instruction
0x168E,0x00F8,movwf,0x78,instruction
0x168F,0x3004,movlw,0x04,instruction
0x1690,0x00F9,movwf,0x79,instruction
0x1691,0x1283,bcf,"0x03, 5",instruction
0x1692,0x2E93,goto,0x693,instruction
0x1693,0x3400,retlw,0x00,instruction
0x1694,0x086B,movf,"0x6B, W",instruction
0x1695,0x0257,subwf,"0x57, W",instruction
0x1696,0x1803,btfsc,"0x03, 0",instruction
0x1697,0x2E9A,goto,0x69A,instruction
0x1698,0x0857,movf,"0x57, W",instruction
0x1699,0x2E9B,goto,0x69B,instruction
0x169A,0x086B,movf,"0x6B, W",instruction
0x169B,0x1683,bsf,"0x03, 5",instruction
0x169C,0x00CD,movwf,0x4D,instruction
0x169D,0x01CA,clrf,0x4A,instruction
0x169E,0x3008,movlw,0x08,instruction
0x169F,0x00D5,movwf,0x55,instruction
0x16A0,0x1283,bcf,"0x03, 5",instruction
0x16A1,0x086C,movf,"0x6C, W",instruction
0x16A2,0x1683,bsf,"0x03, 5",instruction
0x16A3,0x00D6,movwf,0x56,instruction
0x16A4,0x120A,bcf,"0x0A, 4",instruction
0x16A5,0x1283,bcf,"0x03, 5",instruction
0x16A6,0x22E2,call,0x2E2,instruction
0x16A7,0x160A,bsf,"0x0A, 4",instruction
0x16A8,0x3009,movlw,0x09,instruction
0x16A9,0x1683,bsf,"0x03, 5",instruction
0x16AA,0x00D5,movwf,0x55,instruction
0x16AB,0x084D,movf,"0x4D, W",instruction
0x16AC,0x00D6,movwf,0x56,instruction
0x16AD,0x120A,bcf,"0x0A, 4",instruction
0x16AE,0x1283,bcf,"0x03, 5",instruction
0x16AF,0x22E2,call,0x2E2,instruction
0x16B0,0x160A,bsf,"0x0A, 4",instruction
0x16B1,0x087C,movf,"0x7C, W",instruction
0x16B2,0x0276,subwf,"0x76, W",instruction
0x16B3,0x1803,btfsc,"0x03, 0",instruction
0x16B4,0x2EB7,goto,0x6B7,instruction
0x16B5,0x0ACC,incf,"0x4C, F",instruction
0x16B6,0x0AF6,incf,"0x76, F",instruction
0x16B7,0x0876,movf,"0x76, W",instruction
0x16B8,0x027C,subwf,"0x7C, W",instruction
0x16B9,0x1803,btfsc,"0x03, 0",instruction
0x16BA,0x2EED,goto,0x6ED,instruction
0x16BB,0x03CC,decf,"0x4C, F",instruction
0x16BC,0x03F6,decf,"0x76, F",instruction
0x16BD,0x0862,movf,"0x62, W",instruction
0x16BE,0x1683,bsf,"0x03, 5",instruction
0x16BF,0x00CF,movwf,0x4F,instruction
0x16C0,0x08CF,movf,"0x4F, F",instruction
0x16C1,0x1D03,btfss,"0x03, 2",instruction
0x16C2,0x2EC5,goto,0x6C5,instruction
0x16C3,0x3008,movlw,0x08,instruction
0x16C4,0x00CF,movwf,0x4F,instruction
0x16C5,0x03CF,decf,"0x4F, F",instruction
0x16C6,0x084F,movf,"0x4F, W",instruction
0x16C7,0x00CE,movwf,0x4E,instruction
0x16C8,0x08CE,movf,"0x4E, F",instruction
0x16C9,0x1D03,btfss,"0x03, 2",instruction
0x16CA,0x2ECD,goto,0x6CD,instruction
0x16CB,0x3008,movlw,0x08,instruction
0x16CC,0x00CE,movwf,0x4E,instruction
0x16CD,0x03CE,decf,"0x4E, F",instruction
0x16CE,0x3063,movlw,0x63,instruction
0x16CF,0x074E,addwf,"0x4E, W",instruction
0x16D0,0x0084,movwf,0x04,instruction
0x16D1,0x0800,movf,"0x00, W",instruction
0x16D2,0x00D1,movwf,0x51,instruction
0x16D3,0x3063,movlw,0x63,instruction
0x16D4,0x074F,addwf,"0x4F, W",instruction
0x16D5,0x0084,movwf,0x04,instruction
0x16D6,0x0800,movf,"0x00, W",instruction
0x16D7,0x00D2,movwf,0x52,instruction
0x16D8,0x0851,movf,"0x51, W",instruction
0x16D9,0x0252,subwf,"0x52, W",instruction
0x16DA,0x1803,btfsc,"0x03, 0",instruction
0x16DB,0x2EEC,goto,0x6EC,instruction
0x16DC,0x0852,movf,"0x52, W",instruction
0x16DD,0x0251,subwf,"0x51, W",instruction
0x16DE,0x00CA,movwf,0x4A,instruction
0x16DF,0x01F5,clrf,0x75,instruction
0x16E0,0x0875,movf,"0x75, W",instruction
0x16E1,0x3C07,sublw,0x07,instruction
0x16E2,0x1C03,btfss,"0x03, 0",instruction
0x16E3,0x2EEC,goto,0x6EC,instruction
0x16E4,0x3063,movlw,0x63,instruction
0x16E5,0x0775,addwf,"0x75, W",instruction
0x16E6,0x0084,movwf,0x04,instruction
0x16E7,0x084A,movf,"0x4A, W",instruction
0x16E8,0x0200,subwf,"0x00, W",instruction
0x16E9,0x0080,movwf,0x00,instruction
0x16EA,0x0AF5,incf,"0x75, F",instruction
0x16EB,0x2EE0,goto,0x6E0,instruction
0x16EC,0x1283,bcf,"0x03, 5",instruction
0x16ED,0x086C,movf,"0x6C, W",instruction
0x16EE,0x1683,bsf,"0x03, 5",instruction
0x16EF,0x024D,subwf,"0x4D, W",instruction
0x16F0,0x1803,btfsc,"0x03, 0",instruction
0x16F1,0x2F37,goto,0x737,instruction
0x16F2,0x084D,movf,"0x4D, W",instruction
0x16F3,0x1283,bcf,"0x03, 5",instruction
0x16F4,0x026C,subwf,"0x6C, W",instruction
0x16F5,0x1683,bsf,"0x03, 5",instruction
0x16F6,0x00CA,movwf,0x4A,instruction
0x16F7,0x01CC,clrf,0x4C,instruction
0x16F8,0x01F5,clrf,0x75,instruction
0x16F9,0x0875,movf,"0x75, W",instruction
0x16FA,0x3C07,sublw,0x07,instruction
0x16FB,0x1C03,btfss,"0x03, 0",instruction
0x16FC,0x2F0A,goto,0x70A,instruction
0x16FD,0x3063,movlw,0x63,instruction
0x16FE,0x0775,addwf,"0x75, W",instruction
0x16FF,0x0084,movwf,0x04,instruction
0x1700,0x0800,movf,"0x00, W",instruction
0x1701,0x00D1,movwf,0x51,instruction
0x1702,0x084C,movf,"0x4C, W",instruction
0x1703,0x0251,subwf,"0x51, W",instruction
0x1704,0x1803,btfsc,"0x03, 0",instruction
0x1705,0x2F08,goto,0x708,instruction
0x1706,0x0851,movf,"0x51, W",instruction
0x1707,0x00CC,movwf,0x4C,instruction
0x1708,0x0AF5,incf,"0x75, F",instruction
0x1709,0x2EF9,goto,0x6F9,instruction
0x170A,0x084D,movf,"0x4D, W",instruction
0x170B,0x024C,subwf,"0x4C, W",instruction
0x170C,0x1803,btfsc,"0x03, 0",instruction
0x170D,0x2F10,goto,0x710,instruction
0x170E,0x01CA,clrf,0x4A,instruction
0x170F,0x2F19,goto,0x719,instruction
0x1710,0x1283,bcf,"0x03, 5",instruction
0x1711,0x086C,movf,"0x6C, W",instruction
0x1712,0x1683,bsf,"0x03, 5",instruction
0x1713,0x024C,subwf,"0x4C, W",instruction
0x1714,0x1803,btfsc,"0x03, 0",instruction
0x1715,0x2F19,goto,0x719,instruction
0x1716,0x084D,movf,"0x4D, W",instruction
0x1717,0x024C,subwf,"0x4C, W",instruction
0x1718,0x00CA,movwf,0x4A,instruction
0x1719,0x01F5,clrf,0x75,instruction
0x171A,0x0875,movf,"0x75, W",instruction
0x171B,0x3C07,sublw,0x07,instruction
0x171C,0x1C03,btfss,"0x03, 0",instruction
0x171D,0x2F2D,goto,0x72D,instruction
0x171E,0x3063,movlw,0x63,instruction
0x171F,0x0775,addwf,"0x75, W",instruction
0x1720,0x0084,movwf,0x04,instruction
0x1721,0x0800,movf,"0x00, W",instruction
0x1722,0x024A,subwf,"0x4A, W",instruction
0x1723,0x1803,btfsc,"0x03, 0",instruction
0x1724,0x2F2B,goto,0x72B,instruction
0x1725,0x3063,movlw,0x63,instruction
0x1726,0x0775,addwf,"0x75, W",instruction
0x1727,0x0084,movwf,0x04,instruction
0x1728,0x084A,movf,"0x4A, W",instruction
0x1729,0x0200,subwf,"0x00, W",instruction
0x172A,0x0080,movwf,0x00,instruction
0x172B,0x0AF5,incf,"0x75, F",instruction
0x172C,0x2F1A,goto,0x71A,instruction
0x172D,0x1283,bcf,"0x03, 5",instruction
0x172E,0x086B,movf,"0x6B, W",instruction
0x172F,0x1683,bsf,"0x03, 5",instruction
0x1730,0x024A,subwf,"0x4A, W",instruction
0x1731,0x1803,btfsc,"0x03, 0",instruction
0x1732,0x2F37,goto,0x737,instruction
0x1733,0x084A,movf,"0x4A, W",instruction
0x1734,0x1283,bcf,"0x03, 5",instruction
0x1735,0x02EB,subwf,"0x6B, F",instruction
0x1736,0x1683,bsf,"0x03, 5",instruction
0x1737,0x084D,movf,"0x4D, W",instruction
0x1738,0x1283,bcf,"0x03, 5",instruction
0x1739,0x026C,subwf,"0x6C, W",instruction
0x173A,0x1803,btfsc,"0x03, 0",instruction
0x173B,0x2F61,goto,0x761,instruction
0x173C,0x086C,movf,"0x6C, W",instruction
0x173D,0x1683,bsf,"0x03, 5",instruction
0x173E,0x024D,subwf,"0x4D, W",instruction
0x173F,0x00CA,movwf,0x4A,instruction
0x1740,0x01F5,clrf,0x75,instruction
0x1741,0x0875,movf,"0x75, W",instruction
0x1742,0x3C07,sublw,0x07,instruction
0x1743,0x1C03,btfss,"0x03, 0",instruction
0x1744,0x2F57,goto,0x757,instruction
0x1745,0x3063,movlw,0x63,instruction
0x1746,0x0775,addwf,"0x75, W",instruction
0x1747,0x0084,movwf,0x04,instruction
0x1748,0x0800,movf,"0x00, W",instruction
0x1749,0x00D3,movwf,0x53,instruction
0x174A,0x084A,movf,"0x4A, W",instruction
0x174B,0x3CFF,sublw,0xFF,instruction
0x174C,0x0253,subwf,"0x53, W",instruction
0x174D,0x1803,btfsc,"0x03, 0",instruction
0x174E,0x2F55,goto,0x755,instruction
0x174F,0x3063,movlw,0x63,instruction
0x1750,0x0775,addwf,"0x75, W",instruction
0x1751,0x0084,movwf,0x04,instruction
0x1752,0x084A,movf,"0x4A, W",instruction
0x1753,0x0700,addwf,"0x00, W",instruction
0x1754,0x0080,movwf,0x00,instruction
0x1755,0x0AF5,incf,"0x75, F",instruction
0x1756,0x2F41,goto,0x741,instruction
0x1757,0x084A,movf,"0x4A, W",instruction
0x1758,0x3CFF,sublw,0xFF,instruction
0x1759,0x1283,bcf,"0x03, 5",instruction
0x175A,0x026B,subwf,"0x6B, W",instruction
0x175B,0x1803,btfsc,"0x03, 0",instruction
0x175C,0x2F61,goto,0x761,instruction
0x175D,0x1683,bsf,"0x03, 5",instruction
0x175E,0x084A,movf,"0x4A, W",instruction
0x175F,0x1283,bcf,"0x03, 5",instruction
0x1760,0x07EB,addwf,"0x6B, F",instruction
0x1761,0x300A,movlw,0x0A,instruction
0x1762,0x1683,bsf,"0x03, 5",instruction
0x1763,0x00D5,movwf,0x55,instruction
0x1764,0x084A,movf,"0x4A, W",instruction
0x1765,0x00D6,movwf,0x56,instruction
0x1766,0x120A,bcf,"0x0A, 4",instruction
0x1767,0x1283,bcf,"0x03, 5",instruction
0x1768,0x22E2,call,0x2E2,instruction
0x1769,0x160A,bsf,"0x0A, 4",instruction
0x176A,0x1683,bsf,"0x03, 5",instruction
0x176B,0x084D,movf,"0x4D, W",instruction
0x176C,0x1283,bcf,"0x03, 5",instruction
0x176D,0x00EC,movwf,0x6C,instruction
0x176E,0x3400,retlw,0x00,instruction
0x176F,0x1683,bsf,"0x03, 5",instruction
0x1770,0x0851,movf,"0x51, W",instruction
0x1771,0x3CC2,sublw,0xC2,instruction
0x1772,0x1803,btfsc,"0x03, 0",instruction
0x1773,0x2F76,goto,0x776,instruction
0x1774,0x30C3,movlw,0xC3,instruction
0x1775,0x00D1,movwf,0x51,instruction
0x1776,0x01DD,clrf,0x5D,instruction
0x1777,0x0851,movf,"0x51, W",instruction
0x1778,0x00DC,movwf,0x5C,instruction
0x1779,0x01DF,clrf,0x5F,instruction
0x177A,0x30A4,movlw,0xA4,instruction
0x177B,0x00DE,movwf,0x5E,instruction
0x177C,0x120A,bcf,"0x0A, 4",instruction
0x177D,0x1283,bcf,"0x03, 5",instruction
0x177E,0x2416,call,0x416,instruction
0x177F,0x160A,bsf,"0x0A, 4",instruction
0x1780,0x0878,movf,"0x78, W",instruction
0x1781,0x1683,bsf,"0x03, 5",instruction
0x1782,0x00D1,movwf,0x51,instruction
0x1783,0x0850,movf,"0x50, W",instruction
0x1784,0x00DD,movwf,0x5D,instruction
0x1785,0x084F,movf,"0x4F, W",instruction
0x1786,0x00DC,movwf,0x5C,instruction
0x1787,0x01DF,clrf,0x5F,instruction
0x1788,0x0851,movf,"0x51, W",instruction
0x1789,0x00DE,movwf,0x5E,instruction
0x178A,0x120A,bcf,"0x0A, 4",instruction
0x178B,0x1283,bcf,"0x03, 5",instruction
0x178C,0x2416,call,0x416,instruction
0x178D,0x160A,bsf,"0x0A, 4",instruction
0x178E,0x0879,movf,"0x79, W",instruction
0x178F,0x3400,retlw,0x00,instruction
0x1800,0x0184,clrf,0x04,instruction
0x1801,0x301F,movlw,0x1F,instruction
0x1802,0x0583,andwf,"0x03, F",instruction
0x1803,0x3040,movlw,0x40,instruction
0x1804,0x1683,bsf,"0x03, 5",instruction
0x1805,0x0099,movwf,0x19,instruction
0x1806,0x3026,movlw,0x26,instruction
0x1807,0x0098,movwf,0x18,instruction
0x1808,0x3090,movlw,0x90,instruction
0x1809,0x1283,bcf,"0x03, 5",instruction
0x180A,0x0098,movwf,0x18,instruction
0x180B,0x3018,movlw,0x18,instruction
0x180C,0x1683,bsf,"0x03, 5",instruction
0x180D,0x0093,movwf,0x13,instruction
0x180E,0x3028,movlw,0x28,instruction
0x180F,0x1283,bcf,"0x03, 5",instruction
0x1810,0x0094,movwf,0x14,instruction
0x1811,0x1683,bsf,"0x03, 5",instruction
0x1812,0x1794,bsf,"0x14, 7",instruction
0x1813,0x1314,bcf,"0x14, 6",instruction
0x1814,0x141F,bsf,"0x1F, 0",instruction
0x1815,0x149F,bsf,"0x1F, 1",instruction
0x1816,0x151F,bsf,"0x1F, 2",instruction
0x1817,0x119F,bcf,"0x1F, 3",instruction
0x1818,0x3007,movlw,0x07,instruction
0x1819,0x009C,movwf,0x1C,instruction
0x181A,0x120A,bcf,"0x0A, 4",instruction
0x181B,0x118A,bcf,"0x0A, 3",instruction
0x181C,0x1283,bcf,"0x03, 5",instruction
0x181D,0x2A69,goto,0x269,instruction
0x181E,0x160A,bsf,"0x0A, 4",instruction
0x181F,0x158A,bsf,"0x0A, 3",instruction
0x1820,0x01B2,clrf,0x32,instruction
0x1821,0x01B1,clrf,0x31,instruction
0x1822,0x01CC,clrf,0x4C,instruction
0x1823,0x01BA,clrf,0x3A,instruction
0x1824,0x01B9,clrf,0x39,instruction
0x1825,0x01CF,clrf,0x4F,instruction
0x1826,0x01DE,clrf,0x5E,instruction
0x1827,0x01DF,clrf,0x5F,instruction
0x1828,0x01E0,clrf,0x60,instruction
0x1829,0x01F0,clrf,0x70,instruction
0x182A,0x01D0,clrf,0x50,instruction
0x182B,0x120A,bcf,"0x0A, 4",instruction
0x182C,0x118A,bcf,"0x0A, 3",instruction
0x182D,0x2279,call,0x279,instruction
0x182E,0x160A,bsf,"0x0A, 4",instruction
0x182F,0x158A,bsf,"0x0A, 3",instruction
0x1830,0x1683,bsf,"0x03, 5",instruction
0x1831,0x01A0,clrf,0x20,instruction
0x1832,0x01F6,clrf,0x76,instruction
0x1833,0x0876,movf,"0x76, W",instruction
0x1834,0x3C06,sublw,0x06,instruction
0x1835,0x1C03,btfss,"0x03, 0",instruction
0x1836,0x2840,goto,0x040,instruction
0x1837,0x120A,bcf,"0x0A, 4",instruction
0x1838,0x118A,bcf,"0x0A, 3",instruction
0x1839,0x1283,bcf,"0x03, 5",instruction
0x183A,0x231F,call,0x31F,instruction
0x183B,0x160A,bsf,"0x0A, 4",instruction
0x183C,0x158A,bsf,"0x0A, 3",instruction
0x183D,0x0AF6,incf,"0x76, F",instruction
0x183E,0x1683,bsf,"0x03, 5",instruction
0x183F,0x2833,goto,0x033,instruction
0x1840,0x0064,clrwdt,,instruction
0x1841,0x3001,movlw,0x01,instruction
0x1842,0x00CA,movwf,0x4A,instruction
0x1843,0x120A,bcf,"0x0A, 4",instruction
0x1844,0x118A,bcf,"0x0A, 3",instruction
0x1845,0x1283,bcf,"0x03, 5",instruction
0x1846,0x25C8,call,0x5C8,instruction
0x1847,0x160A,bsf,"0x0A, 4",instruction
0x1848,0x158A,bsf,"0x0A, 3",instruction
0x1849,0x120A,bcf,"0x0A, 4",instruction
0x184A,0x118A,bcf,"0x0A, 3",instruction
0x184B,0x2E2E,goto,0x62E,instruction
0x184C,0x160A,bsf,"0x0A, 4",instruction
0x184D,0x158A,bsf,"0x0A, 3",instruction
0x184E,0x3005,movlw,0x05,instruction
0x184F,0x00C5,movwf,0x45,instruction
0x1850,0x3014,movlw,0x14,instruction
0x1851,0x00C4,movwf,0x44,instruction
0x1852,0x01C7,clrf,0x47,instruction
0x1853,0x01C6,clrf,0x46,instruction
0x1854,0x301C,movlw,0x1C,instruction
0x1855,0x1683,bsf,"0x03, 5",instruction
0x1856,0x00D5,movwf,0x55,instruction
0x1857,0x3020,movlw,0x20,instruction
0x1858,0x00D4,movwf,0x54,instruction
0x1859,0x120A,bcf,"0x0A, 4",instruction
0x185A,0x118A,bcf,"0x0A, 3",instruction
0x185B,0x1283,bcf,"0x03, 5",instruction
0x185C,0x263B,call,0x63B,instruction
0x185D,0x160A,bsf,"0x0A, 4",instruction
0x185E,0x158A,bsf,"0x0A, 3",instruction
0x185F,0x120A,bcf,"0x0A, 4",instruction
0x1860,0x118A,bcf,"0x0A, 3",instruction
0x1861,0x26B0,call,0x6B0,instruction
0x1862,0x160A,bsf,"0x0A, 4",instruction
0x1863,0x158A,bsf,"0x0A, 3",instruction
0x1864,0x1EC3,btfss,"0x43, 5",instruction
0x1865,0x2868,goto,0x068,instruction
0x1866,0x3021,movlw,0x21,instruction
0x1867,0x2869,goto,0x069,instruction
0x1868,0x3001,movlw,0x01,instruction
0x1869,0x00C3,movwf,0x43,instruction
0x186A,0x120A,bcf,"0x0A, 4",instruction
0x186B,0x118A,bcf,"0x0A, 3",instruction
0x186C,0x20E9,call,0x0E9,instruction
0x186D,0x160A,bsf,"0x0A, 4",instruction
0x186E,0x158A,bsf,"0x0A, 3",instruction
0x186F,0x120A,bcf,"0x0A, 4",instruction
0x1870,0x118A,bcf,"0x0A, 3",instruction
0x1871,0x275D,call,0x75D,instruction
0x1872,0x160A,bsf,"0x0A, 4",instruction
0x1873,0x158A,bsf,"0x0A, 3",instruction
0x1874,0x1683,bsf,"0x03, 5",instruction
0x1875,0x01C0,clrf,0x40,instruction
0x1876,0x01C1,clrf,0x41,instruction
0x1877,0x168C,bsf,"0x0C, 5",instruction
0x1878,0x1283,bcf,"0x03, 5",instruction
0x1879,0x1798,bsf,"0x18, 7",instruction
0x187A,0x1618,bsf,"0x18, 4",instruction
0x187B,0x120A,bcf,"0x0A, 4",instruction
0x187C,0x2079,call,0x079,instruction
0x187D,0x160A,bsf,"0x0A, 4",instruction
0x187E,0x120A,bcf,"0x0A, 4",instruction
0x187F,0x2B4A,goto,0x34A,instruction
0x1880,0x160A,bsf,"0x0A, 4",instruction
0x1881,0x120A,bcf,"0x0A, 4",instruction
0x1882,0x2402,call,0x402,instruction
0x1883,0x160A,bsf,"0x0A, 4",instruction
0x1884,0x120A,bcf,"0x0A, 4",instruction
0x1885,0x2C41,goto,0x441,instruction
0x1886,0x160A,bsf,"0x0A, 4",instruction
0x1887,0x1CF1,btfss,"0x71, 1",instruction
0x1888,0x28A2,goto,0x0A2,instruction
0x1889,0x0AF1,incf,"0x71, F",instruction
0x188A,0x1683,bsf,"0x03, 5",instruction
0x188B,0x08C2,movf,"0x42, F",instruction
0x188C,0x1903,btfsc,"0x03, 2",instruction
0x188D,0x28A0,goto,0x0A0,instruction
0x188E,0x0842,movf,"0x42, W",instruction
0x188F,0x3C79,sublw,0x79,instruction
0x1890,0x1D03,btfss,"0x03, 2",instruction
0x1891,0x2899,goto,0x099,instruction
0x1892,0x120A,bcf,"0x0A, 4",instruction
0x1893,0x118A,bcf,"0x0A, 3",instruction
0x1894,0x1283,bcf,"0x03, 5",instruction
0x1895,0x22B2,call,0x2B2,instruction
0x1896,0x160A,bsf,"0x0A, 4",instruction
0x1897,0x158A,bsf,"0x0A, 3",instruction
0x1898,0x1683,bsf,"0x03, 5",instruction
0x1899,0x03C2,decf,"0x42, F",instruction
0x189A,0x120A,bcf,"0x0A, 4",instruction
0x189B,0x1283,bcf,"0x03, 5",instruction
0x189C,0x2CF2,goto,0x4F2,instruction
0x189D,0x160A,bsf,"0x0A, 4",instruction
0x189E,0x28A2,goto,0x0A2,instruction
0x189F,0x1683,bsf,"0x03, 5",instruction
0x18A0,0x1283,bcf,"0x03, 5",instruction
0x18A1,0x11D1,bcf,"0x51, 3",instruction
0x18A2,0x120A,bcf,"0x0A, 4",instruction
0x18A3,0x2E6A,goto,0x66A,instruction
0x18A4,0x160A,bsf,"0x0A, 4",instruction
0x18A5,0x08F8,movf,"0x78, F",instruction
0x18A6,0x1903,btfsc,"0x03, 2",instruction
0x18A7,0x28B7,goto,0x0B7,instruction
0x18A8,0x118A,bcf,"0x0A, 3",instruction
0x18A9,0x2800,goto,0x000,instruction
0x18AA,0x158A,bsf,"0x0A, 3",instruction
0x18AB,0x08F8,movf,"0x78, F",instruction
0x18AC,0x1903,btfsc,"0x03, 2",instruction
0x18AD,0x28B7,goto,0x0B7,instruction
0x18AE,0x1683,bsf,"0x03, 5",instruction
0x18AF,0x0842,movf,"0x42, W",instruction
0x18B0,0x3C77,sublw,0x77,instruction
0x18B1,0x1C03,btfss,"0x03, 0",instruction
0x18B2,0x28B5,goto,0x0B5,instruction
0x18B3,0x3078,movlw,0x78,instruction
0x18B4,0x00C2,movwf,0x42,instruction
0x18B5,0x1283,bcf,"0x03, 5",instruction
0x18B6,0x287B,goto,0x07B,instruction
0x18B7,0x0871,movf,"0x71, W",instruction
0x18B8,0x3CF0,sublw,0xF0,instruction
0x18B9,0x1803,btfsc,"0x03, 0",instruction
0x18BA,0x28C1,goto,0x0C1,instruction
0x18BB,0x01F1,clrf,0x71,instruction
0x18BC,0x120A,bcf,"0x0A, 4",instruction
0x18BD,0x118A,bcf,"0x0A, 3",instruction
0x18BE,0x275D,call,0x75D,instruction
0x18BF,0x160A,bsf,"0x0A, 4",instruction
0x18C0,0x158A,bsf,"0x0A, 3",instruction
0x18C1,0x1DD1,btfss,"0x51, 3",instruction
0x18C2,0x28C4,goto,0x0C4,instruction
0x18C3,0x287B,goto,0x07B,instruction
0x18C4,0x1FDD,btfss,"0x5D, 7",instruction
0x18C5,0x28D4,goto,0x0D4,instruction
0x18C6,0x1F5D,btfss,"0x5D, 6",instruction
0x18C7,0x28D4,goto,0x0D4,instruction
0x18C8,0x13DD,bcf,"0x5D, 7",instruction
0x18C9,0x118A,bcf,"0x0A, 3",instruction
0x18CA,0x22BA,call,0x2BA,instruction
0x18CB,0x158A,bsf,"0x0A, 3",instruction
0x18CC,0x084C,movf,"0x4C, W",instruction
0x18CD,0x3C2F,sublw,0x2F,instruction
0x18CE,0x1803,btfsc,"0x03, 0",instruction
0x18CF,0x28D1,goto,0x0D1,instruction
0x18D0,0x2904,goto,0x104,instruction
0x18D1,0x1DB0,btfss,"0x30, 3",instruction
0x18D2,0x28D4,goto,0x0D4,instruction
0x18D3,0x2904,goto,0x104,instruction
0x18D4,0x118A,bcf,"0x0A, 3",instruction
0x18D5,0x2AD2,goto,0x2D2,instruction
0x18D6,0x158A,bsf,"0x0A, 3",instruction
0x18D7,0x08F8,movf,"0x78, F",instruction
0x18D8,0x1903,btfsc,"0x03, 2",instruction
0x18D9,0x28DB,goto,0x0DB,instruction
0x18DA,0x2904,goto,0x104,instruction
0x18DB,0x084C,movf,"0x4C, W",instruction
0x18DC,0x3970,andlw,0x70,instruction
0x18DD,0x1903,btfsc,"0x03, 2",instruction
0x18DE,0x28F5,goto,0x0F5,instruction
0x18DF,0x3A10,xorlw,0x10,instruction
0x18E0,0x1903,btfsc,"0x03, 2",instruction
0x18E1,0x292B,goto,0x12B,instruction
0x18E2,0x3A30,xorlw,0x30,instruction
0x18E3,0x1903,btfsc,"0x03, 2",instruction
0x18E4,0x2976,goto,0x176,instruction
0x18E5,0x3A10,xorlw,0x10,instruction
0x18E6,0x1903,btfsc,"0x03, 2",instruction
0x18E7,0x29E8,goto,0x1E8,instruction
0x18E8,0x3A70,xorlw,0x70,instruction
0x18E9,0x1903,btfsc,"0x03, 2",instruction
0x18EA,0x2BBA,goto,0x3BA,instruction
0x18EB,0x3A10,xorlw,0x10,instruction
0x18EC,0x1903,btfsc,"0x03, 2",instruction
0x18ED,0x2BBA,goto,0x3BA,instruction
0x18EE,0x3A30,xorlw,0x30,instruction
0x18EF,0x1903,btfsc,"0x03, 2",instruction
0x18F0,0x2CE0,goto,0x4E0,instruction
0x18F1,0x3A10,xorlw,0x10,instruction
0x18F2,0x1903,btfsc,"0x03, 2",instruction
0x18F3,0x2E25,goto,0x625,instruction
0x18F4,0x2E25,goto,0x625,instruction
0x18F5,0x08CB,movf,"0x4B, F",instruction
0x18F6,0x1D03,btfss,"0x03, 2",instruction
0x18F7,0x28FC,goto,0x0FC,instruction
0x18F8,0x084A,movf,"0x4A, W",instruction
0x18F9,0x3C0B,sublw,0x0B,instruction
0x18FA,0x1803,btfsc,"0x03, 0",instruction
0x18FB,0x2E25,goto,0x625,instruction
0x18FC,0x0857,movf,"0x57, W",instruction
0x18FD,0x3C09,sublw,0x09,instruction
0x18FE,0x1803,btfsc,"0x03, 0",instruction
0x18FF,0x2901,goto,0x101,instruction
0x1900,0x144F,bsf,"0x4F, 0",instruction
0x1901,0x2904,goto,0x104,instruction
0x1902,0x2E25,goto,0x625,instruction
0x1903,0x14CF,bsf,"0x4F, 1",instruction
0x1904,0x1B5D,btfsc,"0x5D, 6",instruction
0x1905,0x290D,goto,0x10D,instruction
0x1906,0x1930,btfsc,"0x30, 2",instruction
0x1907,0x290D,goto,0x10D,instruction
0x1908,0x084F,movf,"0x4F, W",instruction
0x1909,0x39F7,andlw,0xF7,instruction
0x190A,0x1D03,btfss,"0x03, 2",instruction
0x190B,0x290D,goto,0x10D,instruction
0x190C,0x14CF,bsf,"0x4F, 1",instruction
0x190D,0x135D,bcf,"0x5D, 6",instruction
0x190E,0x3010,movlw,0x10,instruction
0x190F,0x00CC,movwf,0x4C,instruction
0x1910,0x120A,bcf,"0x0A, 4",instruction
0x1911,0x118A,bcf,"0x0A, 3",instruction
0x1912,0x22B2,call,0x2B2,instruction
0x1913,0x160A,bsf,"0x0A, 4",instruction
0x1914,0x158A,bsf,"0x0A, 3",instruction
0x1915,0x1FAD,btfss,"0x2D, 7",instruction
0x1916,0x291D,goto,0x11D,instruction
0x1917,0x120A,bcf,"0x0A, 4",instruction
0x1918,0x118A,bcf,"0x0A, 3",instruction
0x1919,0x228F,call,0x28F,instruction
0x191A,0x160A,bsf,"0x0A, 4",instruction
0x191B,0x158A,bsf,"0x0A, 3",instruction
0x191C,0x2920,goto,0x120,instruction
0x191D,0x120A,bcf,"0x0A, 4",instruction
0x191E,0x2793,call,0x793,instruction
0x191F,0x160A,bsf,"0x0A, 4",instruction
0x1920,0x118A,bcf,"0x0A, 3",instruction
0x1921,0x2B27,goto,0x327,instruction
0x1922,0x158A,bsf,"0x0A, 3",instruction
0x1923,0x120A,bcf,"0x0A, 4",instruction
0x1924,0x118A,bcf,"0x0A, 3",instruction
0x1925,0x20E9,call,0x0E9,instruction
0x1926,0x160A,bsf,"0x0A, 4",instruction
0x1927,0x158A,bsf,"0x0A, 3",instruction
0x1928,0x01CB,clrf,0x4B,instruction
0x1929,0x01CA,clrf,0x4A,instruction
0x192A,0x01DD,clrf,0x5D,instruction
0x192B,0x3007,movlw,0x07,instruction
0x192C,0x00AD,movwf,0x2D,instruction
0x192D,0x1FDD,btfss,"0x5D, 7",instruction
0x192E,0x2932,goto,0x132,instruction
0x192F,0x1EDD,btfss,"0x5D, 5",instruction
0x1930,0x2932,goto,0x132,instruction
0x1931,0x298E,goto,0x18E,instruction
0x1932,0x1ED6,btfss,"0x56, 5",instruction
0x1933,0x2942,goto,0x142,instruction
0x1934,0x084B,movf,"0x4B, W",instruction
0x1935,0x3C00,sublw,0x00,instruction
0x1936,0x1803,btfsc,"0x03, 0",instruction
0x1937,0x2942,goto,0x142,instruction
0x1938,0x3AFF,xorlw,0xFF,instruction
0x1939,0x1D03,btfss,"0x03, 2",instruction
0x193A,0x293F,goto,0x13F,instruction
0x193B,0x084A,movf,"0x4A, W",instruction
0x193C,0x3C68,sublw,0x68,instruction
0x193D,0x1803,btfsc,"0x03, 0",instruction
0x193E,0x2942,goto,0x142,instruction
0x193F,0x120A,bcf,"0x0A, 4",instruction
0x1940,0x2793,call,0x793,instruction
0x1941,0x160A,bsf,"0x0A, 4",instruction
0x1942,0x3001,movlw,0x01,instruction
0x1943,0x1683,bsf,"0x03, 5",instruction
0x1944,0x00CA,movwf,0x4A,instruction
0x1945,0x120A,bcf,"0x0A, 4",instruction
0x1946,0x118A,bcf,"0x0A, 3",instruction
0x1947,0x1283,bcf,"0x03, 5",instruction
0x1948,0x25C8,call,0x5C8,instruction
0x1949,0x160A,bsf,"0x0A, 4",instruction
0x194A,0x158A,bsf,"0x0A, 3",instruction
0x194B,0x084B,movf,"0x4B, W",instruction
0x194C,0x3C15,sublw,0x15,instruction
0x194D,0x1C03,btfss,"0x03, 0",instruction
0x194E,0x2956,goto,0x156,instruction
0x194F,0x1D03,btfss,"0x03, 2",instruction
0x1950,0x2955,goto,0x155,instruction
0x1951,0x084A,movf,"0x4A, W",instruction
0x1952,0x3C17,sublw,0x17,instruction
0x1953,0x1C03,btfss,"0x03, 0",instruction
0x1954,0x2956,goto,0x156,instruction
0x1955,0x2E25,goto,0x625,instruction
0x1956,0x0857,movf,"0x57, W",instruction
0x1957,0x3C13,sublw,0x13,instruction
0x1958,0x1803,btfsc,"0x03, 0",instruction
0x1959,0x295B,goto,0x15B,instruction
0x195A,0x2E25,goto,0x625,instruction
0x195B,0x1ED6,btfss,"0x56, 5",instruction
0x195C,0x295E,goto,0x15E,instruction
0x195D,0x2E25,goto,0x625,instruction
0x195E,0x3020,movlw,0x20,instruction
0x195F,0x00CC,movwf,0x4C,instruction
0x1960,0x19B0,btfsc,"0x30, 3",instruction
0x1961,0x296A,goto,0x16A,instruction
0x1962,0x1B30,btfsc,"0x30, 6",instruction
0x1963,0x296A,goto,0x16A,instruction
0x1964,0x118A,bcf,"0x0A, 3",instruction
0x1965,0x2349,call,0x349,instruction
0x1966,0x158A,bsf,"0x0A, 3",instruction
0x1967,0x118A,bcf,"0x0A, 3",instruction
0x1968,0x2349,call,0x349,instruction
0x1969,0x158A,bsf,"0x0A, 3",instruction
0x196A,0x19D1,btfsc,"0x51, 3",instruction
0x196B,0x296F,goto,0x16F,instruction
0x196C,0x120A,bcf,"0x0A, 4",instruction
0x196D,0x2793,call,0x793,instruction
0x196E,0x160A,bsf,"0x0A, 4",instruction
0x196F,0x120A,bcf,"0x0A, 4",instruction
0x1970,0x118A,bcf,"0x0A, 3",instruction
0x1971,0x21F7,call,0x1F7,instruction
0x1972,0x160A,bsf,"0x0A, 4",instruction
0x1973,0x158A,bsf,"0x0A, 3",instruction
0x1974,0x01CB,clrf,0x4B,instruction
0x1975,0x01CA,clrf,0x4A,instruction
0x1976,0x1ADD,btfsc,"0x5D, 5",instruction
0x1977,0x298B,goto,0x18B,instruction
0x1978,0x11DD,bcf,"0x5D, 3",instruction
0x1979,0x1683,bsf,"0x03, 5",instruction
0x197A,0x01CB,clrf,0x4B,instruction
0x197B,0x120A,bcf,"0x0A, 4",instruction
0x197C,0x118A,bcf,"0x0A, 3",instruction
0x197D,0x1283,bcf,"0x03, 5",instruction
0x197E,0x2592,call,0x592,instruction
0x197F,0x160A,bsf,"0x0A, 4",instruction
0x1980,0x158A,bsf,"0x0A, 3",instruction
0x1981,0x302A,movlw,0x2A,instruction
0x1982,0x00CB,movwf,0x4B,instruction
0x1983,0x3030,movlw,0x30,instruction
0x1984,0x00CA,movwf,0x4A,instruction
0x1985,0x120A,bcf,"0x0A, 4",instruction
0x1986,0x118A,bcf,"0x0A, 3",instruction
0x1987,0x22B2,call,0x2B2,instruction
0x1988,0x160A,bsf,"0x0A, 4",instruction
0x1989,0x158A,bsf,"0x0A, 3",instruction
0x198A,0x2E25,goto,0x625,instruction
0x198B,0x1FDD,btfss,"0x5D, 7",instruction
0x198C,0x2E25,goto,0x625,instruction
0x198D,0x1330,bcf,"0x30, 6",instruction
0x198E,0x1250,bcf,"0x50, 4",instruction
0x198F,0x1683,bsf,"0x03, 5",instruction
0x1990,0x1220,bcf,"0x20, 4",instruction
0x1991,0x12A0,bcf,"0x20, 5",instruction
0x1992,0x30DC,movlw,0xDC,instruction
0x1993,0x1283,bcf,"0x03, 5",instruction
0x1994,0x00DA,movwf,0x5A,instruction
0x1995,0x01DF,clrf,0x5F,instruction
0x1996,0x1683,bsf,"0x03, 5",instruction
0x1997,0x01C2,clrf,0x42,instruction
0x1998,0x1283,bcf,"0x03, 5",instruction
0x1999,0x11D1,bcf,"0x51, 3",instruction
0x199A,0x01CD,clrf,0x4D,instruction
0x199B,0x01B0,clrf,0x30,instruction
0x199C,0x01CC,clrf,0x4C,instruction
0x199D,0x3007,movlw,0x07,instruction
0x199E,0x00AD,movwf,0x2D,instruction
0x199F,0x1683,bsf,"0x03, 5",instruction
0x19A0,0x01CB,clrf,0x4B,instruction
0x19A1,0x120A,bcf,"0x0A, 4",instruction
0x19A2,0x118A,bcf,"0x0A, 3",instruction
0x19A3,0x1283,bcf,"0x03, 5",instruction
0x19A4,0x2592,call,0x592,instruction
0x19A5,0x160A,bsf,"0x0A, 4",instruction
0x19A6,0x158A,bsf,"0x0A, 3",instruction
0x19A7,0x120A,bcf,"0x0A, 4",instruction
0x19A8,0x118A,bcf,"0x0A, 3",instruction
0x19A9,0x22B2,call,0x2B2,instruction
0x19AA,0x160A,bsf,"0x0A, 4",instruction
0x19AB,0x158A,bsf,"0x0A, 3",instruction
0x19AC,0x120A,bcf,"0x0A, 4",instruction
0x19AD,0x118A,bcf,"0x0A, 3",instruction
0x19AE,0x20E9,call,0x0E9,instruction
0x19AF,0x160A,bsf,"0x0A, 4",instruction
0x19B0,0x158A,bsf,"0x0A, 3",instruction
0x19B1,0x118A,bcf,"0x0A, 3",instruction
0x19B2,0x22BA,call,0x2BA,instruction
0x19B3,0x158A,bsf,"0x0A, 3",instruction
0x19B4,0x1683,bsf,"0x03, 5",instruction
0x19B5,0x1220,bcf,"0x20, 4",instruction
0x19B6,0x12A0,bcf,"0x20, 5",instruction
0x19B7,0x30DC,movlw,0xDC,instruction
0x19B8,0x1283,bcf,"0x03, 5",instruction
0x19B9,0x00DA,movwf,0x5A,instruction
0x19BA,0x1EDD,btfss,"0x5D, 5",instruction
0x19BB,0x29BD,goto,0x1BD,instruction
0x19BC,0x15DD,bsf,"0x5D, 3",instruction
0x19BD,0x0ACD,incf,"0x4D, F",instruction
0x19BE,0x1E50,btfss,"0x50, 4",instruction
0x19BF,0x29C2,goto,0x1C2,instruction
0x19C0,0x3004,movlw,0x04,instruction
0x19C1,0x00CD,movwf,0x4D,instruction
0x19C2,0x3030,movlw,0x30,instruction
0x19C3,0x00CC,movwf,0x4C,instruction
0x19C4,0x3003,movlw,0x03,instruction
0x19C5,0x00FD,movwf,0x7D,instruction
0x19C6,0x08FD,movf,"0x7D, F",instruction
0x19C7,0x1903,btfsc,"0x03, 2",instruction
0x19C8,0x29D1,goto,0x1D1,instruction
0x19C9,0x118A,bcf,"0x0A, 3",instruction
0x19CA,0x2349,call,0x349,instruction
0x19CB,0x158A,bsf,"0x0A, 3",instruction
0x19CC,0x1DB0,btfss,"0x30, 3",instruction
0x19CD,0x29CF,goto,0x1CF,instruction
0x19CE,0x0ACD,incf,"0x4D, F",instruction
0x19CF,0x03FD,decf,"0x7D, F",instruction
0x19D0,0x29C6,goto,0x1C6,instruction
0x19D1,0x12DD,bcf,"0x5D, 5",instruction
0x19D2,0x13DD,bcf,"0x5D, 7",instruction
0x19D3,0x01CB,clrf,0x4B,instruction
0x19D4,0x01CA,clrf,0x4A,instruction
0x19D5,0x01FD,clrf,0x7D,instruction
0x19D6,0x01FE,clrf,0x7E,instruction
0x19D7,0x13D1,bcf,"0x51, 7",instruction
0x19D8,0x118A,bcf,"0x0A, 3",instruction
0x19D9,0x237B,call,0x37B,instruction
0x19DA,0x158A,bsf,"0x0A, 3",instruction
0x19DB,0x08F8,movf,"0x78, F",instruction
0x19DC,0x1D03,btfss,"0x03, 2",instruction
0x19DD,0x29E2,goto,0x1E2,instruction
0x19DE,0x1B5D,btfsc,"0x5D, 6",instruction
0x19DF,0x29E2,goto,0x1E2,instruction
0x19E0,0x1DB0,btfss,"0x30, 3",instruction
0x19E1,0x29E6,goto,0x1E6,instruction
0x19E2,0x1B5D,btfsc,"0x5D, 6",instruction
0x19E3,0x29E5,goto,0x1E5,instruction
0x19E4,0x14CF,bsf,"0x4F, 1",instruction
0x19E5,0x2904,goto,0x104,instruction
0x19E6,0x01CB,clrf,0x4B,instruction
0x19E7,0x01CA,clrf,0x4A,instruction
0x19E8,0x1683,bsf,"0x03, 5",instruction
0x19E9,0x13A0,bcf,"0x20, 7",instruction
0x19EA,0x1283,bcf,"0x03, 5",instruction
0x19EB,0x1FAD,btfss,"0x2D, 7",instruction
0x19EC,0x29FD,goto,0x1FD,instruction
0x19ED,0x1683,bsf,"0x03, 5",instruction
0x19EE,0x1E20,btfss,"0x20, 4",instruction
0x19EF,0x29F2,goto,0x1F2,instruction
0x19F0,0x1283,bcf,"0x03, 5",instruction
0x19F1,0x29FD,goto,0x1FD,instruction
0x19F2,0x301C,movlw,0x1C,instruction
0x19F3,0x00D5,movwf,0x55,instruction
0x19F4,0x3020,movlw,0x20,instruction
0x19F5,0x00D4,movwf,0x54,instruction
0x19F6,0x120A,bcf,"0x0A, 4",instruction
0x19F7,0x118A,bcf,"0x0A, 3",instruction
0x19F8,0x1283,bcf,"0x03, 5",instruction
0x19F9,0x263B,call,0x63B,instruction
0x19FA,0x160A,bsf,"0x0A, 4",instruction
0x19FB,0x158A,bsf,"0x0A, 3",instruction
0x19FC,0x2A1E,goto,0x21E,instruction
0x19FD,0x1003,bcf,"0x03, 0",instruction
0x19FE,0x0D7E,rlf,"0x7E, W",instruction
0x19FF,0x1683,bsf,"0x03, 5",instruction
0x1A00,0x00CA,movwf,0x4A,instruction
0x1A01,0x0A4A,incf,"0x4A, W",instruction
0x1A02,0x120A,bcf,"0x0A, 4",instruction
0x1A03,0x118A,bcf,"0x0A, 3",instruction
0x1A04,0x1283,bcf,"0x03, 5",instruction
0x1A05,0x206C,call,0x06C,instruction
0x1A06,0x160A,bsf,"0x0A, 4",instruction
0x1A07,0x158A,bsf,"0x0A, 3",instruction
0x1A08,0x00FA,movwf,0x7A,instruction
0x1A09,0x1683,bsf,"0x03, 5",instruction
0x1A0A,0x084A,movf,"0x4A, W",instruction
0x1A0B,0x120A,bcf,"0x0A, 4",instruction
0x1A0C,0x118A,bcf,"0x0A, 3",instruction
0x1A0D,0x1283,bcf,"0x03, 5",instruction
0x1A0E,0x206C,call,0x06C,instruction
0x1A0F,0x160A,bsf,"0x0A, 4",instruction
0x1A10,0x158A,bsf,"0x0A, 3",instruction
0x1A11,0x1683,bsf,"0x03, 5",instruction
0x1A12,0x00CB,movwf,0x4B,instruction
0x1A13,0x087A,movf,"0x7A, W",instruction
0x1A14,0x00CC,movwf,0x4C,instruction
0x1A15,0x00D0,movwf,0x50,instruction
0x1A16,0x084B,movf,"0x4B, W",instruction
0x1A17,0x00CF,movwf,0x4F,instruction
0x1A18,0x3059,movlw,0x59,instruction
0x1A19,0x00D1,movwf,0x51,instruction
0x1A1A,0x118A,bcf,"0x0A, 3",instruction
0x1A1B,0x1283,bcf,"0x03, 5",instruction
0x1A1C,0x24AE,call,0x4AE,instruction
0x1A1D,0x158A,bsf,"0x0A, 3",instruction
0x1A1E,0x084C,movf,"0x4C, W",instruction
0x1A1F,0x39F8,andlw,0xF8,instruction
0x1A20,0x1683,bsf,"0x03, 5",instruction
0x1A21,0x00CA,movwf,0x4A,instruction
0x1A22,0x1E20,btfss,"0x20, 4",instruction
0x1A23,0x2A26,goto,0x226,instruction
0x1A24,0x3001,movlw,0x01,instruction
0x1A25,0x2A27,goto,0x227,instruction
0x1A26,0x3000,movlw,0x00,instruction
0x1A27,0x074A,addwf,"0x4A, W",instruction
0x1A28,0x1283,bcf,"0x03, 5",instruction
0x1A29,0x00CC,movwf,0x4C,instruction
0x1A2A,0x118A,bcf,"0x0A, 3",instruction
0x1A2B,0x2CC5,goto,0x4C5,instruction
0x1A2C,0x158A,bsf,"0x0A, 3",instruction
0x1A2D,0x1FAD,btfss,"0x2D, 7",instruction
0x1A2E,0x2A61,goto,0x261,instruction
0x1A2F,0x3023,movlw,0x23,instruction
0x1A30,0x075A,addwf,"0x5A, W",instruction
0x1A31,0x0257,subwf,"0x57, W",instruction
0x1A32,0x1903,btfsc,"0x03, 2",instruction
0x1A33,0x2A61,goto,0x261,instruction
0x1A34,0x1C03,btfss,"0x03, 0",instruction
0x1A35,0x2A61,goto,0x261,instruction
0x1A36,0x1683,bsf,"0x03, 5",instruction
0x1A37,0x1A20,btfsc,"0x20, 4",instruction
0x1A38,0x2A62,goto,0x262,instruction
0x1A39,0x1620,bsf,"0x20, 4",instruction
0x1A3A,0x1283,bcf,"0x03, 5",instruction
0x1A3B,0x1D2D,btfss,"0x2D, 2",instruction
0x1A3C,0x2A40,goto,0x240,instruction
0x1A3D,0x01FA,clrf,0x7A,instruction
0x1A3E,0x3000,movlw,0x00,instruction
0x1A3F,0x2A43,goto,0x243,instruction
0x1A40,0x3002,movlw,0x02,instruction
0x1A41,0x00FA,movwf,0x7A,instruction
0x1A42,0x301C,movlw,0x1C,instruction
0x1A43,0x3ED0,addlw,0xD0,instruction
0x1A44,0x1683,bsf,"0x03, 5",instruction
0x1A45,0x00CA,movwf,0x4A,instruction
0x1A46,0x087A,movf,"0x7A, W",instruction
0x1A47,0x00CB,movwf,0x4B,instruction
0x1A48,0x3002,movlw,0x02,instruction
0x1A49,0x1803,btfsc,"0x03, 0",instruction
0x1A4A,0x3003,movlw,0x03,instruction
0x1A4B,0x07CB,addwf,"0x4B, F",instruction
0x1A4C,0x084B,movf,"0x4B, W",instruction
0x1A4D,0x00D6,movwf,0x56,instruction
0x1A4E,0x084A,movf,"0x4A, W",instruction
0x1A4F,0x00D5,movwf,0x55,instruction
0x1A50,0x305B,movlw,0x5B,instruction
0x1A51,0x00D7,movwf,0x57,instruction
0x1A52,0x120A,bcf,"0x0A, 4",instruction
0x1A53,0x118A,bcf,"0x0A, 3",instruction
0x1A54,0x1283,bcf,"0x03, 5",instruction
0x1A55,0x2451,call,0x451,instruction
0x1A56,0x160A,bsf,"0x0A, 4",instruction
0x1A57,0x158A,bsf,"0x0A, 3",instruction
0x1A58,0x0878,movf,"0x78, W",instruction
0x1A59,0x074A,addwf,"0x4A, W",instruction
0x1A5A,0x00DB,movwf,0x5B,instruction
0x1A5B,0x084B,movf,"0x4B, W",instruction
0x1A5C,0x00DC,movwf,0x5C,instruction
0x1A5D,0x0879,movf,"0x79, W",instruction
0x1A5E,0x1803,btfsc,"0x03, 0",instruction
0x1A5F,0x0F79,incfsz,"0x79, W",instruction
0x1A60,0x07DC,addwf,"0x5C, F",instruction
0x1A61,0x1683,bsf,"0x03, 5",instruction
0x1A62,0x1A20,btfsc,"0x20, 4",instruction
0x1A63,0x2A71,goto,0x271,instruction
0x1A64,0x3004,movlw,0x04,instruction
0x1A65,0x00CB,movwf,0x4B,instruction
0x1A66,0x305C,movlw,0x5C,instruction
0x1A67,0x00CA,movwf,0x4A,instruction
0x1A68,0x118A,bcf,"0x0A, 3",instruction
0x1A69,0x1283,bcf,"0x03, 5",instruction
0x1A6A,0x250B,call,0x50B,instruction
0x1A6B,0x158A,bsf,"0x0A, 3",instruction
0x1A6C,0x0879,movf,"0x79, W",instruction
0x1A6D,0x00DC,movwf,0x5C,instruction
0x1A6E,0x0878,movf,"0x78, W",instruction
0x1A6F,0x00DB,movwf,0x5B,instruction
0x1A70,0x1683,bsf,"0x03, 5",instruction
0x1A71,0x1283,bcf,"0x03, 5",instruction
0x1A72,0x085C,movf,"0x5C, W",instruction
0x1A73,0x024B,subwf,"0x4B, W",instruction
0x1A74,0x1C03,btfss,"0x03, 0",instruction
0x1A75,0x2AA8,goto,0x2A8,instruction
0x1A76,0x1D03,btfss,"0x03, 2",instruction
0x1A77,0x2A7C,goto,0x27C,instruction
0x1A78,0x085B,movf,"0x5B, W",instruction
0x1A79,0x024A,subwf,"0x4A, W",instruction
0x1A7A,0x1C03,btfss,"0x03, 0",instruction
0x1A7B,0x2AA8,goto,0x2A8,instruction
0x1A7C,0x1FAD,btfss,"0x2D, 7",instruction
0x1A7D,0x2A86,goto,0x286,instruction
0x1A7E,0x120A,bcf,"0x0A, 4",instruction
0x1A7F,0x118A,bcf,"0x0A, 3",instruction
0x1A80,0x22B2,call,0x2B2,instruction
0x1A81,0x160A,bsf,"0x0A, 4",instruction
0x1A82,0x158A,bsf,"0x0A, 3",instruction
0x1A83,0x1683,bsf,"0x03, 5",instruction
0x1A84,0x12A0,bcf,"0x20, 5",instruction
0x1A85,0x1283,bcf,"0x03, 5",instruction
0x1A86,0x305A,movlw,0x5A,instruction
0x1A87,0x075B,addwf,"0x5B, W",instruction
0x1A88,0x00F8,movwf,0x78,instruction
0x1A89,0x085C,movf,"0x5C, W",instruction
0x1A8A,0x00FA,movwf,0x7A,instruction
0x1A8B,0x1803,btfsc,"0x03, 0",instruction
0x1A8C,0x0AFA,incf,"0x7A, F",instruction
0x1A8D,0x087A,movf,"0x7A, W",instruction
0x1A8E,0x024B,subwf,"0x4B, W",instruction
0x1A8F,0x1C03,btfss,"0x03, 0",instruction
0x1A90,0x2AA7,goto,0x2A7,instruction
0x1A91,0x1D03,btfss,"0x03, 2",instruction
0x1A92,0x2A97,goto,0x297,instruction
0x1A93,0x0878,movf,"0x78, W",instruction
0x1A94,0x024A,subwf,"0x4A, W",instruction
0x1A95,0x1C03,btfss,"0x03, 0",instruction
0x1A96,0x2AA7,goto,0x2A7,instruction
0x1A97,0x1ED6,btfss,"0x56, 5",instruction
0x1A98,0x2A9F,goto,0x29F,instruction
0x1A99,0x120A,bcf,"0x0A, 4",instruction
0x1A9A,0x2793,call,0x793,instruction
0x1A9B,0x160A,bsf,"0x0A, 4",instruction
0x1A9C,0x12DD,bcf,"0x5D, 5",instruction
0x1A9D,0x13DD,bcf,"0x5D, 7",instruction
0x1A9E,0x2AA7,goto,0x2A7,instruction
0x1A9F,0x1FDD,btfss,"0x5D, 7",instruction
0x1AA0,0x2AA7,goto,0x2A7,instruction
0x1AA1,0x1EDD,btfss,"0x5D, 5",instruction
0x1AA2,0x2AA7,goto,0x2A7,instruction
0x1AA3,0x120A,bcf,"0x0A, 4",instruction
0x1AA4,0x2717,call,0x717,instruction
0x1AA5,0x160A,bsf,"0x0A, 4",instruction
0x1AA6,0x2E25,goto,0x625,instruction
0x1AA7,0x2AED,goto,0x2ED,instruction
0x1AA8,0x084B,movf,"0x4B, W",instruction
0x1AA9,0x3C03,sublw,0x03,instruction
0x1AAA,0x1803,btfsc,"0x03, 0",instruction
0x1AAB,0x2AED,goto,0x2ED,instruction
0x1AAC,0x3AFF,xorlw,0xFF,instruction
0x1AAD,0x1D03,btfss,"0x03, 2",instruction
0x1AAE,0x2AB3,goto,0x2B3,instruction
0x1AAF,0x084A,movf,"0x4A, W",instruction
0x1AB0,0x3C37,sublw,0x37,instruction
0x1AB1,0x1803,btfsc,"0x03, 0",instruction
0x1AB2,0x2AED,goto,0x2ED,instruction
0x1AB3,0x084B,movf,"0x4B, W",instruction
0x1AB4,0x3C04,sublw,0x04,instruction
0x1AB5,0x1C03,btfss,"0x03, 0",instruction
0x1AB6,0x2AED,goto,0x2ED,instruction
0x1AB7,0x1D03,btfss,"0x03, 2",instruction
0x1AB8,0x2ABD,goto,0x2BD,instruction
0x1AB9,0x084A,movf,"0x4A, W",instruction
0x1ABA,0x3C97,sublw,0x97,instruction
0x1ABB,0x1C03,btfss,"0x03, 0",instruction
0x1ABC,0x2AED,goto,0x2ED,instruction
0x1ABD,0x1AD6,btfsc,"0x56, 5",instruction
0x1ABE,0x2AC4,goto,0x2C4,instruction
0x1ABF,0x120A,bcf,"0x0A, 4",instruction
0x1AC0,0x118A,bcf,"0x0A, 3",instruction
0x1AC1,0x228F,call,0x28F,instruction
0x1AC2,0x160A,bsf,"0x0A, 4",instruction
0x1AC3,0x158A,bsf,"0x0A, 3",instruction
0x1AC4,0x084B,movf,"0x4B, W",instruction
0x1AC5,0x3C03,sublw,0x03,instruction
0x1AC6,0x1803,btfsc,"0x03, 0",instruction
0x1AC7,0x2AED,goto,0x2ED,instruction
0x1AC8,0x3AFF,xorlw,0xFF,instruction
0x1AC9,0x1D03,btfss,"0x03, 2",instruction
0x1ACA,0x2ACF,goto,0x2CF,instruction
0x1ACB,0x084A,movf,"0x4A, W",instruction
0x1ACC,0x3C5B,sublw,0x5B,instruction
0x1ACD,0x1803,btfsc,"0x03, 0",instruction
0x1ACE,0x2AED,goto,0x2ED,instruction
0x1ACF,0x1BAD,btfsc,"0x2D, 7",instruction
0x1AD0,0x2AED,goto,0x2ED,instruction
0x1AD1,0x182D,btfsc,"0x2D, 0",instruction
0x1AD2,0x2AD5,goto,0x2D5,instruction
0x1AD3,0x1CAD,btfss,"0x2D, 1",instruction
0x1AD4,0x2AED,goto,0x2ED,instruction
0x1AD5,0x1683,bsf,"0x03, 5",instruction
0x1AD6,0x1EA0,btfss,"0x20, 5",instruction
0x1AD7,0x2ADA,goto,0x2DA,instruction
0x1AD8,0x1283,bcf,"0x03, 5",instruction
0x1AD9,0x2AED,goto,0x2ED,instruction
0x1ADA,0x118A,bcf,"0x0A, 3",instruction
0x1ADB,0x1283,bcf,"0x03, 5",instruction
0x1ADC,0x2D5E,goto,0x55E,instruction
0x1ADD,0x158A,bsf,"0x0A, 3",instruction
0x1ADE,0x0857,movf,"0x57, W",instruction
0x1ADF,0x00DA,movwf,0x5A,instruction
0x1AE0,0x085A,movf,"0x5A, W",instruction
0x1AE1,0x3C96,sublw,0x96,instruction
0x1AE2,0x1803,btfsc,"0x03, 0",instruction
0x1AE3,0x2AE6,goto,0x2E6,instruction
0x1AE4,0x3096,movlw,0x96,instruction
0x1AE5,0x00DA,movwf,0x5A,instruction
0x1AE6,0x1683,bsf,"0x03, 5",instruction
0x1AE7,0x0822,movf,"0x22, W",instruction
0x1AE8,0x1283,bcf,"0x03, 5",instruction
0x1AE9,0x00D9,movwf,0x59,instruction
0x1AEA,0x118A,bcf,"0x0A, 3",instruction
0x1AEB,0x256B,call,0x56B,instruction
0x1AEC,0x158A,bsf,"0x0A, 3",instruction
0x1AED,0x1683,bsf,"0x03, 5",instruction
0x1AEE,0x01CB,clrf,0x4B,instruction
0x1AEF,0x120A,bcf,"0x0A, 4",instruction
0x1AF0,0x118A,bcf,"0x0A, 3",instruction
0x1AF1,0x1283,bcf,"0x03, 5",instruction
0x1AF2,0x2592,call,0x592,instruction
0x1AF3,0x160A,bsf,"0x0A, 4",instruction
0x1AF4,0x158A,bsf,"0x0A, 3",instruction
0x1AF5,0x118A,bcf,"0x0A, 3",instruction
0x1AF6,0x237B,call,0x37B,instruction
0x1AF7,0x158A,bsf,"0x0A, 3",instruction
0x1AF8,0x08F8,movf,"0x78, F",instruction
0x1AF9,0x1903,btfsc,"0x03, 2",instruction
0x1AFA,0x2AFC,goto,0x2FC,instruction
0x1AFB,0x2904,goto,0x104,instruction
0x1AFC,0x0064,clrwdt,,instruction
0x1AFD,0x087E,movf,"0x7E, W",instruction
0x1AFE,0x3C02,sublw,0x02,instruction
0x1AFF,0x1C03,btfss,"0x03, 0",instruction
0x1B00,0x2B28,goto,0x328,instruction
0x1B01,0x3001,movlw,0x01,instruction
0x1B02,0x077E,addwf,"0x7E, W",instruction
0x1B03,0x00F7,movwf,0x77,instruction
0x1B04,0x1003,bcf,"0x03, 0",instruction
0x1B05,0x0DF7,rlf,"0x77, F",instruction
0x1B06,0x0877,movf,"0x77, W",instruction
0x1B07,0x1683,bsf,"0x03, 5",instruction
0x1B08,0x00CB,movwf,0x4B,instruction
0x1B09,0x0A4B,incf,"0x4B, W",instruction
0x1B0A,0x120A,bcf,"0x0A, 4",instruction
0x1B0B,0x118A,bcf,"0x0A, 3",instruction
0x1B0C,0x1283,bcf,"0x03, 5",instruction
0x1B0D,0x2060,call,0x060,instruction
0x1B0E,0x160A,bsf,"0x0A, 4",instruction
0x1B0F,0x158A,bsf,"0x0A, 3",instruction
0x1B10,0x00FA,movwf,0x7A,instruction
0x1B11,0x1683,bsf,"0x03, 5",instruction
0x1B12,0x084B,movf,"0x4B, W",instruction
0x1B13,0x120A,bcf,"0x0A, 4",instruction
0x1B14,0x118A,bcf,"0x0A, 3",instruction
0x1B15,0x1283,bcf,"0x03, 5",instruction
0x1B16,0x2060,call,0x060,instruction
0x1B17,0x160A,bsf,"0x0A, 4",instruction
0x1B18,0x158A,bsf,"0x0A, 3",instruction
0x1B19,0x00F8,movwf,0x78,instruction
0x1B1A,0x087A,movf,"0x7A, W",instruction
0x1B1B,0x024B,subwf,"0x4B, W",instruction
0x1B1C,0x1C03,btfss,"0x03, 0",instruction
0x1B1D,0x2B28,goto,0x328,instruction
0x1B1E,0x1D03,btfss,"0x03, 2",instruction
0x1B1F,0x2B24,goto,0x324,instruction
0x1B20,0x0878,movf,"0x78, W",instruction
0x1B21,0x024A,subwf,"0x4A, W",instruction
0x1B22,0x1C03,btfss,"0x03, 0",instruction
0x1B23,0x2B28,goto,0x328,instruction
0x1B24,0x0AFE,incf,"0x7E, F",instruction
0x1B25,0x118A,bcf,"0x0A, 3",instruction
0x1B26,0x256B,call,0x56B,instruction
0x1B27,0x158A,bsf,"0x0A, 3",instruction
0x1B28,0x3007,movlw,0x07,instruction
0x1B29,0x1683,bsf,"0x03, 5",instruction
0x1B2A,0x00CB,movwf,0x4B,instruction
0x1B2B,0x3008,movlw,0x08,instruction
0x1B2C,0x00CA,movwf,0x4A,instruction
0x1B2D,0x118A,bcf,"0x0A, 3",instruction
0x1B2E,0x1283,bcf,"0x03, 5",instruction
0x1B2F,0x250B,call,0x50B,instruction
0x1B30,0x158A,bsf,"0x0A, 3",instruction
0x1B31,0x0879,movf,"0x79, W",instruction
0x1B32,0x00FA,movwf,0x7A,instruction
0x1B33,0x084B,movf,"0x4B, W",instruction
0x1B34,0x027A,subwf,"0x7A, W",instruction
0x1B35,0x1C03,btfss,"0x03, 0",instruction
0x1B36,0x2B3F,goto,0x33F,instruction
0x1B37,0x1D03,btfss,"0x03, 2",instruction
0x1B38,0x2B3D,goto,0x33D,instruction
0x1B39,0x084A,movf,"0x4A, W",instruction
0x1B3A,0x0278,subwf,"0x78, W",instruction
0x1B3B,0x1C03,btfss,"0x03, 0",instruction
0x1B3C,0x2B3F,goto,0x33F,instruction
0x1B3D,0x01E0,clrf,0x60,instruction
0x1B3E,0x2E25,goto,0x625,instruction
0x1B3F,0x1683,bsf,"0x03, 5",instruction
0x1B40,0x1BA2,btfsc,"0x22, 7",instruction
0x1B41,0x2B49,goto,0x349,instruction
0x1B42,0x0822,movf,"0x22, W",instruction
0x1B43,0x3C00,sublw,0x00,instruction
0x1B44,0x1803,btfsc,"0x03, 0",instruction
0x1B45,0x2B49,goto,0x349,instruction
0x1B46,0x1003,bcf,"0x03, 0",instruction
0x1B47,0x0C22,rrf,"0x22, W",instruction
0x1B48,0x2B4A,goto,0x34A,instruction
0x1B49,0x3000,movlw,0x00,instruction
0x1B4A,0x3E3C,addlw,0x3C,instruction
0x1B4B,0x1283,bcf,"0x03, 5",instruction
0x1B4C,0x0257,subwf,"0x57, W",instruction
0x1B4D,0x1903,btfsc,"0x03, 2",instruction
0x1B4E,0x2B51,goto,0x351,instruction
0x1B4F,0x1803,btfsc,"0x03, 0",instruction
0x1B50,0x2B5C,goto,0x35C,instruction
0x1B51,0x0860,movf,"0x60, W",instruction
0x1B52,0x3C04,sublw,0x04,instruction
0x1B53,0x1803,btfsc,"0x03, 0",instruction
0x1B54,0x2B5B,goto,0x35B,instruction
0x1B55,0x084D,movf,"0x4D, W",instruction
0x1B56,0x3C01,sublw,0x01,instruction
0x1B57,0x1C03,btfss,"0x03, 0",instruction
0x1B58,0x2B5A,goto,0x35A,instruction
0x1B59,0x299D,goto,0x19D,instruction
0x1B5A,0x2903,goto,0x103,instruction
0x1B5B,0x2B6B,goto,0x36B,instruction
0x1B5C,0x0857,movf,"0x57, W",instruction
0x1B5D,0x3CFD,sublw,0xFD,instruction
0x1B5E,0x1C03,btfss,"0x03, 0",instruction
0x1B5F,0x2B62,goto,0x362,instruction
0x1B60,0x01E0,clrf,0x60,instruction
0x1B61,0x2B6B,goto,0x36B,instruction
0x1B62,0x0860,movf,"0x60, W",instruction
0x1B63,0x3C38,sublw,0x38,instruction
0x1B64,0x1803,btfsc,"0x03, 0",instruction
0x1B65,0x2B6B,goto,0x36B,instruction
0x1B66,0x154F,bsf,"0x4F, 2",instruction
0x1B67,0x1530,bsf,"0x30, 2",instruction
0x1B68,0x30B4,movlw,0xB4,instruction
0x1B69,0x00DF,movwf,0x5F,instruction
0x1B6A,0x2904,goto,0x104,instruction
0x1B6B,0x300B,movlw,0x0B,instruction
0x1B6C,0x1683,bsf,"0x03, 5",instruction
0x1B6D,0x00CB,movwf,0x4B,instruction
0x1B6E,0x3040,movlw,0x40,instruction
0x1B6F,0x00CA,movwf,0x4A,instruction
0x1B70,0x118A,bcf,"0x0A, 3",instruction
0x1B71,0x1283,bcf,"0x03, 5",instruction
0x1B72,0x250B,call,0x50B,instruction
0x1B73,0x158A,bsf,"0x0A, 3",instruction
0x1B74,0x0879,movf,"0x79, W",instruction
0x1B75,0x00FA,movwf,0x7A,instruction
0x1B76,0x084B,movf,"0x4B, W",instruction
0x1B77,0x027A,subwf,"0x7A, W",instruction
0x1B78,0x1C03,btfss,"0x03, 0",instruction
0x1B79,0x2B81,goto,0x381,instruction
0x1B7A,0x1D03,btfss,"0x03, 2",instruction
0x1B7B,0x2B80,goto,0x380,instruction
0x1B7C,0x084A,movf,"0x4A, W",instruction
0x1B7D,0x0278,subwf,"0x78, W",instruction
0x1B7E,0x1C03,btfss,"0x03, 0",instruction
0x1B7F,0x2B81,goto,0x381,instruction
0x1B80,0x2E25,goto,0x625,instruction
0x1B81,0x3002,movlw,0x02,instruction
0x1B82,0x1683,bsf,"0x03, 5",instruction
0x1B83,0x00CB,movwf,0x4B,instruction
0x1B84,0x120A,bcf,"0x0A, 4",instruction
0x1B85,0x118A,bcf,"0x0A, 3",instruction
0x1B86,0x1283,bcf,"0x03, 5",instruction
0x1B87,0x2592,call,0x592,instruction
0x1B88,0x160A,bsf,"0x0A, 4",instruction
0x1B89,0x158A,bsf,"0x0A, 3",instruction
0x1B8A,0x300C,movlw,0x0C,instruction
0x1B8B,0x1683,bsf,"0x03, 5",instruction
0x1B8C,0x00CB,movwf,0x4B,instruction
0x1B8D,0x30A8,movlw,0xA8,instruction
0x1B8E,0x00CA,movwf,0x4A,instruction
0x1B8F,0x118A,bcf,"0x0A, 3",instruction
0x1B90,0x1283,bcf,"0x03, 5",instruction
0x1B91,0x250B,call,0x50B,instruction
0x1B92,0x158A,bsf,"0x0A, 3",instruction
0x1B93,0x0879,movf,"0x79, W",instruction
0x1B94,0x00FA,movwf,0x7A,instruction
0x1B95,0x084B,movf,"0x4B, W",instruction
0x1B96,0x027A,subwf,"0x7A, W",instruction
0x1B97,0x1C03,btfss,"0x03, 0",instruction
0x1B98,0x2BA0,goto,0x3A0,instruction
0x1B99,0x1D03,btfss,"0x03, 2",instruction
0x1B9A,0x2B9F,goto,0x39F,instruction
0x1B9B,0x084A,movf,"0x4A, W",instruction
0x1B9C,0x0278,subwf,"0x78, W",instruction
0x1B9D,0x1C03,btfss,"0x03, 0",instruction
0x1B9E,0x2BA0,goto,0x3A0,instruction
0x1B9F,0x2E25,goto,0x625,instruction
0x1BA0,0x01CB,clrf,0x4B,instruction
0x1BA1,0x01CA,clrf,0x4A,instruction
0x1BA2,0x3053,movlw,0x53,instruction
0x1BA3,0x00CC,movwf,0x4C,instruction
0x1BA4,0x1683,bsf,"0x03, 5",instruction
0x1BA5,0x1220,bcf,"0x20, 4",instruction
0x1BA6,0x01F6,clrf,0x76,instruction
0x1BA7,0x0876,movf,"0x76, W",instruction
0x1BA8,0x3C07,sublw,0x07,instruction
0x1BA9,0x1C03,btfss,"0x03, 0",instruction
0x1BAA,0x2BB4,goto,0x3B4,instruction
0x1BAB,0x3063,movlw,0x63,instruction
0x1BAC,0x0776,addwf,"0x76, W",instruction
0x1BAD,0x0084,movwf,0x04,instruction
0x1BAE,0x1283,bcf,"0x03, 5",instruction
0x1BAF,0x0857,movf,"0x57, W",instruction
0x1BB0,0x0080,movwf,0x00,instruction
0x1BB1,0x0AF6,incf,"0x76, F",instruction
0x1BB2,0x1683,bsf,"0x03, 5",instruction
0x1BB3,0x2BA7,goto,0x3A7,instruction
0x1BB4,0x30FF,movlw,0xFF,instruction
0x1BB5,0x1283,bcf,"0x03, 5",instruction
0x1BB6,0x00DA,movwf,0x5A,instruction
0x1BB7,0x01EC,clrf,0x6C,instruction
0x1BB8,0x0064,clrwdt,,instruction
0x1BB9,0x2E25,goto,0x625,instruction
0x1BBA,0x3001,movlw,0x01,instruction
0x1BBB,0x1683,bsf,"0x03, 5",instruction
0x1BBC,0x00CB,movwf,0x4B,instruction
0x1BBD,0x120A,bcf,"0x0A, 4",instruction
0x1BBE,0x118A,bcf,"0x0A, 3",instruction
0x1BBF,0x1283,bcf,"0x03, 5",instruction
0x1BC0,0x2592,call,0x592,instruction
0x1BC1,0x160A,bsf,"0x0A, 4",instruction
0x1BC2,0x158A,bsf,"0x0A, 3",instruction
0x1BC3,0x084C,movf,"0x4C, W",instruction
0x1BC4,0x3907,andlw,0x07,instruction
0x1BC5,0x00F7,movwf,0x77,instruction
0x1BC6,0x1003,bcf,"0x03, 0",instruction
0x1BC7,0x0DF7,rlf,"0x77, F",instruction
0x1BC8,0x0877,movf,"0x77, W",instruction
0x1BC9,0x1683,bsf,"0x03, 5",instruction
0x1BCA,0x00CB,movwf,0x4B,instruction
0x1BCB,0x0A4B,incf,"0x4B, W",instruction
0x1BCC,0x120A,bcf,"0x0A, 4",instruction
0x1BCD,0x118A,bcf,"0x0A, 3",instruction
0x1BCE,0x1283,bcf,"0x03, 5",instruction
0x1BCF,0x2086,call,0x086,instruction
0x1BD0,0x160A,bsf,"0x0A, 4",instruction
0x1BD1,0x158A,bsf,"0x0A, 3",instruction
0x1BD2,0x00FA,movwf,0x7A,instruction
0x1BD3,0x1683,bsf,"0x03, 5",instruction
0x1BD4,0x084B,movf,"0x4B, W",instruction
0x1BD5,0x120A,bcf,"0x0A, 4",instruction
0x1BD6,0x118A,bcf,"0x0A, 3",instruction
0x1BD7,0x1283,bcf,"0x03, 5",instruction
0x1BD8,0x2086,call,0x086,instruction
0x1BD9,0x160A,bsf,"0x0A, 4",instruction
0x1BDA,0x158A,bsf,"0x0A, 3",instruction
0x1BDB,0x1683,bsf,"0x03, 5",instruction
0x1BDC,0x00CC,movwf,0x4C,instruction
0x1BDD,0x087A,movf,"0x7A, W",instruction
0x1BDE,0x00CD,movwf,0x4D,instruction
0x1BDF,0x1283,bcf,"0x03, 5",instruction
0x1BE0,0x084C,movf,"0x4C, W",instruction
0x1BE1,0x3907,andlw,0x07,instruction
0x1BE2,0x3E48,addlw,0x48,instruction
0x1BE3,0x1683,bsf,"0x03, 5",instruction
0x1BE4,0x00CE,movwf,0x4E,instruction
0x1BE5,0x084D,movf,"0x4D, W",instruction
0x1BE6,0x00D0,movwf,0x50,instruction
0x1BE7,0x084C,movf,"0x4C, W",instruction
0x1BE8,0x00CF,movwf,0x4F,instruction
0x1BE9,0x084E,movf,"0x4E, W",instruction
0x1BEA,0x00D1,movwf,0x51,instruction
0x1BEB,0x118A,bcf,"0x0A, 3",instruction
0x1BEC,0x1283,bcf,"0x03, 5",instruction
0x1BED,0x24AE,call,0x4AE,instruction
0x1BEE,0x158A,bsf,"0x0A, 3",instruction
0x1BEF,0x1FDD,btfss,"0x5D, 7",instruction
0x1BF0,0x2BF7,goto,0x3F7,instruction
0x1BF1,0x1EDD,btfss,"0x5D, 5",instruction
0x1BF2,0x2BF7,goto,0x3F7,instruction
0x1BF3,0x120A,bcf,"0x0A, 4",instruction
0x1BF4,0x2717,call,0x717,instruction
0x1BF5,0x160A,bsf,"0x0A, 4",instruction
0x1BF6,0x2E25,goto,0x625,instruction
0x1BF7,0x118A,bcf,"0x0A, 3",instruction
0x1BF8,0x237B,call,0x37B,instruction
0x1BF9,0x158A,bsf,"0x0A, 3",instruction
0x1BFA,0x08F8,movf,"0x78, F",instruction
0x1BFB,0x1903,btfsc,"0x03, 2",instruction
0x1BFC,0x2BFE,goto,0x3FE,instruction
0x1BFD,0x2904,goto,0x104,instruction
0x1BFE,0x118A,bcf,"0x0A, 3",instruction
0x1BFF,0x2DBE,goto,0x5BE,instruction
0x1C00,0x158A,bsf,"0x0A, 3",instruction
0x1C01,0x08F8,movf,"0x78, F",instruction
0x1C02,0x1903,btfsc,"0x03, 2",instruction
0x1C03,0x2C20,goto,0x420,instruction
0x1C04,0x1683,bsf,"0x03, 5",instruction
0x1C05,0x1BA0,btfsc,"0x20, 7",instruction
0x1C06,0x2C0D,goto,0x40D,instruction
0x1C07,0x1283,bcf,"0x03, 5",instruction
0x1C08,0x086F,movf,"0x6F, W",instruction
0x1C09,0x3C0F,sublw,0x0F,instruction
0x1C0A,0x1803,btfsc,"0x03, 0",instruction
0x1C0B,0x2C15,goto,0x415,instruction
0x1C0C,0x1683,bsf,"0x03, 5",instruction
0x1C0D,0x1283,bcf,"0x03, 5",instruction
0x1C0E,0x14CF,bsf,"0x4F, 1",instruction
0x1C0F,0x154F,bsf,"0x4F, 2",instruction
0x1C10,0x1683,bsf,"0x03, 5",instruction
0x1C11,0x1720,bsf,"0x20, 6",instruction
0x1C12,0x1283,bcf,"0x03, 5",instruction
0x1C13,0x1330,bcf,"0x30, 6",instruction
0x1C14,0x28D4,goto,0x0D4,instruction
0x1C15,0x0860,movf,"0x60, W",instruction
0x1C16,0x3C04,sublw,0x04,instruction
0x1C17,0x1803,btfsc,"0x03, 0",instruction
0x1C18,0x2C1F,goto,0x41F,instruction
0x1C19,0x084D,movf,"0x4D, W",instruction
0x1C1A,0x3C01,sublw,0x01,instruction
0x1C1B,0x1C03,btfss,"0x03, 0",instruction
0x1C1C,0x2C1E,goto,0x41E,instruction
0x1C1D,0x299D,goto,0x19D,instruction
0x1C1E,0x2903,goto,0x103,instruction
0x1C1F,0x2C2E,goto,0x42E,instruction
0x1C20,0x0857,movf,"0x57, W",instruction
0x1C21,0x3CFD,sublw,0xFD,instruction
0x1C22,0x1C03,btfss,"0x03, 0",instruction
0x1C23,0x2C26,goto,0x426,instruction
0x1C24,0x01E0,clrf,0x60,instruction
0x1C25,0x2C2E,goto,0x42E,instruction
0x1C26,0x0860,movf,"0x60, W",instruction
0x1C27,0x3C38,sublw,0x38,instruction
0x1C28,0x1803,btfsc,"0x03, 0",instruction
0x1C29,0x2C2E,goto,0x42E,instruction
0x1C2A,0x154F,bsf,"0x4F, 2",instruction
0x1C2B,0x164F,bsf,"0x4F, 4",instruction
0x1C2C,0x1430,bsf,"0x30, 0",instruction
0x1C2D,0x2904,goto,0x104,instruction
0x1C2E,0x084C,movf,"0x4C, W",instruction
0x1C2F,0x3907,andlw,0x07,instruction
0x1C30,0x00F6,movwf,0x76,instruction
0x1C31,0x085D,movf,"0x5D, W",instruction
0x1C32,0x3907,andlw,0x07,instruction
0x1C33,0x00FC,movwf,0x7C,instruction
0x1C34,0x1CD0,btfss,"0x50, 1",instruction
0x1C35,0x2C48,goto,0x448,instruction
0x1C36,0x3017,movlw,0x17,instruction
0x1C37,0x00AD,movwf,0x2D,instruction
0x1C38,0x118A,bcf,"0x0A, 3",instruction
0x1C39,0x25F7,call,0x5F7,instruction
0x1C3A,0x158A,bsf,"0x0A, 3",instruction
0x1C3B,0x0878,movf,"0x78, W",instruction
0x1C3C,0x0276,subwf,"0x76, W",instruction
0x1C3D,0x1D03,btfss,"0x03, 2",instruction
0x1C3E,0x2C42,goto,0x442,instruction
0x1C3F,0x1A4C,btfsc,"0x4C, 4",instruction
0x1C40,0x2C42,goto,0x442,instruction
0x1C41,0x2CA6,goto,0x4A6,instruction
0x1C42,0x118A,bcf,"0x0A, 3",instruction
0x1C43,0x25F7,call,0x5F7,instruction
0x1C44,0x158A,bsf,"0x0A, 3",instruction
0x1C45,0x0878,movf,"0x78, W",instruction
0x1C46,0x00FC,movwf,0x7C,instruction
0x1C47,0x2C4B,goto,0x44B,instruction
0x1C48,0x1DCC,btfss,"0x4C, 3",instruction
0x1C49,0x2C4B,goto,0x44B,instruction
0x1C4A,0x01FC,clrf,0x7C,instruction
0x1C4B,0x0064,clrwdt,,instruction
0x1C4C,0x1683,bsf,"0x03, 5",instruction
0x1C4D,0x1FA0,btfss,"0x20, 7",instruction
0x1C4E,0x2C52,goto,0x452,instruction
0x1C4F,0x1283,bcf,"0x03, 5",instruction
0x1C50,0x2E25,goto,0x625,instruction
0x1C51,0x1683,bsf,"0x03, 5",instruction
0x1C52,0x1283,bcf,"0x03, 5",instruction
0x1C53,0x1E4C,btfss,"0x4C, 4",instruction
0x1C54,0x2C82,goto,0x482,instruction
0x1C55,0x08EC,movf,"0x6C, F",instruction
0x1C56,0x1D03,btfss,"0x03, 2",instruction
0x1C57,0x2C67,goto,0x467,instruction
0x1C58,0x0857,movf,"0x57, W",instruction
0x1C59,0x00EC,movwf,0x6C,instruction
0x1C5A,0x300B,movlw,0x0B,instruction
0x1C5B,0x1683,bsf,"0x03, 5",instruction
0x1C5C,0x00D5,movwf,0x55,instruction
0x1C5D,0x1283,bcf,"0x03, 5",instruction
0x1C5E,0x086C,movf,"0x6C, W",instruction
0x1C5F,0x1683,bsf,"0x03, 5",instruction
0x1C60,0x00D6,movwf,0x56,instruction
0x1C61,0x120A,bcf,"0x0A, 4",instruction
0x1C62,0x118A,bcf,"0x0A, 3",instruction
0x1C63,0x1283,bcf,"0x03, 5",instruction
0x1C64,0x22E2,call,0x2E2,instruction
0x1C65,0x160A,bsf,"0x0A, 4",instruction
0x1C66,0x158A,bsf,"0x0A, 3",instruction
0x1C67,0x087C,movf,"0x7C, W",instruction
0x1C68,0x0276,subwf,"0x76, W",instruction
0x1C69,0x1903,btfsc,"0x03, 2",instruction
0x1C6A,0x2C80,goto,0x480,instruction
0x1C6B,0x118A,bcf,"0x0A, 3",instruction
0x1C6C,0x2629,call,0x629,instruction
0x1C6D,0x158A,bsf,"0x0A, 3",instruction
0x1C6E,0x0879,movf,"0x79, W",instruction
0x1C6F,0x00FA,movwf,0x7A,instruction
0x1C70,0x084B,movf,"0x4B, W",instruction
0x1C71,0x027A,subwf,"0x7A, W",instruction
0x1C72,0x1C03,btfss,"0x03, 0",instruction
0x1C73,0x2C7C,goto,0x47C,instruction
0x1C74,0x1D03,btfss,"0x03, 2",instruction
0x1C75,0x2C7A,goto,0x47A,instruction
0x1C76,0x0878,movf,"0x78, W",instruction
0x1C77,0x024A,subwf,"0x4A, W",instruction
0x1C78,0x1803,btfsc,"0x03, 0",instruction
0x1C79,0x2C7C,goto,0x47C,instruction
0x1C7A,0x2E25,goto,0x625,instruction
0x1C7B,0x2C7F,goto,0x47F,instruction
0x1C7C,0x118A,bcf,"0x0A, 3",instruction
0x1C7D,0x2694,call,0x694,instruction
0x1C7E,0x158A,bsf,"0x0A, 3",instruction
0x1C7F,0x2C81,goto,0x481,instruction
0x1C80,0x2C8A,goto,0x48A,instruction
0x1C81,0x2C88,goto,0x488,instruction
0x1C82,0x087C,movf,"0x7C, W",instruction
0x1C83,0x0276,subwf,"0x76, W",instruction
0x1C84,0x1D03,btfss,"0x03, 2",instruction
0x1C85,0x2C87,goto,0x487,instruction
0x1C86,0x2E25,goto,0x625,instruction
0x1C87,0x2C8A,goto,0x48A,instruction
0x1C88,0x01CB,clrf,0x4B,instruction
0x1C89,0x01CA,clrf,0x4A,instruction
0x1C8A,0x164C,bsf,"0x4C, 4",instruction
0x1C8B,0x087C,movf,"0x7C, W",instruction
0x1C8C,0x0276,subwf,"0x76, W",instruction
0x1C8D,0x1D03,btfss,"0x03, 2",instruction
0x1C8E,0x2CA3,goto,0x4A3,instruction
0x1C8F,0x118A,bcf,"0x0A, 3",instruction
0x1C90,0x2629,call,0x629,instruction
0x1C91,0x158A,bsf,"0x0A, 3",instruction
0x1C92,0x0879,movf,"0x79, W",instruction
0x1C93,0x00FA,movwf,0x7A,instruction
0x1C94,0x087A,movf,"0x7A, W",instruction
0x1C95,0x024B,subwf,"0x4B, W",instruction
0x1C96,0x1C03,btfss,"0x03, 0",instruction
0x1C97,0x2CA3,goto,0x4A3,instruction
0x1C98,0x1D03,btfss,"0x03, 2",instruction
0x1C99,0x2C9E,goto,0x49E,instruction
0x1C9A,0x084A,movf,"0x4A, W",instruction
0x1C9B,0x0278,subwf,"0x78, W",instruction
0x1C9C,0x1803,btfsc,"0x03, 0",instruction
0x1C9D,0x2CA3,goto,0x4A3,instruction
0x1C9E,0x118A,bcf,"0x0A, 3",instruction
0x1C9F,0x2694,call,0x694,instruction
0x1CA0,0x158A,bsf,"0x0A, 3",instruction
0x1CA1,0x124C,bcf,"0x4C, 4",instruction
0x1CA2,0x01EC,clrf,0x6C,instruction
0x1CA3,0x125D,bcf,"0x5D, 4",instruction
0x1CA4,0x13DD,bcf,"0x5D, 7",instruction
0x1CA5,0x2E25,goto,0x625,instruction
0x1CA6,0x01CB,clrf,0x4B,instruction
0x1CA7,0x01CA,clrf,0x4A,instruction
0x1CA8,0x01FD,clrf,0x7D,instruction
0x1CA9,0x01FE,clrf,0x7E,instruction
0x1CAA,0x13D1,bcf,"0x51, 7",instruction
0x1CAB,0x1683,bsf,"0x03, 5",instruction
0x1CAC,0x1620,bsf,"0x20, 4",instruction
0x1CAD,0x308F,movlw,0x8F,instruction
0x1CAE,0x1283,bcf,"0x03, 5",instruction
0x1CAF,0x05CC,andwf,"0x4C, F",instruction
0x1CB0,0x3060,movlw,0x60,instruction
0x1CB1,0x04CC,iorwf,"0x4C, F",instruction
0x1CB2,0x1251,bcf,"0x51, 4",instruction
0x1CB3,0x1683,bsf,"0x03, 5",instruction
0x1CB4,0x01C7,clrf,0x47,instruction
0x1CB5,0x01C6,clrf,0x46,instruction
0x1CB6,0x1283,bcf,"0x03, 5",instruction
0x1CB7,0x130B,bcf,"0x0B, 6",instruction
0x1CB8,0x138B,bcf,"0x0B, 7",instruction
0x1CB9,0x1B8B,btfsc,"0x0B, 7",instruction
0x1CBA,0x2CB8,goto,0x4B8,instruction
0x1CBB,0x01F3,clrf,0x73,instruction
0x1CBC,0x01F2,clrf,0x72,instruction
0x1CBD,0x30C0,movlw,0xC0,instruction
0x1CBE,0x048B,iorwf,"0x0B, F",instruction
0x1CBF,0x1003,bcf,"0x03, 0",instruction
0x1CC0,0x0D7E,rlf,"0x7E, W",instruction
0x1CC1,0x1683,bsf,"0x03, 5",instruction
0x1CC2,0x00CA,movwf,0x4A,instruction
0x1CC3,0x0A4A,incf,"0x4A, W",instruction
0x1CC4,0x120A,bcf,"0x0A, 4",instruction
0x1CC5,0x118A,bcf,"0x0A, 3",instruction
0x1CC6,0x1283,bcf,"0x03, 5",instruction
0x1CC7,0x20A4,call,0x0A4,instruction
0x1CC8,0x160A,bsf,"0x0A, 4",instruction
0x1CC9,0x158A,bsf,"0x0A, 3",instruction
0x1CCA,0x00FA,movwf,0x7A,instruction
0x1CCB,0x1683,bsf,"0x03, 5",instruction
0x1CCC,0x084A,movf,"0x4A, W",instruction
0x1CCD,0x120A,bcf,"0x0A, 4",instruction
0x1CCE,0x118A,bcf,"0x0A, 3",instruction
0x1CCF,0x1283,bcf,"0x03, 5",instruction
0x1CD0,0x20A4,call,0x0A4,instruction
0x1CD1,0x160A,bsf,"0x0A, 4",instruction
0x1CD2,0x158A,bsf,"0x0A, 3",instruction
0x1CD3,0x1683,bsf,"0x03, 5",instruction
0x1CD4,0x00CB,movwf,0x4B,instruction
0x1CD5,0x087A,movf,"0x7A, W",instruction
0x1CD6,0x00CC,movwf,0x4C,instruction
0x1CD7,0x00D0,movwf,0x50,instruction
0x1CD8,0x084B,movf,"0x4B, W",instruction
0x1CD9,0x00CF,movwf,0x4F,instruction
0x1CDA,0x3061,movlw,0x61,instruction
0x1CDB,0x00D1,movwf,0x51,instruction
0x1CDC,0x118A,bcf,"0x0A, 3",instruction
0x1CDD,0x1283,bcf,"0x03, 5",instruction
0x1CDE,0x24AE,call,0x4AE,instruction
0x1CDF,0x158A,bsf,"0x0A, 3",instruction
0x1CE0,0x3001,movlw,0x01,instruction
0x1CE1,0x1683,bsf,"0x03, 5",instruction
0x1CE2,0x00CB,movwf,0x4B,instruction
0x1CE3,0x120A,bcf,"0x0A, 4",instruction
0x1CE4,0x118A,bcf,"0x0A, 3",instruction
0x1CE5,0x1283,bcf,"0x03, 5",instruction
0x1CE6,0x2592,call,0x592,instruction
0x1CE7,0x160A,bsf,"0x0A, 4",instruction
0x1CE8,0x158A,bsf,"0x0A, 3",instruction
0x1CE9,0x085D,movf,"0x5D, W",instruction
0x1CEA,0x3907,andlw,0x07,instruction
0x1CEB,0x00FC,movwf,0x7C,instruction
0x1CEC,0x118A,bcf,"0x0A, 3",instruction
0x1CED,0x25F7,call,0x5F7,instruction
0x1CEE,0x158A,bsf,"0x0A, 3",instruction
0x1CEF,0x0878,movf,"0x78, W",instruction
0x1CF0,0x120A,bcf,"0x0A, 4",instruction
0x1CF1,0x118A,bcf,"0x0A, 3",instruction
0x1CF2,0x20BA,call,0x0BA,instruction
0x1CF3,0x160A,bsf,"0x0A, 4",instruction
0x1CF4,0x158A,bsf,"0x0A, 3",instruction
0x1CF5,0x1683,bsf,"0x03, 5",instruction
0x1CF6,0x00CB,movwf,0x4B,instruction
0x1CF7,0x01D0,clrf,0x50,instruction
0x1CF8,0x084B,movf,"0x4B, W",instruction
0x1CF9,0x00CF,movwf,0x4F,instruction
0x1CFA,0x3060,movlw,0x60,instruction
0x1CFB,0x00D1,movwf,0x51,instruction
0x1CFC,0x120A,bcf,"0x0A, 4",instruction
0x1CFD,0x118A,bcf,"0x0A, 3",instruction
0x1CFE,0x1283,bcf,"0x03, 5",instruction
0x1CFF,0x24A6,call,0x4A6,instruction
0x1D00,0x160A,bsf,"0x0A, 4",instruction
0x1D01,0x158A,bsf,"0x0A, 3",instruction
0x1D02,0x0879,movf,"0x79, W",instruction
0x1D03,0x1683,bsf,"0x03, 5",instruction
0x1D04,0x00CD,movwf,0x4D,instruction
0x1D05,0x0878,movf,"0x78, W",instruction
0x1D06,0x00CC,movwf,0x4C,instruction
0x1D07,0x084D,movf,"0x4D, W",instruction
0x1D08,0x00D1,movwf,0x51,instruction
0x1D09,0x084C,movf,"0x4C, W",instruction
0x1D0A,0x00D0,movwf,0x50,instruction
0x1D0B,0x120A,bcf,"0x0A, 4",instruction
0x1D0C,0x118A,bcf,"0x0A, 3",instruction
0x1D0D,0x1283,bcf,"0x03, 5",instruction
0x1D0E,0x255C,call,0x55C,instruction
0x1D0F,0x160A,bsf,"0x0A, 4",instruction
0x1D10,0x158A,bsf,"0x0A, 3",instruction
0x1D11,0x087E,movf,"0x7E, W",instruction
0x1D12,0x3C01,sublw,0x01,instruction
0x1D13,0x1C03,btfss,"0x03, 0",instruction
0x1D14,0x2D7B,goto,0x57B,instruction
0x1D15,0x3001,movlw,0x01,instruction
0x1D16,0x077E,addwf,"0x7E, W",instruction
0x1D17,0x00F7,movwf,0x77,instruction
0x1D18,0x1003,bcf,"0x03, 0",instruction
0x1D19,0x0DF7,rlf,"0x77, F",instruction
0x1D1A,0x0877,movf,"0x77, W",instruction
0x1D1B,0x1683,bsf,"0x03, 5",instruction
0x1D1C,0x00CB,movwf,0x4B,instruction
0x1D1D,0x0A4B,incf,"0x4B, W",instruction
0x1D1E,0x120A,bcf,"0x0A, 4",instruction
0x1D1F,0x118A,bcf,"0x0A, 3",instruction
0x1D20,0x1283,bcf,"0x03, 5",instruction
0x1D21,0x209A,call,0x09A,instruction
0x1D22,0x160A,bsf,"0x0A, 4",instruction
0x1D23,0x158A,bsf,"0x0A, 3",instruction
0x1D24,0x00FA,movwf,0x7A,instruction
0x1D25,0x1683,bsf,"0x03, 5",instruction
0x1D26,0x084B,movf,"0x4B, W",instruction
0x1D27,0x120A,bcf,"0x0A, 4",instruction
0x1D28,0x118A,bcf,"0x0A, 3",instruction
0x1D29,0x1283,bcf,"0x03, 5",instruction
0x1D2A,0x209A,call,0x09A,instruction
0x1D2B,0x160A,bsf,"0x0A, 4",instruction
0x1D2C,0x158A,bsf,"0x0A, 3",instruction
0x1D2D,0x1683,bsf,"0x03, 5",instruction
0x1D2E,0x00CC,movwf,0x4C,instruction
0x1D2F,0x087A,movf,"0x7A, W",instruction
0x1D30,0x00CD,movwf,0x4D,instruction
0x1D31,0x3062,movlw,0x62,instruction
0x1D32,0x00D4,movwf,0x54,instruction
0x1D33,0x120A,bcf,"0x0A, 4",instruction
0x1D34,0x118A,bcf,"0x0A, 3",instruction
0x1D35,0x1283,bcf,"0x03, 5",instruction
0x1D36,0x2798,call,0x798,instruction
0x1D37,0x160A,bsf,"0x0A, 4",instruction
0x1D38,0x158A,bsf,"0x0A, 3",instruction
0x1D39,0x0878,movf,"0x78, W",instruction
0x1D3A,0x1683,bsf,"0x03, 5",instruction
0x1D3B,0x00CE,movwf,0x4E,instruction
0x1D3C,0x084D,movf,"0x4D, W",instruction
0x1D3D,0x00D0,movwf,0x50,instruction
0x1D3E,0x084C,movf,"0x4C, W",instruction
0x1D3F,0x00CF,movwf,0x4F,instruction
0x1D40,0x084E,movf,"0x4E, W",instruction
0x1D41,0x00D1,movwf,0x51,instruction
0x1D42,0x118A,bcf,"0x0A, 3",instruction
0x1D43,0x1283,bcf,"0x03, 5",instruction
0x1D44,0x276F,call,0x76F,instruction
0x1D45,0x158A,bsf,"0x0A, 3",instruction
0x1D46,0x0879,movf,"0x79, W",instruction
0x1D47,0x00FA,movwf,0x7A,instruction
0x1D48,0x087A,movf,"0x7A, W",instruction
0x1D49,0x024B,subwf,"0x4B, W",instruction
0x1D4A,0x1C03,btfss,"0x03, 0",instruction
0x1D4B,0x2D7B,goto,0x57B,instruction
0x1D4C,0x1D03,btfss,"0x03, 2",instruction
0x1D4D,0x2D52,goto,0x552,instruction
0x1D4E,0x0878,movf,"0x78, W",instruction
0x1D4F,0x024A,subwf,"0x4A, W",instruction
0x1D50,0x1C03,btfss,"0x03, 0",instruction
0x1D51,0x2D7B,goto,0x57B,instruction
0x1D52,0x0AFE,incf,"0x7E, F",instruction
0x1D53,0x087E,movf,"0x7E, W",instruction
0x1D54,0x3C02,sublw,0x02,instruction
0x1D55,0x1D03,btfss,"0x03, 2",instruction
0x1D56,0x2D5A,goto,0x55A,instruction
0x1D57,0x1683,bsf,"0x03, 5",instruction
0x1D58,0x1220,bcf,"0x20, 4",instruction
0x1D59,0x1283,bcf,"0x03, 5",instruction
0x1D5A,0x1003,bcf,"0x03, 0",instruction
0x1D5B,0x0D7E,rlf,"0x7E, W",instruction
0x1D5C,0x1683,bsf,"0x03, 5",instruction
0x1D5D,0x00CA,movwf,0x4A,instruction
0x1D5E,0x0A4A,incf,"0x4A, W",instruction
0x1D5F,0x120A,bcf,"0x0A, 4",instruction
0x1D60,0x118A,bcf,"0x0A, 3",instruction
0x1D61,0x1283,bcf,"0x03, 5",instruction
0x1D62,0x20A4,call,0x0A4,instruction
0x1D63,0x160A,bsf,"0x0A, 4",instruction
0x1D64,0x158A,bsf,"0x0A, 3",instruction
0x1D65,0x00FA,movwf,0x7A,instruction
0x1D66,0x1683,bsf,"0x03, 5",instruction
0x1D67,0x084A,movf,"0x4A, W",instruction
0x1D68,0x120A,bcf,"0x0A, 4",instruction
0x1D69,0x118A,bcf,"0x0A, 3",instruction
0x1D6A,0x1283,bcf,"0x03, 5",instruction
0x1D6B,0x20A4,call,0x0A4,instruction
0x1D6C,0x160A,bsf,"0x0A, 4",instruction
0x1D6D,0x158A,bsf,"0x0A, 3",instruction
0x1D6E,0x1683,bsf,"0x03, 5",instruction
0x1D6F,0x00CB,movwf,0x4B,instruction
0x1D70,0x087A,movf,"0x7A, W",instruction
0x1D71,0x00CC,movwf,0x4C,instruction
0x1D72,0x00D0,movwf,0x50,instruction
0x1D73,0x084B,movf,"0x4B, W",instruction
0x1D74,0x00CF,movwf,0x4F,instruction
0x1D75,0x3061,movlw,0x61,instruction
0x1D76,0x00D1,movwf,0x51,instruction
0x1D77,0x118A,bcf,"0x0A, 3",instruction
0x1D78,0x1283,bcf,"0x03, 5",instruction
0x1D79,0x24AE,call,0x4AE,instruction
0x1D7A,0x158A,bsf,"0x0A, 3",instruction
0x1D7B,0x1888,btfsc,"0x08, 1",instruction
0x1D7C,0x2D81,goto,0x581,instruction
0x1D7D,0x19CF,btfsc,"0x4F, 3",instruction
0x1D7E,0x2D81,goto,0x581,instruction
0x1D7F,0x1C30,btfss,"0x30, 0",instruction
0x1D80,0x2D96,goto,0x596,instruction
0x1D81,0x1E51,btfss,"0x51, 4",instruction
0x1D82,0x2D8C,goto,0x58C,instruction
0x1D83,0x1683,bsf,"0x03, 5",instruction
0x1D84,0x0847,movf,"0x47, W",instruction
0x1D85,0x1283,bcf,"0x03, 5",instruction
0x1D86,0x00CB,movwf,0x4B,instruction
0x1D87,0x1683,bsf,"0x03, 5",instruction
0x1D88,0x0846,movf,"0x46, W",instruction
0x1D89,0x1283,bcf,"0x03, 5",instruction
0x1D8A,0x00CA,movwf,0x4A,instruction
0x1D8B,0x2D95,goto,0x595,instruction
0x1D8C,0x1651,bsf,"0x51, 4",instruction
0x1D8D,0x084B,movf,"0x4B, W",instruction
0x1D8E,0x1683,bsf,"0x03, 5",instruction
0x1D8F,0x00C7,movwf,0x47,instruction
0x1D90,0x1283,bcf,"0x03, 5",instruction
0x1D91,0x084A,movf,"0x4A, W",instruction
0x1D92,0x1683,bsf,"0x03, 5",instruction
0x1D93,0x00C6,movwf,0x46,instruction
0x1D94,0x1283,bcf,"0x03, 5",instruction
0x1D95,0x2E25,goto,0x625,instruction
0x1D96,0x1251,bcf,"0x51, 4",instruction
0x1D97,0x0064,clrwdt,,instruction
0x1D98,0x3062,movlw,0x62,instruction
0x1D99,0x1683,bsf,"0x03, 5",instruction
0x1D9A,0x00D4,movwf,0x54,instruction
0x1D9B,0x120A,bcf,"0x0A, 4",instruction
0x1D9C,0x118A,bcf,"0x0A, 3",instruction
0x1D9D,0x1283,bcf,"0x03, 5",instruction
0x1D9E,0x2798,call,0x798,instruction
0x1D9F,0x160A,bsf,"0x0A, 4",instruction
0x1DA0,0x158A,bsf,"0x0A, 3",instruction
0x1DA1,0x0878,movf,"0x78, W",instruction
0x1DA2,0x1683,bsf,"0x03, 5",instruction
0x1DA3,0x00CA,movwf,0x4A,instruction
0x1DA4,0x3004,movlw,0x04,instruction
0x1DA5,0x00D0,movwf,0x50,instruction
0x1DA6,0x30B0,movlw,0xB0,instruction
0x1DA7,0x00CF,movwf,0x4F,instruction
0x1DA8,0x084A,movf,"0x4A, W",instruction
0x1DA9,0x00D1,movwf,0x51,instruction
0x1DAA,0x118A,bcf,"0x0A, 3",instruction
0x1DAB,0x1283,bcf,"0x03, 5",instruction
0x1DAC,0x276F,call,0x76F,instruction
0x1DAD,0x158A,bsf,"0x0A, 3",instruction
0x1DAE,0x0879,movf,"0x79, W",instruction
0x1DAF,0x00FA,movwf,0x7A,instruction
0x1DB0,0x087A,movf,"0x7A, W",instruction
0x1DB1,0x024B,subwf,"0x4B, W",instruction
0x1DB2,0x1C03,btfss,"0x03, 0",instruction
0x1DB3,0x2DF7,goto,0x5F7,instruction
0x1DB4,0x1D03,btfss,"0x03, 2",instruction
0x1DB5,0x2DBA,goto,0x5BA,instruction
0x1DB6,0x0878,movf,"0x78, W",instruction
0x1DB7,0x024A,subwf,"0x4A, W",instruction
0x1DB8,0x1C03,btfss,"0x03, 0",instruction
0x1DB9,0x2DF7,goto,0x5F7,instruction
0x1DBA,0x1BD1,btfsc,"0x51, 7",instruction
0x1DBB,0x2DF7,goto,0x5F7,instruction
0x1DBC,0x17D1,bsf,"0x51, 7",instruction
0x1DBD,0x3027,movlw,0x27,instruction
0x1DBE,0x00AD,movwf,0x2D,instruction
0x1DBF,0x120A,bcf,"0x0A, 4",instruction
0x1DC0,0x2717,call,0x717,instruction
0x1DC1,0x160A,bsf,"0x0A, 4",instruction
0x1DC2,0x120A,bcf,"0x0A, 4",instruction
0x1DC3,0x118A,bcf,"0x0A, 3",instruction
0x1DC4,0x2279,call,0x279,instruction
0x1DC5,0x160A,bsf,"0x0A, 4",instruction
0x1DC6,0x158A,bsf,"0x0A, 3",instruction
0x1DC7,0x01CB,clrf,0x4B,instruction
0x1DC8,0x01CA,clrf,0x4A,instruction
0x1DC9,0x3037,movlw,0x37,instruction
0x1DCA,0x00AD,movwf,0x2D,instruction
0x1DCB,0x1CD0,btfss,"0x50, 1",instruction
0x1DCC,0x2DD1,goto,0x5D1,instruction
0x1DCD,0x3047,movlw,0x47,instruction
0x1DCE,0x00AD,movwf,0x2D,instruction
0x1DCF,0x10D0,bcf,"0x50, 1",instruction
0x1DD0,0x2DF2,goto,0x5F2,instruction
0x1DD1,0x3057,movlw,0x57,instruction
0x1DD2,0x00AD,movwf,0x2D,instruction
0x1DD3,0x120A,bcf,"0x0A, 4",instruction
0x1DD4,0x118A,bcf,"0x0A, 3",instruction
0x1DD5,0x27BE,call,0x7BE,instruction
0x1DD6,0x160A,bsf,"0x0A, 4",instruction
0x1DD7,0x158A,bsf,"0x0A, 3",instruction
0x1DD8,0x0879,movf,"0x79, W",instruction
0x1DD9,0x00FA,movwf,0x7A,instruction
0x1DDA,0x087A,movf,"0x7A, W",instruction
0x1DDB,0x023A,subwf,"0x3A, W",instruction
0x1DDC,0x1C03,btfss,"0x03, 0",instruction
0x1DDD,0x2DF0,goto,0x5F0,instruction
0x1DDE,0x1D03,btfss,"0x03, 2",instruction
0x1DDF,0x2DE4,goto,0x5E4,instruction
0x1DE0,0x0878,movf,"0x78, W",instruction
0x1DE1,0x0239,subwf,"0x39, W",instruction
0x1DE2,0x1C03,btfss,"0x03, 0",instruction
0x1DE3,0x2DF0,goto,0x5F0,instruction
0x1DE4,0x120A,bcf,"0x0A, 4",instruction
0x1DE5,0x118A,bcf,"0x0A, 3",instruction
0x1DE6,0x27BE,call,0x7BE,instruction
0x1DE7,0x160A,bsf,"0x0A, 4",instruction
0x1DE8,0x158A,bsf,"0x0A, 3",instruction
0x1DE9,0x0878,movf,"0x78, W",instruction
0x1DEA,0x02B9,subwf,"0x39, F",instruction
0x1DEB,0x0879,movf,"0x79, W",instruction
0x1DEC,0x1C03,btfss,"0x03, 0",instruction
0x1DED,0x0F79,incfsz,"0x79, W",instruction
0x1DEE,0x02BA,subwf,"0x3A, F",instruction
0x1DEF,0x2DF2,goto,0x5F2,instruction
0x1DF0,0x01BA,clrf,0x3A,instruction
0x1DF1,0x01B9,clrf,0x39,instruction
0x1DF2,0x3067,movlw,0x67,instruction
0x1DF3,0x00AD,movwf,0x2D,instruction
0x1DF4,0x3077,movlw,0x77,instruction
0x1DF5,0x00AD,movwf,0x2D,instruction
0x1DF6,0x01CD,clrf,0x4D,instruction
0x1DF7,0x3062,movlw,0x62,instruction
0x1DF8,0x1683,bsf,"0x03, 5",instruction
0x1DF9,0x00D4,movwf,0x54,instruction
0x1DFA,0x120A,bcf,"0x0A, 4",instruction
0x1DFB,0x118A,bcf,"0x0A, 3",instruction
0x1DFC,0x1283,bcf,"0x03, 5",instruction
0x1DFD,0x2798,call,0x798,instruction
0x1DFE,0x160A,bsf,"0x0A, 4",instruction
0x1DFF,0x158A,bsf,"0x0A, 3",instruction
0x1E00,0x0878,movf,"0x78, W",instruction
0x1E01,0x1683,bsf,"0x03, 5",instruction
0x1E02,0x00CA,movwf,0x4A,instruction
0x1E03,0x3005,movlw,0x05,instruction
0x1E04,0x00D0,movwf,0x50,instruction
0x1E05,0x3028,movlw,0x28,instruction
0x1E06,0x00CF,movwf,0x4F,instruction
0x1E07,0x084A,movf,"0x4A, W",instruction
0x1E08,0x00D1,movwf,0x51,instruction
0x1E09,0x118A,bcf,"0x0A, 3",instruction
0x1E0A,0x1283,bcf,"0x03, 5",instruction
0x1E0B,0x276F,call,0x76F,instruction
0x1E0C,0x158A,bsf,"0x0A, 3",instruction
0x1E0D,0x0879,movf,"0x79, W",instruction
0x1E0E,0x00FA,movwf,0x7A,instruction
0x1E0F,0x087A,movf,"0x7A, W",instruction
0x1E10,0x024B,subwf,"0x4B, W",instruction
0x1E11,0x1C03,btfss,"0x03, 0",instruction
0x1E12,0x2E24,goto,0x624,instruction
0x1E13,0x1D03,btfss,"0x03, 2",instruction
0x1E14,0x2E19,goto,0x619,instruction
0x1E15,0x0878,movf,"0x78, W",instruction
0x1E16,0x024A,subwf,"0x4A, W",instruction
0x1E17,0x1C03,btfss,"0x03, 0",instruction
0x1E18,0x2E24,goto,0x624,instruction
0x1E19,0x01CB,clrf,0x4B,instruction
0x1E1A,0x01CA,clrf,0x4A,instruction
0x1E1B,0x120A,bcf,"0x0A, 4",instruction
0x1E1C,0x2793,call,0x793,instruction
0x1E1D,0x160A,bsf,"0x0A, 4",instruction
0x1E1E,0x308F,movlw,0x8F,instruction
0x1E1F,0x05CC,andwf,"0x4C, F",instruction
0x1E20,0x174C,bsf,"0x4C, 6",instruction
0x1E21,0x084C,movf,"0x4C, W",instruction
0x1E22,0x3907,andlw,0x07,instruction
0x1E23,0x00F6,movwf,0x76,instruction
0x1E24,0x2E25,goto,0x625,instruction
0x1E25,0x287B,goto,0x07B,instruction
0x1E26,0x0063,sleep,,instruction
