version,source,caller,caller_occurrence,caller_va,callee,callee_va,call_sites
5.5.01,crt1.c,_gnu_exception_handler@4,0,0x00401000,_fpreset,0x00431690,1
5.5.01,crt1.c,_gnu_exception_handler@4,0,0x00401000,signal,0x00432950,6
5.5.01,crt1.c,__mingw_CRTStartup,0,0x00401150,main,0x00431540,1
5.5.01,crt1.c,__mingw_CRTStartup,0,0x00401150,_pei386_runtime_relocator,0x00431660,1
5.5.01,crt1.c,__mingw_CRTStartup,0,0x00401150,_fpreset,0x00431690,1
5.5.01,crt1.c,__mingw_CRTStartup,0,0x00401150,_cexit,0x00432930,1
5.5.01,crt1.c,__mingw_CRTStartup,0,0x00401150,__p__environ,0x00432940,1
5.5.01,crt1.c,__mingw_CRTStartup,0,0x00401150,__p__fmode,0x00432960,1
5.5.01,crt1.c,__mingw_CRTStartup,0,0x00401150,_setmode,0x00432970,3
5.5.01,crt1.c,__mingw_CRTStartup,0,0x00401150,__getmainargs,0x00432980,1
5.5.01,crt1.c,__mingw_CRTStartup,0,0x00401150,SetUnhandledExceptionFilter@4,0x00432DB0,1
5.5.01,crt1.c,__mingw_CRTStartup,0,0x00401150,ExitProcess@4,0x00432DC0,1
5.5.01,crt1.c,mainCRTStartup,0,0x00401270,__mingw_CRTStartup,0x00401150,1
5.5.01,crt1.c,WinMainCRTStartup,0,0x00401290,__mingw_CRTStartup,0x00401150,1
5.5.01,async.cpp,async::set_timeout(long),0,0x004012E0,SetCommTimeouts@8,0x00432DD0,1
5.5.01,async.cpp,"async::async(int, long, long, int, int)",0,0x00401330,operator new(unsigned int),0x0042CCD0,1
5.5.01,async.cpp,"async::async(int, long, long, int, int)",0,0x00401330,sprintf,0x00432990,1
5.5.01,async.cpp,"async::async(int, long, long, int, int)",0,0x00401330,MessageBoxA@16,0x00432B90,1
5.5.01,async.cpp,"async::async(int, long, long, int, int)",0,0x00401330,SetCommTimeouts@8,0x00432DD0,1
5.5.01,async.cpp,"async::async(int, long, long, int, int)",0,0x00401330,CreateFileA@28,0x00432DE0,1
5.5.01,async.cpp,"async::async(int, long, long, int, int)",0,0x00401330,GetCommState@8,0x00432DF0,1
5.5.01,async.cpp,"async::async(int, long, long, int, int)",0,0x00401330,SetupComm@12,0x00432E00,1
5.5.01,async.cpp,"async::async(int, long, long, int, int)",0,0x00401330,CloseHandle@4,0x00432E10,1
5.5.01,async.cpp,"async::async(int, long, long, int, int)",0,0x00401330,SetCommState@8,0x00432E20,1
5.5.01,async.cpp,"async::async(int, long, long, int, int)",0,0x00401330,GetCommModemStatus@8,0x00432E30,1
5.5.01,async.cpp,"async::async(int, long, long, int, int)",1,0x00401520,operator new(unsigned int),0x0042CCD0,1
5.5.01,async.cpp,"async::async(int, long, long, int, int)",1,0x00401520,sprintf,0x00432990,1
5.5.01,async.cpp,"async::async(int, long, long, int, int)",1,0x00401520,MessageBoxA@16,0x00432B90,1
5.5.01,async.cpp,"async::async(int, long, long, int, int)",1,0x00401520,SetCommTimeouts@8,0x00432DD0,1
5.5.01,async.cpp,"async::async(int, long, long, int, int)",1,0x00401520,CreateFileA@28,0x00432DE0,1
5.5.01,async.cpp,"async::async(int, long, long, int, int)",1,0x00401520,GetCommState@8,0x00432DF0,1
5.5.01,async.cpp,"async::async(int, long, long, int, int)",1,0x00401520,SetupComm@12,0x00432E00,1
5.5.01,async.cpp,"async::async(int, long, long, int, int)",1,0x00401520,CloseHandle@4,0x00432E10,1
5.5.01,async.cpp,"async::async(int, long, long, int, int)",1,0x00401520,SetCommState@8,0x00432E20,1
5.5.01,async.cpp,"async::async(int, long, long, int, int)",1,0x00401520,GetCommModemStatus@8,0x00432E30,1
5.5.01,async.cpp,async::~async(),0,0x00401710,CloseHandle@4,0x00432E10,1
5.5.01,async.cpp,async::~async(),1,0x00401750,CloseHandle@4,0x00432E10,1
5.5.01,async.cpp,async::close(),0,0x00401790,CloseHandle@4,0x00432E10,1
5.5.01,async.cpp,async::flush_buffer(),0,0x004017C0,PurgeComm@8,0x00432E40,1
5.5.01,async.cpp,"async::write(char*, int)",0,0x004017F0,WriteFile@20,0x00432E50,1
5.5.01,async.cpp,async::read_char(char*),0,0x00401860,ReadFile@20,0x00432E60,1
5.5.01,async.cpp,async::read_string(char*),0,0x00401900,ReadFile@20,0x00432E60,1
5.5.01,Bixby110chkdlg.cpp,bixby110checkout::bixby110checkout(),0,0x00401A60,bixby110io::bixby110io(),0x00408760,1
5.5.01,Bixby110chkdlg.cpp,bixby110checkout::bixby110checkout(),0,0x00401A60,bixby110io::~bixby110io(),0x004087A0,1
5.5.01,Bixby110chkdlg.cpp,bixby110checkout::bixby110checkout(),0,0x00401A60,dlgelement::dlgelement(),0x00422030,18
5.5.01,Bixby110chkdlg.cpp,bixby110checkout::bixby110checkout(),0,0x00401A60,operator delete(void*),0x0042CCB0,1
5.5.01,Bixby110chkdlg.cpp,bixby110checkout::bixby110checkout(),0,0x00401A60,operator new(unsigned int),0x0042CCD0,18
5.5.01,Bixby110chkdlg.cpp,bixby110checkout::bixby110checkout(),0,0x00401A60,_Unwind_SjLj_Register,0x00431BC0,1
5.5.01,Bixby110chkdlg.cpp,bixby110checkout::bixby110checkout(),0,0x00401A60,_Unwind_SjLj_Unregister,0x00431CA0,1
5.5.01,Bixby110chkdlg.cpp,bixby110checkout::bixby110checkout(),0,0x00401A60,_Unwind_SjLj_Resume,0x00432280,1
5.5.01,Bixby110chkdlg.cpp,bixby110checkout::bixby110checkout(),1,0x00402070,bixby110io::bixby110io(),0x00408760,1
5.5.01,Bixby110chkdlg.cpp,bixby110checkout::bixby110checkout(),1,0x00402070,bixby110io::~bixby110io(),0x004087A0,1
5.5.01,Bixby110chkdlg.cpp,bixby110checkout::bixby110checkout(),1,0x00402070,dlgelement::dlgelement(),0x00422030,18
5.5.01,Bixby110chkdlg.cpp,bixby110checkout::bixby110checkout(),1,0x00402070,operator delete(void*),0x0042CCB0,1
5.5.01,Bixby110chkdlg.cpp,bixby110checkout::bixby110checkout(),1,0x00402070,operator new(unsigned int),0x0042CCD0,18
5.5.01,Bixby110chkdlg.cpp,bixby110checkout::bixby110checkout(),1,0x00402070,_Unwind_SjLj_Register,0x00431BC0,1
5.5.01,Bixby110chkdlg.cpp,bixby110checkout::bixby110checkout(),1,0x00402070,_Unwind_SjLj_Unregister,0x00431CA0,1
5.5.01,Bixby110chkdlg.cpp,bixby110checkout::bixby110checkout(),1,0x00402070,_Unwind_SjLj_Resume,0x00432280,1
5.5.01,Bixby110chkdlg.cpp,bixby110checkout::~bixby110checkout(),0,0x00402680,bixby110io::~bixby110io(),0x004087A0,2
5.5.01,Bixby110chkdlg.cpp,bixby110checkout::~bixby110checkout(),0,0x00402680,dlgelement::~dlgelement(),0x00422050,18
5.5.01,Bixby110chkdlg.cpp,bixby110checkout::~bixby110checkout(),0,0x00402680,operator delete(void*),0x0042CCB0,18
5.5.01,Bixby110chkdlg.cpp,bixby110checkout::~bixby110checkout(),0,0x00402680,_Unwind_SjLj_Register,0x00431BC0,1
5.5.01,Bixby110chkdlg.cpp,bixby110checkout::~bixby110checkout(),0,0x00402680,_Unwind_SjLj_Unregister,0x00431CA0,1
5.5.01,Bixby110chkdlg.cpp,bixby110checkout::~bixby110checkout(),0,0x00402680,_Unwind_SjLj_Resume,0x00432280,1
5.5.01,Bixby110chkdlg.cpp,bixby110checkout::~bixby110checkout(),1,0x00402B60,bixby110io::~bixby110io(),0x004087A0,2
5.5.01,Bixby110chkdlg.cpp,bixby110checkout::~bixby110checkout(),1,0x00402B60,dlgelement::~dlgelement(),0x00422050,18
5.5.01,Bixby110chkdlg.cpp,bixby110checkout::~bixby110checkout(),1,0x00402B60,operator delete(void*),0x0042CCB0,18
5.5.01,Bixby110chkdlg.cpp,bixby110checkout::~bixby110checkout(),1,0x00402B60,_Unwind_SjLj_Register,0x00431BC0,1
5.5.01,Bixby110chkdlg.cpp,bixby110checkout::~bixby110checkout(),1,0x00402B60,_Unwind_SjLj_Unregister,0x00431CA0,1
5.5.01,Bixby110chkdlg.cpp,bixby110checkout::~bixby110checkout(),1,0x00402B60,_Unwind_SjLj_Resume,0x00432280,1
5.5.01,Bixby110chkdlg.cpp,bixby110checkout::ChkStop(),0,0x00403040,pushbutton::WasPushed(),0x00422CD0,1
5.5.01,Bixby110chkdlg.cpp,bixby110checkout::SendInteractiveAction(int),0,0x00403070,"TimeDelay(HWND__*, unsigned int)",0x00408040,2
5.5.01,Bixby110chkdlg.cpp,bixby110checkout::SendInteractiveAction(int),0,0x00403070,"bixby110io::writereg(unsigned char, unsigned char, unsigned char)",0x00409530,1
5.5.01,Bixby110chkdlg.cpp,bixby110checkout::SendInteractiveAction(int),0,0x00403070,"bixby110io::readreg(unsigned char, unsigned char)",0x00409570,2
5.5.01,Bixby110chkdlg.cpp,bixby110checkout::SendInteractiveAction(int),0,0x00403070,bixby110io::getCMDbuf(unsigned char),0x004095E0,1
5.5.01,Bixby110chkdlg.cpp,bixby110checkout::SendInteractiveAction(int),0,0x00403070,bixby110io::CollectResponse(),0x00409690,1
5.5.01,Bixby110chkdlg.cpp,bixby110checkout::SendInteractiveAction(int),0,0x00403070,sprintf,0x00432990,1
5.5.01,Bixby110chkdlg.cpp,bixby110checkout::ReadInteractiveResult(int),0,0x00403270,"TimeDelay(HWND__*, unsigned int)",0x00408040,2
5.5.01,Bixby110chkdlg.cpp,bixby110checkout::ReadInteractiveResult(int),0,0x00403270,"bixby110io::readreg(unsigned char, unsigned char)",0x00409570,3
5.5.01,Bixby110chkdlg.cpp,bixby110checkout::AnalyzeInteractiveResult(int),0,0x00403340,"bixby110io::writereg(unsigned char, unsigned char, unsigned char)",0x00409530,1
5.5.01,Bixby110chkdlg.cpp,bixby110checkout::AnalyzeInteractiveResult(int),0,0x00403340,bixby110io::getCMDbuf(unsigned char),0x004095E0,25
5.5.01,Bixby110chkdlg.cpp,bixby110checkout::AnalyzeInteractiveResult(int),0,0x00403340,manual3checkbox::SetChecked(),0x00422780,1
5.5.01,Bixby110chkdlg.cpp,bixby110checkout::AnalyzeInteractiveResult(int),0,0x00403340,manual3checkbox::SetUnchecked(),0x004227C0,1
5.5.01,Bixby110chkdlg.cpp,bixby110checkout::SendAutomaticAction(int),0,0x00403850,"bixby110io::writereg(unsigned char, unsigned char, unsigned char)",0x00409530,2
5.5.01,Bixby110chkdlg.cpp,bixby110checkout::SendAutomaticAction(int),0,0x00403850,manual3checkbox::IsChecked(),0x00422680,1
5.5.01,Bixby110chkdlg.cpp,bixby110checkout::SendAutomaticAction(int),0,0x00403850,manual3checkbox::IsUnchecked(),0x004226C0,1
5.5.01,Bixby110chkdlg.cpp,bixby110checkout::SendAutomaticAction(int),0,0x00403850,manual3checkbox::IsIndeterminate(),0x00422700,1
5.5.01,Bixby110chkdlg.cpp,"bixby110checkout::IterativeRead(unsigned int, unsigned char, unsigned char)",0,0x00403950,"TimeDelay(HWND__*, unsigned int)",0x00408040,3
5.5.01,Bixby110chkdlg.cpp,"bixby110checkout::IterativeRead(unsigned int, unsigned char, unsigned char)",0,0x00403950,"bixby110io::writereg(unsigned char, unsigned char, unsigned char)",0x00409530,1
5.5.01,Bixby110chkdlg.cpp,"bixby110checkout::IterativeRead(unsigned int, unsigned char, unsigned char)",0,0x00403950,"bixby110io::readreg(unsigned char, unsigned char)",0x00409570,1
5.5.01,Bixby110chkdlg.cpp,"bixby110checkout::IterativeRead(unsigned int, unsigned char, unsigned char)",0,0x00403950,bixby110io::CollectResponse(),0x00409690,2
5.5.01,Bixby110chkdlg.cpp,"bixby110checkout::IterativeScan(unsigned int, unsigned char, unsigned int)",0,0x00403A30,"TimeDelay(HWND__*, unsigned int)",0x00408040,2
5.5.01,Bixby110chkdlg.cpp,"bixby110checkout::IterativeScan(unsigned int, unsigned char, unsigned int)",0,0x00403A30,bixby110io::sendcommand(char*),0x00408980,1
5.5.01,Bixby110chkdlg.cpp,"bixby110checkout::IterativeScan(unsigned int, unsigned char, unsigned int)",0,0x00403A30,bixby110io::CollectResponse(),0x00409690,1
5.5.01,Bixby110chkdlg.cpp,"bixby110checkout::IterativeScan(unsigned int, unsigned char, unsigned int)",0,0x00403A30,pushbutton::WasPushed(),0x00422CD0,1
5.5.01,Bixby110chkdlg.cpp,"bixby110checkout::IterativeScan(unsigned int, unsigned char, unsigned int)",0,0x00403A30,edit::Settext(char const*),0x00423170,1
5.5.01,Bixby110chkdlg.cpp,"bixby110checkout::IterativeScan(unsigned int, unsigned char, unsigned int)",0,0x00403A30,sprintf,0x00432990,1
5.5.01,Bixby110chkdlg.cpp,bixby110checkout::ReadAutomaticResult(int),0,0x00403D60,bixby110checkout::SendAutomaticAction(int),0x00403850,1
5.5.01,Bixby110chkdlg.cpp,bixby110checkout::ReadAutomaticResult(int),0,0x00403D60,"bixby110checkout::IterativeRead(unsigned int, unsigned char, unsigned char)",0x00403950,4
5.5.01,Bixby110chkdlg.cpp,bixby110checkout::ReadAutomaticResult(int),0,0x00403D60,"bixby110checkout::IterativeScan(unsigned int, unsigned char, unsigned int)",0x00403A30,1
5.5.01,Bixby110chkdlg.cpp,bixby110checkout::ReadAutomaticResult(int),0,0x00403D60,bixby110checkout::AnalyzeAutomaticResult(int),0x00403B50,2
5.5.01,Bixby110chkdlg.cpp,bixby110checkout::ReadAutomaticResult(int),0,0x00403D60,"TimeDelay(HWND__*, unsigned int)",0x00408040,7
5.5.01,Bixby110chkdlg.cpp,bixby110checkout::ReadAutomaticResult(int),0,0x00403D60,"bixby110io::writereg(unsigned char, unsigned char, unsigned char)",0x00409530,5
5.5.01,Bixby110chkdlg.cpp,bixby110checkout::ReadAutomaticResult(int),0,0x00403D60,"bixby110io::readreg(unsigned char, unsigned char)",0x00409570,1
5.5.01,Bixby110chkdlg.cpp,bixby110checkout::ReadAutomaticResult(int),0,0x00403D60,bixby110io::getCMDbuf(unsigned char),0x004095E0,2
5.5.01,Bixby110chkdlg.cpp,bixby110checkout::ReadAutomaticResult(int),0,0x00403D60,bixby110io::CollectResponse(),0x00409690,3
5.5.01,Bixby110chkdlg.cpp,bixby110checkout::ReadAutomaticResult(int),0,0x00403D60,manual3checkbox::SetChecked(),0x00422780,4
5.5.01,Bixby110chkdlg.cpp,bixby110checkout::ReadAutomaticResult(int),0,0x00403D60,manual3checkbox::SetUnchecked(),0x004227C0,4
5.5.01,Bixby110chkdlg.cpp,bixby110checkout::ReadAutomaticResult(int),0,0x00403D60,manual3checkbox::SetIndeterminate(),0x00422800,2
5.5.01,Bixby110chkdlg.cpp,bixby110checkout::ReadAutomaticResult(int),0,0x00403D60,pushbutton::WasPushed(),0x00422CD0,2
5.5.01,Bixby110chkdlg.cpp,bixby110checkout::ReadAutomaticResult(int),0,0x00403D60,edit::Settext(char const*),0x00423170,6
5.5.01,Bixby110chkdlg.cpp,bixby110checkout::ReadAutomaticResult(int),0,0x00403D60,sprintf,0x00432990,6
5.5.01,Bixby110chkdlg.cpp,"bixby110checkout::writeln(void*, char*)",0,0x00404480,strlen,0x004329B0,1
5.5.01,Bixby110chkdlg.cpp,"bixby110checkout::writeln(void*, char*)",0,0x00404480,WriteFile@20,0x00432E50,1
5.5.01,Bixby110chkdlg.cpp,bixby110checkout::GenerateReport(),0,0x004044C0,"FormatTime(_SYSTEMTIME*, char*)",0x004082D0,1
5.5.01,Bixby110chkdlg.cpp,bixby110checkout::GenerateReport(),0,0x004044C0,bixby110io::getCMDbuf(unsigned char),0x004095E0,4
5.5.01,Bixby110chkdlg.cpp,bixby110checkout::GenerateReport(),0,0x004044C0,"bixby110io::getUnit0Data(unsigned char, char*)",0x00409CB0,11
5.5.01,Bixby110chkdlg.cpp,bixby110checkout::GenerateReport(),0,0x004044C0,"bixby110io::getCmdData(unsigned char, char*)",0x00409E60,1
5.5.01,Bixby110chkdlg.cpp,bixby110checkout::GenerateReport(),0,0x004044C0,manual3checkbox::IsChecked(),0x00422680,3
5.5.01,Bixby110chkdlg.cpp,bixby110checkout::GenerateReport(),0,0x004044C0,manual3checkbox::IsUnchecked(),0x004226C0,6
5.5.01,Bixby110chkdlg.cpp,bixby110checkout::GenerateReport(),0,0x004044C0,manual3checkbox::IsIndeterminate(),0x00422700,6
5.5.01,Bixby110chkdlg.cpp,bixby110checkout::GenerateReport(),0,0x004044C0,edit::Gettext(),0x00423130,1
5.5.01,Bixby110chkdlg.cpp,bixby110checkout::GenerateReport(),0,0x004044C0,sprintf,0x00432990,30
5.5.01,Bixby110chkdlg.cpp,bixby110checkout::GenerateReport(),0,0x004044C0,strlen,0x004329B0,43
5.5.01,Bixby110chkdlg.cpp,bixby110checkout::GenerateReport(),0,0x004044C0,strcpy,0x004329C0,1
5.5.01,Bixby110chkdlg.cpp,bixby110checkout::GenerateReport(),0,0x004044C0,strcat,0x004329F0,12
5.5.01,Bixby110chkdlg.cpp,bixby110checkout::GenerateReport(),0,0x004044C0,MessageBoxA@16,0x00432B90,2
5.5.01,Bixby110chkdlg.cpp,bixby110checkout::GenerateReport(),0,0x004044C0,CreateFileA@28,0x00432DE0,2
5.5.01,Bixby110chkdlg.cpp,bixby110checkout::GenerateReport(),0,0x004044C0,CloseHandle@4,0x00432E10,2
5.5.01,Bixby110chkdlg.cpp,bixby110checkout::GenerateReport(),0,0x004044C0,WriteFile@20,0x00432E50,31
5.5.01,Bixby110chkdlg.cpp,bixby110checkout::GenerateReport(),0,0x004044C0,GetLocalTime@4,0x00432E70,1
5.5.01,Bixby110chkdlg.cpp,bixby110checkout::Bixby110UpdateData(),0,0x00405880,bixby110io::getCMDbuf(unsigned char),0x004095E0,5
5.5.01,Bixby110chkdlg.cpp,bixby110checkout::Bixby110UpdateData(),0,0x00405880,bixby110io::CalculateChecksum(unsigned char),0x0040A010,1
5.5.01,Bixby110chkdlg.cpp,bixby110checkout::Bixby110UpdateData(),0,0x00405880,edit::Gettext(),0x00423130,4
5.5.01,Bixby110chkdlg.cpp,bixby110checkout::Bixby110UpdateData(),0,0x00405880,edit::Settext(char const*),0x00423170,6
5.5.01,Bixby110chkdlg.cpp,bixby110checkout::Bixby110UpdateData(),0,0x00405880,edit::SetBkColor(unsigned long),0x00423200,5
5.5.01,Bixby110chkdlg.cpp,bixby110checkout::Bixby110UpdateData(),0,0x00405880,sprintf,0x00432990,6
5.5.01,Bixby110chkdlg.cpp,bixby110checkout::Bixby110UpdateData(),0,0x00405880,strcpy,0x004329C0,3
5.5.01,Bixby110chkdlg.cpp,bixby110checkout::Bixby110UpdateData(),0,0x00405880,strcmp,0x004329E0,2
5.5.01,Bixby110chkdlg.cpp,bixby110checkout::Bixby110UpdateData(),0,0x00405880,strcat,0x004329F0,1
5.5.01,Bixby110chkdlg.cpp,bixby110checkout::Bixby110UpdateData(),0,0x00405880,SetWindowTextA@8,0x00432BA0,1
5.5.01,Bixby110chkdlg.cpp,"bixby110checkout::Bixby110SetupCheckoutInteractiveTests(int, int, int, int)",0,0x00405D00,"manual3checkbox::CreateManual3checkbox(char const*, int, int, HWND__*, HINSTANCE__*)",0x004225C0,2
5.5.01,Bixby110chkdlg.cpp,"bixby110checkout::Bixby110SetupCheckoutInteractiveTests(int, int, int, int)",0,0x00405D00,manual3checkbox::SetIndeterminate(),0x00422800,2
5.5.01,Bixby110chkdlg.cpp,"bixby110checkout::Bixby110SetupCheckoutInteractiveTests(int, int, int, int)",0,0x00405D00,"statictext::CreateStatictext(char const*, int, int, int, int, HWND__*, HINSTANCE__*)",0x00423550,1
5.5.01,Bixby110chkdlg.cpp,"bixby110checkout::Bixby110SetupCheckoutInteractiveTests(int, int, int, int)",0,0x00405D00,sprintf,0x00432990,2
5.5.01,Bixby110chkdlg.cpp,"bixby110checkout::Bixby110SetupCheckoutInteractiveTests(int, int, int, int)",0,0x00405D00,GetTextExtentPoint32A@16,0x00432B00,1
5.5.01,Bixby110chkdlg.cpp,"bixby110checkout::Bixby110SetupCheckoutInteractiveTests(int, int, int, int)",0,0x00405D00,GetDC@4,0x00432BB0,1
5.5.01,Bixby110chkdlg.cpp,"bixby110checkout::Bixby110SetupCheckoutInteractiveTests(int, int, int, int)",0,0x00405D00,ReleaseDC@8,0x00432BC0,1
5.5.01,Bixby110chkdlg.cpp,"bixby110checkout::Bixby110SetupCheckoutAutomaticTests(int, int, int, int)",0,0x00405FA0,"manual3checkbox::CreateManual3checkbox(char const*, int, int, HWND__*, HINSTANCE__*)",0x004225C0,1
5.5.01,Bixby110chkdlg.cpp,"bixby110checkout::Bixby110SetupCheckoutAutomaticTests(int, int, int, int)",0,0x00405FA0,manual3checkbox::SetIndeterminate(),0x00422800,1
5.5.01,Bixby110chkdlg.cpp,"bixby110checkout::Bixby110SetupCheckoutAutomaticTests(int, int, int, int)",0,0x00405FA0,"statictext::CreateStatictext(char const*, int, int, int, int, HWND__*, HINSTANCE__*)",0x00423550,1
5.5.01,Bixby110chkdlg.cpp,"bixby110checkout::Bixby110SetupCheckoutAutomaticTests(int, int, int, int)",0,0x00405FA0,sprintf,0x00432990,1
5.5.01,Bixby110chkdlg.cpp,"bixby110checkout::Bixby110SetupCheckoutAutomaticTests(int, int, int, int)",0,0x00405FA0,GetTextExtentPoint32A@16,0x00432B00,1
5.5.01,Bixby110chkdlg.cpp,"bixby110checkout::Bixby110SetupCheckoutAutomaticTests(int, int, int, int)",0,0x00405FA0,GetDC@4,0x00432BB0,1
5.5.01,Bixby110chkdlg.cpp,"bixby110checkout::Bixby110SetupCheckoutAutomaticTests(int, int, int, int)",0,0x00405FA0,ReleaseDC@8,0x00432BC0,1
5.5.01,Bixby110chkdlg.cpp,"bixby110checkout::Bixby110SetupCheckoutIndividualizationData(int, int, int, int)",0,0x00406140,"pushbutton::CreatePushbutton(char const*, int, int, HWND__*, HINSTANCE__*)",0x00422B80,3
5.5.01,Bixby110chkdlg.cpp,"bixby110checkout::Bixby110SetupCheckoutIndividualizationData(int, int, int, int)",0,0x00406140,"edit::CreateEdit(char const*, int, int, int, int, HWND__*, HINSTANCE__*, unsigned long)",0x00423070,3
5.5.01,Bixby110chkdlg.cpp,"bixby110checkout::Bixby110SetupCheckoutIndividualizationData(int, int, int, int)",0,0x00406140,"statictext::CreateStatictext(char const*, int, int, int, int, HWND__*, HINSTANCE__*)",0x00423550,2
5.5.01,Bixby110chkdlg.cpp,"bixby110checkout::Bixby110SetupCheckoutIndividualizationData(int, int, int, int)",0,0x00406140,GetTextExtentPoint32A@16,0x00432B00,1
5.5.01,Bixby110chkdlg.cpp,"bixby110checkout::Bixby110SetupCheckoutIndividualizationData(int, int, int, int)",0,0x00406140,GetDC@4,0x00432BB0,1
5.5.01,Bixby110chkdlg.cpp,"bixby110checkout::Bixby110SetupCheckoutIndividualizationData(int, int, int, int)",0,0x00406140,ReleaseDC@8,0x00432BC0,1
5.5.01,Bixby110chkdlg.cpp,"bixby110checkout::Bixby110Checkout(HINSTANCE__*, int, unsigned char)",0,0x00406460,bixby110checkout::SendInteractiveAction(int),0x00403070,2
5.5.01,Bixby110chkdlg.cpp,"bixby110checkout::Bixby110Checkout(HINSTANCE__*, int, unsigned char)",0,0x00406460,bixby110checkout::ReadInteractiveResult(int),0x00403270,2
5.5.01,Bixby110chkdlg.cpp,"bixby110checkout::Bixby110Checkout(HINSTANCE__*, int, unsigned char)",0,0x00406460,bixby110checkout::AnalyzeInteractiveResult(int),0x00403340,2
5.5.01,Bixby110chkdlg.cpp,"bixby110checkout::Bixby110Checkout(HINSTANCE__*, int, unsigned char)",0,0x00406460,bixby110checkout::SendAutomaticAction(int),0x00403850,1
5.5.01,Bixby110chkdlg.cpp,"bixby110checkout::Bixby110Checkout(HINSTANCE__*, int, unsigned char)",0,0x00406460,bixby110checkout::AnalyzeAutomaticResult(int),0x00403B50,1
5.5.01,Bixby110chkdlg.cpp,"bixby110checkout::Bixby110Checkout(HINSTANCE__*, int, unsigned char)",0,0x00406460,bixby110checkout::ReadAutomaticResult(int),0x00403D60,1
5.5.01,Bixby110chkdlg.cpp,"bixby110checkout::Bixby110Checkout(HINSTANCE__*, int, unsigned char)",0,0x00406460,bixby110checkout::GenerateReport(),0x004044C0,1
5.5.01,Bixby110chkdlg.cpp,"bixby110checkout::Bixby110Checkout(HINSTANCE__*, int, unsigned char)",0,0x00406460,bixby110checkout::Bixby110UpdateData(),0x00405880,1
5.5.01,Bixby110chkdlg.cpp,"bixby110checkout::Bixby110Checkout(HINSTANCE__*, int, unsigned char)",0,0x00406460,"bixby110checkout::Bixby110SetupCheckoutInteractiveTests(int, int, int, int)",0x00405D00,1
5.5.01,Bixby110chkdlg.cpp,"bixby110checkout::Bixby110Checkout(HINSTANCE__*, int, unsigned char)",0,0x00406460,"bixby110checkout::Bixby110SetupCheckoutAutomaticTests(int, int, int, int)",0x00405FA0,1
5.5.01,Bixby110chkdlg.cpp,"bixby110checkout::Bixby110Checkout(HINSTANCE__*, int, unsigned char)",0,0x00406460,"bixby110checkout::Bixby110SetupCheckoutIndividualizationData(int, int, int, int)",0x00406140,1
5.5.01,Bixby110chkdlg.cpp,"bixby110checkout::Bixby110Checkout(HINSTANCE__*, int, unsigned char)",0,0x00406460,"ISBeep(unsigned long, unsigned long)",0x00407AE0,2
5.5.01,Bixby110chkdlg.cpp,"bixby110checkout::Bixby110Checkout(HINSTANCE__*, int, unsigned char)",0,0x00406460,"SetupDebugWindow(HWND__*, HINSTANCE__*)",0x00407B10,1
5.5.01,Bixby110chkdlg.cpp,"bixby110checkout::Bixby110Checkout(HINSTANCE__*, int, unsigned char)",0,0x00406460,CloseDebugWindow(),0x00407D10,1
5.5.01,Bixby110chkdlg.cpp,"bixby110checkout::Bixby110Checkout(HINSTANCE__*, int, unsigned char)",0,0x00406460,ShowDebugWindow(),0x00407D70,1
5.5.01,Bixby110chkdlg.cpp,"bixby110checkout::Bixby110Checkout(HINSTANCE__*, int, unsigned char)",0,0x00406460,"TimeDelay(HWND__*, unsigned int)",0x00408040,34
5.5.01,Bixby110chkdlg.cpp,"bixby110checkout::Bixby110Checkout(HINSTANCE__*, int, unsigned char)",0,0x00406460,"bixby110io::getrs232port(unsigned char, unsigned char)",0x004087B0,1
5.5.01,Bixby110chkdlg.cpp,"bixby110checkout::Bixby110Checkout(HINSTANCE__*, int, unsigned char)",0,0x00406460,bixby110io::freers232port(),0x00408940,1
5.5.01,Bixby110chkdlg.cpp,"bixby110checkout::Bixby110Checkout(HINSTANCE__*, int, unsigned char)",0,0x00406460,bixby110io::scanio(unsigned char*),0x004089E0,1
5.5.01,Bixby110chkdlg.cpp,"bixby110checkout::Bixby110Checkout(HINSTANCE__*, int, unsigned char)",0,0x00406460,"bixby110io::writereg(unsigned char, unsigned char, unsigned char)",0x00409530,12
5.5.01,Bixby110chkdlg.cpp,"bixby110checkout::Bixby110Checkout(HINSTANCE__*, int, unsigned char)",0,0x00406460,"bixby110io::readreg(unsigned char, unsigned char)",0x00409570,8
5.5.01,Bixby110chkdlg.cpp,"bixby110checkout::Bixby110Checkout(HINSTANCE__*, int, unsigned char)",0,0x00406460,bixby110io::getCMDbuf(unsigned char),0x004095E0,3
5.5.01,Bixby110chkdlg.cpp,"bixby110checkout::Bixby110Checkout(HINSTANCE__*, int, unsigned char)",0,0x00406460,bixby110io::CollectResponse(),0x00409690,15
5.5.01,Bixby110chkdlg.cpp,"bixby110checkout::Bixby110Checkout(HINSTANCE__*, int, unsigned char)",0,0x00406460,"bixby110io::GetEEPROMContents(HWND__*, char)",0x004096F0,2
5.5.01,Bixby110chkdlg.cpp,"bixby110checkout::Bixby110Checkout(HINSTANCE__*, int, unsigned char)",0,0x00406460,"bixby110io::getUnit0Data(unsigned char, char*)",0x00409CB0,2
5.5.01,Bixby110chkdlg.cpp,"bixby110checkout::Bixby110Checkout(HINSTANCE__*, int, unsigned char)",0,0x00406460,bixby110io::CalculateChecksum(unsigned char),0x0040A010,1
5.5.01,Bixby110chkdlg.cpp,"bixby110checkout::Bixby110Checkout(HINSTANCE__*, int, unsigned char)",0,0x00406460,dlgmsgrouter::RemoveMessageRoute(HWND__*),0x00421F30,1
5.5.01,Bixby110chkdlg.cpp,"bixby110checkout::Bixby110Checkout(HINSTANCE__*, int, unsigned char)",0,0x00406460,manual3checkbox::IsChecked(),0x00422680,2
5.5.01,Bixby110chkdlg.cpp,"bixby110checkout::Bixby110Checkout(HINSTANCE__*, int, unsigned char)",0,0x00406460,manual3checkbox::SetChecked(),0x00422780,5
5.5.01,Bixby110chkdlg.cpp,"bixby110checkout::Bixby110Checkout(HINSTANCE__*, int, unsigned char)",0,0x00406460,manual3checkbox::SetUnchecked(),0x004227C0,5
5.5.01,Bixby110chkdlg.cpp,"bixby110checkout::Bixby110Checkout(HINSTANCE__*, int, unsigned char)",0,0x00406460,"pushbutton::CreatePushbutton(char const*, int, int, int, int, HWND__*, HINSTANCE__*)",0x00422B00,2
5.5.01,Bixby110chkdlg.cpp,"bixby110checkout::Bixby110Checkout(HINSTANCE__*, int, unsigned char)",0,0x00406460,"pushbutton::CreatePushbutton(char const*, int, int, HWND__*, HINSTANCE__*)",0x00422B80,1
5.5.01,Bixby110chkdlg.cpp,"bixby110checkout::Bixby110Checkout(HINSTANCE__*, int, unsigned char)",0,0x00406460,pushbutton::WasPushed(),0x00422CD0,6
5.5.01,Bixby110chkdlg.cpp,"bixby110checkout::Bixby110Checkout(HINSTANCE__*, int, unsigned char)",0,0x00406460,"edit::CreateEdit(char const*, int, int, int, int, HWND__*, HINSTANCE__*, unsigned long)",0x00423070,1
5.5.01,Bixby110chkdlg.cpp,"bixby110checkout::Bixby110Checkout(HINSTANCE__*, int, unsigned char)",0,0x00406460,edit::Gettext(),0x00423130,2
5.5.01,Bixby110chkdlg.cpp,"bixby110checkout::Bixby110Checkout(HINSTANCE__*, int, unsigned char)",0,0x00406460,edit::Settext(char const*),0x00423170,8
5.5.01,Bixby110chkdlg.cpp,"bixby110checkout::Bixby110Checkout(HINSTANCE__*, int, unsigned char)",0,0x00406460,"dlgbox::CreateDialogBox(char const*, unsigned long, char const*)",0x00423900,1
5.5.01,Bixby110chkdlg.cpp,"bixby110checkout::Bixby110Checkout(HINSTANCE__*, int, unsigned char)",0,0x00406460,sprintf,0x00432990,5
5.5.01,Bixby110chkdlg.cpp,"bixby110checkout::Bixby110Checkout(HINSTANCE__*, int, unsigned char)",0,0x00406460,memcpy,0x004329A0,1
5.5.01,Bixby110chkdlg.cpp,"bixby110checkout::Bixby110Checkout(HINSTANCE__*, int, unsigned char)",0,0x00406460,strlen,0x004329B0,1
5.5.01,Bixby110chkdlg.cpp,"bixby110checkout::Bixby110Checkout(HINSTANCE__*, int, unsigned char)",0,0x00406460,atoi,0x004329D0,1
5.5.01,Bixby110chkdlg.cpp,"bixby110checkout::Bixby110Checkout(HINSTANCE__*, int, unsigned char)",0,0x00406460,strcat,0x004329F0,2
5.5.01,Bixby110chkdlg.cpp,"bixby110checkout::Bixby110Checkout(HINSTANCE__*, int, unsigned char)",0,0x00406460,MessageBoxA@16,0x00432B90,7
5.5.01,Bixby110chkdlg.cpp,"bixby110checkout::Bixby110Checkout(HINSTANCE__*, int, unsigned char)",0,0x00406460,SetTimer@16,0x00432BD0,1
5.5.01,Bixby110chkdlg.cpp,"bixby110checkout::Bixby110Checkout(HINSTANCE__*, int, unsigned char)",0,0x00406460,DispatchMessageA@4,0x00432BE0,1
5.5.01,Bixby110chkdlg.cpp,"bixby110checkout::Bixby110Checkout(HINSTANCE__*, int, unsigned char)",0,0x00406460,GetMessageA@16,0x00432BF0,1
5.5.01,Bixby110chkdlg.cpp,"bixby110checkout::Bixby110Checkout(HINSTANCE__*, int, unsigned char)",0,0x00406460,TranslateMessage@4,0x00432C00,1
5.5.01,Bixby110chkdlg.cpp,"bixby110checkout::Bixby110Checkout(HINSTANCE__*, int, unsigned char)",0,0x00406460,ShowWindow@8,0x00432C10,2
5.5.01,Bixby110chkdlg.cpp,"bixby110checkout::Bixby110Checkout(HINSTANCE__*, int, unsigned char)",0,0x00406460,KillTimer@8,0x00432C20,1
5.5.01,Bixby110chkdlg.cpp,"bixby110checkout::Bixby110Checkout(HINSTANCE__*, int, unsigned char)",0,0x00406460,DestroyWindow@4,0x00432C30,18
5.5.01,Bixby110chkdlg.cpp,"bixby110checkout::Bixby110Checkout(HINSTANCE__*, int, unsigned char)",0,0x00406460,Beep@8,0x00432E80,3
5.5.01,Bixby110chkdlg.cpp,"bixby110checkout::Bixby110Checkout(HINSTANCE__*, int, unsigned char)",0,0x00406460,GetCurrentDirectoryA@8,0x00432E90,1
5.5.01,Bixby110chkdlg.cpp,"bixby110checkout::Bixby110Checkout(HINSTANCE__*, int, unsigned char)",0,0x00406460,WinExec@8,0x00432EA0,1
5.5.01,Bixby110chkdlg.cpp,bixby110checkout::AnalyzeAutomaticResult(int),0,0x00403B50,bixby110io::getCMDbuf(unsigned char),0x004095E0,10
5.5.01,Bixby110chkdlg.cpp,bixby110checkout::AnalyzeAutomaticResult(int),0,0x00403B50,manual3checkbox::SetChecked(),0x00422780,3
5.5.01,Bixby110chkdlg.cpp,bixby110checkout::AnalyzeAutomaticResult(int),0,0x00403B50,manual3checkbox::SetUnchecked(),0x004227C0,3
5.5.01,Bixby110DataElements.cpp,"ISBeep(unsigned long, unsigned long)",0,0x00407AE0,Beep@8,0x00432E80,1
5.5.01,Bixby110DataElements.cpp,"SetupDebugWindow(HWND__*, HINSTANCE__*)",0,0x00407B10,"edit::CreateEdit(char const*, int, int, int, int, HWND__*, HINSTANCE__*, unsigned long)",0x00423070,1
5.5.01,Bixby110DataElements.cpp,"SetupDebugWindow(HWND__*, HINSTANCE__*)",0,0x00407B10,GetStockObject@4,0x00432B10,2
5.5.01,Bixby110DataElements.cpp,"SetupDebugWindow(HWND__*, HINSTANCE__*)",0,0x00407B10,SelectObject@8,0x00432B20,1
5.5.01,Bixby110DataElements.cpp,"SetupDebugWindow(HWND__*, HINSTANCE__*)",0,0x00407B10,MessageBoxA@16,0x00432B90,1
5.5.01,Bixby110DataElements.cpp,"SetupDebugWindow(HWND__*, HINSTANCE__*)",0,0x00407B10,GetDC@4,0x00432BB0,1
5.5.01,Bixby110DataElements.cpp,"SetupDebugWindow(HWND__*, HINSTANCE__*)",0,0x00407B10,ReleaseDC@8,0x00432BC0,1
5.5.01,Bixby110DataElements.cpp,"SetupDebugWindow(HWND__*, HINSTANCE__*)",0,0x00407B10,CreateWindowExA@48,0x00432C40,1
5.5.01,Bixby110DataElements.cpp,"SetupDebugWindow(HWND__*, HINSTANCE__*)",0,0x00407B10,SendMessageA@16,0x00432C50,1
5.5.01,Bixby110DataElements.cpp,CloseDebugWindow(),0,0x00407D10,DestroyWindow@4,0x00432C30,2
5.5.01,Bixby110DataElements.cpp,ShowDebugWindow(),0,0x00407D70,ShowWindow@8,0x00432C10,3
5.5.01,Bixby110DataElements.cpp,"strsearch(char*, char*)",0,0x00407EC0,strlen,0x004329B0,2
5.5.01,Bixby110DataElements.cpp,"strsearchtail(char*, char*)",0,0x00407F40,strlen,0x004329B0,3
5.5.01,Bixby110DataElements.cpp,"strchrsearch(char*, char*)",0,0x00407FD0,strlen,0x004329B0,2
5.5.01,Bixby110DataElements.cpp,"TimeDelay(HWND__*, unsigned int)",0,0x00408040,SetTimer@16,0x00432BD0,1
5.5.01,Bixby110DataElements.cpp,"TimeDelay(HWND__*, unsigned int)",0,0x00408040,DispatchMessageA@4,0x00432BE0,2
5.5.01,Bixby110DataElements.cpp,"TimeDelay(HWND__*, unsigned int)",0,0x00408040,GetMessageA@16,0x00432BF0,1
5.5.01,Bixby110DataElements.cpp,"TimeDelay(HWND__*, unsigned int)",0,0x00408040,TranslateMessage@4,0x00432C00,1
5.5.01,Bixby110DataElements.cpp,"TimeDelay(HWND__*, unsigned int)",0,0x00408040,KillTimer@8,0x00432C20,1
5.5.01,Bixby110DataElements.cpp,CalibrateMicrosecondTimer(HWND__*),0,0x00408140,GetSystemTimeAsFileTime@4,0x00432EB0,2
5.5.01,Bixby110DataElements.cpp,CalibrateMicrosecondTimer_6E030(HWND__*),0,0x00408230,GetSystemTimeAsFileTime@4,0x00432EB0,2
5.5.01,Bixby110DataElements.cpp,"FormatTime(_SYSTEMTIME*, char*)",0,0x004082D0,sprintf,0x00432990,1
5.5.01,Bixby110DataElements.cpp,"GetCompressedDate(_SYSTEMTIME*, char*)",0,0x004084C0,sprintf,0x00432990,1
5.5.01,Bixby110DataElements.cpp,TextBased_0_255_RangeCheck(char*),0,0x00408500,sprintf,0x00432990,2
5.5.01,Bixby110DataElements.cpp,TextBased_0_255_RangeCheck(char*),0,0x00408500,strlen,0x004329B0,2
5.5.01,Bixby110DataElements.cpp,TextBased_m128_p127_RangeCheck(char*),0,0x004085F0,atoi,0x004329D0,2
5.5.01,Bixby110DataElements.cpp,"RangeCheckAssumingValidEntry(_BXDataElement_*, char*)",0,0x004086E0,atoi,0x004329D0,2
5.5.01,Bixby110DataElements.cpp,"bixby110io::getrs232port(unsigned char, unsigned char)",0,0x004087B0,"async::async(int, long, long, int, int)",0x00401520,2
5.5.01,Bixby110DataElements.cpp,"bixby110io::getrs232port(unsigned char, unsigned char)",0,0x004087B0,operator delete(void*),0x0042CCB0,1
5.5.01,Bixby110DataElements.cpp,"bixby110io::getrs232port(unsigned char, unsigned char)",0,0x004087B0,operator new(unsigned int),0x0042CCD0,2
5.5.01,Bixby110DataElements.cpp,"bixby110io::getrs232port(unsigned char, unsigned char)",0,0x004087B0,_Unwind_SjLj_Register,0x00431BC0,1
5.5.01,Bixby110DataElements.cpp,"bixby110io::getrs232port(unsigned char, unsigned char)",0,0x004087B0,_Unwind_SjLj_Unregister,0x00431CA0,2
5.5.01,Bixby110DataElements.cpp,"bixby110io::getrs232port(unsigned char, unsigned char)",0,0x004087B0,_Unwind_SjLj_Resume,0x00432280,1
5.5.01,Bixby110DataElements.cpp,bixby110io::sendcommand(char*),0,0x00408980,"async::write(char*, int)",0x004017F0,1
5.5.01,Bixby110DataElements.cpp,bixby110io::sendcommand(char*),0,0x00408980,strlen,0x004329B0,1
5.5.01,Bixby110DataElements.cpp,bixby110io::scanio(unsigned char*),0,0x004089E0,async::read_char(char*),0x00401860,1
5.5.01,Bixby110DataElements.cpp,bixby110io::scanio(unsigned char*),0,0x004089E0,async::read_string(char*),0x00401900,1
5.5.01,Bixby110DataElements.cpp,bixby110io::scanio(unsigned char*),0,0x004089E0,async::get_read_string_buf_count(),0x00401A50,1
5.5.01,Bixby110DataElements.cpp,bixby110io::scanio(unsigned char*),0,0x004089E0,edit::Settext(char const*),0x00423170,1
5.5.01,Bixby110DataElements.cpp,bixby110io::scanio(unsigned char*),0,0x004089E0,sprintf,0x00432990,1
5.5.01,Bixby110DataElements.cpp,bixby110io::scanio(unsigned char*),0,0x004089E0,strcpy,0x004329C0,2
5.5.01,Bixby110DataElements.cpp,bixby110io::scanio(unsigned char*),0,0x004089E0,Beep@8,0x00432E80,1
5.5.01,Bixby110DataElements.cpp,"bixby110io::regio(unsigned char, unsigned char, unsigned char, unsigned char)",0,0x004093F0,edit::Settext(char const*),0x00423170,1
5.5.01,Bixby110DataElements.cpp,"bixby110io::regio(unsigned char, unsigned char, unsigned char, unsigned char)",0,0x004093F0,strlen,0x004329B0,1
5.5.01,Bixby110DataElements.cpp,"bixby110io::regio(unsigned char, unsigned char, unsigned char, unsigned char)",0,0x004093F0,strcpy,0x004329C0,1
5.5.01,Bixby110DataElements.cpp,"bixby110io::writereg(unsigned char, unsigned char, unsigned char)",0,0x00409530,"bixby110io::regio(unsigned char, unsigned char, unsigned char, unsigned char)",0x004093F0,1
5.5.01,Bixby110DataElements.cpp,"bixby110io::readreg(unsigned char, unsigned char)",0,0x00409570,"bixby110io::regio(unsigned char, unsigned char, unsigned char, unsigned char)",0x004093F0,1
5.5.01,Bixby110DataElements.cpp,"bixby110io::readreg(unsigned char, unsigned char)",0,0x00409570,Beep@8,0x00432E80,1
5.5.01,Bixby110DataElements.cpp,bixby110io::CollectResponse(unsigned char*),0,0x00409640,bixby110io::scanio(unsigned char*),0x004089E0,1
5.5.01,Bixby110DataElements.cpp,bixby110io::CollectResponse(),0,0x00409690,bixby110io::scanio(unsigned char*),0x004089E0,1
5.5.01,Bixby110DataElements.cpp,"bixby110io::GetEEPROMContents(HWND__*, char)",0,0x004096F0,bixby110io::scanio(unsigned char*),0x004089E0,5
5.5.01,Bixby110DataElements.cpp,"bixby110io::GetEEPROMContents(HWND__*, char)",0,0x004096F0,"bixby110io::regio(unsigned char, unsigned char, unsigned char, unsigned char)",0x004093F0,5
5.5.01,Bixby110DataElements.cpp,"bixby110io::GetEEPROMContents(HWND__*, char)",0,0x004096F0,SetTimer@16,0x00432BD0,5
5.5.01,Bixby110DataElements.cpp,"bixby110io::GetEEPROMContents(HWND__*, char)",0,0x004096F0,DispatchMessageA@4,0x00432BE0,10
5.5.01,Bixby110DataElements.cpp,"bixby110io::GetEEPROMContents(HWND__*, char)",0,0x004096F0,GetMessageA@16,0x00432BF0,5
5.5.01,Bixby110DataElements.cpp,"bixby110io::GetEEPROMContents(HWND__*, char)",0,0x004096F0,TranslateMessage@4,0x00432C00,5
5.5.01,Bixby110DataElements.cpp,"bixby110io::GetEEPROMContents(HWND__*, char)",0,0x004096F0,KillTimer@8,0x00432C20,5
5.5.01,Bixby110DataElements.cpp,bixby110io::write_char(char),0,0x00409F70,"async::write(char*, int)",0x004017F0,1
5.5.01,Bixby110DataElements.cpp,bixby110io::read_char(),0,0x00409FB0,async::read_char(char*),0x00401860,1
5.5.01,Bixby110DataElements.cpp,bixby110io::status_read_char(unsigned char*),0,0x00409FE0,async::read_char(char*),0x00401860,1
5.5.01,Bixby110DataElements.cpp,"__static_initialization_and_destruction_0(int, int)",0,0x0040A1C0,dlgelement::dlgelement(),0x00422030,1
5.5.01,Bixby110DataElements.cpp,"__static_initialization_and_destruction_0(int, int)",0,0x0040A1C0,dlgelement::~dlgelement(),0x00422050,2
5.5.01,Bixby110DataElements.cpp,"__static_initialization_and_destruction_0(int, int)",0,0x0040A1C0,_Unwind_SjLj_Register,0x00431BC0,1
5.5.01,Bixby110DataElements.cpp,"__static_initialization_and_destruction_0(int, int)",0,0x0040A1C0,_Unwind_SjLj_Unregister,0x00431CA0,1
5.5.01,Bixby110DataElements.cpp,"__static_initialization_and_destruction_0(int, int)",0,0x0040A1C0,_Unwind_SjLj_Resume,0x00432280,1
5.5.01,Bixby110dlg.cpp,bixby110control::bixby110control(),0,0x0040A330,bixby110io::bixby110io(),0x00408760,1
5.5.01,Bixby110dlg.cpp,bixby110control::bixby110control(),0,0x0040A330,bixby110io::~bixby110io(),0x004087A0,1
5.5.01,Bixby110dlg.cpp,bixby110control::bixby110control(),0,0x0040A330,dlgelement::dlgelement(),0x00422030,60
5.5.01,Bixby110dlg.cpp,bixby110control::bixby110control(),0,0x0040A330,filerequester::filerequester(),0x00423C10,1
5.5.01,Bixby110dlg.cpp,bixby110control::bixby110control(),0,0x0040A330,operator delete(void*),0x0042CCB0,1
5.5.01,Bixby110dlg.cpp,bixby110control::bixby110control(),0,0x0040A330,operator new(unsigned int),0x0042CCD0,61
5.5.01,Bixby110dlg.cpp,bixby110control::bixby110control(),0,0x0040A330,_Unwind_SjLj_Register,0x00431BC0,1
5.5.01,Bixby110dlg.cpp,bixby110control::bixby110control(),0,0x0040A330,_Unwind_SjLj_Unregister,0x00431CA0,1
5.5.01,Bixby110dlg.cpp,bixby110control::bixby110control(),0,0x0040A330,_Unwind_SjLj_Resume,0x00432280,1
5.5.01,Bixby110dlg.cpp,bixby110control::bixby110control(),1,0x0040BB60,bixby110io::bixby110io(),0x00408760,1
5.5.01,Bixby110dlg.cpp,bixby110control::bixby110control(),1,0x0040BB60,bixby110io::~bixby110io(),0x004087A0,1
5.5.01,Bixby110dlg.cpp,bixby110control::bixby110control(),1,0x0040BB60,dlgelement::dlgelement(),0x00422030,60
5.5.01,Bixby110dlg.cpp,bixby110control::bixby110control(),1,0x0040BB60,filerequester::filerequester(),0x00423C10,1
5.5.01,Bixby110dlg.cpp,bixby110control::bixby110control(),1,0x0040BB60,operator delete(void*),0x0042CCB0,1
5.5.01,Bixby110dlg.cpp,bixby110control::bixby110control(),1,0x0040BB60,operator new(unsigned int),0x0042CCD0,61
5.5.01,Bixby110dlg.cpp,bixby110control::bixby110control(),1,0x0040BB60,_Unwind_SjLj_Register,0x00431BC0,1
5.5.01,Bixby110dlg.cpp,bixby110control::bixby110control(),1,0x0040BB60,_Unwind_SjLj_Unregister,0x00431CA0,1
5.5.01,Bixby110dlg.cpp,bixby110control::bixby110control(),1,0x0040BB60,_Unwind_SjLj_Resume,0x00432280,1
5.5.01,Bixby110dlg.cpp,bixby110control::~bixby110control(),0,0x0040D390,bixby110io::~bixby110io(),0x004087A0,2
5.5.01,Bixby110dlg.cpp,bixby110control::~bixby110control(),0,0x0040D390,dlgelement::~dlgelement(),0x00422050,59
5.5.01,Bixby110dlg.cpp,bixby110control::~bixby110control(),0,0x0040D390,filerequester::~filerequester(),0x00423E00,1
5.5.01,Bixby110dlg.cpp,bixby110control::~bixby110control(),0,0x0040D390,operator delete(void*),0x0042CCB0,60
5.5.01,Bixby110dlg.cpp,bixby110control::~bixby110control(),0,0x0040D390,_Unwind_SjLj_Register,0x00431BC0,1
5.5.01,Bixby110dlg.cpp,bixby110control::~bixby110control(),0,0x0040D390,_Unwind_SjLj_Unregister,0x00431CA0,1
5.5.01,Bixby110dlg.cpp,bixby110control::~bixby110control(),0,0x0040D390,_Unwind_SjLj_Resume,0x00432280,1
5.5.01,Bixby110dlg.cpp,bixby110control::~bixby110control(),1,0x0040E5E0,bixby110io::~bixby110io(),0x004087A0,2
5.5.01,Bixby110dlg.cpp,bixby110control::~bixby110control(),1,0x0040E5E0,dlgelement::~dlgelement(),0x00422050,59
5.5.01,Bixby110dlg.cpp,bixby110control::~bixby110control(),1,0x0040E5E0,filerequester::~filerequester(),0x00423E00,1
5.5.01,Bixby110dlg.cpp,bixby110control::~bixby110control(),1,0x0040E5E0,operator delete(void*),0x0042CCB0,60
5.5.01,Bixby110dlg.cpp,bixby110control::~bixby110control(),1,0x0040E5E0,_Unwind_SjLj_Register,0x00431BC0,1
5.5.01,Bixby110dlg.cpp,bixby110control::~bixby110control(),1,0x0040E5E0,_Unwind_SjLj_Unregister,0x00431CA0,1
5.5.01,Bixby110dlg.cpp,bixby110control::~bixby110control(),1,0x0040E5E0,_Unwind_SjLj_Resume,0x00432280,1
5.5.01,Bixby110dlg.cpp,"bixby110control::writeln(void*, char*)",0,0x0040F830,strlen,0x004329B0,1
5.5.01,Bixby110dlg.cpp,"bixby110control::writeln(void*, char*)",0,0x0040F830,WriteFile@20,0x00432E50,1
5.5.01,Bixby110dlg.cpp,bixby110control::GenerateReport(char*),0,0x0040F870,"FormatTime(_SYSTEMTIME*, char*)",0x004082D0,1
5.5.01,Bixby110dlg.cpp,bixby110control::GenerateReport(char*),0,0x0040F870,bixby110io::getCMDbuf(unsigned char),0x004095E0,4
5.5.01,Bixby110dlg.cpp,bixby110control::GenerateReport(char*),0,0x0040F870,"bixby110io::getUnit0Data(unsigned char, char*)",0x00409CB0,9
5.5.01,Bixby110dlg.cpp,bixby110control::GenerateReport(char*),0,0x0040F870,"bixby110io::getCmdData(unsigned char, char*)",0x00409E60,1
5.5.01,Bixby110dlg.cpp,bixby110control::GenerateReport(char*),0,0x0040F870,manual3checkbox::IsChecked(),0x00422680,1
5.5.01,Bixby110dlg.cpp,bixby110control::GenerateReport(char*),0,0x0040F870,sprintf,0x00432990,13
5.5.01,Bixby110dlg.cpp,bixby110control::GenerateReport(char*),0,0x0040F870,strlen,0x004329B0,20
5.5.01,Bixby110dlg.cpp,bixby110control::GenerateReport(char*),0,0x0040F870,strcpy,0x004329C0,3
5.5.01,Bixby110dlg.cpp,bixby110control::GenerateReport(char*),0,0x0040F870,strcat,0x004329F0,8
5.5.01,Bixby110dlg.cpp,bixby110control::GenerateReport(char*),0,0x0040F870,strstr,0x00432A10,1
5.5.01,Bixby110dlg.cpp,bixby110control::GenerateReport(char*),0,0x0040F870,MessageBoxA@16,0x00432B90,2
5.5.01,Bixby110dlg.cpp,bixby110control::GenerateReport(char*),0,0x0040F870,CreateFileA@28,0x00432DE0,2
5.5.01,Bixby110dlg.cpp,bixby110control::GenerateReport(char*),0,0x0040F870,CloseHandle@4,0x00432E10,2
5.5.01,Bixby110dlg.cpp,bixby110control::GenerateReport(char*),0,0x0040F870,WriteFile@20,0x00432E50,13
5.5.01,Bixby110dlg.cpp,bixby110control::GenerateReport(char*),0,0x0040F870,GetLocalTime@4,0x00432E70,1
5.5.01,Bixby110dlg.cpp,bixby110control::BixbyProcessHelpRequest(),0,0x00410480,manual3checkbox::WasPushed(),0x004228C0,2
5.5.01,Bixby110dlg.cpp,bixby110control::BixbyProcessHelpRequest(),0,0x00410480,manualradiobutton::WasPushed(),0x00422AE0,5
5.5.01,Bixby110dlg.cpp,bixby110control::BixbyProcessHelpRequest(),0,0x00410480,pushbutton::WasPushed(),0x00422CD0,34
5.5.01,Bixby110dlg.cpp,bixby110control::BixbyProcessHelpRequest(),0,0x00410480,statictext::WasPushed(),0x00423640,1
5.5.01,Bixby110dlg.cpp,bixby110control::BixbyProcessHelpRequest(),0,0x00410480,MessageBoxA@16,0x00432B90,32
5.5.01,Bixby110dlg.cpp,"bixby110control::AppendDataLogLine(char*, unsigned char)",0,0x00411190,strcpy,0x004329C0,1
5.5.01,Bixby110dlg.cpp,bixby110control::AppendDataLogLine(char*),0,0x00411200,strlen,0x004329B0,3
5.5.01,Bixby110dlg.cpp,bixby110control::AppendDataLogLine(char*),0,0x00411200,strcat,0x004329F0,1
5.5.01,Bixby110dlg.cpp,bixby110control::WriteDataLogTimeDate(),0,0x00411280,"FormatTime(_SYSTEMTIME*, char*)",0x004082D0,1
5.5.01,Bixby110dlg.cpp,bixby110control::WriteDataLogTimeDate(),0,0x00411280,strlen,0x004329B0,3
5.5.01,Bixby110dlg.cpp,bixby110control::WriteDataLogTimeDate(),0,0x00411280,strcat,0x004329F0,1
5.5.01,Bixby110dlg.cpp,bixby110control::WriteDataLogTimeDate(),0,0x00411280,GetLocalTime@4,0x00432E70,1
5.5.01,Bixby110dlg.cpp,bixby110control::DataLogLineAssemblePayload(),0,0x00411340,strlen,0x004329B0,1
5.5.01,Bixby110dlg.cpp,bixby110control::DataLogLineAssemblePayload(),0,0x00411340,strcat,0x004329F0,1
5.5.01,Bixby110dlg.cpp,bixby110control::WriteDataLogLine(),0,0x004113B0,"FormatTime(_SYSTEMTIME*, char*)",0x004082D0,1
5.5.01,Bixby110dlg.cpp,bixby110control::WriteDataLogLine(),0,0x004113B0,strlen,0x004329B0,5
5.5.01,Bixby110dlg.cpp,bixby110control::WriteDataLogLine(),0,0x004113B0,strcat,0x004329F0,1
5.5.01,Bixby110dlg.cpp,bixby110control::WriteDataLogLine(),0,0x004113B0,WriteFile@20,0x00432E50,1
5.5.01,Bixby110dlg.cpp,bixby110control::WriteDataLogLine(),0,0x004113B0,GetLocalTime@4,0x00432E70,1
5.5.01,Bixby110dlg.cpp,bixby110control::WriteDataLogDescription(),0,0x00411510,"FormatTime(_SYSTEMTIME*, char*)",0x004082D0,1
5.5.01,Bixby110dlg.cpp,bixby110control::WriteDataLogDescription(),0,0x00411510,manual3checkbox::IsChecked(),0x00422680,1
5.5.01,Bixby110dlg.cpp,bixby110control::WriteDataLogDescription(),0,0x00411510,strlen,0x004329B0,14
5.5.01,Bixby110dlg.cpp,bixby110control::WriteDataLogDescription(),0,0x00411510,strcat,0x004329F0,4
5.5.01,Bixby110dlg.cpp,bixby110control::WriteDataLogDescription(),0,0x00411510,WriteFile@20,0x00432E50,1
5.5.01,Bixby110dlg.cpp,bixby110control::WriteDataLogDescription(),0,0x00411510,GetLocalTime@4,0x00432E70,1
5.5.01,Bixby110dlg.cpp,"bixby110control::BixbyWriteRegister(unsigned char, unsigned char, unsigned char, unsigned char)",0,0x00414780,"PercentageToStoveMultiplyParameter(unsigned char, unsigned char)",0x00407A20,1
5.5.01,Bixby110dlg.cpp,"bixby110control::BixbyWriteRegister(unsigned char, unsigned char, unsigned char, unsigned char)",0,0x00414780,"TimeDelay(HWND__*, unsigned int)",0x00408040,2
5.5.01,Bixby110dlg.cpp,"bixby110control::BixbyWriteRegister(unsigned char, unsigned char, unsigned char, unsigned char)",0,0x00414780,"bixby110io::writereg(unsigned char, unsigned char, unsigned char)",0x00409530,1
5.5.01,Bixby110dlg.cpp,"bixby110control::BixbyWriteRegister(unsigned char, unsigned char, unsigned char, unsigned char)",0,0x00414780,bixby110io::CollectResponse(unsigned char*),0x00409640,4
5.5.01,Bixby110dlg.cpp,"bixby110control::BixbyWriteRegister(unsigned char, unsigned char, unsigned char, unsigned char)",0,0x00414780,"bixby110control::Bixby110UpdateData(char, unsigned char)",0x004118A0,2
5.5.01,Bixby110dlg.cpp,"bixby110control::BixbyWriteRegister(unsigned char, unsigned char, unsigned char, unsigned char)",0,0x00414780,edit::Settext(char const*),0x00423170,4
5.5.01,Bixby110dlg.cpp,"bixby110control::BixbyWriteRegister(unsigned char, unsigned char, unsigned char, unsigned char)",0,0x00414780,strcpy,0x004329C0,4
5.5.01,Bixby110dlg.cpp,"bixby110control::BixbyWriteRegister(unsigned char, unsigned char, unsigned char)",0,0x00414A20,"bixby110control::BixbyWriteRegister(unsigned char, unsigned char, unsigned char, unsigned char)",0x00414780,1
5.5.01,Bixby110dlg.cpp,bixby110control::GetSelectedModel(),0,0x00414A60,manualradiobutton::IsChecked(),0x004229E0,1
5.5.01,Bixby110dlg.cpp,bixby110control::GetSelectedAltitude(),0,0x00414AB0,manualradiobutton::IsChecked(),0x004229E0,1
5.5.01,Bixby110dlg.cpp,bixby110control::GetSelectedFueltypeA(),0,0x00414B10,manualradiobutton::IsChecked(),0x004229E0,1
5.5.01,Bixby110dlg.cpp,bixby110control::GetSelectedFueltypeB(),0,0x00414B60,manualradiobutton::IsChecked(),0x004229E0,1
5.5.01,Bixby110dlg.cpp,bixby110control::GetSelectedFancurve(),0,0x00414BB0,manualradiobutton::IsChecked(),0x004229E0,1
5.5.01,Bixby110dlg.cpp,bixby110control::GetSelectedFeedwheel(),0,0x00414C00,manualradiobutton::IsChecked(),0x004229E0,1
5.5.01,Bixby110dlg.cpp,bixby110control::Bixby110TuneAdjustments(unsigned char),0,0x00414C50,manual3checkbox::SetUnchecked(),0x004227C0,2
5.5.01,Bixby110dlg.cpp,bixby110control::Bixby110TuneAdjustments(unsigned char),0,0x00414C50,manualradiobutton::IsChecked(),0x004229E0,5
5.5.01,Bixby110dlg.cpp,bixby110control::Bixby110TuneAdjustments(unsigned char),0,0x00414C50,manualradiobutton::SetChecked(),0x00422A50,6
5.5.01,Bixby110dlg.cpp,bixby110control::Bixby110TuneAdjustments(unsigned char),0,0x00414C50,edit::Settext(char const*),0x00423170,4
5.5.01,Bixby110dlg.cpp,bixby110control::Bixby110TuneAdjustments(unsigned char),0,0x00414C50,edit::SetBkColor(unsigned long),0x00423200,5
5.5.01,Bixby110dlg.cpp,bixby110control::Bixby110TuneAdjustments(unsigned char),0,0x00414C50,sprintf,0x00432990,4
5.5.01,Bixby110dlg.cpp,"bixby110control::Bixby110Initialize(unsigned char, unsigned char)",0,0x004155D0,"TimeDelay(HWND__*, unsigned int)",0x00408040,1
5.5.01,Bixby110dlg.cpp,"bixby110control::Bixby110Initialize(unsigned char, unsigned char)",0,0x004155D0,"bixby110control::BixbyWriteRegister(unsigned char, unsigned char, unsigned char, unsigned char)",0x00414780,1
5.5.01,Bixby110dlg.cpp,"bixby110control::Bixby110Initialize(unsigned char, unsigned char)",0,0x004155D0,manual3checkbox::SetSimulatedPush(),0x004228B0,1
5.5.01,Bixby110dlg.cpp,"bixby110control::Bixby110Initialize(unsigned char, unsigned char)",0,0x004155D0,pushbutton::SetSimulatedPush(),0x00422CF0,5
5.5.01,Bixby110dlg.cpp,bixby110control::LoadReport(char*),0,0x00415750,"strsearch(char*, char*)",0x00407EC0,3
5.5.01,Bixby110dlg.cpp,bixby110control::LoadReport(char*),0,0x00415750,"strsearchtail(char*, char*)",0x00407F40,9
5.5.01,Bixby110dlg.cpp,bixby110control::LoadReport(char*),0,0x00415750,edit::Settext(char const*),0x00423170,10
5.5.01,Bixby110dlg.cpp,bixby110control::LoadReport(char*),0,0x00415750,edit::SetBkColor(unsigned long),0x00423200,10
5.5.01,Bixby110dlg.cpp,bixby110control::LoadReport(char*),0,0x00415750,__chkstk,0x00432610,1
5.5.01,Bixby110dlg.cpp,bixby110control::LoadReport(char*),0,0x00415750,sprintf,0x00432990,2
5.5.01,Bixby110dlg.cpp,bixby110control::LoadReport(char*),0,0x00415750,strcat,0x004329F0,6
5.5.01,Bixby110dlg.cpp,bixby110control::LoadReport(char*),0,0x00415750,strncpy,0x00432A00,10
5.5.01,Bixby110dlg.cpp,bixby110control::LoadReport(char*),0,0x00415750,MessageBoxA@16,0x00432B90,2
5.5.01,Bixby110dlg.cpp,bixby110control::LoadReport(char*),0,0x00415750,CloseHandle@4,0x00432E10,1
5.5.01,Bixby110dlg.cpp,bixby110control::LoadReport(char*),0,0x00415750,ReadFile@20,0x00432E60,1
5.5.01,Bixby110dlg.cpp,bixby110control::LoadReport(char*),0,0x00415750,OpenFile@12,0x00432EC0,1
5.5.01,Bixby110dlg.cpp,bixby110control::LoadReport(char*),0,0x00415750,GetFileSize@8,0x00432ED0,1
5.5.01,Bixby110dlg.cpp,"bixby110control::Bixby110DialogSetupTelemetry(int, int, int, int)",0,0x00416050,"manual3checkbox::CreateManual3checkbox(char const*, int, int, HWND__*, HINSTANCE__*)",0x004225C0,1
5.5.01,Bixby110dlg.cpp,"bixby110control::Bixby110DialogSetupTelemetry(int, int, int, int)",0,0x00416050,manual3checkbox::SetChecked(),0x00422780,1
5.5.01,Bixby110dlg.cpp,"bixby110control::Bixby110DialogSetupTelemetry(int, int, int, int)",0,0x00416050,"pushbutton::CreatePushbutton(char const*, int, int, HWND__*, HINSTANCE__*)",0x00422B80,1
5.5.01,Bixby110dlg.cpp,"bixby110control::Bixby110DialogSetupTelemetry(int, int, int, int)",0,0x00416050,"edit::CreateEdit(char const*, int, int, int, int, HWND__*, HINSTANCE__*, unsigned long)",0x00423070,3
5.5.01,Bixby110dlg.cpp,"bixby110control::Bixby110DialogSetupIndividualization(int, int, int, int)",0,0x00416270,"pushbutton::CreatePushbutton(char const*, int, int, HWND__*, HINSTANCE__*)",0x00422B80,2
5.5.01,Bixby110dlg.cpp,"bixby110control::Bixby110DialogSetupIndividualization(int, int, int, int)",0,0x00416270,"edit::CreateEdit(char const*, int, int, int, int, HWND__*, HINSTANCE__*, unsigned long)",0x00423070,3
5.5.01,Bixby110dlg.cpp,"bixby110control::Bixby110DialogSetupIndividualization(int, int, int, int)",0,0x00416270,edit::Settext(char const*),0x00423170,3
5.5.01,Bixby110dlg.cpp,"bixby110control::Bixby110DialogSetupIndividualization(int, int, int, int)",0,0x00416270,"statictext::CreateStatictext(char const*, int, int, int, int, HWND__*, HINSTANCE__*)",0x00423550,1
5.5.01,Bixby110dlg.cpp,"bixby110control::Bixby110DialogSetupIndividualization(int, int, int, int)",0,0x00416270,GetTextExtentPoint32A@16,0x00432B00,1
5.5.01,Bixby110dlg.cpp,"bixby110control::Bixby110DialogSetupIndividualization(int, int, int, int)",0,0x00416270,GetDC@4,0x00432BB0,1
5.5.01,Bixby110dlg.cpp,"bixby110control::Bixby110DialogSetupIndividualization(int, int, int, int)",0,0x00416270,ReleaseDC@8,0x00432BC0,1
5.5.01,Bixby110dlg.cpp,"bixby110control::Bixby110DialogSetupQuickCal(int, int, int, int)",0,0x00416600,"manualradiobutton::CreateManualRadiobutton(char const*, int, int, HWND__*, HINSTANCE__*)",0x004228E0,5
5.5.01,Bixby110dlg.cpp,"bixby110control::Bixby110DialogSetupQuickCal(int, int, int, int)",0,0x00416600,"pushbutton::CreatePushbutton(char const*, int, int, HWND__*, HINSTANCE__*)",0x00422B80,3
5.5.01,Bixby110dlg.cpp,"bixby110control::Bixby110DialogSetupQuickCal(int, int, int, int)",0,0x00416600,"statictext::CreateStatictext(char const*, int, int, int, int, HWND__*, HINSTANCE__*)",0x00423550,1
5.5.01,Bixby110dlg.cpp,"bixby110control::Bixby110DialogSetupQuickCal(int, int, int, int)",0,0x00416600,"staticborder::CreateStaticborder(char const*, int, int, int, int, HWND__*, HINSTANCE__*)",0x00423660,4
5.5.01,Bixby110dlg.cpp,"bixby110control::Bixby110DialogSetupQuickCal(int, int, int, int)",0,0x00416600,GetTextExtentPoint32A@16,0x00432B00,1
5.5.01,Bixby110dlg.cpp,"bixby110control::Bixby110DialogSetupQuickCal(int, int, int, int)",0,0x00416600,GetDC@4,0x00432BB0,1
5.5.01,Bixby110dlg.cpp,"bixby110control::Bixby110DialogSetupQuickCal(int, int, int, int)",0,0x00416600,ReleaseDC@8,0x00432BC0,1
5.5.01,Bixby110dlg.cpp,"bixby110control::Bixby110DialogSetupDebug(int, int, int, int)",0,0x00416AB0,"pushbutton::CreatePushbutton(char const*, int, int, HWND__*, HINSTANCE__*)",0x00422B80,2
5.5.01,Bixby110dlg.cpp,"bixby110control::Bixby110DialogSetupDebug(int, int, int, int)",0,0x00416AB0,"edit::CreateEdit(char const*, int, int, int, int, HWND__*, HINSTANCE__*, unsigned long)",0x00423070,4
5.5.01,Bixby110dlg.cpp,"bixby110control::Bixby110DialogSetupDebug(int, int, int, int)",0,0x00416AB0,"statictext::CreateStatictext(char const*, int, int, int, int, HWND__*, HINSTANCE__*)",0x00423550,1
5.5.01,Bixby110dlg.cpp,"bixby110control::Bixby110DialogSetupDebug(int, int, int, int)",0,0x00416AB0,GetTextExtentPoint32A@16,0x00432B00,1
5.5.01,Bixby110dlg.cpp,"bixby110control::Bixby110DialogSetupDebug(int, int, int, int)",0,0x00416AB0,GetDC@4,0x00432BB0,1
5.5.01,Bixby110dlg.cpp,"bixby110control::Bixby110DialogSetupDebug(int, int, int, int)",0,0x00416AB0,ReleaseDC@8,0x00432BC0,1
5.5.01,Bixby110dlg.cpp,"bixby110control::Bixby110DialogSetupFlueMonitor(int, int, int, int)",0,0x00416DF0,"edit::CreateEdit(char const*, int, int, int, int, HWND__*, HINSTANCE__*, unsigned long)",0x00423070,4
5.5.01,Bixby110dlg.cpp,"bixby110control::Bixby110DialogSetupFlueMonitor(int, int, int, int)",0,0x00416DF0,"statictext::CreateStatictext(char const*, int, int, int, int, HWND__*, HINSTANCE__*)",0x00423550,6
5.5.01,Bixby110dlg.cpp,"bixby110control::Bixby110DialogSetupFuelMonitor(HWND__*, int, int, int, int, int)",0,0x004171D0,"manual3checkbox::CreateManual3checkbox(char const*, int, int, HWND__*, HINSTANCE__*)",0x004225C0,2
5.5.01,Bixby110dlg.cpp,"bixby110control::Bixby110DialogSetupFuelMonitor(HWND__*, int, int, int, int, int)",0,0x004171D0,manual3checkbox::SetIndeterminate(),0x00422800,2
5.5.01,Bixby110dlg.cpp,"bixby110control::Bixby110DialogSetupFuelMonitor(HWND__*, int, int, int, int, int)",0,0x004171D0,"pushbutton::CreatePushbutton(char const*, int, int, HWND__*, HINSTANCE__*)",0x00422B80,5
5.5.01,Bixby110dlg.cpp,"bixby110control::Bixby110DialogSetupFuelMonitor(HWND__*, int, int, int, int, int)",0,0x004171D0,"edit::CreateEdit(char const*, int, int, int, int, HWND__*, HINSTANCE__*, unsigned long)",0x00423070,5
5.5.01,Bixby110dlg.cpp,"bixby110control::Bixby110DialogSetupFuelMonitor(HWND__*, int, int, int, int, int)",0,0x004171D0,edit::Settext(char const*),0x00423170,4
5.5.01,Bixby110dlg.cpp,"bixby110control::Bixby110DialogSetupFuelMonitor(HWND__*, int, int, int, int, int)",0,0x004171D0,"statictext::CreateStatictext(char const*, int, int, int, int, HWND__*, HINSTANCE__*)",0x00423550,3
5.5.01,Bixby110dlg.cpp,"bixby110control::Bixby110DialogSetupFuelMonitor(HWND__*, int, int, int, int, int)",0,0x004171D0,strlen,0x004329B0,1
5.5.01,Bixby110dlg.cpp,"bixby110control::Bixby110DialogSetupFuelMonitor(HWND__*, int, int, int, int, int)",0,0x004171D0,GetTextExtentPoint32A@16,0x00432B00,1
5.5.01,Bixby110dlg.cpp,"bixby110control::Bixby110DialogSetupFuelMonitor(HWND__*, int, int, int, int, int)",0,0x004171D0,GetDC@4,0x00432BB0,1
5.5.01,Bixby110dlg.cpp,"bixby110control::Bixby110DialogSetupFuelMonitor(HWND__*, int, int, int, int, int)",0,0x004171D0,ReleaseDC@8,0x00432BC0,1
5.5.01,Bixby110dlg.cpp,bixby110control::Bixby110DialogSetupUtilityWindows(),0,0x004177B0,GetStockObject@4,0x00432B10,8
5.5.01,Bixby110dlg.cpp,bixby110control::Bixby110DialogSetupUtilityWindows(),0,0x004177B0,SelectObject@8,0x00432B20,4
5.5.01,Bixby110dlg.cpp,bixby110control::Bixby110DialogSetupUtilityWindows(),0,0x004177B0,MessageBoxA@16,0x00432B90,4
5.5.01,Bixby110dlg.cpp,bixby110control::Bixby110DialogSetupUtilityWindows(),0,0x004177B0,GetDC@4,0x00432BB0,4
5.5.01,Bixby110dlg.cpp,bixby110control::Bixby110DialogSetupUtilityWindows(),0,0x004177B0,ReleaseDC@8,0x00432BC0,4
5.5.01,Bixby110dlg.cpp,bixby110control::Bixby110DialogSetupUtilityWindows(),0,0x004177B0,CreateWindowExA@48,0x00432C40,4
5.5.01,Bixby110dlg.cpp,bixby110control::Bixby110DialogSetupUtilityWindows(),0,0x004177B0,SendMessageA@16,0x00432C50,4
5.5.01,Bixby110dlg.cpp,"bixby110control::Bixby110DialogSetupButtons(int, int, int, int)",0,0x00417D70,"pushbutton::CreatePushbutton(char const*, int, int, HWND__*, HINSTANCE__*)",0x00422B80,9
5.5.01,Bixby110dlg.cpp,"bixby110control::Bixby110DialogSetupButtons(int, int, int, int)",0,0x00417D70,"edit::CreateEdit(char const*, int, int, int, int, HWND__*, HINSTANCE__*, unsigned long)",0x00423070,3
5.5.01,Bixby110dlg.cpp,"bixby110control::Bixby110DialogSetupButtons(int, int, int, int)",0,0x00417D70,ShowWindow@8,0x00432C10,1
5.5.01,Bixby110dlg.cpp,"bixby110control::Bixby110DialogSetupPanel(int, int, int, int)",0,0x00418070,"pushbutton::CreatePushbutton(char const*, int, int, HWND__*, HINSTANCE__*)",0x00422B80,5
5.5.01,Bixby110dlg.cpp,"bixby110control::Bixby110DialogSetupPanel(int, int, int, int)",0,0x00418070,"edit::CreateEdit(char const*, int, int, int, int, HWND__*, HINSTANCE__*, unsigned long)",0x00423070,1
5.5.01,Bixby110dlg.cpp,"bixby110control::Bixby110DialogSetupUtilityWindowButtons(int, int, int, int)",0,0x004181E0,"pushbutton::CreatePushbutton(char const*, int, int, HWND__*, HINSTANCE__*)",0x00422B80,4
5.5.01,Bixby110dlg.cpp,bixby110control::HaveItsMemoryBanksErased(),0,0x004182D0,bixby110io::scanio(unsigned char*),0x004089E0,1
5.5.01,Bixby110dlg.cpp,bixby110control::HaveItsMemoryBanksErased(),0,0x004182D0,"bixby110control::BixbyWriteRegister(unsigned char, unsigned char, unsigned char, unsigned char)",0x00414780,1
5.5.01,Bixby110dlg.cpp,"bixby110control::Bixby110Dialog(HINSTANCE__*, int, unsigned char, unsigned char)",0,0x00418340,"PercentageToStoveMultiplyParameter(unsigned char, unsigned char)",0x00407A20,2
5.5.01,Bixby110dlg.cpp,"bixby110control::Bixby110Dialog(HINSTANCE__*, int, unsigned char, unsigned char)",0,0x00418340,"TimeDelay(HWND__*, unsigned int)",0x00408040,19
5.5.01,Bixby110dlg.cpp,"bixby110control::Bixby110Dialog(HINSTANCE__*, int, unsigned char, unsigned char)",0,0x00418340,"FormatTime(_SYSTEMTIME*, char*)",0x004082D0,1
5.5.01,Bixby110dlg.cpp,"bixby110control::Bixby110Dialog(HINSTANCE__*, int, unsigned char, unsigned char)",0,0x00418340,"GetCompressedDate(_SYSTEMTIME*, char*)",0x004084C0,1
5.5.01,Bixby110dlg.cpp,"bixby110control::Bixby110Dialog(HINSTANCE__*, int, unsigned char, unsigned char)",0,0x00418340,TextBased_0_255_RangeCheck(char*),0x00408500,2
5.5.01,Bixby110dlg.cpp,"bixby110control::Bixby110Dialog(HINSTANCE__*, int, unsigned char, unsigned char)",0,0x00418340,TextBased_m128_p127_RangeCheck(char*),0x004085F0,1
5.5.01,Bixby110dlg.cpp,"bixby110control::Bixby110Dialog(HINSTANCE__*, int, unsigned char, unsigned char)",0,0x00418340,"RangeCheckAssumingValidEntry(_BXDataElement_*, char*)",0x004086E0,2
5.5.01,Bixby110dlg.cpp,"bixby110control::Bixby110Dialog(HINSTANCE__*, int, unsigned char, unsigned char)",0,0x00418340,"bixby110io::getrs232port(unsigned char, unsigned char)",0x004087B0,1
5.5.01,Bixby110dlg.cpp,"bixby110control::Bixby110Dialog(HINSTANCE__*, int, unsigned char, unsigned char)",0,0x00418340,bixby110io::freers232port(),0x00408940,1
5.5.01,Bixby110dlg.cpp,"bixby110control::Bixby110Dialog(HINSTANCE__*, int, unsigned char, unsigned char)",0,0x00418340,bixby110io::scanio(unsigned char*),0x004089E0,2
5.5.01,Bixby110dlg.cpp,"bixby110control::Bixby110Dialog(HINSTANCE__*, int, unsigned char, unsigned char)",0,0x00418340,"bixby110io::writereg(unsigned char, unsigned char, unsigned char)",0x00409530,8
5.5.01,Bixby110dlg.cpp,"bixby110control::Bixby110Dialog(HINSTANCE__*, int, unsigned char, unsigned char)",0,0x00418340,"bixby110io::readreg(unsigned char, unsigned char)",0x00409570,10
5.5.01,Bixby110dlg.cpp,"bixby110control::Bixby110Dialog(HINSTANCE__*, int, unsigned char, unsigned char)",0,0x00418340,bixby110io::getCMDbuf(unsigned char),0x004095E0,2
5.5.01,Bixby110dlg.cpp,"bixby110control::Bixby110Dialog(HINSTANCE__*, int, unsigned char, unsigned char)",0,0x00418340,"bixby110io::getUnit0Data(unsigned char, char*)",0x00409CB0,1
5.5.01,Bixby110dlg.cpp,"bixby110control::Bixby110Dialog(HINSTANCE__*, int, unsigned char, unsigned char)",0,0x00418340,bixby110io::CalculateChecksum(unsigned char),0x0040A010,1
5.5.01,Bixby110dlg.cpp,"bixby110control::Bixby110Dialog(HINSTANCE__*, int, unsigned char, unsigned char)",0,0x00418340,bixby110control::GenerateReport(char*),0x0040F870,1
5.5.01,Bixby110dlg.cpp,"bixby110control::Bixby110Dialog(HINSTANCE__*, int, unsigned char, unsigned char)",0,0x00418340,bixby110control::BixbyProcessHelpRequest(),0x00410480,1
5.5.01,Bixby110dlg.cpp,"bixby110control::Bixby110Dialog(HINSTANCE__*, int, unsigned char, unsigned char)",0,0x00418340,"bixby110control::Bixby110UpdateData(char, unsigned char)",0x004118A0,1
5.5.01,Bixby110dlg.cpp,"bixby110control::Bixby110Dialog(HINSTANCE__*, int, unsigned char, unsigned char)",0,0x00418340,"bixby110control::BixbyWriteRegister(unsigned char, unsigned char, unsigned char, unsigned char)",0x00414780,5
5.5.01,Bixby110dlg.cpp,"bixby110control::Bixby110Dialog(HINSTANCE__*, int, unsigned char, unsigned char)",0,0x00418340,bixby110control::Bixby110TuneAdjustments(unsigned char),0x00414C50,2
5.5.01,Bixby110dlg.cpp,"bixby110control::Bixby110Dialog(HINSTANCE__*, int, unsigned char, unsigned char)",0,0x00418340,"bixby110control::Bixby110Initialize(unsigned char, unsigned char)",0x004155D0,2
5.5.01,Bixby110dlg.cpp,"bixby110control::Bixby110Dialog(HINSTANCE__*, int, unsigned char, unsigned char)",0,0x00418340,bixby110control::LoadReport(char*),0x00415750,1
5.5.01,Bixby110dlg.cpp,"bixby110control::Bixby110Dialog(HINSTANCE__*, int, unsigned char, unsigned char)",0,0x00418340,"bixby110control::Bixby110DialogSetupTelemetry(int, int, int, int)",0x00416050,1
5.5.01,Bixby110dlg.cpp,"bixby110control::Bixby110Dialog(HINSTANCE__*, int, unsigned char, unsigned char)",0,0x00418340,"bixby110control::Bixby110DialogSetupIndividualization(int, int, int, int)",0x00416270,1
5.5.01,Bixby110dlg.cpp,"bixby110control::Bixby110Dialog(HINSTANCE__*, int, unsigned char, unsigned char)",0,0x00418340,"bixby110control::Bixby110DialogSetupQuickCal(int, int, int, int)",0x00416600,1
5.5.01,Bixby110dlg.cpp,"bixby110control::Bixby110Dialog(HINSTANCE__*, int, unsigned char, unsigned char)",0,0x00418340,"bixby110control::Bixby110DialogSetupDebug(int, int, int, int)",0x00416AB0,1
5.5.01,Bixby110dlg.cpp,"bixby110control::Bixby110Dialog(HINSTANCE__*, int, unsigned char, unsigned char)",0,0x00418340,"bixby110control::Bixby110DialogSetupFlueMonitor(int, int, int, int)",0x00416DF0,1
5.5.01,Bixby110dlg.cpp,"bixby110control::Bixby110Dialog(HINSTANCE__*, int, unsigned char, unsigned char)",0,0x00418340,"bixby110control::Bixby110DialogSetupFuelMonitor(HWND__*, int, int, int, int, int)",0x004171D0,2
5.5.01,Bixby110dlg.cpp,"bixby110control::Bixby110Dialog(HINSTANCE__*, int, unsigned char, unsigned char)",0,0x00418340,bixby110control::Bixby110DialogSetupUtilityWindows(),0x004177B0,1
5.5.01,Bixby110dlg.cpp,"bixby110control::Bixby110Dialog(HINSTANCE__*, int, unsigned char, unsigned char)",0,0x00418340,"bixby110control::Bixby110DialogSetupButtons(int, int, int, int)",0x00417D70,1
5.5.01,Bixby110dlg.cpp,"bixby110control::Bixby110Dialog(HINSTANCE__*, int, unsigned char, unsigned char)",0,0x00418340,"bixby110control::Bixby110DialogSetupPanel(int, int, int, int)",0x00418070,1
5.5.01,Bixby110dlg.cpp,"bixby110control::Bixby110Dialog(HINSTANCE__*, int, unsigned char, unsigned char)",0,0x00418340,dlgmsgrouter::RemoveMessageRoute(HWND__*),0x00421F30,1
5.5.01,Bixby110dlg.cpp,"bixby110control::Bixby110Dialog(HINSTANCE__*, int, unsigned char, unsigned char)",0,0x00418340,manual3checkbox::IsChecked(),0x00422680,4
5.5.01,Bixby110dlg.cpp,"bixby110control::Bixby110Dialog(HINSTANCE__*, int, unsigned char, unsigned char)",0,0x00418340,manual3checkbox::SetChecked(),0x00422780,2
5.5.01,Bixby110dlg.cpp,"bixby110control::Bixby110Dialog(HINSTANCE__*, int, unsigned char, unsigned char)",0,0x00418340,manual3checkbox::SetUnchecked(),0x004227C0,2
5.5.01,Bixby110dlg.cpp,"bixby110control::Bixby110Dialog(HINSTANCE__*, int, unsigned char, unsigned char)",0,0x00418340,manual3checkbox::WasPushed(),0x004228C0,3
5.5.01,Bixby110dlg.cpp,"bixby110control::Bixby110Dialog(HINSTANCE__*, int, unsigned char, unsigned char)",0,0x00418340,manualradiobutton::IsChecked(),0x004229E0,8
5.5.01,Bixby110dlg.cpp,"bixby110control::Bixby110Dialog(HINSTANCE__*, int, unsigned char, unsigned char)",0,0x00418340,manualradiobutton::SetChecked(),0x00422A50,21
5.5.01,Bixby110dlg.cpp,"bixby110control::Bixby110Dialog(HINSTANCE__*, int, unsigned char, unsigned char)",0,0x00418340,manualradiobutton::SetUnchecked(),0x00422A90,8
5.5.01,Bixby110dlg.cpp,"bixby110control::Bixby110Dialog(HINSTANCE__*, int, unsigned char, unsigned char)",0,0x00418340,manualradiobutton::SetSimulatedPush(),0x00422AD0,1
5.5.01,Bixby110dlg.cpp,"bixby110control::Bixby110Dialog(HINSTANCE__*, int, unsigned char, unsigned char)",0,0x00418340,manualradiobutton::WasPushed(),0x00422AE0,5
5.5.01,Bixby110dlg.cpp,"bixby110control::Bixby110Dialog(HINSTANCE__*, int, unsigned char, unsigned char)",0,0x00418340,"pushbutton::CreatePushbutton(char const*, int, int, HWND__*, HINSTANCE__*)",0x00422B80,4
5.5.01,Bixby110dlg.cpp,"bixby110control::Bixby110Dialog(HINSTANCE__*, int, unsigned char, unsigned char)",0,0x00418340,pushbutton::WasPushed(),0x00422CD0,31
5.5.01,Bixby110dlg.cpp,"bixby110control::Bixby110Dialog(HINSTANCE__*, int, unsigned char, unsigned char)",0,0x00418340,pushbutton::SetSimulatedPush(),0x00422CF0,21
5.5.01,Bixby110dlg.cpp,"bixby110control::Bixby110Dialog(HINSTANCE__*, int, unsigned char, unsigned char)",0,0x00418340,edit::Gettext(),0x00423130,12
5.5.01,Bixby110dlg.cpp,"bixby110control::Bixby110Dialog(HINSTANCE__*, int, unsigned char, unsigned char)",0,0x00418340,edit::Settext(char const*),0x00423170,29
5.5.01,Bixby110dlg.cpp,"bixby110control::Bixby110Dialog(HINSTANCE__*, int, unsigned char, unsigned char)",0,0x00418340,edit::SetBkColor(unsigned long),0x00423200,20
5.5.01,Bixby110dlg.cpp,"bixby110control::Bixby110Dialog(HINSTANCE__*, int, unsigned char, unsigned char)",0,0x00418340,"dlgbox::CreateDialogBox(char const*, unsigned long, char const*)",0x00423900,1
5.5.01,Bixby110dlg.cpp,"bixby110control::Bixby110Dialog(HINSTANCE__*, int, unsigned char, unsigned char)",0,0x00418340,"filerequester::FileRequest(HINSTANCE__*, char*)",0x004242C0,1
5.5.01,Bixby110dlg.cpp,"bixby110control::Bixby110Dialog(HINSTANCE__*, int, unsigned char, unsigned char)",0,0x00418340,sprintf,0x00432990,10
5.5.01,Bixby110dlg.cpp,"bixby110control::Bixby110Dialog(HINSTANCE__*, int, unsigned char, unsigned char)",0,0x00418340,memcpy,0x004329A0,1
5.5.01,Bixby110dlg.cpp,"bixby110control::Bixby110Dialog(HINSTANCE__*, int, unsigned char, unsigned char)",0,0x00418340,strlen,0x004329B0,15
5.5.01,Bixby110dlg.cpp,"bixby110control::Bixby110Dialog(HINSTANCE__*, int, unsigned char, unsigned char)",0,0x00418340,strcpy,0x004329C0,7
5.5.01,Bixby110dlg.cpp,"bixby110control::Bixby110Dialog(HINSTANCE__*, int, unsigned char, unsigned char)",0,0x00418340,atoi,0x004329D0,6
5.5.01,Bixby110dlg.cpp,"bixby110control::Bixby110Dialog(HINSTANCE__*, int, unsigned char, unsigned char)",0,0x00418340,strcmp,0x004329E0,2
5.5.01,Bixby110dlg.cpp,"bixby110control::Bixby110Dialog(HINSTANCE__*, int, unsigned char, unsigned char)",0,0x00418340,strcat,0x004329F0,5
5.5.01,Bixby110dlg.cpp,"bixby110control::Bixby110Dialog(HINSTANCE__*, int, unsigned char, unsigned char)",0,0x00418340,GetTextExtentPoint32A@16,0x00432B00,1
5.5.01,Bixby110dlg.cpp,"bixby110control::Bixby110Dialog(HINSTANCE__*, int, unsigned char, unsigned char)",0,0x00418340,GetStockObject@4,0x00432B10,2
5.5.01,Bixby110dlg.cpp,"bixby110control::Bixby110Dialog(HINSTANCE__*, int, unsigned char, unsigned char)",0,0x00418340,SelectObject@8,0x00432B20,1
5.5.01,Bixby110dlg.cpp,"bixby110control::Bixby110Dialog(HINSTANCE__*, int, unsigned char, unsigned char)",0,0x00418340,GetSaveFileNameA@4,0x00432B80,1
5.5.01,Bixby110dlg.cpp,"bixby110control::Bixby110Dialog(HINSTANCE__*, int, unsigned char, unsigned char)",0,0x00418340,MessageBoxA@16,0x00432B90,13
5.5.01,Bixby110dlg.cpp,"bixby110control::Bixby110Dialog(HINSTANCE__*, int, unsigned char, unsigned char)",0,0x00418340,SetWindowTextA@8,0x00432BA0,1
5.5.01,Bixby110dlg.cpp,"bixby110control::Bixby110Dialog(HINSTANCE__*, int, unsigned char, unsigned char)",0,0x00418340,GetDC@4,0x00432BB0,2
5.5.01,Bixby110dlg.cpp,"bixby110control::Bixby110Dialog(HINSTANCE__*, int, unsigned char, unsigned char)",0,0x00418340,ReleaseDC@8,0x00432BC0,2
5.5.01,Bixby110dlg.cpp,"bixby110control::Bixby110Dialog(HINSTANCE__*, int, unsigned char, unsigned char)",0,0x00418340,SetTimer@16,0x00432BD0,1
5.5.01,Bixby110dlg.cpp,"bixby110control::Bixby110Dialog(HINSTANCE__*, int, unsigned char, unsigned char)",0,0x00418340,DispatchMessageA@4,0x00432BE0,1
5.5.01,Bixby110dlg.cpp,"bixby110control::Bixby110Dialog(HINSTANCE__*, int, unsigned char, unsigned char)",0,0x00418340,GetMessageA@16,0x00432BF0,1
5.5.01,Bixby110dlg.cpp,"bixby110control::Bixby110Dialog(HINSTANCE__*, int, unsigned char, unsigned char)",0,0x00418340,TranslateMessage@4,0x00432C00,1
5.5.01,Bixby110dlg.cpp,"bixby110control::Bixby110Dialog(HINSTANCE__*, int, unsigned char, unsigned char)",0,0x00418340,ShowWindow@8,0x00432C10,6
5.5.01,Bixby110dlg.cpp,"bixby110control::Bixby110Dialog(HINSTANCE__*, int, unsigned char, unsigned char)",0,0x00418340,DestroyWindow@4,0x00432C30,63
5.5.01,Bixby110dlg.cpp,"bixby110control::Bixby110Dialog(HINSTANCE__*, int, unsigned char, unsigned char)",0,0x00418340,SendMessageA@16,0x00432C50,1
5.5.01,Bixby110dlg.cpp,"bixby110control::Bixby110Dialog(HINSTANCE__*, int, unsigned char, unsigned char)",0,0x00418340,GetSysColor@4,0x00432C60,1
5.5.01,Bixby110dlg.cpp,"bixby110control::Bixby110Dialog(HINSTANCE__*, int, unsigned char, unsigned char)",0,0x00418340,SetActiveWindow@4,0x00432C70,4
5.5.01,Bixby110dlg.cpp,"bixby110control::Bixby110Dialog(HINSTANCE__*, int, unsigned char, unsigned char)",0,0x00418340,RedrawWindow@16,0x00432C80,4
5.5.01,Bixby110dlg.cpp,"bixby110control::Bixby110Dialog(HINSTANCE__*, int, unsigned char, unsigned char)",0,0x00418340,SetFocus@4,0x00432C90,3
5.5.01,Bixby110dlg.cpp,"bixby110control::Bixby110Dialog(HINSTANCE__*, int, unsigned char, unsigned char)",0,0x00418340,ShowWindowAsync@8,0x00432CA0,4
5.5.01,Bixby110dlg.cpp,"bixby110control::Bixby110Dialog(HINSTANCE__*, int, unsigned char, unsigned char)",0,0x00418340,CreateFileA@28,0x00432DE0,1
5.5.01,Bixby110dlg.cpp,"bixby110control::Bixby110Dialog(HINSTANCE__*, int, unsigned char, unsigned char)",0,0x00418340,CloseHandle@4,0x00432E10,1
5.5.01,Bixby110dlg.cpp,"bixby110control::Bixby110Dialog(HINSTANCE__*, int, unsigned char, unsigned char)",0,0x00418340,WriteFile@20,0x00432E50,1
5.5.01,Bixby110dlg.cpp,"bixby110control::Bixby110Dialog(HINSTANCE__*, int, unsigned char, unsigned char)",0,0x00418340,GetLocalTime@4,0x00432E70,2
5.5.01,Bixby110dlg.cpp,"bixby110control::Bixby110Dialog(HINSTANCE__*, int, unsigned char, unsigned char)",0,0x00418340,GetFileAttributesA@4,0x00432EE0,1
5.5.01,Bixby110dlg.cpp,"bixby110control::Bixby110UpdateData(char, unsigned char)",0,0x004118A0,"FormatTime(_SYSTEMTIME*, char*)",0x004082D0,1
5.5.01,Bixby110dlg.cpp,"bixby110control::Bixby110UpdateData(char, unsigned char)",0,0x004118A0,bixby110io::getCMDbuf(unsigned char),0x004095E0,7
5.5.01,Bixby110dlg.cpp,"bixby110control::Bixby110UpdateData(char, unsigned char)",0,0x004118A0,manual3checkbox::IsChecked(),0x00422680,29
5.5.01,Bixby110dlg.cpp,"bixby110control::Bixby110UpdateData(char, unsigned char)",0,0x004118A0,manual3checkbox::SetChecked(),0x00422780,1
5.5.01,Bixby110dlg.cpp,"bixby110control::Bixby110UpdateData(char, unsigned char)",0,0x004118A0,manual3checkbox::SetUnchecked(),0x004227C0,1
5.5.01,Bixby110dlg.cpp,"bixby110control::Bixby110UpdateData(char, unsigned char)",0,0x004118A0,edit::Gettext(),0x00423130,5
5.5.01,Bixby110dlg.cpp,"bixby110control::Bixby110UpdateData(char, unsigned char)",0,0x004118A0,edit::Settext(char const*),0x00423170,15
5.5.01,Bixby110dlg.cpp,"bixby110control::Bixby110UpdateData(char, unsigned char)",0,0x004118A0,edit::SetBkColor(unsigned long),0x00423200,24
5.5.01,Bixby110dlg.cpp,"bixby110control::Bixby110UpdateData(char, unsigned char)",0,0x004118A0,sprintf,0x00432990,48
5.5.01,Bixby110dlg.cpp,"bixby110control::Bixby110UpdateData(char, unsigned char)",0,0x004118A0,strlen,0x004329B0,6
5.5.01,Bixby110dlg.cpp,"bixby110control::Bixby110UpdateData(char, unsigned char)",0,0x004118A0,strcpy,0x004329C0,38
5.5.01,Bixby110dlg.cpp,"bixby110control::Bixby110UpdateData(char, unsigned char)",0,0x004118A0,strcmp,0x004329E0,3
5.5.01,Bixby110dlg.cpp,"bixby110control::Bixby110UpdateData(char, unsigned char)",0,0x004118A0,strcat,0x004329F0,2
5.5.01,Bixby110dlg.cpp,"bixby110control::Bixby110UpdateData(char, unsigned char)",0,0x004118A0,GetSysColor@4,0x00432C60,7
5.5.01,Bixby110dlg.cpp,"bixby110control::Bixby110UpdateData(char, unsigned char)",0,0x004118A0,WriteFile@20,0x00432E50,1
5.5.01,Bixby110dlg.cpp,"bixby110control::Bixby110UpdateData(char, unsigned char)",0,0x004118A0,GetLocalTime@4,0x00432E70,1
5.5.01,Bixby110Downloader.cpp,bixby110downloader::bixby110downloader(),0,0x0041CBF0,bixby110io::bixby110io(),0x00408760,1
5.5.01,Bixby110Downloader.cpp,bixby110downloader::bixby110downloader(),0,0x0041CBF0,bixby110io::~bixby110io(),0x004087A0,1
5.5.01,Bixby110Downloader.cpp,bixby110downloader::bixby110downloader(),0,0x0041CBF0,dlgelement::dlgelement(),0x00422030,28
5.5.01,Bixby110Downloader.cpp,bixby110downloader::bixby110downloader(),0,0x0041CBF0,filerequester::filerequester(),0x00423C10,1
5.5.01,Bixby110Downloader.cpp,bixby110downloader::bixby110downloader(),0,0x0041CBF0,operator delete(void*),0x0042CCB0,1
5.5.01,Bixby110Downloader.cpp,bixby110downloader::bixby110downloader(),0,0x0041CBF0,operator new(unsigned int),0x0042CCD0,29
5.5.01,Bixby110Downloader.cpp,bixby110downloader::bixby110downloader(),0,0x0041CBF0,_Unwind_SjLj_Register,0x00431BC0,1
5.5.01,Bixby110Downloader.cpp,bixby110downloader::bixby110downloader(),0,0x0041CBF0,_Unwind_SjLj_Unregister,0x00431CA0,1
5.5.01,Bixby110Downloader.cpp,bixby110downloader::bixby110downloader(),0,0x0041CBF0,_Unwind_SjLj_Resume,0x00432280,1
5.5.01,Bixby110Downloader.cpp,bixby110downloader::bixby110downloader(),1,0x0041D4D0,bixby110io::bixby110io(),0x00408760,1
5.5.01,Bixby110Downloader.cpp,bixby110downloader::bixby110downloader(),1,0x0041D4D0,bixby110io::~bixby110io(),0x004087A0,1
5.5.01,Bixby110Downloader.cpp,bixby110downloader::bixby110downloader(),1,0x0041D4D0,dlgelement::dlgelement(),0x00422030,28
5.5.01,Bixby110Downloader.cpp,bixby110downloader::bixby110downloader(),1,0x0041D4D0,filerequester::filerequester(),0x00423C10,1
5.5.01,Bixby110Downloader.cpp,bixby110downloader::bixby110downloader(),1,0x0041D4D0,operator delete(void*),0x0042CCB0,1
5.5.01,Bixby110Downloader.cpp,bixby110downloader::bixby110downloader(),1,0x0041D4D0,operator new(unsigned int),0x0042CCD0,29
5.5.01,Bixby110Downloader.cpp,bixby110downloader::bixby110downloader(),1,0x0041D4D0,_Unwind_SjLj_Register,0x00431BC0,1
5.5.01,Bixby110Downloader.cpp,bixby110downloader::bixby110downloader(),1,0x0041D4D0,_Unwind_SjLj_Unregister,0x00431CA0,1
5.5.01,Bixby110Downloader.cpp,bixby110downloader::bixby110downloader(),1,0x0041D4D0,_Unwind_SjLj_Resume,0x00432280,1
5.5.01,Bixby110Downloader.cpp,bixby110downloader::~bixby110downloader(),0,0x0041DDB0,bixby110io::~bixby110io(),0x004087A0,2
5.5.01,Bixby110Downloader.cpp,bixby110downloader::~bixby110downloader(),0,0x0041DDB0,dlgelement::~dlgelement(),0x00422050,28
5.5.01,Bixby110Downloader.cpp,bixby110downloader::~bixby110downloader(),0,0x0041DDB0,filerequester::~filerequester(),0x00423E00,1
5.5.01,Bixby110Downloader.cpp,bixby110downloader::~bixby110downloader(),0,0x0041DDB0,operator delete(void*),0x0042CCB0,29
5.5.01,Bixby110Downloader.cpp,bixby110downloader::~bixby110downloader(),0,0x0041DDB0,_Unwind_SjLj_Register,0x00431BC0,1
5.5.01,Bixby110Downloader.cpp,bixby110downloader::~bixby110downloader(),0,0x0041DDB0,_Unwind_SjLj_Unregister,0x00431CA0,1
5.5.01,Bixby110Downloader.cpp,bixby110downloader::~bixby110downloader(),0,0x0041DDB0,_Unwind_SjLj_Resume,0x00432280,1
5.5.01,Bixby110Downloader.cpp,bixby110downloader::~bixby110downloader(),1,0x0041E480,bixby110io::~bixby110io(),0x004087A0,2
5.5.01,Bixby110Downloader.cpp,bixby110downloader::~bixby110downloader(),1,0x0041E480,dlgelement::~dlgelement(),0x00422050,28
5.5.01,Bixby110Downloader.cpp,bixby110downloader::~bixby110downloader(),1,0x0041E480,filerequester::~filerequester(),0x00423E00,1
5.5.01,Bixby110Downloader.cpp,bixby110downloader::~bixby110downloader(),1,0x0041E480,operator delete(void*),0x0042CCB0,29
5.5.01,Bixby110Downloader.cpp,bixby110downloader::~bixby110downloader(),1,0x0041E480,_Unwind_SjLj_Register,0x00431BC0,1
5.5.01,Bixby110Downloader.cpp,bixby110downloader::~bixby110downloader(),1,0x0041E480,_Unwind_SjLj_Unregister,0x00431CA0,1
5.5.01,Bixby110Downloader.cpp,bixby110downloader::~bixby110downloader(),1,0x0041E480,_Unwind_SjLj_Resume,0x00432280,1
5.5.01,Bixby110Downloader.cpp,"bixby110downloader::getbyte(unsigned char, unsigned char*)",0,0x0041ED60,bixby110io::status_read_char(unsigned char*),0x00409FE0,1
5.5.01,Bixby110Downloader.cpp,bixby110downloader::getbyte(unsigned char*),0,0x0041EDB0,bixby110io::status_read_char(unsigned char*),0x00409FE0,1
5.5.01,Bixby110Downloader.cpp,bixby110downloader::GetStoveVersion(),0,0x0041EE30,"TimeDelay(HWND__*, unsigned int)",0x00408040,5
5.5.01,Bixby110Downloader.cpp,bixby110downloader::GetStoveVersion(),0,0x0041EE30,"bixby110io::readreg(unsigned char, unsigned char)",0x00409570,5
5.5.01,Bixby110Downloader.cpp,bixby110downloader::GetStoveVersion(),0,0x0041EE30,bixby110io::getCMDbuf(unsigned char),0x004095E0,5
5.5.01,Bixby110Downloader.cpp,bixby110downloader::GetStoveVersion(),0,0x0041EE30,bixby110io::CollectResponse(),0x00409690,5
5.5.01,Bixby110Downloader.cpp,bixby110downloader::GetStoveVersion(),0,0x0041EE30,edit::Settext(char const*),0x00423170,2
5.5.01,Bixby110Downloader.cpp,bixby110downloader::GetStoveVersion(),0,0x0041EE30,sprintf,0x00432990,2
5.5.01,Bixby110Downloader.cpp,bixby110downloader::AttemptStoveReset(),0,0x0041F050,"bixby110io::writereg(unsigned char, unsigned char, unsigned char)",0x00409530,1
5.5.01,Bixby110Downloader.cpp,bixby110downloader::SendDone(),0,0x0041F090,bixby110io::write_char(char),0x00409F70,1
5.5.01,Bixby110Downloader.cpp,bixby110downloader::SendDone(),0,0x0041F090,bixby110io::status_read_char(unsigned char*),0x00409FE0,1
5.5.01,Bixby110Downloader.cpp,bixby110downloader::SendDone(),0,0x0041F090,exit,0x00432A40,1
5.5.01,Bixby110Downloader.cpp,bixby110downloader::SendDone(),0,0x0041F090,MessageBoxA@16,0x00432B90,1
5.5.01,Bixby110Downloader.cpp,"ReadFile_fgets(char*, int, void*)",0,0x0041F130,ReadFile@20,0x00432E60,1
5.5.01,Bixby110Downloader.cpp,bixby110downloader::LoadHex_Open(char*),0,0x0041F1F0,edit::Settext(char const*),0x00423170,1
5.5.01,Bixby110Downloader.cpp,bixby110downloader::LoadHex_Open(char*),0,0x0041F1F0,sprintf,0x00432990,2
5.5.01,Bixby110Downloader.cpp,bixby110downloader::LoadHex_Open(char*),0,0x0041F1F0,strlen,0x004329B0,1
5.5.01,Bixby110Downloader.cpp,bixby110downloader::LoadHex_Open(char*),0,0x0041F1F0,fopen,0x00432A50,1
5.5.01,Bixby110Downloader.cpp,bixby110downloader::LoadHex_Open(char*),0,0x0041F1F0,MessageBoxA@16,0x00432B90,2
5.5.01,Bixby110Downloader.cpp,bixby110downloader::LoadHex_Open(char*),0,0x0041F1F0,CreateFileA@28,0x00432DE0,1
5.5.01,Bixby110Downloader.cpp,bixby110downloader::LoadHex_Open(char*),0,0x0041F1F0,GetLastError@0,0x00432EF0,1
5.5.01,Bixby110Downloader.cpp,bixby110downloader::LoadHex_Open(char*),0,0x0041F1F0,FormatMessageA@28,0x00432F00,1
5.5.01,Bixby110Downloader.cpp,bixby110downloader::LoadHex_Open(char*),0,0x0041F1F0,LocalFree@4,0x00432F10,1
5.5.01,Bixby110Downloader.cpp,bixby110downloader::LoadHex_Read(),0,0x0041F3E0,"hextoval(char, char)",0x00407E10,1
5.5.01,Bixby110Downloader.cpp,bixby110downloader::LoadHex_Read(),0,0x0041F3E0,fgets,0x00432A30,1
5.5.01,Bixby110Downloader.cpp,bixby110downloader::LoadHex_Read(),0,0x0041F3E0,ReadFile@20,0x00432E60,1
5.5.01,Bixby110Downloader.cpp,bixby110downloader::LoadHex_Close(),0,0x0041F570,fclose,0x00432A20,1
5.5.01,Bixby110Downloader.cpp,bixby110downloader::LoadHex_Close(),0,0x0041F570,CloseHandle@4,0x00432E10,1
5.5.01,Bixby110Downloader.cpp,bixby110downloader::LoadHex(char*),0,0x0041F5D0,bixby110downloader::LoadHex_Open(char*),0x0041F1F0,1
5.5.01,Bixby110Downloader.cpp,bixby110downloader::LoadHex(char*),0,0x0041F5D0,bixby110downloader::LoadHex_Read(),0x0041F3E0,1
5.5.01,Bixby110Downloader.cpp,bixby110downloader::LoadHex(char*),0,0x0041F5D0,edit::Settext(char const*),0x00423170,2
5.5.01,Bixby110Downloader.cpp,bixby110downloader::LoadHex(char*),0,0x0041F5D0,sprintf,0x00432990,2
5.5.01,Bixby110Downloader.cpp,bixby110downloader::LoadHex(char*),0,0x0041F5D0,fclose,0x00432A20,3
5.5.01,Bixby110Downloader.cpp,bixby110downloader::LoadHex(char*),0,0x0041F5D0,MessageBoxA@16,0x00432B90,1
5.5.01,Bixby110Downloader.cpp,bixby110downloader::LoadHex(char*),0,0x0041F5D0,CloseHandle@4,0x00432E10,2
5.5.01,Bixby110Downloader.cpp,bixby110downloader::DownLoad(),0,0x0041FC40,"TimeDelay(HWND__*, unsigned int)",0x00408040,2
5.5.01,Bixby110Downloader.cpp,bixby110downloader::DownLoad(),0,0x0041FC40,bixby110io::write_char(char),0x00409F70,6
5.5.01,Bixby110Downloader.cpp,bixby110downloader::DownLoad(),0,0x0041FC40,bixby110io::status_read_char(unsigned char*),0x00409FE0,3
5.5.01,Bixby110Downloader.cpp,bixby110downloader::DownLoad(),0,0x0041FC40,manual3checkbox::IsChecked(),0x00422680,1
5.5.01,Bixby110Downloader.cpp,bixby110downloader::DownLoad(),0,0x0041FC40,pushbutton::WasPushed(),0x00422CD0,1
5.5.01,Bixby110Downloader.cpp,bixby110downloader::DownLoad(),0,0x0041FC40,edit::Settext(char const*),0x00423170,6
5.5.01,Bixby110Downloader.cpp,bixby110downloader::DownLoad(),0,0x0041FC40,sprintf,0x00432990,6
5.5.01,Bixby110Downloader.cpp,bixby110downloader::DownLoad(),0,0x0041FC40,strcat,0x004329F0,1
5.5.01,Bixby110Downloader.cpp,bixby110downloader::DownLoad(),0,0x0041FC40,Beep@8,0x00432E80,2
5.5.01,Bixby110Downloader.cpp,bixby110downloader::Identify(),0,0x00420140,"TimeDelay(HWND__*, unsigned int)",0x00408040,3
5.5.01,Bixby110Downloader.cpp,bixby110downloader::Identify(),0,0x00420140,bixby110io::write_char(char),0x00409F70,1
5.5.01,Bixby110Downloader.cpp,bixby110downloader::Identify(),0,0x00420140,bixby110io::status_read_char(unsigned char*),0x00409FE0,1
5.5.01,Bixby110Downloader.cpp,bixby110downloader::Identify(),0,0x00420140,PeekMessageA@20,0x00432CB0,1
5.5.01,Bixby110Downloader.cpp,bixby110downloader::Identify(),0,0x00420140,Beep@8,0x00432E80,2
5.5.01,Bixby110Downloader.cpp,"bixby110downloader::Bixby110Downloader(HINSTANCE__*, int, char*, unsigned char)",0,0x00420270,"bixby110io::getrs232port(unsigned char, unsigned char)",0x004087B0,1
5.5.01,Bixby110Downloader.cpp,"bixby110downloader::Bixby110Downloader(HINSTANCE__*, int, char*, unsigned char)",0,0x00420270,bixby110io::freers232port(),0x00408940,2
5.5.01,Bixby110Downloader.cpp,"bixby110downloader::Bixby110Downloader(HINSTANCE__*, int, char*, unsigned char)",0,0x00420270,bixby110io::getrs232portstatus(),0x00408960,1
5.5.01,Bixby110Downloader.cpp,"bixby110downloader::Bixby110Downloader(HINSTANCE__*, int, char*, unsigned char)",0,0x00420270,"bixby110io::writereg(unsigned char, unsigned char, unsigned char)",0x00409530,1
5.5.01,Bixby110Downloader.cpp,"bixby110downloader::Bixby110Downloader(HINSTANCE__*, int, char*, unsigned char)",0,0x00420270,bixby110io::write_char(char),0x00409F70,1
5.5.01,Bixby110Downloader.cpp,"bixby110downloader::Bixby110Downloader(HINSTANCE__*, int, char*, unsigned char)",0,0x00420270,bixby110io::status_read_char(unsigned char*),0x00409FE0,1
5.5.01,Bixby110Downloader.cpp,"bixby110downloader::Bixby110Downloader(HINSTANCE__*, int, char*, unsigned char)",0,0x00420270,bixby110downloader::GetStoveVersion(),0x0041EE30,2
5.5.01,Bixby110Downloader.cpp,"bixby110downloader::Bixby110Downloader(HINSTANCE__*, int, char*, unsigned char)",0,0x00420270,bixby110downloader::LoadHex(char*),0x0041F5D0,1
5.5.01,Bixby110Downloader.cpp,"bixby110downloader::Bixby110Downloader(HINSTANCE__*, int, char*, unsigned char)",0,0x00420270,bixby110downloader::DownLoad(),0x0041FC40,1
5.5.01,Bixby110Downloader.cpp,"bixby110downloader::Bixby110Downloader(HINSTANCE__*, int, char*, unsigned char)",0,0x00420270,bixby110downloader::Identify(),0x00420140,1
5.5.01,Bixby110Downloader.cpp,"bixby110downloader::Bixby110Downloader(HINSTANCE__*, int, char*, unsigned char)",0,0x00420270,dlgmsgrouter::RemoveMessageRoute(HWND__*),0x00421F30,1
5.5.01,Bixby110Downloader.cpp,"bixby110downloader::Bixby110Downloader(HINSTANCE__*, int, char*, unsigned char)",0,0x00420270,manual3checkbox::IsChecked(),0x00422680,1
5.5.01,Bixby110Downloader.cpp,"bixby110downloader::Bixby110Downloader(HINSTANCE__*, int, char*, unsigned char)",0,0x00420270,manual3checkbox::SetChecked(),0x00422780,1
5.5.01,Bixby110Downloader.cpp,"bixby110downloader::Bixby110Downloader(HINSTANCE__*, int, char*, unsigned char)",0,0x00420270,manual3checkbox::SetUnchecked(),0x004227C0,1
5.5.01,Bixby110Downloader.cpp,"bixby110downloader::Bixby110Downloader(HINSTANCE__*, int, char*, unsigned char)",0,0x00420270,manual3checkbox::WasPushed(),0x004228C0,2
5.5.01,Bixby110Downloader.cpp,"bixby110downloader::Bixby110Downloader(HINSTANCE__*, int, char*, unsigned char)",0,0x00420270,"pushbutton::CreatePushbutton(char const*, int, int, HWND__*, HINSTANCE__*)",0x00422B80,4
5.5.01,Bixby110Downloader.cpp,"bixby110downloader::Bixby110Downloader(HINSTANCE__*, int, char*, unsigned char)",0,0x00420270,pushbutton::WasPushed(),0x00422CD0,6
5.5.01,Bixby110Downloader.cpp,"bixby110downloader::Bixby110Downloader(HINSTANCE__*, int, char*, unsigned char)",0,0x00420270,"edit::CreateEdit(char const*, int, int, int, int, HWND__*, HINSTANCE__*, unsigned long)",0x00423070,12
5.5.01,Bixby110Downloader.cpp,"bixby110downloader::Bixby110Downloader(HINSTANCE__*, int, char*, unsigned char)",0,0x00420270,edit::Gettext(),0x00423130,4
5.5.01,Bixby110Downloader.cpp,"bixby110downloader::Bixby110Downloader(HINSTANCE__*, int, char*, unsigned char)",0,0x00420270,edit::Settext(char const*),0x00423170,13
5.5.01,Bixby110Downloader.cpp,"bixby110downloader::Bixby110Downloader(HINSTANCE__*, int, char*, unsigned char)",0,0x00420270,"statictext::CreateStatictext(char const*, int, int, int, int, HWND__*, HINSTANCE__*)",0x00423550,11
5.5.01,Bixby110Downloader.cpp,"bixby110downloader::Bixby110Downloader(HINSTANCE__*, int, char*, unsigned char)",0,0x00420270,"dlgbox::CreateDialogBox(char const*, unsigned long, char const*)",0x00423900,1
5.5.01,Bixby110Downloader.cpp,"bixby110downloader::Bixby110Downloader(HINSTANCE__*, int, char*, unsigned char)",0,0x00420270,sprintf,0x00432990,5
5.5.01,Bixby110Downloader.cpp,"bixby110downloader::Bixby110Downloader(HINSTANCE__*, int, char*, unsigned char)",0,0x00420270,memcpy,0x004329A0,1
5.5.01,Bixby110Downloader.cpp,"bixby110downloader::Bixby110Downloader(HINSTANCE__*, int, char*, unsigned char)",0,0x00420270,strlen,0x004329B0,2
5.5.01,Bixby110Downloader.cpp,"bixby110downloader::Bixby110Downloader(HINSTANCE__*, int, char*, unsigned char)",0,0x00420270,strcpy,0x004329C0,2
5.5.01,Bixby110Downloader.cpp,"bixby110downloader::Bixby110Downloader(HINSTANCE__*, int, char*, unsigned char)",0,0x00420270,atoi,0x004329D0,4
5.5.01,Bixby110Downloader.cpp,"bixby110downloader::Bixby110Downloader(HINSTANCE__*, int, char*, unsigned char)",0,0x00420270,strcat,0x004329F0,2
5.5.01,Bixby110Downloader.cpp,"bixby110downloader::Bixby110Downloader(HINSTANCE__*, int, char*, unsigned char)",0,0x00420270,exit,0x00432A40,1
5.5.01,Bixby110Downloader.cpp,"bixby110downloader::Bixby110Downloader(HINSTANCE__*, int, char*, unsigned char)",0,0x00420270,GetSaveFileNameA@4,0x00432B80,1
5.5.01,Bixby110Downloader.cpp,"bixby110downloader::Bixby110Downloader(HINSTANCE__*, int, char*, unsigned char)",0,0x00420270,MessageBoxA@16,0x00432B90,2
5.5.01,Bixby110Downloader.cpp,"bixby110downloader::Bixby110Downloader(HINSTANCE__*, int, char*, unsigned char)",0,0x00420270,SetWindowTextA@8,0x00432BA0,1
5.5.01,Bixby110Downloader.cpp,"bixby110downloader::Bixby110Downloader(HINSTANCE__*, int, char*, unsigned char)",0,0x00420270,DispatchMessageA@4,0x00432BE0,1
5.5.01,Bixby110Downloader.cpp,"bixby110downloader::Bixby110Downloader(HINSTANCE__*, int, char*, unsigned char)",0,0x00420270,GetMessageA@16,0x00432BF0,1
5.5.01,Bixby110Downloader.cpp,"bixby110downloader::Bixby110Downloader(HINSTANCE__*, int, char*, unsigned char)",0,0x00420270,TranslateMessage@4,0x00432C00,1
5.5.01,Bixby110Downloader.cpp,"bixby110downloader::Bixby110Downloader(HINSTANCE__*, int, char*, unsigned char)",0,0x00420270,ShowWindow@8,0x00432C10,2
5.5.01,Bixby110Downloader.cpp,"bixby110downloader::Bixby110Downloader(HINSTANCE__*, int, char*, unsigned char)",0,0x00420270,KillTimer@8,0x00432C20,1
5.5.01,Bixby110Downloader.cpp,"bixby110downloader::Bixby110Downloader(HINSTANCE__*, int, char*, unsigned char)",0,0x00420270,DestroyWindow@4,0x00432C30,27
5.5.01,dlgctrl.cpp,CLinkedList::~CLinkedList(),0,0x004215D0,operator delete(void*),0x0042CCB0,1
5.5.01,dlgctrl.cpp,CLinkedList::~CLinkedList(),1,0x00421600,operator delete(void*),0x0042CCB0,1
5.5.01,dlgctrl.cpp,CLinkedList::NewAddNode(void*),0,0x00421630,operator new(unsigned int),0x0042CCD0,1
5.5.01,dlgctrl.cpp,CLinkedList::NewDeleteNode(void*),0,0x00421670,operator delete(void*),0x0042CCB0,1
5.5.01,dlgctrl.cpp,dlgmsgrouter::dlgmsgrouter(),0,0x004216F0,CreateBrushIndirect@4,0x00432B30,1
5.5.01,dlgctrl.cpp,dlgmsgrouter::dlgmsgrouter(),0,0x004216F0,MessageBoxA@16,0x00432B90,1
5.5.01,dlgctrl.cpp,dlgmsgrouter::dlgmsgrouter(),1,0x00421770,CreateBrushIndirect@4,0x00432B30,1
5.5.01,dlgctrl.cpp,dlgmsgrouter::dlgmsgrouter(),1,0x00421770,MessageBoxA@16,0x00432B90,1
5.5.01,dlgctrl.cpp,dlgmsgrouter::~dlgmsgrouter(),0,0x004217F0,DeleteObject@4,0x00432B40,1
5.5.01,dlgctrl.cpp,dlgmsgrouter::~dlgmsgrouter(),1,0x00421810,DeleteObject@4,0x00432B40,1
5.5.01,dlgctrl.cpp,"dlgmsgrouter::DialogMessageProc(HWND__*, unsigned int, unsigned int, long)",0,0x00421830,sprintf,0x00432990,3
5.5.01,dlgctrl.cpp,"dlgmsgrouter::DialogMessageProc(HWND__*, unsigned int, unsigned int, long)",0,0x00421830,SetBkColor@8,0x00432B50,6
5.5.01,dlgctrl.cpp,"dlgmsgrouter::DialogMessageProc(HWND__*, unsigned int, unsigned int, long)",0,0x00421830,SetBkMode@8,0x00432B60,2
5.5.01,dlgctrl.cpp,"dlgmsgrouter::DialogMessageProc(HWND__*, unsigned int, unsigned int, long)",0,0x00421830,MessageBoxA@16,0x00432B90,3
5.5.01,dlgctrl.cpp,"dlgmsgrouter::DialogMessageProc(HWND__*, unsigned int, unsigned int, long)",0,0x00421830,GetDC@4,0x00432BB0,3
5.5.01,dlgctrl.cpp,"dlgmsgrouter::DialogMessageProc(HWND__*, unsigned int, unsigned int, long)",0,0x00421830,ReleaseDC@8,0x00432BC0,3
5.5.01,dlgctrl.cpp,"dlgmsgrouter::DialogMessageProc(HWND__*, unsigned int, unsigned int, long)",0,0x00421830,GetSysColor@4,0x00432C60,1
5.5.01,dlgctrl.cpp,"dlgmsgrouter::DialogMessageProc(HWND__*, unsigned int, unsigned int, long)",0,0x00421830,RedrawWindow@16,0x00432C80,2
5.5.01,dlgctrl.cpp,"dlgmsgrouter::DialogMessageProc(HWND__*, unsigned int, unsigned int, long)",0,0x00421830,GetScrollInfo@12,0x00432CC0,1
5.5.01,dlgctrl.cpp,"dlgmsgrouter::DialogMessageProc(HWND__*, unsigned int, unsigned int, long)",0,0x00421830,SetScrollInfo@16,0x00432CD0,1
5.5.01,dlgctrl.cpp,"dlgmsgrouter::DialogMessageProc(HWND__*, unsigned int, unsigned int, long)",0,0x00421830,GetActiveWindow@0,0x00432CE0,1
5.5.01,dlgctrl.cpp,"dlgmsgrouter::AddMessageRoute(DlgMsgNode*, int, HWND__*, void*, unsigned int*, unsigned int*, long*)",0,0x00421EB0,operator new(unsigned int),0x0042CCD0,1
5.5.01,dlgctrl.cpp,dlgmsgrouter::RemoveMessageRoute(HWND__*),0,0x00421F30,operator delete(void*),0x0042CCB0,1
5.5.01,dlgctrl.cpp,"dlgelement::CreateDialogElement(char const*, unsigned long, char const*, void*)",0,0x00422070,operator new(unsigned int),0x0042CCD0,1
5.5.01,dlgctrl.cpp,"dlgelement::CreateDialogElement(char const*, unsigned long, char const*, void*)",0,0x00422070,GetStockObject@4,0x00432B10,2
5.5.01,dlgctrl.cpp,"dlgelement::CreateDialogElement(char const*, unsigned long, char const*, void*)",0,0x00422070,SelectObject@8,0x00432B20,1
5.5.01,dlgctrl.cpp,"dlgelement::CreateDialogElement(char const*, unsigned long, char const*, void*)",0,0x00422070,MessageBoxA@16,0x00432B90,1
5.5.01,dlgctrl.cpp,"dlgelement::CreateDialogElement(char const*, unsigned long, char const*, void*)",0,0x00422070,GetDC@4,0x00432BB0,1
5.5.01,dlgctrl.cpp,"dlgelement::CreateDialogElement(char const*, unsigned long, char const*, void*)",0,0x00422070,ReleaseDC@8,0x00432BC0,1
5.5.01,dlgctrl.cpp,"dlgelement::CreateDialogElement(char const*, unsigned long, char const*, void*)",0,0x00422070,ShowWindow@8,0x00432C10,1
5.5.01,dlgctrl.cpp,"dlgelement::CreateDialogElement(char const*, unsigned long, char const*, void*)",0,0x00422070,CreateWindowExA@48,0x00432C40,1
5.5.01,dlgctrl.cpp,"dlgelement::CreateDialogElement(char const*, unsigned long, char const*, void*)",0,0x00422070,SendMessageA@16,0x00432C50,1
5.5.01,dlgctrl.cpp,"dlgelement::CreateDialogElementEx(char const*, unsigned long, char const*, void*)",0,0x00422220,operator new(unsigned int),0x0042CCD0,1
5.5.01,dlgctrl.cpp,"dlgelement::CreateDialogElementEx(char const*, unsigned long, char const*, void*)",0,0x00422220,GetStockObject@4,0x00432B10,2
5.5.01,dlgctrl.cpp,"dlgelement::CreateDialogElementEx(char const*, unsigned long, char const*, void*)",0,0x00422220,SelectObject@8,0x00432B20,1
5.5.01,dlgctrl.cpp,"dlgelement::CreateDialogElementEx(char const*, unsigned long, char const*, void*)",0,0x00422220,MessageBoxA@16,0x00432B90,1
5.5.01,dlgctrl.cpp,"dlgelement::CreateDialogElementEx(char const*, unsigned long, char const*, void*)",0,0x00422220,GetDC@4,0x00432BB0,1
5.5.01,dlgctrl.cpp,"dlgelement::CreateDialogElementEx(char const*, unsigned long, char const*, void*)",0,0x00422220,ReleaseDC@8,0x00432BC0,1
5.5.01,dlgctrl.cpp,"dlgelement::CreateDialogElementEx(char const*, unsigned long, char const*, void*)",0,0x00422220,ShowWindow@8,0x00432C10,1
5.5.01,dlgctrl.cpp,"dlgelement::CreateDialogElementEx(char const*, unsigned long, char const*, void*)",0,0x00422220,CreateWindowExA@48,0x00432C40,1
5.5.01,dlgctrl.cpp,"dlgelement::CreateDialogElementEx(char const*, unsigned long, char const*, void*)",0,0x00422220,SendMessageA@16,0x00432C50,1
5.5.01,dlgctrl.cpp,"dlgelement::CreateDialogElement(char const*, unsigned long, char const*)",0,0x004223D0,"dlgelement::CreateDialogElement(char const*, unsigned long, char const*, void*)",0x00422070,1
5.5.01,dlgctrl.cpp,"autocheckbox::CreateAutocheckbox(char const*, int, int, HWND__*, HINSTANCE__*)",0,0x00422400,"dlgelement::CreateDialogElement(char const*, unsigned long, char const*, void*)",0x00422070,1
5.5.01,dlgctrl.cpp,"autocheckbox::CreateAutocheckbox(char const*, int, int, HWND__*, HINSTANCE__*)",0,0x00422400,strlen,0x004329B0,1
5.5.01,dlgctrl.cpp,"autocheckbox::CreateAutocheckbox(char const*, int, int, HWND__*, HINSTANCE__*)",0,0x00422400,GetTextExtentPoint32A@16,0x00432B00,1
5.5.01,dlgctrl.cpp,"autocheckbox::CreateAutocheckbox(char const*, int, int, HWND__*, HINSTANCE__*)",0,0x00422400,GetDC@4,0x00432BB0,1
5.5.01,dlgctrl.cpp,"autocheckbox::CreateAutocheckbox(char const*, int, int, HWND__*, HINSTANCE__*)",0,0x00422400,ReleaseDC@8,0x00432BC0,1
5.5.01,dlgctrl.cpp,autocheckbox::IsChecked(),0,0x004224B0,SendMessageA@16,0x00432C50,1
5.5.01,dlgctrl.cpp,"auto3checkbox::CreateAuto3checkbox(char const*, int, int, HWND__*, HINSTANCE__*)",0,0x004224E0,"dlgelement::CreateDialogElement(char const*, unsigned long, char const*, void*)",0x00422070,1
5.5.01,dlgctrl.cpp,"auto3checkbox::CreateAuto3checkbox(char const*, int, int, HWND__*, HINSTANCE__*)",0,0x004224E0,strlen,0x004329B0,1
5.5.01,dlgctrl.cpp,"auto3checkbox::CreateAuto3checkbox(char const*, int, int, HWND__*, HINSTANCE__*)",0,0x004224E0,GetTextExtentPoint32A@16,0x00432B00,1
5.5.01,dlgctrl.cpp,"auto3checkbox::CreateAuto3checkbox(char const*, int, int, HWND__*, HINSTANCE__*)",0,0x004224E0,GetDC@4,0x00432BB0,1
5.5.01,dlgctrl.cpp,"auto3checkbox::CreateAuto3checkbox(char const*, int, int, HWND__*, HINSTANCE__*)",0,0x004224E0,ReleaseDC@8,0x00432BC0,1
5.5.01,dlgctrl.cpp,auto3checkbox::IsChecked(),0,0x00422590,SendMessageA@16,0x00432C50,1
5.5.01,dlgctrl.cpp,"manual3checkbox::CreateManual3checkbox(char const*, int, int, HWND__*, HINSTANCE__*)",0,0x004225C0,"dlgelement::CreateDialogElement(char const*, unsigned long, char const*, void*)",0x00422070,1
5.5.01,dlgctrl.cpp,"manual3checkbox::CreateManual3checkbox(char const*, int, int, HWND__*, HINSTANCE__*)",0,0x004225C0,strlen,0x004329B0,1
5.5.01,dlgctrl.cpp,"manual3checkbox::CreateManual3checkbox(char const*, int, int, HWND__*, HINSTANCE__*)",0,0x004225C0,GetTextExtentPoint32A@16,0x00432B00,1
5.5.01,dlgctrl.cpp,"manual3checkbox::CreateManual3checkbox(char const*, int, int, HWND__*, HINSTANCE__*)",0,0x004225C0,GetDC@4,0x00432BB0,1
5.5.01,dlgctrl.cpp,"manual3checkbox::CreateManual3checkbox(char const*, int, int, HWND__*, HINSTANCE__*)",0,0x004225C0,ReleaseDC@8,0x00432BC0,1
5.5.01,dlgctrl.cpp,"manual3checkbox::CreateManual3checkbox(char const*, int, int, HWND__*, HINSTANCE__*)",0,0x004225C0,GetSysColor@4,0x00432C60,1
5.5.01,dlgctrl.cpp,manual3checkbox::IsChecked(),0,0x00422680,SendMessageA@16,0x00432C50,1
5.5.01,dlgctrl.cpp,manual3checkbox::IsUnchecked(),0,0x004226C0,SendMessageA@16,0x00432C50,1
5.5.01,dlgctrl.cpp,manual3checkbox::IsIndeterminate(),0,0x00422700,SendMessageA@16,0x00432C50,1
5.5.01,dlgctrl.cpp,manual3checkbox::Set(unsigned int),0,0x00422740,SendMessageA@16,0x00432C50,1
5.5.01,dlgctrl.cpp,manual3checkbox::SetChecked(),0,0x00422780,SendMessageA@16,0x00432C50,1
5.5.01,dlgctrl.cpp,manual3checkbox::SetUnchecked(),0,0x004227C0,SendMessageA@16,0x00432C50,1
5.5.01,dlgctrl.cpp,manual3checkbox::SetIndeterminate(),0,0x00422800,SendMessageA@16,0x00432C50,1
5.5.01,dlgctrl.cpp,"SetBackColor(HDC__*, unsigned long)",0,0x00422850,SetBkColor@8,0x00432B50,1
5.5.01,dlgctrl.cpp,manual3checkbox::SetBkColor(unsigned long),0,0x00422870,RedrawWindow@16,0x00432C80,1
5.5.01,dlgctrl.cpp,"manualradiobutton::CreateManualRadiobutton(char const*, int, int, HWND__*, HINSTANCE__*)",0,0x004228E0,"dlgelement::CreateDialogElement(char const*, unsigned long, char const*, void*)",0x00422070,1
5.5.01,dlgctrl.cpp,"manualradiobutton::CreateManualRadiobutton(char const*, int, int, HWND__*, HINSTANCE__*)",0,0x004228E0,strlen,0x004329B0,1
5.5.01,dlgctrl.cpp,"manualradiobutton::CreateManualRadiobutton(char const*, int, int, HWND__*, HINSTANCE__*)",0,0x004228E0,GetTextExtentPoint32A@16,0x00432B00,1
5.5.01,dlgctrl.cpp,"manualradiobutton::CreateManualRadiobutton(char const*, int, int, HWND__*, HINSTANCE__*)",0,0x004228E0,GetStockObject@4,0x00432B10,1
5.5.01,dlgctrl.cpp,"manualradiobutton::CreateManualRadiobutton(char const*, int, int, HWND__*, HINSTANCE__*)",0,0x004228E0,SelectObject@8,0x00432B20,1
5.5.01,dlgctrl.cpp,"manualradiobutton::CreateManualRadiobutton(char const*, int, int, HWND__*, HINSTANCE__*)",0,0x004228E0,GetDC@4,0x00432BB0,1
5.5.01,dlgctrl.cpp,"manualradiobutton::CreateManualRadiobutton(char const*, int, int, HWND__*, HINSTANCE__*)",0,0x004228E0,ReleaseDC@8,0x00432BC0,1
5.5.01,dlgctrl.cpp,"manualradiobutton::CreateManualRadiobutton(char const*, int, int, HWND__*, HINSTANCE__*)",0,0x004228E0,GetSysColor@4,0x00432C60,1
5.5.01,dlgctrl.cpp,manualradiobutton::IsChecked(),0,0x004229E0,SendMessageA@16,0x00432C50,1
5.5.01,dlgctrl.cpp,manualradiobutton::Set(unsigned int),0,0x00422A10,SendMessageA@16,0x00432C50,1
5.5.01,dlgctrl.cpp,manualradiobutton::SetChecked(),0,0x00422A50,SendMessageA@16,0x00432C50,1
5.5.01,dlgctrl.cpp,manualradiobutton::SetUnchecked(),0,0x00422A90,SendMessageA@16,0x00432C50,1
5.5.01,dlgctrl.cpp,"pushbutton::CreatePushbutton(char const*, int, int, int, int, HWND__*, HINSTANCE__*)",0,0x00422B00,"dlgelement::CreateDialogElement(char const*, unsigned long, char const*, void*)",0x00422070,1
5.5.01,dlgctrl.cpp,"pushbutton::CreatePushbutton(char const*, int, int, int, int, HWND__*, HINSTANCE__*)",0,0x00422B00,GetSysColor@4,0x00432C60,1
5.5.01,dlgctrl.cpp,"pushbutton::CreatePushbutton(char const*, int, int, HWND__*, HINSTANCE__*)",0,0x00422B80,"dlgelement::CreateDialogElement(char const*, unsigned long, char const*, void*)",0x00422070,1
5.5.01,dlgctrl.cpp,"pushbutton::CreatePushbutton(char const*, int, int, HWND__*, HINSTANCE__*)",0,0x00422B80,strlen,0x004329B0,2
5.5.01,dlgctrl.cpp,"pushbutton::CreatePushbutton(char const*, int, int, HWND__*, HINSTANCE__*)",0,0x00422B80,GetTextExtentPoint32A@16,0x00432B00,1
5.5.01,dlgctrl.cpp,"pushbutton::CreatePushbutton(char const*, int, int, HWND__*, HINSTANCE__*)",0,0x00422B80,GetStockObject@4,0x00432B10,1
5.5.01,dlgctrl.cpp,"pushbutton::CreatePushbutton(char const*, int, int, HWND__*, HINSTANCE__*)",0,0x00422B80,SelectObject@8,0x00432B20,1
5.5.01,dlgctrl.cpp,"pushbutton::CreatePushbutton(char const*, int, int, HWND__*, HINSTANCE__*)",0,0x00422B80,GetDC@4,0x00432BB0,2
5.5.01,dlgctrl.cpp,"pushbutton::CreatePushbutton(char const*, int, int, HWND__*, HINSTANCE__*)",0,0x00422B80,ReleaseDC@8,0x00432BC0,2
5.5.01,dlgctrl.cpp,"pushbutton::CreatePushbutton(char const*, int, int, HWND__*, HINSTANCE__*)",0,0x00422B80,GetSysColor@4,0x00432C60,1
5.5.01,dlgctrl.cpp,pushbutton::SetBkColor(unsigned long),0,0x00422D10,RedrawWindow@16,0x00432C80,1
5.5.01,dlgctrl.cpp,pushbutton::SetBkColor(unsigned long),0,0x00422D10,UpdateWindow@4,0x00432CF0,1
5.5.01,dlgctrl.cpp,"listbox::CreateListbox(char const*, int, int, int, int, HWND__*, HINSTANCE__*)",0,0x00422D60,"dlgelement::CreateDialogElement(char const*, unsigned long, char const*, void*)",0x00422070,1
5.5.01,dlgctrl.cpp,"listbox::CreateListbox(char const*, int, int, int, int, HWND__*, HINSTANCE__*)",0,0x00422D60,strlen,0x004329B0,1
5.5.01,dlgctrl.cpp,"listbox::CreateListbox(char const*, int, int, int, int, HWND__*, HINSTANCE__*)",0,0x00422D60,GetTextExtentPoint32A@16,0x00432B00,1
5.5.01,dlgctrl.cpp,"listbox::CreateListbox(char const*, int, int, int, int, HWND__*, HINSTANCE__*)",0,0x00422D60,GetDC@4,0x00432BB0,1
5.5.01,dlgctrl.cpp,"listbox::CreateListbox(char const*, int, int, int, int, HWND__*, HINSTANCE__*)",0,0x00422D60,ReleaseDC@8,0x00432BC0,1
5.5.01,dlgctrl.cpp,listbox::Addstring(char const*),0,0x00422E00,SendMessageA@16,0x00432C50,1
5.5.01,dlgctrl.cpp,"listbox::Insertstring(char const*, int)",0,0x00422E30,SendMessageA@16,0x00432C50,1
5.5.01,dlgctrl.cpp,listbox::Deletestring(int),0,0x00422E60,SendMessageA@16,0x00432C50,1
5.5.01,dlgctrl.cpp,listbox::Getcursel(),0,0x00422E90,SendMessageA@16,0x00432C50,1
5.5.01,dlgctrl.cpp,listbox::Setcursel(int),0,0x00422EC0,SendMessageA@16,0x00432C50,1
5.5.01,dlgctrl.cpp,"listbox::Gettext(char const*, int)",0,0x00422EF0,SendMessageA@16,0x00432C50,1
5.5.01,dlgctrl.cpp,listbox::Resetcontent(),0,0x00422F20,SendMessageA@16,0x00432C50,1
5.5.01,dlgctrl.cpp,listbox::WasPushed(),0,0x00422F50,sprintf,0x00432990,2
5.5.01,dlgctrl.cpp,listbox::WasPushed(),0,0x00422F50,MessageBoxA@16,0x00432B90,2
5.5.01,dlgctrl.cpp,"edit::CreateEdit(char const*, int, int, int, int, HWND__*, HINSTANCE__*, unsigned long)",0,0x00423070,"dlgelement::CreateDialogElement(char const*, unsigned long, char const*, void*)",0x00422070,1
5.5.01,dlgctrl.cpp,"edit::CreateEdit(char const*, int, int, int, int, HWND__*, HINSTANCE__*, unsigned long)",0,0x00423070,strlen,0x004329B0,1
5.5.01,dlgctrl.cpp,"edit::CreateEdit(char const*, int, int, int, int, HWND__*, HINSTANCE__*, unsigned long)",0,0x00423070,GetTextExtentPoint32A@16,0x00432B00,1
5.5.01,dlgctrl.cpp,"edit::CreateEdit(char const*, int, int, int, int, HWND__*, HINSTANCE__*, unsigned long)",0,0x00423070,GetDC@4,0x00432BB0,1
5.5.01,dlgctrl.cpp,"edit::CreateEdit(char const*, int, int, int, int, HWND__*, HINSTANCE__*, unsigned long)",0,0x00423070,ReleaseDC@8,0x00432BC0,1
5.5.01,dlgctrl.cpp,edit::Gettext(),0,0x00423130,SendMessageA@16,0x00432C50,1
5.5.01,dlgctrl.cpp,edit::Settext(char const*),0,0x00423170,strcpy,0x004329C0,1
5.5.01,dlgctrl.cpp,edit::Settext(char const*),0,0x00423170,SendMessageA@16,0x00432C50,1
5.5.01,dlgctrl.cpp,edit::Settext(char const*),0,0x00423170,RedrawWindow@16,0x00432C80,1
5.5.01,dlgctrl.cpp,edit::Settext(char const*),0,0x00423170,UpdateWindow@4,0x00432CF0,1
5.5.01,dlgctrl.cpp,edit::SetBkColor(unsigned long),0,0x00423200,RedrawWindow@16,0x00432C80,1
5.5.01,dlgctrl.cpp,edit::SetBkColor(unsigned long),0,0x00423200,UpdateWindow@4,0x00432CF0,1
5.5.01,dlgctrl.cpp,"editex::CreateEditEx(char const*, int, int, int, int, HWND__*, HINSTANCE__*, unsigned long)",0,0x00423250,"dlgelement::CreateDialogElementEx(char const*, unsigned long, char const*, void*)",0x00422220,1
5.5.01,dlgctrl.cpp,"editex::CreateEditEx(char const*, int, int, int, int, HWND__*, HINSTANCE__*, unsigned long)",0,0x00423250,strlen,0x004329B0,1
5.5.01,dlgctrl.cpp,"editex::CreateEditEx(char const*, int, int, int, int, HWND__*, HINSTANCE__*, unsigned long)",0,0x00423250,GetTextExtentPoint32A@16,0x00432B00,1
5.5.01,dlgctrl.cpp,"editex::CreateEditEx(char const*, int, int, int, int, HWND__*, HINSTANCE__*, unsigned long)",0,0x00423250,GetDC@4,0x00432BB0,1
5.5.01,dlgctrl.cpp,"editex::CreateEditEx(char const*, int, int, int, int, HWND__*, HINSTANCE__*, unsigned long)",0,0x00423250,ReleaseDC@8,0x00432BC0,1
5.5.01,dlgctrl.cpp,editex::Gettext(),0,0x00423300,SendMessageA@16,0x00432C50,1
5.5.01,dlgctrl.cpp,editex::Settext(char const*),0,0x00423340,strcpy,0x004329C0,1
5.5.01,dlgctrl.cpp,editex::Settext(char const*),0,0x00423340,SendMessageA@16,0x00432C50,1
5.5.01,dlgctrl.cpp,"scrollbar::CreateScrollbar(char const*, int, int, int, int, HWND__*, HINSTANCE__*)",0,0x00423390,"dlgelement::CreateDialogElement(char const*, unsigned long, char const*, void*)",0x00422070,1
5.5.01,dlgctrl.cpp,scrollbar::SetInfo(),0,0x00423400,SetScrollInfo@16,0x00432CD0,1
5.5.01,dlgctrl.cpp,scrollbar::GetInfo(),0,0x00423440,GetScrollInfo@12,0x00432CC0,1
5.5.01,dlgctrl.cpp,"scrollbar::SetRange(int, int)",0,0x00423470,SetScrollRange@20,0x00432D00,1
5.5.01,dlgctrl.cpp,scrollbar::SetPos(int),0,0x004234B0,SetScrollPos@16,0x00432D10,1
5.5.01,dlgctrl.cpp,scrollbar::GetPos(),0,0x004234F0,GetScrollPos@8,0x00432D20,1
5.5.01,dlgctrl.cpp,"statictext::CreateStatictext(char const*, int, int, int, int, HWND__*, HINSTANCE__*)",0,0x00423550,"dlgelement::CreateDialogElement(char const*, unsigned long, char const*, void*)",0x00422070,1
5.5.01,dlgctrl.cpp,"statictext::CreateStatictext(char const*, int, int, int, int, HWND__*, HINSTANCE__*)",0,0x00423550,SetBkColor@8,0x00432B50,1
5.5.01,dlgctrl.cpp,"statictext::CreateStatictext(char const*, int, int, int, int, HWND__*, HINSTANCE__*)",0,0x00423550,SetBkMode@8,0x00432B60,1
5.5.01,dlgctrl.cpp,"statictext::CreateStatictext(char const*, int, int, int, int, HWND__*, HINSTANCE__*)",0,0x00423550,MessageBoxA@16,0x00432B90,1
5.5.01,dlgctrl.cpp,"statictext::CreateStatictext(char const*, int, int, int, int, HWND__*, HINSTANCE__*)",0,0x00423550,GetDC@4,0x00432BB0,1
5.5.01,dlgctrl.cpp,"statictext::CreateStatictext(char const*, int, int, int, int, HWND__*, HINSTANCE__*)",0,0x00423550,ReleaseDC@8,0x00432BC0,1
5.5.01,dlgctrl.cpp,"statictext::CreateStatictext(char const*, int, int, int, int, HWND__*, HINSTANCE__*)",0,0x00423550,GetSysColor@4,0x00432C60,1
5.5.01,dlgctrl.cpp,"staticborder::CreateStaticborder(char const*, int, int, int, int, HWND__*, HINSTANCE__*)",0,0x00423660,"dlgelement::CreateDialogElement(char const*, unsigned long, char const*, void*)",0x00422070,1
5.5.01,dlgctrl.cpp,"DlgWindowProcedure(HWND__*, unsigned int, unsigned int, long)@16",0,0x004236C0,"dlgmsgrouter::DialogMessageProc(HWND__*, unsigned int, unsigned int, long)",0x00421830,2
5.5.01,dlgctrl.cpp,"DlgWindowProcedure(HWND__*, unsigned int, unsigned int, long)@16",0,0x004236C0,RedrawWindow@16,0x00432C80,1
5.5.01,dlgctrl.cpp,"DlgWindowProcedure(HWND__*, unsigned int, unsigned int, long)@16",0,0x004236C0,DefWindowProcA@16,0x00432D30,1
5.5.01,dlgctrl.cpp,"DlgWindowProcedure(HWND__*, unsigned int, unsigned int, long)@16",0,0x004236C0,PostMessageA@16,0x00432D40,1
5.5.01,dlgctrl.cpp,dlgbox::RegisterClassA(),0,0x004237E0,GetClassInfoExA@12,0x00432D50,1
5.5.01,dlgctrl.cpp,dlgbox::RegisterClassA(),0,0x004237E0,LoadIconA@8,0x00432D60,2
5.5.01,dlgctrl.cpp,dlgbox::RegisterClassA(),0,0x004237E0,LoadCursorA@8,0x00432D70,1
5.5.01,dlgctrl.cpp,dlgbox::RegisterClassA(),0,0x004237E0,RegisterClassExA@4,0x00432D80,1
5.5.01,dlgctrl.cpp,dlgbox::UnRegisterClass(),0,0x004238D0,UnregisterClassA@8,0x00432D90,1
5.5.01,dlgctrl.cpp,"dlgbox::CreateDialogBox(char const*, unsigned long, char const*)",0,0x00423900,GetStockObject@4,0x00432B10,2
5.5.01,dlgctrl.cpp,"dlgbox::CreateDialogBox(char const*, unsigned long, char const*)",0,0x00423900,SelectObject@8,0x00432B20,1
5.5.01,dlgctrl.cpp,"dlgbox::CreateDialogBox(char const*, unsigned long, char const*)",0,0x00423900,MessageBoxA@16,0x00432B90,2
5.5.01,dlgctrl.cpp,"dlgbox::CreateDialogBox(char const*, unsigned long, char const*)",0,0x00423900,GetDC@4,0x00432BB0,1
5.5.01,dlgctrl.cpp,"dlgbox::CreateDialogBox(char const*, unsigned long, char const*)",0,0x00423900,ReleaseDC@8,0x00432BC0,1
5.5.01,dlgctrl.cpp,"dlgbox::CreateDialogBox(char const*, unsigned long, char const*)",0,0x00423900,ShowWindow@8,0x00432C10,1
5.5.01,dlgctrl.cpp,"dlgbox::CreateDialogBox(char const*, unsigned long, char const*)",0,0x00423900,CreateWindowExA@48,0x00432C40,1
5.5.01,dlgctrl.cpp,"dlgbox::CreateDialogBox(char const*, unsigned long, char const*)",0,0x00423900,SendMessageA@16,0x00432C50,1
5.5.01,dlgctrl.cpp,"dlgbox::CreateDialogBox(char const*, unsigned long, char const*)",0,0x00423900,GetClassInfoExA@12,0x00432D50,1
5.5.01,dlgctrl.cpp,"dlgbox::CreateDialogBox(char const*, unsigned long, char const*)",0,0x00423900,LoadIconA@8,0x00432D60,2
5.5.01,dlgctrl.cpp,"dlgbox::CreateDialogBox(char const*, unsigned long, char const*)",0,0x00423900,LoadCursorA@8,0x00432D70,1
5.5.01,dlgctrl.cpp,"dlgbox::CreateDialogBox(char const*, unsigned long, char const*)",0,0x00423900,RegisterClassExA@4,0x00432D80,1
5.5.01,dlgctrl.cpp,filerequester::filerequester(),0,0x00423B20,operator new(unsigned int),0x0042CCD0,10
5.5.01,dlgctrl.cpp,filerequester::filerequester(),1,0x00423C10,operator new(unsigned int),0x0042CCD0,10
5.5.01,dlgctrl.cpp,filerequester::~filerequester(),0,0x00423D00,operator delete(void*),0x0042CCB0,9
5.5.01,dlgctrl.cpp,filerequester::~filerequester(),1,0x00423E00,operator delete(void*),0x0042CCB0,9
5.5.01,dlgctrl.cpp,filerequester::GoUpOneLevel(char*),0,0x00423F00,strlen,0x004329B0,1
5.5.01,dlgctrl.cpp,filerequester::AddExtraBackslashes(char*),0,0x00423F50,strlen,0x004329B0,1
5.5.01,dlgctrl.cpp,"filerequester::GetVInfo(char*, char*)",0,0x00423FF0,strcpy,0x004329C0,1
5.5.01,dlgctrl.cpp,"filerequester::GetVInfo(char*, char*)",0,0x00423FF0,GetVolumeInformationA@32,0x00432F20,1
5.5.01,dlgctrl.cpp,filerequester::ParseDriveStrings(),0,0x00424070,sprintf,0x00432990,1
5.5.01,dlgctrl.cpp,filerequester::ParseDriveStrings(),0,0x00424070,strcpy,0x004329C0,1
5.5.01,dlgctrl.cpp,filerequester::ParseDriveStrings(),0,0x00424070,SendMessageA@16,0x00432C50,3
5.5.01,dlgctrl.cpp,filerequester::ParseDriveStrings(),0,0x00424070,GetVolumeInformationA@32,0x00432F20,1
5.5.01,dlgctrl.cpp,filerequester::ParseDriveStrings(),0,0x00424070,GetLogicalDrives@0,0x00432F30,1
5.5.01,dlgctrl.cpp,filerequester::ParseDriveStrings(),0,0x00424070,GetDriveTypeA@4,0x00432F40,1
5.5.01,dlgctrl.cpp,"filerequester::FileRequest(HINSTANCE__*, char*)",0,0x004242C0,"dlgelement::CreateDialogElement(char const*, unsigned long, char const*, void*)",0x00422070,4
5.5.01,dlgctrl.cpp,"filerequester::FileRequest(HINSTANCE__*, char*)",0,0x004242C0,"pushbutton::CreatePushbutton(char const*, int, int, HWND__*, HINSTANCE__*)",0x00422B80,2
5.5.01,dlgctrl.cpp,"filerequester::FileRequest(HINSTANCE__*, char*)",0,0x004242C0,"dlgbox::CreateDialogBox(char const*, unsigned long, char const*)",0x00423900,1
5.5.01,dlgctrl.cpp,"filerequester::FileRequest(HINSTANCE__*, char*)",0,0x004242C0,filerequester::ParseDriveStrings(),0x00424070,1
5.5.01,dlgctrl.cpp,"filerequester::FileRequest(HINSTANCE__*, char*)",0,0x004242C0,"FindFile::combinePath(std::string, std::string)",0x004268E0,1
5.5.01,dlgctrl.cpp,"filerequester::FileRequest(HINSTANCE__*, char*)",0,0x004242C0,FindFile::FindFile(FindFileOptions_t&),0x00426F20,1
5.5.01,dlgctrl.cpp,"filerequester::FileRequest(HINSTANCE__*, char*)",0,0x004242C0,FindFile::clear(),0x00427A80,1
5.5.01,dlgctrl.cpp,"filerequester::FileRequest(HINSTANCE__*, char*)",0,0x004242C0,FindFile::~FindFile(),0x00427AC0,2
5.5.01,dlgctrl.cpp,"filerequester::FileRequest(HINSTANCE__*, char*)",0,0x004242C0,FindFile::scanPath(std::string),0x00428D20,1
5.5.01,dlgctrl.cpp,"filerequester::FileRequest(HINSTANCE__*, char*)",0,0x004242C0,operator delete(void*),0x0042CCB0,1
5.5.01,dlgctrl.cpp,"filerequester::FileRequest(HINSTANCE__*, char*)",0,0x004242C0,"__gnu_cxx::__exchange_and_add(int volatile*, int)",0x0042D8E0,14
5.5.01,dlgctrl.cpp,"filerequester::FileRequest(HINSTANCE__*, char*)",0,0x004242C0,_Unwind_SjLj_Register,0x00431BC0,1
5.5.01,dlgctrl.cpp,"filerequester::FileRequest(HINSTANCE__*, char*)",0,0x004242C0,_Unwind_SjLj_Unregister,0x00431CA0,1
5.5.01,dlgctrl.cpp,"filerequester::FileRequest(HINSTANCE__*, char*)",0,0x004242C0,_Unwind_SjLj_Resume,0x00432280,1
5.5.01,dlgctrl.cpp,"filerequester::FileRequest(HINSTANCE__*, char*)",0,0x004242C0,sprintf,0x00432990,1
5.5.01,dlgctrl.cpp,"filerequester::FileRequest(HINSTANCE__*, char*)",0,0x004242C0,strlen,0x004329B0,16
5.5.01,dlgctrl.cpp,"filerequester::FileRequest(HINSTANCE__*, char*)",0,0x004242C0,strcpy,0x004329C0,8
5.5.01,dlgctrl.cpp,"filerequester::FileRequest(HINSTANCE__*, char*)",0,0x004242C0,strcmp,0x004329E0,1
5.5.01,dlgctrl.cpp,"filerequester::FileRequest(HINSTANCE__*, char*)",0,0x004242C0,strcat,0x004329F0,2
5.5.01,dlgctrl.cpp,"filerequester::FileRequest(HINSTANCE__*, char*)",0,0x004242C0,GetTextExtentPoint32A@16,0x00432B00,4
5.5.01,dlgctrl.cpp,"filerequester::FileRequest(HINSTANCE__*, char*)",0,0x004242C0,SetWindowTextA@8,0x00432BA0,1
5.5.01,dlgctrl.cpp,"filerequester::FileRequest(HINSTANCE__*, char*)",0,0x004242C0,GetDC@4,0x00432BB0,4
5.5.01,dlgctrl.cpp,"filerequester::FileRequest(HINSTANCE__*, char*)",0,0x004242C0,ReleaseDC@8,0x00432BC0,4
5.5.01,dlgctrl.cpp,"filerequester::FileRequest(HINSTANCE__*, char*)",0,0x004242C0,DispatchMessageA@4,0x00432BE0,1
5.5.01,dlgctrl.cpp,"filerequester::FileRequest(HINSTANCE__*, char*)",0,0x004242C0,GetMessageA@16,0x00432BF0,1
5.5.01,dlgctrl.cpp,"filerequester::FileRequest(HINSTANCE__*, char*)",0,0x004242C0,TranslateMessage@4,0x00432C00,1
5.5.01,dlgctrl.cpp,"filerequester::FileRequest(HINSTANCE__*, char*)",0,0x004242C0,ShowWindow@8,0x00432C10,4
5.5.01,dlgctrl.cpp,"filerequester::FileRequest(HINSTANCE__*, char*)",0,0x004242C0,DestroyWindow@4,0x00432C30,6
5.5.01,dlgctrl.cpp,"filerequester::FileRequest(HINSTANCE__*, char*)",0,0x004242C0,SendMessageA@16,0x00432C50,31
5.5.01,dlgctrl.cpp,"filerequester::FileRequest(HINSTANCE__*, char*)",0,0x004242C0,RedrawWindow@16,0x00432C80,4
5.5.01,dlgctrl.cpp,"filerequester::FileRequest(HINSTANCE__*, char*)",0,0x004242C0,UpdateWindow@4,0x00432CF0,4
5.5.01,dlgctrl.cpp,"filerequester::FileRequest(HINSTANCE__*, char*)",0,0x004242C0,GetFileAttributesA@4,0x00432EE0,5
5.5.01,dlgctrl.cpp,"filerequester::FileRequest(HINSTANCE__*, char*)",0,0x004242C0,std::string::_Rep::_M_destroy(std::allocator<char,0x00434310,14
5.5.01,dlgctrl.cpp,"filerequester::FileRequest(HINSTANCE__*, char*)",0,0x004242C0,"std::string::assign(char const*, unsigned int)",0x00434D90,9
5.5.01,dlgctrl.cpp,"filerequester::FileRequest(HINSTANCE__*, char*)",0,0x004242C0,"std::basic_string<char, std::char_traits<char",0x00436500,1
5.5.01,dlgctrl.cpp,"filerequester::FileRequest(HINSTANCE__*, char*)",0,0x004242C0,"std::basic_string<char, std::char_traits<char",0x004365B0,2
5.5.01,dlgctrl.cpp,"filerequester::FileRequest(HINSTANCE__*, char*)",0,0x004242C0,"std::basic_string<char, std::char_traits<char",0x00436D20,7
5.5.01,dlgctrl.cpp,"__static_initialization_and_destruction_0(int, int)",1,0x00425FE0,operator delete(void*),0x0042CCB0,2
5.5.01,dlgctrl.cpp,"__static_initialization_and_destruction_0(int, int)",1,0x00425FE0,operator new(unsigned int),0x0042CCD0,1
5.5.01,dlgctrl.cpp,"__static_initialization_and_destruction_0(int, int)",1,0x00425FE0,_Unwind_SjLj_Register,0x00431BC0,1
5.5.01,dlgctrl.cpp,"__static_initialization_and_destruction_0(int, int)",1,0x00425FE0,_Unwind_SjLj_Unregister,0x00431CA0,1
5.5.01,dlgctrl.cpp,"__static_initialization_and_destruction_0(int, int)",1,0x00425FE0,_Unwind_SjLj_Resume,0x00432280,1
5.5.01,dlgctrl.cpp,"__static_initialization_and_destruction_0(int, int)",1,0x00425FE0,CreateBrushIndirect@4,0x00432B30,1
5.5.01,dlgctrl.cpp,"__static_initialization_and_destruction_0(int, int)",1,0x00425FE0,MessageBoxA@16,0x00432B90,1
5.5.01,FindFile.cpp,FindFile::matchCriteria(_WIN32_FIND_DATAA&),0,0x00426180,"wildcard::match(std::string, std::string)",0x0042C260,3
5.5.01,FindFile.cpp,FindFile::matchCriteria(_WIN32_FIND_DATAA&),0,0x00426180,"__gnu_cxx::__exchange_and_add(int volatile*, int)",0x0042D8E0,12
5.5.01,FindFile.cpp,FindFile::matchCriteria(_WIN32_FIND_DATAA&),0,0x00426180,_Unwind_SjLj_Register,0x00431BC0,1
5.5.01,FindFile.cpp,FindFile::matchCriteria(_WIN32_FIND_DATAA&),0,0x00426180,_Unwind_SjLj_Unregister,0x00431CA0,2
5.5.01,FindFile.cpp,FindFile::matchCriteria(_WIN32_FIND_DATAA&),0,0x00426180,_Unwind_SjLj_Resume,0x00432280,1
5.5.01,FindFile.cpp,FindFile::matchCriteria(_WIN32_FIND_DATAA&),0,0x00426180,std::string::_Rep::_M_destroy(std::allocator<char,0x00434310,12
5.5.01,FindFile.cpp,FindFile::matchCriteria(_WIN32_FIND_DATAA&),0,0x00426180,"std::basic_string<char, std::char_traits<char",0x00436500,3
5.5.01,FindFile.cpp,FindFile::matchCriteria(_WIN32_FIND_DATAA&),0,0x00426180,"std::basic_string<char, std::char_traits<char",0x004365B0,3
5.5.01,FindFile.cpp,"FindFile::combinePath(std::string, std::string)",0,0x004268E0,strlen,0x004329B0,2
5.5.01,FindFile.cpp,"FindFile::combinePath(std::string, std::string)",0,0x004268E0,"std::string::find_last_of(char const*, unsigned int, unsigned int) const",0x00433120,1
5.5.01,FindFile.cpp,"FindFile::combinePath(std::string, std::string)",0,0x004268E0,std::string::compare(char const*) const,0x004339C0,1
5.5.01,FindFile.cpp,"FindFile::combinePath(std::string, std::string)",0,0x004268E0,"std::string::append(char const*, unsigned int)",0x004349F0,1
5.5.01,FindFile.cpp,"FindFile::combinePath(std::string, std::string)",0,0x004268E0,std::string::append(std::string const&),0x00434AC0,1
5.5.01,FindFile.cpp,"FindFile::combinePath(std::string, std::string)",0,0x004268E0,"std::basic_string<char, std::char_traits<char",0x004365B0,1
5.5.01,FindFile.cpp,"FindFile::getFiles(void*&, _WIN32_FIND_DATAA&, std::string)",0,0x004269A0,"FindFile::combinePath(std::string, std::string)",0x004268E0,1
5.5.01,FindFile.cpp,"FindFile::getFiles(void*&, _WIN32_FIND_DATAA&, std::string)",0,0x004269A0,"__gnu_cxx::__exchange_and_add(int volatile*, int)",0x0042D8E0,8
5.5.01,FindFile.cpp,"FindFile::getFiles(void*&, _WIN32_FIND_DATAA&, std::string)",0,0x004269A0,_Unwind_SjLj_Register,0x00431BC0,1
5.5.01,FindFile.cpp,"FindFile::getFiles(void*&, _WIN32_FIND_DATAA&, std::string)",0,0x004269A0,_Unwind_SjLj_Unregister,0x00431CA0,1
5.5.01,FindFile.cpp,"FindFile::getFiles(void*&, _WIN32_FIND_DATAA&, std::string)",0,0x004269A0,_Unwind_SjLj_Resume,0x00432280,1
5.5.01,FindFile.cpp,"FindFile::getFiles(void*&, _WIN32_FIND_DATAA&, std::string)",0,0x004269A0,strcmpi,0x00432910,4
5.5.01,FindFile.cpp,"FindFile::getFiles(void*&, _WIN32_FIND_DATAA&, std::string)",0,0x004269A0,FindNextFileA@8,0x00432F50,1
5.5.01,FindFile.cpp,"FindFile::getFiles(void*&, _WIN32_FIND_DATAA&, std::string)",0,0x004269A0,FindFirstFileA@8,0x00432F60,1
5.5.01,FindFile.cpp,"FindFile::getFiles(void*&, _WIN32_FIND_DATAA&, std::string)",0,0x004269A0,FindClose@4,0x00432F70,1
5.5.01,FindFile.cpp,"FindFile::getFiles(void*&, _WIN32_FIND_DATAA&, std::string)",0,0x004269A0,std::string::_Rep::_M_destroy(std::allocator<char,0x00434310,7
5.5.01,FindFile.cpp,"FindFile::getFiles(void*&, _WIN32_FIND_DATAA&, std::string)",0,0x004269A0,"std::basic_string<char, std::char_traits<char",0x00436500,1
5.5.01,FindFile.cpp,"FindFile::getFiles(void*&, _WIN32_FIND_DATAA&, std::string)",0,0x004269A0,"std::basic_string<char, std::char_traits<char",0x004365B0,1
5.5.01,FindFile.cpp,FindFile::FindFile(FindFileOptions_t&),0,0x00426F20,operator delete(void*),0x0042CCB0,2
5.5.01,FindFile.cpp,FindFile::FindFile(FindFileOptions_t&),0,0x00426F20,"__gnu_cxx::__exchange_and_add(int volatile*, int)",0x0042D8E0,9
5.5.01,FindFile.cpp,FindFile::FindFile(FindFileOptions_t&),0,0x00426F20,_Unwind_SjLj_Register,0x00431BC0,1
5.5.01,FindFile.cpp,FindFile::FindFile(FindFileOptions_t&),0,0x00426F20,_Unwind_SjLj_Unregister,0x00431CA0,1
5.5.01,FindFile.cpp,FindFile::FindFile(FindFileOptions_t&),0,0x00426F20,_Unwind_SjLj_Resume,0x00432280,1
5.5.01,FindFile.cpp,FindFile::FindFile(FindFileOptions_t&),0,0x00426F20,std::string::_Rep::_M_destroy(std::allocator<char,0x00434310,9
5.5.01,FindFile.cpp,FindFile::FindFile(FindFileOptions_t&),0,0x00426F20,std::string::assign(std::string const&),0x00434EA0,4
5.5.01,FindFile.cpp,FindFile::FindFile(FindFileOptions_t&),1,0x004274D0,operator delete(void*),0x0042CCB0,2
5.5.01,FindFile.cpp,FindFile::FindFile(FindFileOptions_t&),1,0x004274D0,"__gnu_cxx::__exchange_and_add(int volatile*, int)",0x0042D8E0,9
5.5.01,FindFile.cpp,FindFile::FindFile(FindFileOptions_t&),1,0x004274D0,_Unwind_SjLj_Register,0x00431BC0,1
5.5.01,FindFile.cpp,FindFile::FindFile(FindFileOptions_t&),1,0x004274D0,_Unwind_SjLj_Unregister,0x00431CA0,1
5.5.01,FindFile.cpp,FindFile::FindFile(FindFileOptions_t&),1,0x004274D0,_Unwind_SjLj_Resume,0x00432280,1
5.5.01,FindFile.cpp,FindFile::FindFile(FindFileOptions_t&),1,0x004274D0,std::string::_Rep::_M_destroy(std::allocator<char,0x00434310,9
5.5.01,FindFile.cpp,FindFile::FindFile(FindFileOptions_t&),1,0x004274D0,std::string::assign(std::string const&),0x00434EA0,4
5.5.01,FindFile.cpp,FindFile::~FindFile(),0,0x00427AC0,operator delete(void*),0x0042CCB0,4
5.5.01,FindFile.cpp,FindFile::~FindFile(),0,0x00427AC0,"__gnu_cxx::__exchange_and_add(int volatile*, int)",0x0042D8E0,18
5.5.01,FindFile.cpp,FindFile::~FindFile(),0,0x00427AC0,_Unwind_SjLj_Register,0x00431BC0,1
5.5.01,FindFile.cpp,FindFile::~FindFile(),0,0x00427AC0,_Unwind_SjLj_Unregister,0x00431CA0,1
5.5.01,FindFile.cpp,FindFile::~FindFile(),0,0x00427AC0,_Unwind_SjLj_Resume,0x00432280,1
5.5.01,FindFile.cpp,FindFile::~FindFile(),0,0x00427AC0,std::string::_Rep::_M_destroy(std::allocator<char,0x00434310,18
5.5.01,FindFile.cpp,FindFile::~FindFile(),0,0x00427AC0,"std::vector<FileInformation, std::allocator<FileInformation",0x00437BD0,1
5.5.01,FindFile.cpp,FindFile::~FindFile(),1,0x004283F0,operator delete(void*),0x0042CCB0,4
5.5.01,FindFile.cpp,FindFile::~FindFile(),1,0x004283F0,"__gnu_cxx::__exchange_and_add(int volatile*, int)",0x0042D8E0,18
5.5.01,FindFile.cpp,FindFile::~FindFile(),1,0x004283F0,_Unwind_SjLj_Register,0x00431BC0,1
5.5.01,FindFile.cpp,FindFile::~FindFile(),1,0x004283F0,_Unwind_SjLj_Unregister,0x00431CA0,1
5.5.01,FindFile.cpp,FindFile::~FindFile(),1,0x004283F0,_Unwind_SjLj_Resume,0x00432280,1
5.5.01,FindFile.cpp,FindFile::~FindFile(),1,0x004283F0,std::string::_Rep::_M_destroy(std::allocator<char,0x00434310,18
5.5.01,FindFile.cpp,FindFile::~FindFile(),1,0x004283F0,"std::vector<FileInformation, std::allocator<FileInformation",0x00437BD0,1
5.5.01,FindFile.cpp,FindFile::search(),0,0x004294E0,FindFile::scanPath(std::string),0x00428D20,1
5.5.01,FindFile.cpp,FindFile::search(),0,0x004294E0,"__gnu_cxx::__exchange_and_add(int volatile*, int)",0x0042D8E0,2
5.5.01,FindFile.cpp,FindFile::search(),0,0x004294E0,_Unwind_SjLj_Register,0x00431BC0,1
5.5.01,FindFile.cpp,FindFile::search(),0,0x004294E0,_Unwind_SjLj_Unregister,0x00431CA0,1
5.5.01,FindFile.cpp,FindFile::search(),0,0x004294E0,_Unwind_SjLj_Resume,0x00432280,1
5.5.01,FindFile.cpp,FindFile::search(),0,0x004294E0,std::string::_Rep::_M_destroy(std::allocator<char,0x00434310,2
5.5.01,FindFile.cpp,FindFile::search(),0,0x004294E0,"std::basic_string<char, std::char_traits<char",0x004365B0,1
5.5.01,FindFile.cpp,FindFile::search(),0,0x004294E0,"std::vector<FileInformation, std::allocator<FileInformation",0x00437BD0,1
5.5.01,FindFile.cpp,"std::vector<FileInformation, std::allocator<FileInformation> >::_M_insert_aux(__gnu_cxx::__normal_iterator<FileInformation*, std::vector<FileInformation, std::allocator<FileInformation> > >, FileInformation const&)",0,0x00437260,operator delete(void*),0x0042CCB0,2
5.5.01,FindFile.cpp,"std::vector<FileInformation, std::allocator<FileInformation> >::_M_insert_aux(__gnu_cxx::__normal_iterator<FileInformation*, std::vector<FileInformation, std::allocator<FileInformation> > >, FileInformation const&)",0,0x00437260,operator new(unsigned int),0x0042CCD0,1
5.5.01,FindFile.cpp,"std::vector<FileInformation, std::allocator<FileInformation> >::_M_insert_aux(__gnu_cxx::__normal_iterator<FileInformation*, std::vector<FileInformation, std::allocator<FileInformation> > >, FileInformation const&)",0,0x00437260,"__gnu_cxx::__exchange_and_add(int volatile*, int)",0x0042D8E0,6
5.5.01,FindFile.cpp,"std::vector<FileInformation, std::allocator<FileInformation> >::_M_insert_aux(__gnu_cxx::__normal_iterator<FileInformation*, std::vector<FileInformation, std::allocator<FileInformation> > >, FileInformation const&)",0,0x00437260,__cxa_rethrow,0x0042D9C0,3
5.5.01,FindFile.cpp,"std::vector<FileInformation, std::allocator<FileInformation> >::_M_insert_aux(__gnu_cxx::__normal_iterator<FileInformation*, std::vector<FileInformation, std::allocator<FileInformation> > >, FileInformation const&)",0,0x00437260,__cxa_begin_catch,0x0042DA20,3
5.5.01,FindFile.cpp,"std::vector<FileInformation, std::allocator<FileInformation> >::_M_insert_aux(__gnu_cxx::__normal_iterator<FileInformation*, std::vector<FileInformation, std::allocator<FileInformation> > >, FileInformation const&)",0,0x00437260,__cxa_end_catch,0x0042DB30,2
5.5.01,FindFile.cpp,"std::vector<FileInformation, std::allocator<FileInformation> >::_M_insert_aux(__gnu_cxx::__normal_iterator<FileInformation*, std::vector<FileInformation, std::allocator<FileInformation> > >, FileInformation const&)",0,0x00437260,_Unwind_SjLj_Register,0x00431BC0,1
5.5.01,FindFile.cpp,"std::vector<FileInformation, std::allocator<FileInformation> >::_M_insert_aux(__gnu_cxx::__normal_iterator<FileInformation*, std::vector<FileInformation, std::allocator<FileInformation> > >, FileInformation const&)",0,0x00437260,_Unwind_SjLj_Unregister,0x00431CA0,1
5.5.01,FindFile.cpp,"std::vector<FileInformation, std::allocator<FileInformation> >::_M_insert_aux(__gnu_cxx::__normal_iterator<FileInformation*, std::vector<FileInformation, std::allocator<FileInformation> > >, FileInformation const&)",0,0x00437260,_Unwind_SjLj_Resume,0x00432280,1
5.5.01,FindFile.cpp,"std::vector<FileInformation, std::allocator<FileInformation> >::_M_insert_aux(__gnu_cxx::__normal_iterator<FileInformation*, std::vector<FileInformation, std::allocator<FileInformation> > >, FileInformation const&)",0,0x00437260,memcpy,0x004329A0,7
5.5.01,FindFile.cpp,"std::vector<FileInformation, std::allocator<FileInformation> >::_M_insert_aux(__gnu_cxx::__normal_iterator<FileInformation*, std::vector<FileInformation, std::allocator<FileInformation> > >, FileInformation const&)",0,0x00437260,std::string::_Rep::_M_destroy(std::allocator<char,0x00434310,6
5.5.01,FindFile.cpp,"std::vector<FileInformation, std::allocator<FileInformation> >::_M_insert_aux(__gnu_cxx::__normal_iterator<FileInformation*, std::vector<FileInformation, std::allocator<FileInformation> > >, FileInformation const&)",0,0x00437260,std::string::assign(std::string const&),0x00434EA0,2
5.5.01,FindFile.cpp,"std::vector<FileInformation, std::allocator<FileInformation> >::_M_insert_aux(__gnu_cxx::__normal_iterator<FileInformation*, std::vector<FileInformation, std::allocator<FileInformation> > >, FileInformation const&)",0,0x00437260,"std::basic_string<char, std::char_traits<char",0x004365B0,5
5.5.01,FindFile.cpp,"std::vector<FileInformation, std::allocator<FileInformation> >::erase(__gnu_cxx::__normal_iterator<FileInformation*, std::vector<FileInformation, std::allocator<FileInformation> > >, __gnu_cxx::__normal_iterator<FileInformation*, std::vector<FileInformation, std::allocator<FileInformation> > >)",0,0x00437BD0,"__gnu_cxx::__exchange_and_add(int volatile*, int)",0x0042D8E0,1
5.5.01,FindFile.cpp,"std::vector<FileInformation, std::allocator<FileInformation> >::erase(__gnu_cxx::__normal_iterator<FileInformation*, std::vector<FileInformation, std::allocator<FileInformation> > >, __gnu_cxx::__normal_iterator<FileInformation*, std::vector<FileInformation, std::allocator<FileInformation> > >)",0,0x00437BD0,_Unwind_SjLj_Register,0x00431BC0,1
5.5.01,FindFile.cpp,"std::vector<FileInformation, std::allocator<FileInformation> >::erase(__gnu_cxx::__normal_iterator<FileInformation*, std::vector<FileInformation, std::allocator<FileInformation> > >, __gnu_cxx::__normal_iterator<FileInformation*, std::vector<FileInformation, std::allocator<FileInformation> > >)",0,0x00437BD0,_Unwind_SjLj_Unregister,0x00431CA0,1
5.5.01,FindFile.cpp,"std::vector<FileInformation, std::allocator<FileInformation> >::erase(__gnu_cxx::__normal_iterator<FileInformation*, std::vector<FileInformation, std::allocator<FileInformation> > >, __gnu_cxx::__normal_iterator<FileInformation*, std::vector<FileInformation, std::allocator<FileInformation> > >)",0,0x00437BD0,_Unwind_SjLj_Resume,0x00432280,1
5.5.01,FindFile.cpp,"std::vector<FileInformation, std::allocator<FileInformation> >::erase(__gnu_cxx::__normal_iterator<FileInformation*, std::vector<FileInformation, std::allocator<FileInformation> > >, __gnu_cxx::__normal_iterator<FileInformation*, std::vector<FileInformation, std::allocator<FileInformation> > >)",0,0x00437BD0,memcpy,0x004329A0,1
5.5.01,FindFile.cpp,"std::vector<FileInformation, std::allocator<FileInformation> >::erase(__gnu_cxx::__normal_iterator<FileInformation*, std::vector<FileInformation, std::allocator<FileInformation> > >, __gnu_cxx::__normal_iterator<FileInformation*, std::vector<FileInformation, std::allocator<FileInformation> > >)",0,0x00437BD0,std::string::_Rep::_M_destroy(std::allocator<char,0x00434310,1
5.5.01,FindFile.cpp,"std::vector<FileInformation, std::allocator<FileInformation> >::erase(__gnu_cxx::__normal_iterator<FileInformation*, std::vector<FileInformation, std::allocator<FileInformation> > >, __gnu_cxx::__normal_iterator<FileInformation*, std::vector<FileInformation, std::allocator<FileInformation> > >)",0,0x00437BD0,std::string::assign(std::string const&),0x00434EA0,1
5.5.01,FindFile.cpp,FindFile::scanPath(std::string),0,0x00428D20,FindFile::matchCriteria(_WIN32_FIND_DATAA&),0x00426180,1
5.5.01,FindFile.cpp,FindFile::scanPath(std::string),0,0x00428D20,"FindFile::combinePath(std::string, std::string)",0x004268E0,1
5.5.01,FindFile.cpp,FindFile::scanPath(std::string),0,0x00428D20,"FindFile::getFiles(void*&, _WIN32_FIND_DATAA&, std::string)",0x004269A0,1
5.5.01,FindFile.cpp,FindFile::scanPath(std::string),0,0x00428D20,FindFile::scanPath(std::string),0x00428D20,1
5.5.01,FindFile.cpp,FindFile::scanPath(std::string),0,0x00428D20,"__gnu_cxx::__exchange_and_add(int volatile*, int)",0x0042D8E0,10
5.5.01,FindFile.cpp,FindFile::scanPath(std::string),0,0x00428D20,_Unwind_SjLj_Register,0x00431BC0,1
5.5.01,FindFile.cpp,FindFile::scanPath(std::string),0,0x00428D20,_Unwind_SjLj_Unregister,0x00431CA0,1
5.5.01,FindFile.cpp,FindFile::scanPath(std::string),0,0x00428D20,_Unwind_SjLj_Resume,0x00432280,2
5.5.01,FindFile.cpp,FindFile::scanPath(std::string),0,0x00428D20,memcpy,0x004329A0,2
5.5.01,FindFile.cpp,FindFile::scanPath(std::string),0,0x00428D20,std::string::_Rep::_M_destroy(std::allocator<char,0x00434310,10
5.5.01,FindFile.cpp,FindFile::scanPath(std::string),0,0x00428D20,std::string::assign(std::string const&),0x00434EA0,1
5.5.01,FindFile.cpp,FindFile::scanPath(std::string),0,0x00428D20,"std::basic_string<char, std::char_traits<char",0x00436500,1
5.5.01,FindFile.cpp,FindFile::scanPath(std::string),0,0x00428D20,"std::basic_string<char, std::char_traits<char",0x004365B0,3
5.5.01,FindFile.cpp,FindFile::scanPath(std::string),0,0x00428D20,"std::vector<FileInformation, std::allocator<FileInformation",0x00437260,1
5.5.01,FindFile.cpp,FindFile::clear(),0,0x00427A80,"std::vector<FileInformation, std::allocator<FileInformation",0x00437BD0,1
5.5.01,main.cpp,GetComPort(),0,0x00429660,listbox::Getcursel(),0x00422E90,1
5.5.01,main.cpp,GetComPort(),0,0x00429660,"listbox::Gettext(char const*, int)",0x00422EF0,1
5.5.01,main.cpp,GetComPort(),0,0x00429660,atol,0x00432A60,1
5.5.01,main.cpp,"GetTextExtentCharSum(HDC__*, char const*, int, tagSIZE*)",0,0x004296A0,GetTextExtentPoint32A@16,0x00432B00,1
5.5.01,main.cpp,WinMain@16,0,0x00429710,bixby110checkout::bixby110checkout(),0x00402070,1
5.5.01,main.cpp,WinMain@16,0,0x00429710,bixby110checkout::~bixby110checkout(),0x00402B60,1
5.5.01,main.cpp,WinMain@16,0,0x00429710,"bixby110checkout::Bixby110Checkout(HINSTANCE__*, int, unsigned char)",0x00406460,1
5.5.01,main.cpp,WinMain@16,0,0x00429710,bixby110io::bixby110io(),0x00408760,1
5.5.01,main.cpp,WinMain@16,0,0x00429710,bixby110io::~bixby110io(),0x004087A0,3
5.5.01,main.cpp,WinMain@16,0,0x00429710,"bixby110io::getrs232port(unsigned char, unsigned char)",0x004087B0,1
5.5.01,main.cpp,WinMain@16,0,0x00429710,bixby110io::freers232port(),0x00408940,1
5.5.01,main.cpp,WinMain@16,0,0x00429710,bixby110io::getrs232portstatus(),0x00408960,1
5.5.01,main.cpp,WinMain@16,0,0x00429710,bixby110control::bixby110control(),0x0040BB60,1
5.5.01,main.cpp,WinMain@16,0,0x00429710,bixby110control::~bixby110control(),0x0040E5E0,1
5.5.01,main.cpp,WinMain@16,0,0x00429710,"bixby110control::Bixby110Dialog(HINSTANCE__*, int, unsigned char, unsigned char)",0x00418340,1
5.5.01,main.cpp,WinMain@16,0,0x00429710,bixby110downloader::bixby110downloader(),0x0041D4D0,1
5.5.01,main.cpp,WinMain@16,0,0x00429710,"bixby110downloader::Bixby110Downloader(HINSTANCE__*, int, char*, unsigned char)",0x00420270,1
5.5.01,main.cpp,WinMain@16,0,0x00429710,dlgelement::~dlgelement(),0x00422050,11
5.5.01,main.cpp,WinMain@16,0,0x00429710,"pushbutton::CreatePushbutton(char const*, int, int, int, int, HWND__*, HINSTANCE__*)",0x00422B00,3
5.5.01,main.cpp,WinMain@16,0,0x00429710,"pushbutton::CreatePushbutton(char const*, int, int, HWND__*, HINSTANCE__*)",0x00422B80,3
5.5.01,main.cpp,WinMain@16,0,0x00429710,pushbutton::WasPushed(),0x00422CD0,6
5.5.01,main.cpp,WinMain@16,0,0x00429710,pushbutton::SetSimulatedPush(),0x00422CF0,2
5.5.01,main.cpp,WinMain@16,0,0x00429710,"listbox::CreateListbox(char const*, int, int, int, int, HWND__*, HINSTANCE__*)",0x00422D60,1
5.5.01,main.cpp,WinMain@16,0,0x00429710,listbox::Addstring(char const*),0x00422E00,1
5.5.01,main.cpp,WinMain@16,0,0x00429710,listbox::Getcursel(),0x00422E90,3
5.5.01,main.cpp,WinMain@16,0,0x00429710,listbox::Setcursel(int),0x00422EC0,1
5.5.01,main.cpp,WinMain@16,0,0x00429710,"listbox::Gettext(char const*, int)",0x00422EF0,3
5.5.01,main.cpp,WinMain@16,0,0x00429710,filerequester::~filerequester(),0x00423E00,1
5.5.01,main.cpp,WinMain@16,0,0x00429710,pocketcalculatorcontrol::pocketcalculatorcontrol(),0x0042AFE0,1
5.5.01,main.cpp,WinMain@16,0,0x00429710,pocketcalculatorcontrol::PocketCalculator(HINSTANCE__*),0x0042B260,1
5.5.01,main.cpp,WinMain@16,0,0x00429710,operator delete(void*),0x0042CCB0,15
5.5.01,main.cpp,WinMain@16,0,0x00429710,operator new(unsigned int),0x0042CCD0,4
5.5.01,main.cpp,WinMain@16,0,0x00429710,_Unwind_SjLj_Register,0x00431BC0,1
5.5.01,main.cpp,WinMain@16,0,0x00429710,_Unwind_SjLj_Unregister,0x00431CA0,1
5.5.01,main.cpp,WinMain@16,0,0x00429710,_Unwind_SjLj_Resume,0x00432280,1
5.5.01,main.cpp,WinMain@16,0,0x00429710,sprintf,0x00432990,1
5.5.01,main.cpp,WinMain@16,0,0x00429710,atol,0x00432A60,3
5.5.01,main.cpp,WinMain@16,0,0x00429710,GetStockObject@4,0x00432B10,2
5.5.01,main.cpp,WinMain@16,0,0x00429710,SelectObject@8,0x00432B20,2
5.5.01,main.cpp,WinMain@16,0,0x00429710,CreateFontA@56,0x00432B70,1
5.5.01,main.cpp,WinMain@16,0,0x00429710,MessageBoxA@16,0x00432B90,7
5.5.01,main.cpp,WinMain@16,0,0x00429710,GetDC@4,0x00432BB0,2
5.5.01,main.cpp,WinMain@16,0,0x00429710,ReleaseDC@8,0x00432BC0,2
5.5.01,main.cpp,WinMain@16,0,0x00429710,DispatchMessageA@4,0x00432BE0,1
5.5.01,main.cpp,WinMain@16,0,0x00429710,GetMessageA@16,0x00432BF0,1
5.5.01,main.cpp,WinMain@16,0,0x00429710,TranslateMessage@4,0x00432C00,1
5.5.01,main.cpp,WinMain@16,0,0x00429710,ShowWindow@8,0x00432C10,7
5.5.01,main.cpp,WinMain@16,0,0x00429710,CreateWindowExA@48,0x00432C40,1
5.5.01,main.cpp,WinMain@16,0,0x00429710,SendMessageA@16,0x00432C50,1
5.5.01,main.cpp,WinMain@16,0,0x00429710,LoadIconA@8,0x00432D60,2
5.5.01,main.cpp,WinMain@16,0,0x00429710,LoadCursorA@8,0x00432D70,1
5.5.01,main.cpp,WinMain@16,0,0x00429710,RegisterClassExA@4,0x00432D80,1
5.5.01,main.cpp,"WindowProcedure(HWND__*, unsigned int, unsigned int, long)@16",0,0x0042A6C0,"dlgmsgrouter::DialogMessageProc(HWND__*, unsigned int, unsigned int, long)",0x00421830,1
5.5.01,main.cpp,"WindowProcedure(HWND__*, unsigned int, unsigned int, long)@16",0,0x0042A6C0,RedrawWindow@16,0x00432C80,1
5.5.01,main.cpp,"WindowProcedure(HWND__*, unsigned int, unsigned int, long)@16",0,0x0042A6C0,DefWindowProcA@16,0x00432D30,1
5.5.01,main.cpp,"WindowProcedure(HWND__*, unsigned int, unsigned int, long)@16",0,0x0042A6C0,PostQuitMessage@4,0x00432DA0,1
5.5.01,main.cpp,global constructors keyed to szClassName,0,0x0042A7C0,dlgelement::dlgelement(),0x00422030,16
5.5.01,main.cpp,global constructors keyed to szClassName,0,0x0042A7C0,filerequester::filerequester(),0x00423C10,1
5.5.01,main.cpp,global constructors keyed to szClassName,0,0x0042A7C0,operator delete(void*),0x0042CCB0,2
5.5.01,main.cpp,global constructors keyed to szClassName,0,0x0042A7C0,operator new(unsigned int),0x0042CCD0,17
5.5.01,main.cpp,global constructors keyed to szClassName,0,0x0042A7C0,_Unwind_SjLj_Register,0x00431BC0,1
5.5.01,main.cpp,global constructors keyed to szClassName,0,0x0042A7C0,_Unwind_SjLj_Unregister,0x00431CA0,1
5.5.01,main.cpp,global constructors keyed to szClassName,0,0x0042A7C0,_Unwind_SjLj_Resume,0x00432280,1
5.5.01,PocketCalculator.cpp,pocketcalculatorcontrol::pocketcalculatorcontrol(),0,0x0042AEC0,dlgelement::dlgelement(),0x00422030,2
5.5.01,PocketCalculator.cpp,pocketcalculatorcontrol::pocketcalculatorcontrol(),0,0x0042AEC0,operator delete(void*),0x0042CCB0,2
5.5.01,PocketCalculator.cpp,pocketcalculatorcontrol::pocketcalculatorcontrol(),0,0x0042AEC0,operator new(unsigned int),0x0042CCD0,2
5.5.01,PocketCalculator.cpp,pocketcalculatorcontrol::pocketcalculatorcontrol(),0,0x0042AEC0,_Unwind_SjLj_Register,0x00431BC0,1
5.5.01,PocketCalculator.cpp,pocketcalculatorcontrol::pocketcalculatorcontrol(),0,0x0042AEC0,_Unwind_SjLj_Unregister,0x00431CA0,1
5.5.01,PocketCalculator.cpp,pocketcalculatorcontrol::pocketcalculatorcontrol(),0,0x0042AEC0,_Unwind_SjLj_Resume,0x00432280,1
5.5.01,PocketCalculator.cpp,pocketcalculatorcontrol::pocketcalculatorcontrol(),1,0x0042AFE0,dlgelement::dlgelement(),0x00422030,2
5.5.01,PocketCalculator.cpp,pocketcalculatorcontrol::pocketcalculatorcontrol(),1,0x0042AFE0,operator delete(void*),0x0042CCB0,2
5.5.01,PocketCalculator.cpp,pocketcalculatorcontrol::pocketcalculatorcontrol(),1,0x0042AFE0,operator new(unsigned int),0x0042CCD0,2
5.5.01,PocketCalculator.cpp,pocketcalculatorcontrol::pocketcalculatorcontrol(),1,0x0042AFE0,_Unwind_SjLj_Register,0x00431BC0,1
5.5.01,PocketCalculator.cpp,pocketcalculatorcontrol::pocketcalculatorcontrol(),1,0x0042AFE0,_Unwind_SjLj_Unregister,0x00431CA0,1
5.5.01,PocketCalculator.cpp,pocketcalculatorcontrol::pocketcalculatorcontrol(),1,0x0042AFE0,_Unwind_SjLj_Resume,0x00432280,1
5.5.01,PocketCalculator.cpp,pocketcalculatorcontrol::~pocketcalculatorcontrol(),0,0x0042B100,dlgelement::~dlgelement(),0x00422050,2
5.5.01,PocketCalculator.cpp,pocketcalculatorcontrol::~pocketcalculatorcontrol(),0,0x0042B100,operator delete(void*),0x0042CCB0,2
5.5.01,PocketCalculator.cpp,pocketcalculatorcontrol::~pocketcalculatorcontrol(),1,0x0042B160,dlgelement::~dlgelement(),0x00422050,2
5.5.01,PocketCalculator.cpp,pocketcalculatorcontrol::~pocketcalculatorcontrol(),1,0x0042B160,operator delete(void*),0x0042CCB0,2
5.5.01,PocketCalculator.cpp,pocketcalculatorcontrol::CalculateEquals(),0,0x0042B1C0,sqrt,0x00432A70,1
5.5.01,PocketCalculator.cpp,pocketcalculatorcontrol::PocketCalculator(HINSTANCE__*),0,0x0042B260,dlgmsgrouter::RemoveMessageRoute(HWND__*),0x00421F30,1
5.5.01,PocketCalculator.cpp,pocketcalculatorcontrol::PocketCalculator(HINSTANCE__*),0,0x0042B260,"pushbutton::CreatePushbutton(char const*, int, int, int, int, HWND__*, HINSTANCE__*)",0x00422B00,3
5.5.01,PocketCalculator.cpp,pocketcalculatorcontrol::PocketCalculator(HINSTANCE__*),0,0x0042B260,pushbutton::WasPushed(),0x00422CD0,1
5.5.01,PocketCalculator.cpp,pocketcalculatorcontrol::PocketCalculator(HINSTANCE__*),0,0x0042B260,"edit::CreateEdit(char const*, int, int, int, int, HWND__*, HINSTANCE__*, unsigned long)",0x00423070,1
5.5.01,PocketCalculator.cpp,pocketcalculatorcontrol::PocketCalculator(HINSTANCE__*),0,0x0042B260,edit::Settext(char const*),0x00423170,2
5.5.01,PocketCalculator.cpp,pocketcalculatorcontrol::PocketCalculator(HINSTANCE__*),0,0x0042B260,"dlgbox::CreateDialogBox(char const*, unsigned long, char const*)",0x00423900,1
5.5.01,PocketCalculator.cpp,pocketcalculatorcontrol::PocketCalculator(HINSTANCE__*),0,0x0042B260,sprintf,0x00432990,1
5.5.01,PocketCalculator.cpp,pocketcalculatorcontrol::PocketCalculator(HINSTANCE__*),0,0x0042B260,sqrt,0x00432A70,6
5.5.01,PocketCalculator.cpp,pocketcalculatorcontrol::PocketCalculator(HINSTANCE__*),0,0x0042B260,DispatchMessageA@4,0x00432BE0,1
5.5.01,PocketCalculator.cpp,pocketcalculatorcontrol::PocketCalculator(HINSTANCE__*),0,0x0042B260,GetMessageA@16,0x00432BF0,2
5.5.01,PocketCalculator.cpp,pocketcalculatorcontrol::PocketCalculator(HINSTANCE__*),0,0x0042B260,TranslateMessage@4,0x00432C00,1
5.5.01,PocketCalculator.cpp,pocketcalculatorcontrol::PocketCalculator(HINSTANCE__*),0,0x0042B260,ShowWindow@8,0x00432C10,2
5.5.01,PocketCalculator.cpp,pocketcalculatorcontrol::PocketCalculator(HINSTANCE__*),0,0x0042B260,DestroyWindow@4,0x00432C30,2
5.5.01,PocketCalculator.cpp,pocketcalculatorcontrol::PocketCalculator(HINSTANCE__*),0,0x0042B260,Beep@8,0x00432E80,5
5.5.01,wildcard.cpp,"wildcard::match(std::string, std::string)",0,0x0042C260,"wildcard::wildcmp(std::string, std::string)",0x0042BF20,2
5.5.01,wildcard.cpp,"wildcard::match(std::string, std::string)",0,0x0042C260,"__gnu_cxx::__exchange_and_add(int volatile*, int)",0x0042D8E0,18
5.5.01,wildcard.cpp,"wildcard::match(std::string, std::string)",0,0x0042C260,_Unwind_SjLj_Register,0x00431BC0,1
5.5.01,wildcard.cpp,"wildcard::match(std::string, std::string)",0,0x0042C260,_Unwind_SjLj_Unregister,0x00431CA0,1
5.5.01,wildcard.cpp,"wildcard::match(std::string, std::string)",0,0x0042C260,_Unwind_SjLj_Resume,0x00432280,1
5.5.01,wildcard.cpp,"wildcard::match(std::string, std::string)",0,0x0042C260,strlen,0x004329B0,3
5.5.01,wildcard.cpp,"wildcard::match(std::string, std::string)",0,0x0042C260,"std::string::find(char const*, unsigned int, unsigned int) const",0x00433650,3
5.5.01,wildcard.cpp,"wildcard::match(std::string, std::string)",0,0x0042C260,std::string::compare(char const*) const,0x004339C0,1
5.5.01,wildcard.cpp,"wildcard::match(std::string, std::string)",0,0x0042C260,std::string::_Rep::_M_destroy(std::allocator<char,0x00434310,18
5.5.01,wildcard.cpp,"wildcard::match(std::string, std::string)",0,0x0042C260,std::string::assign(std::string const&),0x00434EA0,1
5.5.01,wildcard.cpp,"wildcard::match(std::string, std::string)",0,0x0042C260,"std::string::_M_mutate(unsigned int, unsigned int, unsigned int)",0x00436290,1
5.5.01,wildcard.cpp,"wildcard::match(std::string, std::string)",0,0x0042C260,"std::basic_string<char, std::char_traits<char",0x004365B0,5
5.5.01,wildcard.cpp,"wildcard::match(std::string, std::string)",0,0x0042C260,"std::basic_string<char, std::char_traits<char",0x004366D0,1
5.5.01,wildcard.cpp,"wildcard::find(char const*, char const*)",0,0x0042BE30,strlen,0x004329B0,2
5.5.01,wildcard.cpp,"wildcard::EndCmp(char*, char const*)",0,0x0042BD70,strlen,0x004329B0,2
5.5.01,wildcard.cpp,"wildcard::StartCmp(char*, char const*)",0,0x0042BEB0,strlen,0x004329B0,2
5.5.01,wildcard.cpp,"wildcard::StartCmp(char*, char const*)",0,0x0042BEB0,strncpy,0x00432A00,1
5.5.01,wildcard.cpp,"wildcard::wildcmp(std::string, std::string)",0,0x0042BF20,operator delete[](void*),0x0042DBE0,3
5.5.01,wildcard.cpp,"wildcard::wildcmp(std::string, std::string)",0,0x0042BF20,operator new[](unsigned int),0x0042DBF0,2
5.5.01,wildcard.cpp,"wildcard::wildcmp(std::string, std::string)",0,0x0042BF20,strlen,0x004329B0,7
5.5.01,wildcard.cpp,"wildcard::wildcmp(std::string, std::string)",0,0x0042BF20,strcpy,0x004329C0,3
5.5.01,wildcard.cpp,"wildcard::wildcmp(std::string, std::string)",0,0x0042BF20,strncpy,0x00432A00,1
5.5.01,del_op.cc,operator delete(void*),0,0x0042CCB0,free,0x00432A80,1
5.5.01,new_op.cc,operator new(unsigned int),0,0x0042CCD0,__cxa_call_unexpected,0x0042D750,1
5.5.01,new_op.cc,operator new(unsigned int),0,0x0042CCD0,__cxa_throw,0x0042D950,1
5.5.01,new_op.cc,operator new(unsigned int),0,0x0042CCD0,__cxa_allocate_exception,0x0042ECF0,1
5.5.01,new_op.cc,operator new(unsigned int),0,0x0042CCD0,_Unwind_SjLj_Register,0x00431BC0,1
5.5.01,new_op.cc,operator new(unsigned int),0,0x0042CCD0,_Unwind_SjLj_Unregister,0x00431CA0,1
5.5.01,new_op.cc,operator new(unsigned int),0,0x0042CCD0,_Unwind_SjLj_Resume,0x00432280,1
5.5.01,new_op.cc,operator new(unsigned int),0,0x0042CCD0,malloc,0x00432A90,1
5.5.01,eh_personality.cc,"base_of_encoded_value(unsigned char, _Unwind_Context*)",0,0x0042CDE0,_Unwind_GetRegionStart,0x00431DD0,1
5.5.01,eh_personality.cc,"base_of_encoded_value(unsigned char, _Unwind_Context*)",0,0x0042CDE0,_Unwind_GetDataRelBase,0x00431DF0,1
5.5.01,eh_personality.cc,"base_of_encoded_value(unsigned char, _Unwind_Context*)",0,0x0042CDE0,_Unwind_GetTextRelBase,0x00431E00,1
5.5.01,eh_personality.cc,"base_of_encoded_value(unsigned char, _Unwind_Context*)",0,0x0042CDE0,abort,0x00432AA0,1
5.5.01,eh_personality.cc,"read_encoded_value_with_base(unsigned char, unsigned int, unsigned char const*, unsigned int*)",0,0x0042CF20,"read_uleb128(unsigned char const*, unsigned int*)",0x0042CE60,1
5.5.01,eh_personality.cc,"read_encoded_value_with_base(unsigned char, unsigned int, unsigned char const*, unsigned int*)",0,0x0042CF20,"read_sleb128(unsigned char const*, int*)",0x0042CEB0,1
5.5.01,eh_personality.cc,"read_encoded_value_with_base(unsigned char, unsigned int, unsigned char const*, unsigned int*)",0,0x0042CF20,abort,0x00432AA0,1
5.5.01,eh_personality.cc,"parse_lsda_header(_Unwind_Context*, unsigned char const*, lsda_header_info*)",0,0x0042CFF0,"base_of_encoded_value(unsigned char, _Unwind_Context*)",0x0042CDE0,1
5.5.01,eh_personality.cc,"parse_lsda_header(_Unwind_Context*, unsigned char const*, lsda_header_info*)",0,0x0042CFF0,"read_uleb128(unsigned char const*, unsigned int*)",0x0042CE60,2
5.5.01,eh_personality.cc,"parse_lsda_header(_Unwind_Context*, unsigned char const*, lsda_header_info*)",0,0x0042CFF0,"read_encoded_value_with_base(unsigned char, unsigned int, unsigned char const*, unsigned int*)",0x0042CF20,1
5.5.01,eh_personality.cc,"parse_lsda_header(_Unwind_Context*, unsigned char const*, lsda_header_info*)",0,0x0042CFF0,_Unwind_GetRegionStart,0x00431DD0,1
5.5.01,eh_personality.cc,"get_ttype_entry(lsda_header_info*, unsigned int)",0,0x0042D0C0,"read_encoded_value_with_base(unsigned char, unsigned int, unsigned char const*, unsigned int*)",0x0042CF20,1
5.5.01,eh_personality.cc,"get_ttype_entry(lsda_header_info*, unsigned int)",0,0x0042D0C0,abort,0x00432AA0,1
5.5.01,eh_personality.cc,"check_exception_spec(lsda_header_info*, std::type_info const*, void*, int)",0,0x0042D1B0,"read_uleb128(unsigned char const*, unsigned int*)",0x0042CE60,1
5.5.01,eh_personality.cc,"check_exception_spec(lsda_header_info*, std::type_info const*, void*, int)",0,0x0042D1B0,"get_ttype_entry(lsda_header_info*, unsigned int)",0x0042D0C0,1
5.5.01,eh_personality.cc,"check_exception_spec(lsda_header_info*, std::type_info const*, void*, int)",0,0x0042D1B0,"get_adjusted_ptr(std::type_info const*, std::type_info const*, void**)",0x0042D140,1
5.5.01,eh_personality.cc,__gxx_personality_sj0,0,0x0042D210,"base_of_encoded_value(unsigned char, _Unwind_Context*)",0x0042CDE0,2
5.5.01,eh_personality.cc,__gxx_personality_sj0,0,0x0042D210,"read_uleb128(unsigned char const*, unsigned int*)",0x0042CE60,3
5.5.01,eh_personality.cc,__gxx_personality_sj0,0,0x0042D210,"read_sleb128(unsigned char const*, int*)",0x0042CEB0,2
5.5.01,eh_personality.cc,__gxx_personality_sj0,0,0x0042D210,"parse_lsda_header(_Unwind_Context*, unsigned char const*, lsda_header_info*)",0x0042CFF0,2
5.5.01,eh_personality.cc,__gxx_personality_sj0,0,0x0042D210,"get_ttype_entry(lsda_header_info*, unsigned int)",0x0042D0C0,1
5.5.01,eh_personality.cc,__gxx_personality_sj0,0,0x0042D210,"get_adjusted_ptr(std::type_info const*, std::type_info const*, void**)",0x0042D140,1
5.5.01,eh_personality.cc,__gxx_personality_sj0,0,0x0042D210,"check_exception_spec(lsda_header_info*, std::type_info const*, void*, int)",0x0042D1B0,1
5.5.01,eh_personality.cc,__gxx_personality_sj0,0,0x0042D210,__cxa_begin_catch,0x0042DA20,2
5.5.01,eh_personality.cc,__gxx_personality_sj0,0,0x0042D210,__cxa_end_catch,0x0042DB30,1
5.5.01,eh_personality.cc,__gxx_personality_sj0,0,0x0042D210,__cxxabiv1::__terminate(void (*)()),0x0042F040,1
5.5.01,eh_personality.cc,__gxx_personality_sj0,0,0x0042D210,std::terminate(),0x0042F0A0,2
5.5.01,eh_personality.cc,__gxx_personality_sj0,0,0x0042D210,std::unexpected(),0x0042F0D0,1
5.5.01,eh_personality.cc,__gxx_personality_sj0,0,0x0042D210,_Unwind_SjLj_Register,0x00431BC0,1
5.5.01,eh_personality.cc,__gxx_personality_sj0,0,0x0042D210,_Unwind_SjLj_Unregister,0x00431CA0,2
5.5.01,eh_personality.cc,__gxx_personality_sj0,0,0x0042D210,_Unwind_SetGR,0x00431D70,2
5.5.01,eh_personality.cc,__gxx_personality_sj0,0,0x0042D210,_Unwind_GetIP,0x00431D90,1
5.5.01,eh_personality.cc,__gxx_personality_sj0,0,0x0042D210,_Unwind_SetIP,0x00431DA0,1
5.5.01,eh_personality.cc,__gxx_personality_sj0,0,0x0042D210,_Unwind_GetLanguageSpecificData,0x00431DC0,1
5.5.01,eh_personality.cc,__gxx_personality_sj0,0,0x0042D210,_Unwind_SjLj_Resume,0x00432280,1
5.5.01,eh_personality.cc,__cxa_call_unexpected,0,0x0042D750,"parse_lsda_header(_Unwind_Context*, unsigned char const*, lsda_header_info*)",0x0042CFF0,1
5.5.01,eh_personality.cc,__cxa_call_unexpected,0,0x0042D750,"check_exception_spec(lsda_header_info*, std::type_info const*, void*, int)",0x0042D1B0,2
5.5.01,eh_personality.cc,__cxa_call_unexpected,0,0x0042D750,__cxa_throw,0x0042D950,1
5.5.01,eh_personality.cc,__cxa_call_unexpected,0,0x0042D750,__cxa_rethrow,0x0042D9C0,1
5.5.01,eh_personality.cc,__cxa_call_unexpected,0,0x0042D750,__cxa_begin_catch,0x0042DA20,2
5.5.01,eh_personality.cc,__cxa_call_unexpected,0,0x0042D750,__cxa_end_catch,0x0042DB30,2
5.5.01,eh_personality.cc,__cxa_call_unexpected,0,0x0042D750,__cxa_allocate_exception,0x0042ECF0,1
5.5.01,eh_personality.cc,__cxa_call_unexpected,0,0x0042D750,__cxxabiv1::__terminate(void (*)()),0x0042F040,1
5.5.01,eh_personality.cc,__cxa_call_unexpected,0,0x0042D750,__cxxabiv1::__unexpected(void (*)()),0x0042F0C0,1
5.5.01,eh_personality.cc,__cxa_call_unexpected,0,0x0042D750,__cxa_get_globals_fast,0x0042F1A0,1
5.5.01,eh_personality.cc,__cxa_call_unexpected,0,0x0042D750,_Unwind_SjLj_Register,0x00431BC0,1
5.5.01,eh_personality.cc,__cxa_call_unexpected,0,0x0042D750,_Unwind_SjLj_Resume,0x00432280,1
5.5.01,string-inst.cc,"std::string::_M_check(unsigned int, char const*) const",0,0x00433D10,std::__throw_out_of_range(char const*),0x0042FCF0,1
5.5.01,string-inst.cc,"std::string::_S_copy_chars(char*, __gnu_cxx::__normal_iterator<char*, std::string>, __gnu_cxx::__normal_iterator<char*, std::string>)",0,0x00434060,memcpy,0x004329A0,1
5.5.01,string-inst.cc,"std::string::_S_copy_chars(char*, __gnu_cxx::__normal_iterator<char const*, std::string>, __gnu_cxx::__normal_iterator<char const*, std::string>)",0,0x00434030,memcpy,0x004329A0,1
5.5.01,string-inst.cc,std::string::at(unsigned int) const,0,0x00433510,std::__throw_out_of_range(char const*),0x0042FCF0,1
5.5.01,string-inst.cc,"std::string::copy(char*, unsigned int, unsigned int) const",0,0x00433590,std::__throw_out_of_range(char const*),0x0042FCF0,1
5.5.01,string-inst.cc,"std::string::copy(char*, unsigned int, unsigned int) const",0,0x00433590,memcpy,0x004329A0,1
5.5.01,string-inst.cc,"std::string::find(std::string const&, unsigned int) const",0,0x004336C0,"std::string::find(char const*, unsigned int, unsigned int) const",0x00433650,1
5.5.01,string-inst.cc,"std::string::find(char const*, unsigned int) const",0,0x00433610,strlen,0x004329B0,1
5.5.01,string-inst.cc,"std::string::find(char const*, unsigned int) const",0,0x00433610,"std::string::find(char const*, unsigned int, unsigned int) const",0x00433650,1
5.5.01,string-inst.cc,"std::string::find(char, unsigned int) const",0,0x004336F0,memchr,0x00432AD0,1
5.5.01,string-inst.cc,"std::string::rfind(std::string const&, unsigned int) const",0,0x00433880,"std::string::rfind(char const*, unsigned int, unsigned int) const",0x00433800,1
5.5.01,string-inst.cc,"std::string::rfind(char const*, unsigned int) const",0,0x004337C0,strlen,0x004329B0,1
5.5.01,string-inst.cc,"std::string::rfind(char const*, unsigned int) const",0,0x004337C0,"std::string::rfind(char const*, unsigned int, unsigned int) const",0x00433800,1
5.5.01,string-inst.cc,"std::string::find_first_of(std::string const&, unsigned int) const",0,0x004332A0,"std::string::find_first_of(char const*, unsigned int, unsigned int) const",0x00433230,1
5.5.01,string-inst.cc,"std::string::find_first_of(char const*, unsigned int) const",0,0x004331F0,strlen,0x004329B0,1
5.5.01,string-inst.cc,"std::string::find_first_of(char const*, unsigned int) const",0,0x004331F0,"std::string::find_first_of(char const*, unsigned int, unsigned int) const",0x00433230,1
5.5.01,string-inst.cc,"std::string::find_last_of(std::string const&, unsigned int) const",0,0x004331B0,"std::string::find_last_of(char const*, unsigned int, unsigned int) const",0x00433120,1
5.5.01,string-inst.cc,"std::string::find_last_of(char const*, unsigned int) const",0,0x004330E0,strlen,0x004329B0,1
5.5.01,string-inst.cc,"std::string::find_last_of(char const*, unsigned int) const",0,0x004330E0,"std::string::find_last_of(char const*, unsigned int, unsigned int) const",0x00433120,1
5.5.01,string-inst.cc,"std::string::find_first_not_of(std::string const&, unsigned int) const",0,0x004334B0,"std::string::find_first_not_of(char const*, unsigned int, unsigned int) const",0x00433460,1
5.5.01,string-inst.cc,"std::string::find_first_not_of(char const*, unsigned int) const",0,0x00433420,strlen,0x004329B0,1
5.5.01,string-inst.cc,"std::string::find_first_not_of(char const*, unsigned int) const",0,0x00433420,"std::string::find_first_not_of(char const*, unsigned int, unsigned int) const",0x00433460,1
5.5.01,string-inst.cc,"std::string::find_last_not_of(std::string const&, unsigned int) const",0,0x004333B0,"std::string::find_last_not_of(char const*, unsigned int, unsigned int) const",0x00433330,1
5.5.01,string-inst.cc,"std::string::find_last_not_of(char const*, unsigned int) const",0,0x004332F0,strlen,0x004329B0,1
5.5.01,string-inst.cc,"std::string::find_last_not_of(char const*, unsigned int) const",0,0x004332F0,"std::string::find_last_not_of(char const*, unsigned int, unsigned int) const",0x00433330,1
5.5.01,string-inst.cc,"std::string::compare(unsigned int, unsigned int, std::string const&) const",0,0x00433BB0,std::__throw_out_of_range(char const*),0x0042FCF0,1
5.5.01,string-inst.cc,"std::string::compare(unsigned int, unsigned int, std::string const&, unsigned int, unsigned int) const",0,0x00433C40,std::__throw_out_of_range(char const*),0x0042FCF0,2
5.5.01,string-inst.cc,std::string::compare(char const*) const,0,0x004339C0,strlen,0x004329B0,1
5.5.01,string-inst.cc,"std::string::compare(unsigned int, unsigned int, char const*) const",0,0x00433AA0,std::__throw_out_of_range(char const*),0x0042FCF0,1
5.5.01,string-inst.cc,"std::string::compare(unsigned int, unsigned int, char const*) const",0,0x00433AA0,strlen,0x004329B0,1
5.5.01,string-inst.cc,"std::string::compare(unsigned int, unsigned int, char const*, unsigned int) const",0,0x00433B30,std::__throw_out_of_range(char const*),0x0042FCF0,1
5.5.01,string-inst.cc,"std::basic_string<char, std::char_traits<char>, std::allocator<char> >::basic_string(std::string const&)",0,0x004365B0,__cxa_call_unexpected,0x0042D750,1
5.5.01,string-inst.cc,"std::basic_string<char, std::char_traits<char>, std::allocator<char> >::basic_string(std::string const&)",0,0x004365B0,"__gnu_cxx::__atomic_add(int volatile*, int)",0x0042D8F0,1
5.5.01,string-inst.cc,"std::basic_string<char, std::char_traits<char>, std::allocator<char> >::basic_string(std::string const&)",0,0x004365B0,_Unwind_SjLj_Register,0x00431BC0,1
5.5.01,string-inst.cc,"std::basic_string<char, std::char_traits<char>, std::allocator<char> >::basic_string(std::string const&)",0,0x004365B0,_Unwind_SjLj_Unregister,0x00431CA0,2
5.5.01,string-inst.cc,"std::basic_string<char, std::char_traits<char>, std::allocator<char> >::basic_string(std::string const&)",0,0x004365B0,_Unwind_SjLj_Resume,0x00432280,1
5.5.01,string-inst.cc,"std::basic_string<char, std::char_traits<char>, std::allocator<char> >::basic_string(std::string const&)",0,0x004365B0,std::string::_Rep::_M_clone(std::allocator<char,0x00434580,1
5.5.01,string-inst.cc,"std::basic_string<char, std::char_traits<char>, std::allocator<char> >::basic_string(std::string const&)",1,0x004369C0,__cxa_call_unexpected,0x0042D750,1
5.5.01,string-inst.cc,"std::basic_string<char, std::char_traits<char>, std::allocator<char> >::basic_string(std::string const&)",1,0x004369C0,"__gnu_cxx::__atomic_add(int volatile*, int)",0x0042D8F0,1
5.5.01,string-inst.cc,"std::basic_string<char, std::char_traits<char>, std::allocator<char> >::basic_string(std::string const&)",1,0x004369C0,_Unwind_SjLj_Register,0x00431BC0,1
5.5.01,string-inst.cc,"std::basic_string<char, std::char_traits<char>, std::allocator<char> >::basic_string(std::string const&)",1,0x004369C0,_Unwind_SjLj_Unregister,0x00431CA0,2
5.5.01,string-inst.cc,"std::basic_string<char, std::char_traits<char>, std::allocator<char> >::basic_string(std::string const&)",1,0x004369C0,_Unwind_SjLj_Resume,0x00432280,1
5.5.01,string-inst.cc,"std::basic_string<char, std::char_traits<char>, std::allocator<char> >::basic_string(std::string const&)",1,0x004369C0,std::string::_Rep::_M_clone(std::allocator<char,0x00434580,1
5.5.01,string-inst.cc,"std::basic_string<char, std::char_traits<char>, std::allocator<char> >::basic_string(unsigned int, char, std::allocator<char> const&)",0,0x00436830,"std::string::_S_construct(unsigned int, char, std::allocator<char",0x00433E20,1
5.5.01,string-inst.cc,"std::basic_string<char, std::char_traits<char>, std::allocator<char> >::basic_string(unsigned int, char, std::allocator<char> const&)",1,0x00436C40,"std::string::_S_construct(unsigned int, char, std::allocator<char",0x00433E20,1
5.5.01,string-inst.cc,"std::basic_string<char, std::char_traits<char>, std::allocator<char> >::basic_string(std::allocator<char> const&)",0,0x00436580,"std::string::_S_construct(unsigned int, char, std::allocator<char",0x00433E20,1
5.5.01,string-inst.cc,"std::basic_string<char, std::char_traits<char>, std::allocator<char> >::basic_string(std::allocator<char> const&)",1,0x00436990,"std::string::_S_construct(unsigned int, char, std::allocator<char",0x00433E20,1
5.5.01,string-inst.cc,std::string::operator=(std::string const&),0,0x00436EC0,std::string::assign(std::string const&),0x00434EA0,1
5.5.01,string-inst.cc,std::string::reserve(unsigned int),0,0x00436150,"__gnu_cxx::__exchange_and_add(int volatile*, int)",0x0042D8E0,1
5.5.01,string-inst.cc,std::string::reserve(unsigned int),0,0x00436150,std::__throw_length_error(char const*),0x0042FE90,1
5.5.01,string-inst.cc,std::string::reserve(unsigned int),0,0x00436150,_Unwind_SjLj_Register,0x00431BC0,1
5.5.01,string-inst.cc,std::string::reserve(unsigned int),0,0x00436150,_Unwind_SjLj_Unregister,0x00431CA0,1
5.5.01,string-inst.cc,std::string::reserve(unsigned int),0,0x00436150,_Unwind_SjLj_Resume,0x00432280,1
5.5.01,string-inst.cc,std::string::reserve(unsigned int),0,0x00436150,std::string::_Rep::_M_destroy(std::allocator<char,0x00434310,1
5.5.01,string-inst.cc,std::string::reserve(unsigned int),0,0x00436150,std::string::_Rep::_M_clone(std::allocator<char,0x00434580,1
5.5.01,string-inst.cc,"std::basic_string<char, std::char_traits<char>, std::allocator<char> >::~basic_string()",0,0x00436D20,"__gnu_cxx::__exchange_and_add(int volatile*, int)",0x0042D8E0,1
5.5.01,string-inst.cc,"std::basic_string<char, std::char_traits<char>, std::allocator<char> >::~basic_string()",0,0x00436D20,_Unwind_SjLj_Register,0x00431BC0,1
5.5.01,string-inst.cc,"std::basic_string<char, std::char_traits<char>, std::allocator<char> >::~basic_string()",0,0x00436D20,_Unwind_SjLj_Unregister,0x00431CA0,1
5.5.01,string-inst.cc,"std::basic_string<char, std::char_traits<char>, std::allocator<char> >::~basic_string()",0,0x00436D20,_Unwind_SjLj_Resume,0x00432280,1
5.5.01,string-inst.cc,"std::basic_string<char, std::char_traits<char>, std::allocator<char> >::~basic_string()",0,0x00436D20,std::string::_Rep::_M_destroy(std::allocator<char,0x00434310,1
5.5.01,string-inst.cc,"std::basic_string<char, std::char_traits<char>, std::allocator<char> >::~basic_string()",1,0x00436DD0,"__gnu_cxx::__exchange_and_add(int volatile*, int)",0x0042D8E0,1
5.5.01,string-inst.cc,"std::basic_string<char, std::char_traits<char>, std::allocator<char> >::~basic_string()",1,0x00436DD0,_Unwind_SjLj_Register,0x00431BC0,1
5.5.01,string-inst.cc,"std::basic_string<char, std::char_traits<char>, std::allocator<char> >::~basic_string()",1,0x00436DD0,_Unwind_SjLj_Unregister,0x00431CA0,1
5.5.01,string-inst.cc,"std::basic_string<char, std::char_traits<char>, std::allocator<char> >::~basic_string()",1,0x00436DD0,_Unwind_SjLj_Resume,0x00432280,1
5.5.01,string-inst.cc,"std::basic_string<char, std::char_traits<char>, std::allocator<char> >::~basic_string()",1,0x00436DD0,std::string::_Rep::_M_destroy(std::allocator<char,0x00434310,1
5.5.01,string-inst.cc,"std::string::_M_mutate(unsigned int, unsigned int, unsigned int)",0,0x00436290,"__gnu_cxx::__exchange_and_add(int volatile*, int)",0x0042D8E0,1
5.5.01,string-inst.cc,"std::string::_M_mutate(unsigned int, unsigned int, unsigned int)",0,0x00436290,_Unwind_SjLj_Register,0x00431BC0,1
5.5.01,string-inst.cc,"std::string::_M_mutate(unsigned int, unsigned int, unsigned int)",0,0x00436290,_Unwind_SjLj_Unregister,0x00431CA0,1
5.5.01,string-inst.cc,"std::string::_M_mutate(unsigned int, unsigned int, unsigned int)",0,0x00436290,_Unwind_SjLj_Resume,0x00432280,1
5.5.01,string-inst.cc,"std::string::_M_mutate(unsigned int, unsigned int, unsigned int)",0,0x00436290,memcpy,0x004329A0,2
5.5.01,string-inst.cc,"std::string::_M_mutate(unsigned int, unsigned int, unsigned int)",0,0x00436290,memmove,0x00432AB0,1
5.5.01,string-inst.cc,"std::string::_M_mutate(unsigned int, unsigned int, unsigned int)",0,0x00436290,std::string::_Rep::_M_destroy(std::allocator<char,0x00434310,1
5.5.01,string-inst.cc,"std::string::_M_mutate(unsigned int, unsigned int, unsigned int)",0,0x00436290,"std::string::_Rep::_S_create(unsigned int, unsigned int, std::allocator<char",0x00434600,1
5.5.01,string-inst.cc,"std::string::erase(__gnu_cxx::__normal_iterator<char*, std::string>, __gnu_cxx::__normal_iterator<char*, std::string>)",0,0x00434910,"std::string::_M_mutate(unsigned int, unsigned int, unsigned int)",0x00436290,1
5.5.01,string-inst.cc,"std::string::erase(__gnu_cxx::__normal_iterator<char*, std::string>)",0,0x004348C0,"std::string::_M_mutate(unsigned int, unsigned int, unsigned int)",0x00436290,1
5.5.01,string-inst.cc,std::string::operator=(char const*),0,0x00436E80,strlen,0x004329B0,1
5.5.01,string-inst.cc,std::string::operator=(char const*),0,0x00436E80,"std::string::assign(char const*, unsigned int)",0x00434D90,1
5.5.01,string-inst.cc,"std::string::assign(std::string const&, unsigned int, unsigned int)",0,0x00435010,std::__throw_out_of_range(char const*),0x0042FCF0,1
5.5.01,string-inst.cc,"std::string::append(char const*, unsigned int)",0,0x004349F0,memcpy,0x004329A0,1
5.5.01,string-inst.cc,"std::string::append(char const*, unsigned int)",0,0x004349F0,std::string::reserve(unsigned int),0x00436150,1
5.5.01,string-inst.cc,"std::string::append(char const*, unsigned int)",0,0x004349F0,"std::string::_M_mutate(unsigned int, unsigned int, unsigned int)",0x00436290,2
5.5.01,string-inst.cc,std::string::operator+=(char const*),0,0x00436F80,strlen,0x004329B0,1
5.5.01,string-inst.cc,std::string::operator+=(char const*),0,0x00436F80,"std::string::append(char const*, unsigned int)",0x004349F0,1
5.5.01,string-inst.cc,"std::string::append(std::string const&, unsigned int, unsigned int)",0,0x00434BA0,std::__throw_out_of_range(char const*),0x0042FCF0,1
5.5.01,string-inst.cc,"std::string::append(std::string const&, unsigned int, unsigned int)",0,0x00434BA0,memcpy,0x004329A0,1
5.5.01,string-inst.cc,"std::string::append(std::string const&, unsigned int, unsigned int)",0,0x00434BA0,std::string::reserve(unsigned int),0x00436150,1
5.5.01,string-inst.cc,"std::string::append(std::string const&, unsigned int, unsigned int)",0,0x00434BA0,"std::string::_M_mutate(unsigned int, unsigned int, unsigned int)",0x00436290,1
5.5.01,string-inst.cc,"std::basic_string<char, std::char_traits<char>, std::allocator<char> > std::operator+<char, std::char_traits<char>, std::allocator<char> >(std::basic_string<char, std::char_traits<char>, std::allocator<char> > const&, std::basic_string<char, std::char_traits<char>, std::allocator<char> > const&)",0,0x00437E90,"__gnu_cxx::__exchange_and_add(int volatile*, int)",0x0042D8E0,1
5.5.01,string-inst.cc,"std::basic_string<char, std::char_traits<char>, std::allocator<char> > std::operator+<char, std::char_traits<char>, std::allocator<char> >(std::basic_string<char, std::char_traits<char>, std::allocator<char> > const&, std::basic_string<char, std::char_traits<char>, std::allocator<char> > const&)",0,0x00437E90,_Unwind_SjLj_Register,0x00431BC0,1
5.5.01,string-inst.cc,"std::basic_string<char, std::char_traits<char>, std::allocator<char> > std::operator+<char, std::char_traits<char>, std::allocator<char> >(std::basic_string<char, std::char_traits<char>, std::allocator<char> > const&, std::basic_string<char, std::char_traits<char>, std::allocator<char> > const&)",0,0x00437E90,_Unwind_SjLj_Unregister,0x00431CA0,1
5.5.01,string-inst.cc,"std::basic_string<char, std::char_traits<char>, std::allocator<char> > std::operator+<char, std::char_traits<char>, std::allocator<char> >(std::basic_string<char, std::char_traits<char>, std::allocator<char> > const&, std::basic_string<char, std::char_traits<char>, std::allocator<char> > const&)",0,0x00437E90,_Unwind_SjLj_Resume,0x00432280,1
5.5.01,string-inst.cc,"std::basic_string<char, std::char_traits<char>, std::allocator<char> > std::operator+<char, std::char_traits<char>, std::allocator<char> >(std::basic_string<char, std::char_traits<char>, std::allocator<char> > const&, std::basic_string<char, std::char_traits<char>, std::allocator<char> > const&)",0,0x00437E90,std::string::_Rep::_M_destroy(std::allocator<char,0x00434310,1
5.5.01,string-inst.cc,"std::basic_string<char, std::char_traits<char>, std::allocator<char> > std::operator+<char, std::char_traits<char>, std::allocator<char> >(std::basic_string<char, std::char_traits<char>, std::allocator<char> > const&, std::basic_string<char, std::char_traits<char>, std::allocator<char> > const&)",0,0x00437E90,std::string::append(std::string const&),0x00434AC0,1
5.5.01,string-inst.cc,"std::basic_string<char, std::char_traits<char>, std::allocator<char> > std::operator+<char, std::char_traits<char>, std::allocator<char> >(std::basic_string<char, std::char_traits<char>, std::allocator<char> > const&, std::basic_string<char, std::char_traits<char>, std::allocator<char> > const&)",0,0x00437E90,"std::basic_string<char, std::char_traits<char",0x004365B0,1
5.5.01,string-inst.cc,"std::basic_string<char, std::char_traits<char>, std::allocator<char> > std::operator+<char, std::char_traits<char>, std::allocator<char> >(char const*, std::basic_string<char, std::char_traits<char>, std::allocator<char> > const&)",0,0x00437D50,"__gnu_cxx::__exchange_and_add(int volatile*, int)",0x0042D8E0,1
5.5.01,string-inst.cc,"std::basic_string<char, std::char_traits<char>, std::allocator<char> > std::operator+<char, std::char_traits<char>, std::allocator<char> >(char const*, std::basic_string<char, std::char_traits<char>, std::allocator<char> > const&)",0,0x00437D50,_Unwind_SjLj_Register,0x00431BC0,1
5.5.01,string-inst.cc,"std::basic_string<char, std::char_traits<char>, std::allocator<char> > std::operator+<char, std::char_traits<char>, std::allocator<char> >(char const*, std::basic_string<char, std::char_traits<char>, std::allocator<char> > const&)",0,0x00437D50,_Unwind_SjLj_Unregister,0x00431CA0,1
5.5.01,string-inst.cc,"std::basic_string<char, std::char_traits<char>, std::allocator<char> > std::operator+<char, std::char_traits<char>, std::allocator<char> >(char const*, std::basic_string<char, std::char_traits<char>, std::allocator<char> > const&)",0,0x00437D50,_Unwind_SjLj_Resume,0x00432280,1
5.5.01,string-inst.cc,"std::basic_string<char, std::char_traits<char>, std::allocator<char> > std::operator+<char, std::char_traits<char>, std::allocator<char> >(char const*, std::basic_string<char, std::char_traits<char>, std::allocator<char> > const&)",0,0x00437D50,strlen,0x004329B0,1
5.5.01,string-inst.cc,"std::basic_string<char, std::char_traits<char>, std::allocator<char> > std::operator+<char, std::char_traits<char>, std::allocator<char> >(char const*, std::basic_string<char, std::char_traits<char>, std::allocator<char> > const&)",0,0x00437D50,std::string::_Rep::_M_destroy(std::allocator<char,0x00434310,1
5.5.01,string-inst.cc,"std::basic_string<char, std::char_traits<char>, std::allocator<char> > std::operator+<char, std::char_traits<char>, std::allocator<char> >(char const*, std::basic_string<char, std::char_traits<char>, std::allocator<char> > const&)",0,0x00437D50,"std::string::append(char const*, unsigned int)",0x004349F0,1
5.5.01,string-inst.cc,"std::basic_string<char, std::char_traits<char>, std::allocator<char> > std::operator+<char, std::char_traits<char>, std::allocator<char> >(char const*, std::basic_string<char, std::char_traits<char>, std::allocator<char> > const&)",0,0x00437D50,std::string::append(std::string const&),0x00434AC0,1
5.5.01,string-inst.cc,"std::basic_string<char, std::char_traits<char>, std::allocator<char> > std::operator+<char, std::char_traits<char>, std::allocator<char> >(char const*, std::basic_string<char, std::char_traits<char>, std::allocator<char> > const&)",0,0x00437D50,std::string::reserve(unsigned int),0x00436150,1
5.5.01,string-inst.cc,"std::string::insert(__gnu_cxx::__normal_iterator<char*, std::string>, unsigned int, char)",0,0x004351E0,std::__throw_length_error(char const*),0x0042FE90,1
5.5.01,string-inst.cc,"std::string::insert(__gnu_cxx::__normal_iterator<char*, std::string>, unsigned int, char)",0,0x004351E0,memset,0x00432AC0,1
5.5.01,string-inst.cc,"std::string::insert(__gnu_cxx::__normal_iterator<char*, std::string>, unsigned int, char)",0,0x004351E0,"std::string::_M_mutate(unsigned int, unsigned int, unsigned int)",0x00436290,2
5.5.01,string-inst.cc,"std::string::replace(unsigned int, unsigned int, unsigned int, char)",0,0x00436040,std::__throw_out_of_range(char const*),0x0042FCF0,1
5.5.01,string-inst.cc,"std::string::replace(unsigned int, unsigned int, unsigned int, char)",0,0x00436040,std::__throw_length_error(char const*),0x0042FE90,1
5.5.01,string-inst.cc,"std::string::replace(unsigned int, unsigned int, unsigned int, char)",0,0x00436040,memset,0x00432AC0,1
5.5.01,string-inst.cc,"std::string::replace(unsigned int, unsigned int, unsigned int, char)",0,0x00436040,"std::string::_M_mutate(unsigned int, unsigned int, unsigned int)",0x00436290,2
5.5.01,string-inst.cc,"std::string::insert(__gnu_cxx::__normal_iterator<char*, std::string>, char)",0,0x00435160,std::__throw_length_error(char const*),0x0042FE90,1
5.5.01,string-inst.cc,"std::string::insert(__gnu_cxx::__normal_iterator<char*, std::string>, char)",0,0x00435160,"std::string::_M_mutate(unsigned int, unsigned int, unsigned int)",0x00436290,1
5.5.01,string-inst.cc,"std::string::insert(unsigned int, unsigned int, char)",0,0x00435530,std::__throw_out_of_range(char const*),0x0042FCF0,1
5.5.01,string-inst.cc,"std::string::insert(unsigned int, unsigned int, char)",0,0x00435530,std::__throw_length_error(char const*),0x0042FE90,1
5.5.01,string-inst.cc,"std::string::insert(unsigned int, unsigned int, char)",0,0x00435530,memset,0x00432AC0,1
5.5.01,string-inst.cc,"std::string::insert(unsigned int, unsigned int, char)",0,0x00435530,"std::string::_M_mutate(unsigned int, unsigned int, unsigned int)",0x00436290,2
5.5.01,string-inst.cc,std::string::operator=(char),0,0x00436EF0,"std::string::_M_mutate(unsigned int, unsigned int, unsigned int)",0x00436290,1
5.5.01,string-inst.cc,std::string::push_back(char),0,0x00436490,std::__throw_length_error(char const*),0x0042FE90,1
5.5.01,string-inst.cc,std::string::push_back(char),0,0x00436490,"std::string::_M_mutate(unsigned int, unsigned int, unsigned int)",0x00436290,1
5.5.01,string-inst.cc,"std::basic_string<char, std::char_traits<char>, std::allocator<char> > std::operator+<char, std::char_traits<char>, std::allocator<char> >(char, std::basic_string<char, std::char_traits<char>, std::allocator<char> > const&)",0,0x00437F90,"__gnu_cxx::__exchange_and_add(int volatile*, int)",0x0042D8E0,1
5.5.01,string-inst.cc,"std::basic_string<char, std::char_traits<char>, std::allocator<char> > std::operator+<char, std::char_traits<char>, std::allocator<char> >(char, std::basic_string<char, std::char_traits<char>, std::allocator<char> > const&)",0,0x00437F90,std::__throw_length_error(char const*),0x0042FE90,1
5.5.01,string-inst.cc,"std::basic_string<char, std::char_traits<char>, std::allocator<char> > std::operator+<char, std::char_traits<char>, std::allocator<char> >(char, std::basic_string<char, std::char_traits<char>, std::allocator<char> > const&)",0,0x00437F90,_Unwind_SjLj_Register,0x00431BC0,1
5.5.01,string-inst.cc,"std::basic_string<char, std::char_traits<char>, std::allocator<char> > std::operator+<char, std::char_traits<char>, std::allocator<char> >(char, std::basic_string<char, std::char_traits<char>, std::allocator<char> > const&)",0,0x00437F90,_Unwind_SjLj_Unregister,0x00431CA0,1
5.5.01,string-inst.cc,"std::basic_string<char, std::char_traits<char>, std::allocator<char> > std::operator+<char, std::char_traits<char>, std::allocator<char> >(char, std::basic_string<char, std::char_traits<char>, std::allocator<char> > const&)",0,0x00437F90,_Unwind_SjLj_Resume,0x00432280,1
5.5.01,string-inst.cc,"std::basic_string<char, std::char_traits<char>, std::allocator<char> > std::operator+<char, std::char_traits<char>, std::allocator<char> >(char, std::basic_string<char, std::char_traits<char>, std::allocator<char> > const&)",0,0x00437F90,std::string::_Rep::_M_destroy(std::allocator<char,0x00434310,1
5.5.01,string-inst.cc,"std::basic_string<char, std::char_traits<char>, std::allocator<char> > std::operator+<char, std::char_traits<char>, std::allocator<char> >(char, std::basic_string<char, std::char_traits<char>, std::allocator<char> > const&)",0,0x00437F90,std::string::append(std::string const&),0x00434AC0,1
5.5.01,string-inst.cc,"std::basic_string<char, std::char_traits<char>, std::allocator<char> > std::operator+<char, std::char_traits<char>, std::allocator<char> >(char, std::basic_string<char, std::char_traits<char>, std::allocator<char> > const&)",0,0x00437F90,std::string::reserve(unsigned int),0x00436150,1
5.5.01,string-inst.cc,"std::basic_string<char, std::char_traits<char>, std::allocator<char> > std::operator+<char, std::char_traits<char>, std::allocator<char> >(char, std::basic_string<char, std::char_traits<char>, std::allocator<char> > const&)",0,0x00437F90,"std::string::_M_mutate(unsigned int, unsigned int, unsigned int)",0x00436290,1
5.5.01,string-inst.cc,std::string::operator+=(char),0,0x00436FC0,std::__throw_length_error(char const*),0x0042FE90,1
5.5.01,string-inst.cc,std::string::operator+=(char),0,0x00436FC0,"std::string::_M_mutate(unsigned int, unsigned int, unsigned int)",0x00436290,1
5.5.01,string-inst.cc,"std::string::resize(unsigned int, char)",0,0x004356A0,std::__throw_length_error(char const*),0x0042FE90,2
5.5.01,string-inst.cc,"std::string::resize(unsigned int, char)",0,0x004356A0,memset,0x00432AC0,1
5.5.01,string-inst.cc,"std::string::resize(unsigned int, char)",0,0x004356A0,"std::string::_M_mutate(unsigned int, unsigned int, unsigned int)",0x00436290,3
5.5.01,string-inst.cc,std::string::resize(unsigned int),0,0x00435680,"std::string::resize(unsigned int, char)",0x004356A0,1
5.5.01,string-inst.cc,"std::string::insert(unsigned int, char const*)",0,0x004352B0,strlen,0x004329B0,1
5.5.01,string-inst.cc,"std::string::insert(unsigned int, char const*)",0,0x004352B0,"std::string::insert(unsigned int, char const*, unsigned int)",0x004352F0,1
5.5.01,string-inst.cc,"std::string::insert(unsigned int, std::string const&)",0,0x00435490,"std::string::insert(unsigned int, char const*, unsigned int)",0x004352F0,1
5.5.01,string-inst.cc,std::string::clear(),0,0x00434890,"std::string::_M_mutate(unsigned int, unsigned int, unsigned int)",0x00436290,1
5.5.01,string-inst.cc,std::string::at(unsigned int),0,0x00434260,std::__throw_out_of_range(char const*),0x0042FCF0,1
5.5.01,string-inst.cc,std::string::at(unsigned int),0,0x00434260,std::string::_M_leak_hard(),0x00433DD0,1
5.5.01,string-inst.cc,std::string::operator[](unsigned int),0,0x00436F40,std::string::_M_leak_hard(),0x00433DD0,1
5.5.01,string-inst.cc,std::string::end(),0,0x004342D0,std::string::_M_leak_hard(),0x00433DD0,1
5.5.01,string-inst.cc,std::string::rbegin(),0,0x00435620,std::string::_M_leak_hard(),0x00433DD0,1
5.5.01,string-inst.cc,std::string::begin(),0,0x00434860,std::string::_M_leak_hard(),0x00433DD0,1
5.5.01,string-inst.cc,std::string::rend(),0,0x00434740,std::string::_M_leak_hard(),0x00433DD0,1
5.5.01,string-inst.cc,"char* std::string::_S_construct<__gnu_cxx::__normal_iterator<char*, std::string> >(__gnu_cxx::__normal_iterator<char*, std::string>, __gnu_cxx::__normal_iterator<char*, std::string>, std::allocator<char> const&, std::forward_iterator_tag)",0,0x00433EA0,memcpy,0x004329A0,1
5.5.01,string-inst.cc,"char* std::string::_S_construct<__gnu_cxx::__normal_iterator<char*, std::string> >(__gnu_cxx::__normal_iterator<char*, std::string>, __gnu_cxx::__normal_iterator<char*, std::string>, std::allocator<char> const&, std::forward_iterator_tag)",0,0x00433EA0,"std::string::_Rep::_S_create(unsigned int, unsigned int, std::allocator<char",0x00434600,1
5.5.01,string-inst.cc,std::string::swap(std::string&),0,0x00434790,_Unwind_SjLj_Register,0x00431BC0,1
5.5.01,string-inst.cc,std::string::swap(std::string&),0,0x00434790,_Unwind_SjLj_Unregister,0x00431CA0,1
5.5.01,string-inst.cc,"std::basic_string<char, std::char_traits<char>, std::allocator<char> >::basic_string<__gnu_cxx::__normal_iterator<char*, std::string> >(__gnu_cxx::__normal_iterator<char*, std::string>, __gnu_cxx::__normal_iterator<char*, std::string>, std::allocator<char> const&)",0,0x00436C90,"char* std::string::_S_construct<__gnu_cxx::__normal_iterator<char*, std::string",0x00433EA0,1
5.5.01,string-inst.cc,"char* std::string::_S_construct<char*>(char*, char*, std::allocator<char> const&, std::forward_iterator_tag)",0,0x00433FA0,std::__throw_logic_error(char const*),0x00430370,1
5.5.01,string-inst.cc,"char* std::string::_S_construct<char*>(char*, char*, std::allocator<char> const&, std::forward_iterator_tag)",0,0x00433FA0,memcpy,0x004329A0,1
5.5.01,string-inst.cc,"char* std::string::_S_construct<char*>(char*, char*, std::allocator<char> const&, std::forward_iterator_tag)",0,0x00433FA0,"std::string::_Rep::_S_create(unsigned int, unsigned int, std::allocator<char",0x00434600,1
5.5.01,string-inst.cc,"std::basic_string<char, std::char_traits<char>, std::allocator<char> >::basic_string<char*>(char*, char*, std::allocator<char> const&)",0,0x004368E0,char* std::string::_S_construct<char*,0x00433FA0,1
5.5.01,string-inst.cc,"std::basic_string<char, std::char_traits<char>, std::allocator<char> >::basic_string<char*>(char*, char*, std::allocator<char> const&)",1,0x00436CF0,char* std::string::_S_construct<char*,0x00433FA0,1
5.5.01,string-inst.cc,"std::basic_string<char, std::char_traits<char>, std::allocator<char> >::basic_string(std::string const&, unsigned int, unsigned int, std::allocator<char> const&)",0,0x004367C0,std::__throw_out_of_range(char const*),0x0042FCF0,1
5.5.01,string-inst.cc,"std::basic_string<char, std::char_traits<char>, std::allocator<char> >::basic_string(std::string const&, unsigned int, unsigned int, std::allocator<char> const&)",0,0x004367C0,char* std::string::_S_construct<char*,0x00433FA0,1
5.5.01,string-inst.cc,"std::basic_string<char, std::char_traits<char>, std::allocator<char> >::basic_string(std::string const&, unsigned int, unsigned int, std::allocator<char> const&)",1,0x00436BD0,std::__throw_out_of_range(char const*),0x0042FCF0,1
5.5.01,string-inst.cc,"std::basic_string<char, std::char_traits<char>, std::allocator<char> >::basic_string(std::string const&, unsigned int, unsigned int, std::allocator<char> const&)",1,0x00436BD0,char* std::string::_S_construct<char*,0x00433FA0,1
5.5.01,string-inst.cc,"std::basic_string<char, std::char_traits<char>, std::allocator<char> >::basic_string(std::string const&, unsigned int, unsigned int)",0,0x004366D0,std::__throw_out_of_range(char const*),0x0042FCF0,1
5.5.01,string-inst.cc,"std::basic_string<char, std::char_traits<char>, std::allocator<char> >::basic_string(std::string const&, unsigned int, unsigned int)",0,0x004366D0,_Unwind_SjLj_Register,0x00431BC0,1
5.5.01,string-inst.cc,"std::basic_string<char, std::char_traits<char>, std::allocator<char> >::basic_string(std::string const&, unsigned int, unsigned int)",0,0x004366D0,_Unwind_SjLj_Unregister,0x00431CA0,1
5.5.01,string-inst.cc,"std::basic_string<char, std::char_traits<char>, std::allocator<char> >::basic_string(std::string const&, unsigned int, unsigned int)",0,0x004366D0,_Unwind_SjLj_Resume,0x00432280,1
5.5.01,string-inst.cc,"std::basic_string<char, std::char_traits<char>, std::allocator<char> >::basic_string(std::string const&, unsigned int, unsigned int)",0,0x004366D0,char* std::string::_S_construct<char*,0x00433FA0,1
5.5.01,string-inst.cc,"std::string::substr(unsigned int, unsigned int) const",0,0x00433940,std::__throw_out_of_range(char const*),0x0042FCF0,1
5.5.01,string-inst.cc,"std::string::substr(unsigned int, unsigned int) const",0,0x00433940,"std::basic_string<char, std::char_traits<char",0x004366D0,1
5.5.01,string-inst.cc,"std::basic_string<char, std::char_traits<char>, std::allocator<char> >::basic_string(std::string const&, unsigned int, unsigned int)",1,0x00436AE0,std::__throw_out_of_range(char const*),0x0042FCF0,1
5.5.01,string-inst.cc,"std::basic_string<char, std::char_traits<char>, std::allocator<char> >::basic_string(std::string const&, unsigned int, unsigned int)",1,0x00436AE0,_Unwind_SjLj_Register,0x00431BC0,1
5.5.01,string-inst.cc,"std::basic_string<char, std::char_traits<char>, std::allocator<char> >::basic_string(std::string const&, unsigned int, unsigned int)",1,0x00436AE0,_Unwind_SjLj_Unregister,0x00431CA0,1
5.5.01,string-inst.cc,"std::basic_string<char, std::char_traits<char>, std::allocator<char> >::basic_string(std::string const&, unsigned int, unsigned int)",1,0x00436AE0,_Unwind_SjLj_Resume,0x00432280,1
5.5.01,string-inst.cc,"std::basic_string<char, std::char_traits<char>, std::allocator<char> >::basic_string(std::string const&, unsigned int, unsigned int)",1,0x00436AE0,char* std::string::_S_construct<char*,0x00433FA0,1
5.5.01,string-inst.cc,"char* std::string::_S_construct<char const*>(char const*, char const*, std::allocator<char> const&, std::forward_iterator_tag)",0,0x00433F20,std::__throw_logic_error(char const*),0x00430370,1
5.5.01,string-inst.cc,"char* std::string::_S_construct<char const*>(char const*, char const*, std::allocator<char> const&, std::forward_iterator_tag)",0,0x00433F20,memcpy,0x004329A0,1
5.5.01,string-inst.cc,"char* std::string::_S_construct<char const*>(char const*, char const*, std::allocator<char> const&, std::forward_iterator_tag)",0,0x00433F20,"std::string::_Rep::_S_create(unsigned int, unsigned int, std::allocator<char",0x00434600,1
5.5.01,string-inst.cc,"std::basic_string<char, std::char_traits<char>, std::allocator<char> >::basic_string<char const*>(char const*, char const*, std::allocator<char> const&)",0,0x004368B0,char* std::string::_S_construct<char const*,0x00433F20,1
5.5.01,string-inst.cc,"std::basic_string<char, std::char_traits<char>, std::allocator<char> >::basic_string<char const*>(char const*, char const*, std::allocator<char> const&)",1,0x00436CC0,char* std::string::_S_construct<char const*,0x00433F20,1
5.5.01,string-inst.cc,"std::basic_string<char, std::char_traits<char>, std::allocator<char> >::basic_string(char const*, std::allocator<char> const&)",0,0x00436500,strlen,0x004329B0,1
5.5.01,string-inst.cc,"std::basic_string<char, std::char_traits<char>, std::allocator<char> >::basic_string(char const*, std::allocator<char> const&)",0,0x00436500,char* std::string::_S_construct<char const*,0x00433F20,1
5.5.01,string-inst.cc,"std::basic_string<char, std::char_traits<char>, std::allocator<char> >::basic_string(char const*, std::allocator<char> const&)",1,0x00436910,strlen,0x004329B0,1
5.5.01,string-inst.cc,"std::basic_string<char, std::char_traits<char>, std::allocator<char> >::basic_string(char const*, std::allocator<char> const&)",1,0x00436910,char* std::string::_S_construct<char const*,0x00433F20,1
5.5.01,string-inst.cc,"std::basic_string<char, std::char_traits<char>, std::allocator<char> >::basic_string(char const*, unsigned int, std::allocator<char> const&)",0,0x00436550,char* std::string::_S_construct<char const*,0x00433F20,1
5.5.01,string-inst.cc,"std::string::replace(__gnu_cxx::__normal_iterator<char*, std::string>, __gnu_cxx::__normal_iterator<char*, std::string>, __gnu_cxx::__normal_iterator<char const*, std::string>, __gnu_cxx::__normal_iterator<char const*, std::string>)",0,0x00435800,"std::string::replace(unsigned int, unsigned int, char const*, unsigned int)",0x00435B60,1
5.5.01,string-inst.cc,"std::string::replace(__gnu_cxx::__normal_iterator<char*, std::string>, __gnu_cxx::__normal_iterator<char*, std::string>, __gnu_cxx::__normal_iterator<char*, std::string>, __gnu_cxx::__normal_iterator<char*, std::string>)",0,0x004359E0,"std::string::replace(unsigned int, unsigned int, char const*, unsigned int)",0x00435B60,1
5.5.01,string-inst.cc,"std::string::replace(__gnu_cxx::__normal_iterator<char*, std::string>, __gnu_cxx::__normal_iterator<char*, std::string>, char const*, char const*)",0,0x004358B0,"std::string::replace(unsigned int, unsigned int, char const*, unsigned int)",0x00435B60,1
5.5.01,string-inst.cc,"std::string::replace(__gnu_cxx::__normal_iterator<char*, std::string>, __gnu_cxx::__normal_iterator<char*, std::string>, char*, char*)",0,0x00435990,"std::string::replace(unsigned int, unsigned int, char const*, unsigned int)",0x00435B60,1
5.5.01,string-inst.cc,"std::string::replace(__gnu_cxx::__normal_iterator<char*, std::string>, __gnu_cxx::__normal_iterator<char*, std::string>, char const*)",0,0x00435850,strlen,0x004329B0,1
5.5.01,string-inst.cc,"std::string::replace(__gnu_cxx::__normal_iterator<char*, std::string>, __gnu_cxx::__normal_iterator<char*, std::string>, char const*)",0,0x00435850,"std::string::replace(unsigned int, unsigned int, char const*, unsigned int)",0x00435B60,1
5.5.01,string-inst.cc,"std::string::replace(__gnu_cxx::__normal_iterator<char*, std::string>, __gnu_cxx::__normal_iterator<char*, std::string>, std::string const&)",0,0x00435940,"std::string::replace(unsigned int, unsigned int, char const*, unsigned int)",0x00435B60,1
5.5.01,string-inst.cc,"std::string::replace(unsigned int, unsigned int, char const*)",0,0x00435B20,strlen,0x004329B0,1
5.5.01,string-inst.cc,"std::string::replace(unsigned int, unsigned int, char const*)",0,0x00435B20,"std::string::replace(unsigned int, unsigned int, char const*, unsigned int)",0x00435B60,1
5.5.01,string-inst.cc,"std::string::replace(unsigned int, unsigned int, std::string const&, unsigned int, unsigned int)",0,0x00435FC0,std::__throw_out_of_range(char const*),0x0042FCF0,1
5.5.01,string-inst.cc,"std::string::replace(unsigned int, unsigned int, std::string const&)",0,0x00435F80,"std::string::replace(unsigned int, unsigned int, char const*, unsigned int)",0x00435B60,1
5.5.01,string-inst.cc,"std::basic_string<char, std::char_traits<char>, std::allocator<char> >::basic_string(char const*, unsigned int, std::allocator<char> const&)",1,0x00436960,char* std::string::_S_construct<char const*,0x00433F20,1
5.5.01,string-inst.cc,std::string::_Rep::_M_destroy(std::allocator<char> const&),0,0x00434310,operator delete(void*),0x0042CCB0,1
5.5.01,string-inst.cc,std::string::_Rep::_M_refcopy(),0,0x00434380,__cxa_call_unexpected,0x0042D750,1
5.5.01,string-inst.cc,std::string::_Rep::_M_refcopy(),0,0x00434380,"__gnu_cxx::__atomic_add(int volatile*, int)",0x0042D8F0,1
5.5.01,string-inst.cc,std::string::_Rep::_M_refcopy(),0,0x00434380,_Unwind_SjLj_Register,0x00431BC0,1
5.5.01,string-inst.cc,std::string::_Rep::_M_refcopy(),0,0x00434380,_Unwind_SjLj_Unregister,0x00431CA0,1
5.5.01,string-inst.cc,std::string::_Rep::_M_refcopy(),0,0x00434380,_Unwind_SjLj_Resume,0x00432280,1
5.5.01,string-inst.cc,"std::string::find_last_not_of(char const*, unsigned int, unsigned int) const",0,0x00433330,memchr,0x00432AD0,2
5.5.01,string-inst.cc,"std::string::find_first_not_of(char const*, unsigned int, unsigned int) const",0,0x00433460,memchr,0x00432AD0,1
5.5.01,string-inst.cc,"std::string::find_last_of(char const*, unsigned int, unsigned int) const",0,0x00433120,memchr,0x00432AD0,2
5.5.01,string-inst.cc,"std::string::find_first_of(char const*, unsigned int, unsigned int) const",0,0x00433230,memchr,0x00432AD0,1
5.5.01,string-inst.cc,"std::basic_string<char, std::char_traits<char>, std::allocator<char> >::basic_string<__gnu_cxx::__normal_iterator<char*, std::string> >(__gnu_cxx::__normal_iterator<char*, std::string>, __gnu_cxx::__normal_iterator<char*, std::string>, std::allocator<char> const&)",1,0x00436880,"char* std::string::_S_construct<__gnu_cxx::__normal_iterator<char*, std::string",0x00433EA0,1
5.5.01,string-inst.cc,"std::string::replace(__gnu_cxx::__normal_iterator<char*, std::string>, __gnu_cxx::__normal_iterator<char*, std::string>, char const*, unsigned int)",0,0x00435900,"std::string::replace(unsigned int, unsigned int, char const*, unsigned int)",0x00435B60,1
5.5.01,string-inst.cc,"std::string::replace(unsigned int, unsigned int, char const*, unsigned int)",0,0x00435B60,"__gnu_cxx::__exchange_and_add(int volatile*, int)",0x0042D8E0,2
5.5.01,string-inst.cc,"std::string::replace(unsigned int, unsigned int, char const*, unsigned int)",0,0x00435B60,std::__throw_out_of_range(char const*),0x0042FCF0,1
5.5.01,string-inst.cc,"std::string::replace(unsigned int, unsigned int, char const*, unsigned int)",0,0x00435B60,std::__throw_length_error(char const*),0x0042FE90,1
5.5.01,string-inst.cc,"std::string::replace(unsigned int, unsigned int, char const*, unsigned int)",0,0x00435B60,_Unwind_SjLj_Register,0x00431BC0,1
5.5.01,string-inst.cc,"std::string::replace(unsigned int, unsigned int, char const*, unsigned int)",0,0x00435B60,_Unwind_SjLj_Unregister,0x00431CA0,2
5.5.01,string-inst.cc,"std::string::replace(unsigned int, unsigned int, char const*, unsigned int)",0,0x00435B60,_Unwind_SjLj_Resume,0x00432280,1
5.5.01,string-inst.cc,"std::string::replace(unsigned int, unsigned int, char const*, unsigned int)",0,0x00435B60,memcpy,0x004329A0,3
5.5.01,string-inst.cc,"std::string::replace(unsigned int, unsigned int, char const*, unsigned int)",0,0x00435B60,std::string::_Rep::_M_destroy(std::allocator<char,0x00434310,2
5.5.01,string-inst.cc,"std::string::replace(unsigned int, unsigned int, char const*, unsigned int)",0,0x00435B60,"std::string::_M_mutate(unsigned int, unsigned int, unsigned int)",0x00436290,3
5.5.01,string-inst.cc,"std::string::replace(unsigned int, unsigned int, char const*, unsigned int)",0,0x00435B60,"std::basic_string<char, std::char_traits<char",0x00436550,1
5.5.01,string-inst.cc,"std::string::insert(unsigned int, char const*, unsigned int)",0,0x004352F0,std::__throw_out_of_range(char const*),0x0042FCF0,1
5.5.01,string-inst.cc,"std::string::insert(unsigned int, char const*, unsigned int)",0,0x004352F0,std::__throw_length_error(char const*),0x0042FE90,1
5.5.01,string-inst.cc,"std::string::insert(unsigned int, char const*, unsigned int)",0,0x004352F0,memcpy,0x004329A0,5
5.5.01,string-inst.cc,"std::string::insert(unsigned int, char const*, unsigned int)",0,0x004352F0,"std::string::_M_mutate(unsigned int, unsigned int, unsigned int)",0x00436290,2
5.5.01,string-inst.cc,"std::string::insert(unsigned int, std::string const&, unsigned int, unsigned int)",0,0x004354C0,std::__throw_out_of_range(char const*),0x0042FCF0,1
5.5.01,string-inst.cc,"std::string::replace(__gnu_cxx::__normal_iterator<char*, std::string>, __gnu_cxx::__normal_iterator<char*, std::string>, unsigned int, char)",0,0x00435A30,std::__throw_length_error(char const*),0x0042FE90,1
5.5.01,string-inst.cc,"std::string::replace(__gnu_cxx::__normal_iterator<char*, std::string>, __gnu_cxx::__normal_iterator<char*, std::string>, unsigned int, char)",0,0x00435A30,memset,0x00432AC0,1
5.5.01,string-inst.cc,"std::string::replace(__gnu_cxx::__normal_iterator<char*, std::string>, __gnu_cxx::__normal_iterator<char*, std::string>, unsigned int, char)",0,0x00435A30,"std::string::_M_mutate(unsigned int, unsigned int, unsigned int)",0x00436290,2
5.5.01,string-inst.cc,"std::string::assign(char const*, unsigned int)",0,0x00434D90,std::__throw_length_error(char const*),0x0042FE90,1
5.5.01,string-inst.cc,"std::string::assign(char const*, unsigned int)",0,0x00434D90,memcpy,0x004329A0,2
5.5.01,string-inst.cc,"std::string::assign(char const*, unsigned int)",0,0x00434D90,memmove,0x00432AB0,1
5.5.01,string-inst.cc,"std::string::assign(char const*, unsigned int)",0,0x00434D90,"std::string::_M_mutate(unsigned int, unsigned int, unsigned int)",0x00436290,1
5.5.01,string-inst.cc,"std::string::_M_replace_aux(unsigned int, unsigned int, unsigned int, char)",0,0x004340F0,std::__throw_length_error(char const*),0x0042FE90,1
5.5.01,string-inst.cc,"std::string::_M_replace_aux(unsigned int, unsigned int, unsigned int, char)",0,0x004340F0,memset,0x00432AC0,1
5.5.01,string-inst.cc,"std::string::_M_replace_aux(unsigned int, unsigned int, unsigned int, char)",0,0x004340F0,"std::string::_M_mutate(unsigned int, unsigned int, unsigned int)",0x00436290,2
5.5.01,string-inst.cc,"std::string::_M_replace_safe(unsigned int, unsigned int, char const*, unsigned int)",0,0x004341D0,memcpy,0x004329A0,1
5.5.01,string-inst.cc,"std::string::_M_replace_safe(unsigned int, unsigned int, char const*, unsigned int)",0,0x004341D0,"std::string::_M_mutate(unsigned int, unsigned int, unsigned int)",0x00436290,1
5.5.01,string-inst.cc,std::string::append(char const*),0,0x004349C0,strlen,0x004329B0,1
5.5.01,string-inst.cc,std::string::append(char const*),0,0x004349C0,"std::string::append(char const*, unsigned int)",0x004349F0,1
5.5.01,string-inst.cc,std::string::append(std::string const&),0,0x00434AC0,memcpy,0x004329A0,1
5.5.01,string-inst.cc,std::string::append(std::string const&),0,0x00434AC0,std::string::reserve(unsigned int),0x00436150,1
5.5.01,string-inst.cc,std::string::append(std::string const&),0,0x00434AC0,"std::string::_M_mutate(unsigned int, unsigned int, unsigned int)",0x00436290,2
5.5.01,string-inst.cc,"std::string::_Rep::_M_clone(std::allocator<char> const&, unsigned int)",0,0x00434580,memcpy,0x004329A0,1
5.5.01,string-inst.cc,"std::string::_Rep::_M_clone(std::allocator<char> const&, unsigned int)",0,0x00434580,"std::string::_Rep::_S_create(unsigned int, unsigned int, std::allocator<char",0x00434600,1
5.5.01,string-inst.cc,"std::string::erase(unsigned int, unsigned int)",0,0x00434960,std::__throw_out_of_range(char const*),0x0042FCF0,1
5.5.01,string-inst.cc,"std::string::erase(unsigned int, unsigned int)",0,0x00434960,"std::string::_M_mutate(unsigned int, unsigned int, unsigned int)",0x00436290,1
5.5.01,string-inst.cc,"std::string::append(unsigned int, char)",0,0x00434C90,std::__throw_length_error(char const*),0x0042FE90,1
5.5.01,string-inst.cc,"std::string::append(unsigned int, char)",0,0x00434C90,memset,0x00432AC0,1
5.5.01,string-inst.cc,"std::string::append(unsigned int, char)",0,0x00434C90,"std::string::_M_mutate(unsigned int, unsigned int, unsigned int)",0x00436290,2
5.5.01,string-inst.cc,"std::string::assign(unsigned int, char)",0,0x00435090,std::__throw_length_error(char const*),0x0042FE90,1
5.5.01,string-inst.cc,"std::string::assign(unsigned int, char)",0,0x00435090,memset,0x00432AC0,1
5.5.01,string-inst.cc,"std::string::assign(unsigned int, char)",0,0x00435090,"std::string::_M_mutate(unsigned int, unsigned int, unsigned int)",0x00436290,2
5.5.01,string-inst.cc,std::string::assign(char const*),0,0x00434D60,strlen,0x004329B0,1
5.5.01,string-inst.cc,std::string::assign(char const*),0,0x00434D60,"std::string::assign(char const*, unsigned int)",0x00434D90,1
5.5.01,string-inst.cc,std::string::assign(std::string const&),0,0x00434EA0,__cxa_call_unexpected,0x0042D750,1
5.5.01,string-inst.cc,std::string::assign(std::string const&),0,0x00434EA0,"__gnu_cxx::__exchange_and_add(int volatile*, int)",0x0042D8E0,1
5.5.01,string-inst.cc,std::string::assign(std::string const&),0,0x00434EA0,"__gnu_cxx::__atomic_add(int volatile*, int)",0x0042D8F0,1
5.5.01,string-inst.cc,std::string::assign(std::string const&),0,0x00434EA0,_Unwind_SjLj_Register,0x00431BC0,1
5.5.01,string-inst.cc,std::string::assign(std::string const&),0,0x00434EA0,_Unwind_SjLj_Unregister,0x00431CA0,1
5.5.01,string-inst.cc,std::string::assign(std::string const&),0,0x00434EA0,_Unwind_SjLj_Resume,0x00432280,1
5.5.01,string-inst.cc,std::string::assign(std::string const&),0,0x00434EA0,std::string::_Rep::_M_destroy(std::allocator<char,0x00434310,1
5.5.01,string-inst.cc,std::string::assign(std::string const&),0,0x00434EA0,std::string::_Rep::_M_clone(std::allocator<char,0x00434580,1
5.5.01,string-inst.cc,"std::string::_Rep::_M_grab(std::allocator<char> const&, std::allocator<char> const&)",0,0x00434480,__cxa_call_unexpected,0x0042D750,1
5.5.01,string-inst.cc,"std::string::_Rep::_M_grab(std::allocator<char> const&, std::allocator<char> const&)",0,0x00434480,"__gnu_cxx::__atomic_add(int volatile*, int)",0x0042D8F0,1
5.5.01,string-inst.cc,"std::string::_Rep::_M_grab(std::allocator<char> const&, std::allocator<char> const&)",0,0x00434480,_Unwind_SjLj_Register,0x00431BC0,1
5.5.01,string-inst.cc,"std::string::_Rep::_M_grab(std::allocator<char> const&, std::allocator<char> const&)",0,0x00434480,_Unwind_SjLj_Unregister,0x00431CA0,2
5.5.01,string-inst.cc,"std::string::_Rep::_M_grab(std::allocator<char> const&, std::allocator<char> const&)",0,0x00434480,_Unwind_SjLj_Resume,0x00432280,1
5.5.01,string-inst.cc,"std::string::_Rep::_M_grab(std::allocator<char> const&, std::allocator<char> const&)",0,0x00434480,std::string::_Rep::_M_clone(std::allocator<char,0x00434580,1
5.5.01,string-inst.cc,"std::string::_S_construct(unsigned int, char, std::allocator<char> const&)",0,0x00433E20,memset,0x00432AC0,1
5.5.01,string-inst.cc,"std::string::_S_construct(unsigned int, char, std::allocator<char> const&)",0,0x00433E20,"std::string::_Rep::_S_create(unsigned int, unsigned int, std::allocator<char",0x00434600,1
5.5.01,string-inst.cc,std::string::_Rep::_M_dispose(std::allocator<char> const&),0,0x00434330,"__gnu_cxx::__exchange_and_add(int volatile*, int)",0x0042D8E0,1
5.5.01,string-inst.cc,"std::string::_Rep::_S_create(unsigned int, unsigned int, std::allocator<char> const&)",0,0x00434600,operator new(unsigned int),0x0042CCD0,1
5.5.01,string-inst.cc,"std::string::_Rep::_S_create(unsigned int, unsigned int, std::allocator<char> const&)",0,0x00434600,std::__throw_length_error(char const*),0x0042FE90,1
5.5.01,string-inst.cc,"std::string::_Rep::_S_create(unsigned int, unsigned int, std::allocator<char> const&)",0,0x00434600,_Unwind_SjLj_Register,0x00431BC0,1
5.5.01,string-inst.cc,"std::string::_Rep::_S_create(unsigned int, unsigned int, std::allocator<char> const&)",0,0x00434600,_Unwind_SjLj_Unregister,0x00431CA0,1
5.5.01,string-inst.cc,"std::string::_Rep::_S_create(unsigned int, unsigned int, std::allocator<char> const&)",0,0x00434600,_Unwind_SjLj_Resume,0x00432280,1
5.5.01,string-inst.cc,"std::string::_S_copy_chars(char*, char const*, char const*)",0,0x00434090,memcpy,0x004329A0,1
5.5.01,string-inst.cc,"std::string::_S_copy_chars(char*, char*, char*)",0,0x004340C0,memcpy,0x004329A0,1
5.5.01,string-inst.cc,std::string::_M_leak_hard(),0,0x00433DD0,"std::string::_M_mutate(unsigned int, unsigned int, unsigned int)",0x00436290,1
5.5.01,eh_throw.cc,"__gxx_exception_cleanup(_Unwind_Reason_Code, _Unwind_Exception*)",0,0x0042D900,__cxxabiv1::__terminate(void (*)()),0x0042F040,1
5.5.01,eh_throw.cc,__cxa_throw,0,0x0042D950,__cxa_begin_catch,0x0042DA20,1
5.5.01,eh_throw.cc,__cxa_throw,0,0x0042D950,std::terminate(),0x0042F0A0,1
5.5.01,eh_throw.cc,__cxa_throw,0,0x0042D950,__cxa_get_globals,0x0042F270,1
5.5.01,eh_throw.cc,__cxa_throw,0,0x0042D950,_Unwind_SjLj_RaiseException,0x00431EA0,1
5.5.01,eh_throw.cc,__cxa_rethrow,0,0x0042D9C0,__cxa_begin_catch,0x0042DA20,1
5.5.01,eh_throw.cc,__cxa_rethrow,0,0x0042D9C0,std::terminate(),0x0042F0A0,1
5.5.01,eh_throw.cc,__cxa_rethrow,0,0x0042D9C0,__cxa_get_globals,0x0042F270,1
5.5.01,eh_throw.cc,__cxa_rethrow,0,0x0042D9C0,_Unwind_SjLj_Resume_or_Rethrow,0x004323E0,1
5.5.01,eh_catch.cc,__cxa_begin_catch,0,0x0042DA20,__cxa_call_unexpected,0x0042D750,1
5.5.01,eh_catch.cc,__cxa_begin_catch,0,0x0042DA20,std::terminate(),0x0042F0A0,1
5.5.01,eh_catch.cc,__cxa_begin_catch,0,0x0042DA20,__cxa_get_globals,0x0042F270,1
5.5.01,eh_catch.cc,__cxa_begin_catch,0,0x0042DA20,_Unwind_SjLj_Register,0x00431BC0,1
5.5.01,eh_catch.cc,__cxa_begin_catch,0,0x0042DA20,_Unwind_SjLj_Unregister,0x00431CA0,2
5.5.01,eh_catch.cc,__cxa_begin_catch,0,0x0042DA20,_Unwind_SjLj_Resume,0x00432280,1
5.5.01,eh_catch.cc,__cxa_end_catch,0,0x0042DB30,std::terminate(),0x0042F0A0,1
5.5.01,eh_catch.cc,__cxa_end_catch,0,0x0042DB30,__cxa_get_globals_fast,0x0042F1A0,1
5.5.01,eh_catch.cc,__cxa_end_catch,0,0x0042DB30,_Unwind_DeleteException,0x00432510,1
5.5.01,eh_catch.cc,std::uncaught_exception(),0,0x0042DBC0,__cxa_get_globals,0x0042F270,1
5.5.01,new_opv.cc,operator new[](unsigned int),0,0x0042DBF0,operator new(unsigned int),0x0042CCD0,1
5.5.01,new_opv.cc,operator new[](unsigned int),0,0x0042DBF0,__cxa_call_unexpected,0x0042D750,1
5.5.01,new_opv.cc,operator new[](unsigned int),0,0x0042DBF0,_Unwind_SjLj_Register,0x00431BC0,1
5.5.01,new_opv.cc,operator new[](unsigned int),0,0x0042DBF0,_Unwind_SjLj_Unregister,0x00431CA0,1
5.5.01,new_opv.cc,operator new[](unsigned int),0,0x0042DBF0,_Unwind_SjLj_Resume,0x00432280,1
5.5.01,tinfo.cc,std::bad_cast::~bad_cast(),0,0x0042DCF0,std::exception::~exception(),0x0042EF80,1
5.5.01,tinfo.cc,std::bad_cast::~bad_cast(),1,0x0042DD10,std::exception::~exception(),0x0042EF80,1
5.5.01,tinfo.cc,std::bad_cast::~bad_cast(),2,0x0042DD30,operator delete(void*),0x0042CCB0,1
5.5.01,tinfo.cc,std::bad_cast::~bad_cast(),2,0x0042DD30,std::exception::~exception(),0x0042EF80,1
5.5.01,tinfo.cc,std::bad_typeid::~bad_typeid(),0,0x0042DD60,std::exception::~exception(),0x0042EF80,1
5.5.01,tinfo.cc,std::bad_typeid::~bad_typeid(),1,0x0042DD80,std::exception::~exception(),0x0042EF80,1
5.5.01,tinfo.cc,std::bad_typeid::~bad_typeid(),2,0x0042DDA0,operator delete(void*),0x0042CCB0,1
5.5.01,tinfo.cc,std::bad_typeid::~bad_typeid(),2,0x0042DDA0,std::exception::~exception(),0x0042EF80,1
5.5.01,tinfo.cc,"std::type_info::__do_catch(std::type_info const*, void**, unsigned int) const",0,0x0042DE30,std::type_info::operator==(std::type_info const&) const,0x0042DDD0,1
5.5.01,tinfo.cc,__cxxabiv1::__class_type_info::~__class_type_info(),0,0x0042DE60,std::type_info::~type_info(),0x0042DC90,1
5.5.01,tinfo.cc,__cxxabiv1::__class_type_info::~__class_type_info(),1,0x0042DE80,std::type_info::~type_info(),0x0042DC90,1
5.5.01,tinfo.cc,__cxxabiv1::__si_class_type_info::~__si_class_type_info(),0,0x0042DEB0,__cxxabiv1::__class_type_info::~__class_type_info(),0x0042DCA0,1
5.5.01,tinfo.cc,__cxxabiv1::__si_class_type_info::~__si_class_type_info(),1,0x0042DED0,__cxxabiv1::__class_type_info::~__class_type_info(),0x0042DCA0,1
5.5.01,tinfo.cc,__cxxabiv1::__si_class_type_info::~__si_class_type_info(),2,0x0042DEF0,__cxxabiv1::__class_type_info::~__class_type_info(),0x0042DCA0,1
5.5.01,tinfo.cc,__cxxabiv1::__vmi_class_type_info::~__vmi_class_type_info(),0,0x0042DF20,__cxxabiv1::__class_type_info::~__class_type_info(),0x0042DCA0,1
5.5.01,tinfo.cc,__cxxabiv1::__vmi_class_type_info::~__vmi_class_type_info(),1,0x0042DF40,__cxxabiv1::__class_type_info::~__class_type_info(),0x0042DCA0,1
5.5.01,tinfo.cc,__cxxabiv1::__vmi_class_type_info::~__vmi_class_type_info(),2,0x0042DF60,__cxxabiv1::__class_type_info::~__class_type_info(),0x0042DCA0,1
5.5.01,tinfo.cc,"__cxxabiv1::__class_type_info::__do_catch(std::type_info const*, void**, unsigned int) const",0,0x0042DF90,std::type_info::operator==(std::type_info const&) const,0x0042DDD0,1
5.5.01,tinfo.cc,"__cxxabiv1::__si_class_type_info::__do_find_public_src(int, void const*, __cxxabiv1::__class_type_info const*, void const*) const",0,0x0042E090,std::type_info::operator==(std::type_info const&) const,0x0042DDD0,1
5.5.01,tinfo.cc,"__cxxabiv1::__vmi_class_type_info::__do_find_public_src(int, void const*, __cxxabiv1::__class_type_info const*, void const*) const",0,0x0042E110,std::type_info::operator==(std::type_info const&) const,0x0042DDD0,1
5.5.01,tinfo.cc,"__cxxabiv1::__class_type_info::__do_dyncast(int, __cxxabiv1::__class_type_info::__sub_kind, __cxxabiv1::__class_type_info const*, void const*, __cxxabiv1::__class_type_info const*, void const*, __cxxabiv1::__class_type_info::__dyncast_result&) const",0,0x0042E1E0,std::type_info::operator==(std::type_info const&) const,0x0042DDD0,2
5.5.01,tinfo.cc,"__cxxabiv1::__si_class_type_info::__do_dyncast(int, __cxxabiv1::__class_type_info::__sub_kind, __cxxabiv1::__class_type_info const*, void const*, __cxxabiv1::__class_type_info const*, void const*, __cxxabiv1::__class_type_info::__dyncast_result&) const",0,0x0042E250,std::type_info::operator==(std::type_info const&) const,0x0042DDD0,2
5.5.01,tinfo.cc,"__cxxabiv1::__vmi_class_type_info::__do_dyncast(int, __cxxabiv1::__class_type_info::__sub_kind, __cxxabiv1::__class_type_info const*, void const*, __cxxabiv1::__class_type_info const*, void const*, __cxxabiv1::__class_type_info::__dyncast_result&) const",0,0x0042E340,std::type_info::operator==(std::type_info const&) const,0x0042DDD0,2
5.5.01,tinfo.cc,"__cxxabiv1::__si_class_type_info::__do_upcast(__cxxabiv1::__class_type_info const*, void const*, __cxxabiv1::__class_type_info::__upcast_result&) const",0,0x0042E880,"__cxxabiv1::__class_type_info::__do_upcast(__cxxabiv1::__class_type_info const*, void const*, __cxxabiv1::__class_type_info::__upcast_result&) const",0x0042E830,1
5.5.01,tinfo.cc,"__cxxabiv1::__vmi_class_type_info::__do_upcast(__cxxabiv1::__class_type_info const*, void const*, __cxxabiv1::__class_type_info::__upcast_result&) const",0,0x0042E900,std::type_info::operator==(std::type_info const&) const,0x0042DDD0,1
5.5.01,tinfo.cc,"__cxxabiv1::__vmi_class_type_info::__do_upcast(__cxxabiv1::__class_type_info const*, void const*, __cxxabiv1::__class_type_info::__upcast_result&) const",0,0x0042E900,"__cxxabiv1::__class_type_info::__do_upcast(__cxxabiv1::__class_type_info const*, void const*, __cxxabiv1::__class_type_info::__upcast_result&) const",0x0042E830,1
5.5.01,tinfo.cc,"__cxxabiv1::__class_type_info::__do_upcast(__cxxabiv1::__class_type_info const*, void const*, __cxxabiv1::__class_type_info::__upcast_result&) const",0,0x0042E830,std::type_info::operator==(std::type_info const&) const,0x0042DDD0,1
5.5.01,tinfo.cc,__cxxabiv1::__class_type_info::~__class_type_info(),2,0x0042DCA0,std::type_info::~type_info(),0x0042DC90,1
5.5.01,tinfo.cc,std::type_info::operator==(std::type_info const&) const,0,0x0042DDD0,strcmp,0x004329E0,1
5.5.01,new_handler.cc,std::bad_alloc::~bad_alloc(),0,0x0042EC60,std::exception::~exception(),0x0042EF80,1
5.5.01,new_handler.cc,std::bad_alloc::~bad_alloc(),1,0x0042EC80,std::exception::~exception(),0x0042EF80,1
5.5.01,new_handler.cc,std::bad_alloc::~bad_alloc(),2,0x0042ECA0,operator delete(void*),0x0042CCB0,1
5.5.01,new_handler.cc,std::bad_alloc::~bad_alloc(),2,0x0042ECA0,std::exception::~exception(),0x0042EF80,1
5.5.01,eh_alloc.cc,emergency_mutex_init(),0,0x0042ECD0,__gthr_win32_mutex_init_function,0x004327D0,1
5.5.01,eh_alloc.cc,__cxa_allocate_exception,0,0x0042ECF0,__cxa_call_unexpected,0x0042D750,1
5.5.01,eh_alloc.cc,__cxa_allocate_exception,0,0x0042ECF0,std::terminate(),0x0042F0A0,1
5.5.01,eh_alloc.cc,__cxa_allocate_exception,0,0x0042ECF0,_Unwind_SjLj_Register,0x00431BC0,1
5.5.01,eh_alloc.cc,__cxa_allocate_exception,0,0x0042ECF0,_Unwind_SjLj_Unregister,0x00431CA0,1
5.5.01,eh_alloc.cc,__cxa_allocate_exception,0,0x0042ECF0,_Unwind_SjLj_Resume,0x00432280,1
5.5.01,eh_alloc.cc,__cxa_allocate_exception,0,0x0042ECF0,__gthr_win32_once,0x00432660,1
5.5.01,eh_alloc.cc,__cxa_allocate_exception,0,0x0042ECF0,__gthr_win32_mutex_lock,0x00432810,1
5.5.01,eh_alloc.cc,__cxa_allocate_exception,0,0x0042ECF0,__gthr_win32_mutex_unlock,0x00432870,1
5.5.01,eh_alloc.cc,__cxa_allocate_exception,0,0x0042ECF0,malloc,0x00432A90,1
5.5.01,eh_alloc.cc,__cxa_allocate_exception,0,0x0042ECF0,memset,0x00432AC0,1
5.5.01,eh_alloc.cc,__cxa_free_exception,0,0x0042EE80,__cxa_call_unexpected,0x0042D750,1
5.5.01,eh_alloc.cc,__cxa_free_exception,0,0x0042EE80,_Unwind_SjLj_Register,0x00431BC0,1
5.5.01,eh_alloc.cc,__cxa_free_exception,0,0x0042EE80,_Unwind_SjLj_Unregister,0x00431CA0,1
5.5.01,eh_alloc.cc,__cxa_free_exception,0,0x0042EE80,_Unwind_SjLj_Resume,0x00432280,1
5.5.01,eh_alloc.cc,__cxa_free_exception,0,0x0042EE80,__gthr_win32_mutex_lock,0x00432810,1
5.5.01,eh_alloc.cc,__cxa_free_exception,0,0x0042EE80,__gthr_win32_mutex_unlock,0x00432870,1
5.5.01,eh_alloc.cc,__cxa_free_exception,0,0x0042EE80,free,0x00432A80,1
5.5.01,eh_exception.cc,std::exception::~exception(),1,0x0042EFA0,operator delete(void*),0x0042CCB0,1
5.5.01,eh_exception.cc,std::bad_exception::~bad_exception(),0,0x0042EFC0,std::exception::~exception(),0x0042EF80,1
5.5.01,eh_exception.cc,std::bad_exception::~bad_exception(),1,0x0042EFE0,std::exception::~exception(),0x0042EF80,1
5.5.01,eh_exception.cc,std::bad_exception::~bad_exception(),2,0x0042F000,operator delete(void*),0x0042CCB0,1
5.5.01,eh_exception.cc,std::bad_exception::~bad_exception(),2,0x0042F000,std::exception::~exception(),0x0042EF80,1
5.5.01,eh_terminate.cc,__cxxabiv1::__terminate(void (*)()),0,0x0042F040,__cxa_begin_catch,0x0042DA20,1
5.5.01,eh_terminate.cc,__cxxabiv1::__terminate(void (*)()),0,0x0042F040,_Unwind_SjLj_Register,0x00431BC0,1
5.5.01,eh_terminate.cc,__cxxabiv1::__terminate(void (*)()),0,0x0042F040,abort,0x00432AA0,2
5.5.01,eh_terminate.cc,std::terminate(),0,0x0042F0A0,__cxxabiv1::__terminate(void (*)()),0x0042F040,1
5.5.01,eh_terminate.cc,__cxxabiv1::__unexpected(void (*)()),0,0x0042F0C0,std::terminate(),0x0042F0A0,1
5.5.01,eh_terminate.cc,std::unexpected(),0,0x0042F0D0,__cxxabiv1::__unexpected(void (*)()),0x0042F0C0,1
5.5.01,eh_globals.cc,get_globals_init(),0,0x0042F150,__mingwthr_key_dtor,0x004316A0,1
5.5.01,eh_globals.cc,__cxa_get_globals_fast,0,0x0042F1A0,__cxa_call_unexpected,0x0042D750,1
5.5.01,eh_globals.cc,__cxa_get_globals_fast,0,0x0042F1A0,_Unwind_SjLj_Register,0x00431BC0,1
5.5.01,eh_globals.cc,__cxa_get_globals_fast,0,0x0042F1A0,_Unwind_SjLj_Unregister,0x00431CA0,1
5.5.01,eh_globals.cc,__cxa_get_globals_fast,0,0x0042F1A0,_Unwind_SjLj_Resume,0x00432280,1
5.5.01,eh_globals.cc,__cxa_get_globals,0,0x0042F270,__cxa_call_unexpected,0x0042D750,1
5.5.01,eh_globals.cc,__cxa_get_globals,0,0x0042F270,std::terminate(),0x0042F0A0,1
5.5.01,eh_globals.cc,__cxa_get_globals,0,0x0042F270,get_globals_init(),0x0042F150,1
5.5.01,eh_globals.cc,__cxa_get_globals,0,0x0042F270,_Unwind_SjLj_Register,0x00431BC0,1
5.5.01,eh_globals.cc,__cxa_get_globals,0,0x0042F270,_Unwind_SjLj_Unregister,0x00431CA0,1
5.5.01,eh_globals.cc,__cxa_get_globals,0,0x0042F270,_Unwind_SjLj_Resume,0x00432280,1
5.5.01,eh_globals.cc,__cxa_get_globals,0,0x0042F270,malloc,0x00432A90,1
5.5.01,eh_globals.cc,__cxa_get_globals,0,0x0042F270,InterlockedIncrement@4,0x00432FB0,1
5.5.01,functexcept.cc,std::__throw_bad_exception(),0,0x0042F470,__cxa_throw,0x0042D950,1
5.5.01,functexcept.cc,std::__throw_bad_exception(),0,0x0042F470,__cxa_allocate_exception,0x0042ECF0,1
5.5.01,functexcept.cc,std::__throw_bad_alloc(),0,0x0042F4B0,__cxa_throw,0x0042D950,1
5.5.01,functexcept.cc,std::__throw_bad_alloc(),0,0x0042F4B0,__cxa_allocate_exception,0x0042ECF0,1
5.5.01,functexcept.cc,std::__throw_bad_cast(),0,0x0042F4F0,__cxa_throw,0x0042D950,1
5.5.01,functexcept.cc,std::__throw_bad_cast(),0,0x0042F4F0,__cxa_allocate_exception,0x0042ECF0,1
5.5.01,functexcept.cc,std::__throw_bad_typeid(),0,0x0042F530,__cxa_throw,0x0042D950,1
5.5.01,functexcept.cc,std::__throw_bad_typeid(),0,0x0042F530,__cxa_allocate_exception,0x0042ECF0,1
5.5.01,functexcept.cc,std::domain_error::~domain_error(),0,0x00437080,operator delete(void*),0x0042CCB0,1
5.5.01,functexcept.cc,std::domain_error::~domain_error(),0,0x00437080,std::logic_error::~logic_error(),0x00430CB0,1
5.5.01,functexcept.cc,std::invalid_argument::~invalid_argument(),0,0x00437210,operator delete(void*),0x0042CCB0,1
5.5.01,functexcept.cc,std::invalid_argument::~invalid_argument(),0,0x00437210,std::logic_error::~logic_error(),0x00430CB0,1
5.5.01,functexcept.cc,std::length_error::~length_error(),0,0x004370D0,operator delete(void*),0x0042CCB0,1
5.5.01,functexcept.cc,std::length_error::~length_error(),0,0x004370D0,std::logic_error::~logic_error(),0x00430CB0,1
5.5.01,functexcept.cc,std::out_of_range::~out_of_range(),0,0x00437120,operator delete(void*),0x0042CCB0,1
5.5.01,functexcept.cc,std::out_of_range::~out_of_range(),0,0x00437120,std::logic_error::~logic_error(),0x00430CB0,1
5.5.01,functexcept.cc,std::range_error::~range_error(),0,0x00437030,operator delete(void*),0x0042CCB0,1
5.5.01,functexcept.cc,std::range_error::~range_error(),0,0x00437030,std::runtime_error::~runtime_error(),0x00430730,1
5.5.01,functexcept.cc,std::overflow_error::~overflow_error(),0,0x00437170,operator delete(void*),0x0042CCB0,1
5.5.01,functexcept.cc,std::overflow_error::~overflow_error(),0,0x00437170,std::runtime_error::~runtime_error(),0x00430730,1
5.5.01,functexcept.cc,std::underflow_error::~underflow_error(),0,0x004371C0,operator delete(void*),0x0042CCB0,1
5.5.01,functexcept.cc,std::underflow_error::~underflow_error(),0,0x004371C0,std::runtime_error::~runtime_error(),0x00430730,1
5.5.01,functexcept.cc,std::__throw_ios_failure(char const*),0,0x0042F570,"__gnu_cxx::__exchange_and_add(int volatile*, int)",0x0042D8E0,1
5.5.01,functexcept.cc,std::__throw_ios_failure(char const*),0,0x0042F570,__cxa_throw,0x0042D950,1
5.5.01,functexcept.cc,std::__throw_ios_failure(char const*),0,0x0042F570,__cxa_allocate_exception,0x0042ECF0,1
5.5.01,functexcept.cc,std::__throw_ios_failure(char const*),0,0x0042F570,std::ios_base::failure::failure(std::string const&),0x004313A0,1
5.5.01,functexcept.cc,std::__throw_ios_failure(char const*),0,0x0042F570,_Unwind_SjLj_Register,0x00431BC0,1
5.5.01,functexcept.cc,std::__throw_ios_failure(char const*),0,0x0042F570,_Unwind_SjLj_Resume,0x00432280,1
5.5.01,functexcept.cc,std::__throw_ios_failure(char const*),0,0x0042F570,std::string::_Rep::_M_destroy(std::allocator<char,0x00434310,1
5.5.01,functexcept.cc,std::__throw_ios_failure(char const*),0,0x0042F570,"std::basic_string<char, std::char_traits<char",0x00436500,1
5.5.01,functexcept.cc,std::__throw_underflow_error(char const*),0,0x0042F670,"__gnu_cxx::__exchange_and_add(int volatile*, int)",0x0042D8E0,2
5.5.01,functexcept.cc,std::__throw_underflow_error(char const*),0,0x0042F670,__cxa_throw,0x0042D950,1
5.5.01,functexcept.cc,std::__throw_underflow_error(char const*),0,0x0042F670,__cxa_allocate_exception,0x0042ECF0,1
5.5.01,functexcept.cc,std::__throw_underflow_error(char const*),0,0x0042F670,__cxa_free_exception,0x0042EE80,1
5.5.01,functexcept.cc,std::__throw_underflow_error(char const*),0,0x0042F670,std::underflow_error::underflow_error(std::string const&),0x00430990,1
5.5.01,functexcept.cc,std::__throw_underflow_error(char const*),0,0x0042F670,_Unwind_SjLj_Register,0x00431BC0,1
5.5.01,functexcept.cc,std::__throw_underflow_error(char const*),0,0x0042F670,_Unwind_SjLj_Resume,0x00432280,1
5.5.01,functexcept.cc,std::__throw_underflow_error(char const*),0,0x0042F670,std::string::_Rep::_M_destroy(std::allocator<char,0x00434310,2
5.5.01,functexcept.cc,std::__throw_underflow_error(char const*),0,0x0042F670,"std::basic_string<char, std::char_traits<char",0x00436500,1
5.5.01,functexcept.cc,std::__throw_overflow_error(char const*),0,0x0042F810,"__gnu_cxx::__exchange_and_add(int volatile*, int)",0x0042D8E0,2
5.5.01,functexcept.cc,std::__throw_overflow_error(char const*),0,0x0042F810,__cxa_throw,0x0042D950,1
5.5.01,functexcept.cc,std::__throw_overflow_error(char const*),0,0x0042F810,__cxa_allocate_exception,0x0042ECF0,1
5.5.01,functexcept.cc,std::__throw_overflow_error(char const*),0,0x0042F810,__cxa_free_exception,0x0042EE80,1
5.5.01,functexcept.cc,std::__throw_overflow_error(char const*),0,0x0042F810,std::overflow_error::overflow_error(std::string const&),0x004309F0,1
5.5.01,functexcept.cc,std::__throw_overflow_error(char const*),0,0x0042F810,_Unwind_SjLj_Register,0x00431BC0,1
5.5.01,functexcept.cc,std::__throw_overflow_error(char const*),0,0x0042F810,_Unwind_SjLj_Resume,0x00432280,1
5.5.01,functexcept.cc,std::__throw_overflow_error(char const*),0,0x0042F810,std::string::_Rep::_M_destroy(std::allocator<char,0x00434310,2
5.5.01,functexcept.cc,std::__throw_overflow_error(char const*),0,0x0042F810,"std::basic_string<char, std::char_traits<char",0x00436500,1
5.5.01,functexcept.cc,std::__throw_range_error(char const*),0,0x0042F9B0,"__gnu_cxx::__exchange_and_add(int volatile*, int)",0x0042D8E0,2
5.5.01,functexcept.cc,std::__throw_range_error(char const*),0,0x0042F9B0,__cxa_throw,0x0042D950,1
5.5.01,functexcept.cc,std::__throw_range_error(char const*),0,0x0042F9B0,__cxa_allocate_exception,0x0042ECF0,1
5.5.01,functexcept.cc,std::__throw_range_error(char const*),0,0x0042F9B0,__cxa_free_exception,0x0042EE80,1
5.5.01,functexcept.cc,std::__throw_range_error(char const*),0,0x0042F9B0,std::range_error::range_error(std::string const&),0x00430A50,1
5.5.01,functexcept.cc,std::__throw_range_error(char const*),0,0x0042F9B0,_Unwind_SjLj_Register,0x00431BC0,1
5.5.01,functexcept.cc,std::__throw_range_error(char const*),0,0x0042F9B0,_Unwind_SjLj_Resume,0x00432280,1
5.5.01,functexcept.cc,std::__throw_range_error(char const*),0,0x0042F9B0,std::string::_Rep::_M_destroy(std::allocator<char,0x00434310,2
5.5.01,functexcept.cc,std::__throw_range_error(char const*),0,0x0042F9B0,"std::basic_string<char, std::char_traits<char",0x00436500,1
5.5.01,functexcept.cc,std::__throw_runtime_error(char const*),0,0x0042FB50,"__gnu_cxx::__exchange_and_add(int volatile*, int)",0x0042D8E0,2
5.5.01,functexcept.cc,std::__throw_runtime_error(char const*),0,0x0042FB50,__cxa_throw,0x0042D950,1
5.5.01,functexcept.cc,std::__throw_runtime_error(char const*),0,0x0042FB50,__cxa_allocate_exception,0x0042ECF0,1
5.5.01,functexcept.cc,std::__throw_runtime_error(char const*),0,0x0042FB50,__cxa_free_exception,0x0042EE80,1
5.5.01,functexcept.cc,std::__throw_runtime_error(char const*),0,0x0042FB50,std::runtime_error::runtime_error(std::string const&),0x00430830,1
5.5.01,functexcept.cc,std::__throw_runtime_error(char const*),0,0x0042FB50,_Unwind_SjLj_Register,0x00431BC0,1
5.5.01,functexcept.cc,std::__throw_runtime_error(char const*),0,0x0042FB50,_Unwind_SjLj_Resume,0x00432280,1
5.5.01,functexcept.cc,std::__throw_runtime_error(char const*),0,0x0042FB50,std::string::_Rep::_M_destroy(std::allocator<char,0x00434310,2
5.5.01,functexcept.cc,std::__throw_runtime_error(char const*),0,0x0042FB50,"std::basic_string<char, std::char_traits<char",0x00436500,1
5.5.01,functexcept.cc,std::__throw_out_of_range(char const*),0,0x0042FCF0,"__gnu_cxx::__exchange_and_add(int volatile*, int)",0x0042D8E0,2
5.5.01,functexcept.cc,std::__throw_out_of_range(char const*),0,0x0042FCF0,__cxa_throw,0x0042D950,1
5.5.01,functexcept.cc,std::__throw_out_of_range(char const*),0,0x0042FCF0,__cxa_allocate_exception,0x0042ECF0,1
5.5.01,functexcept.cc,std::__throw_out_of_range(char const*),0,0x0042FCF0,__cxa_free_exception,0x0042EE80,1
5.5.01,functexcept.cc,std::__throw_out_of_range(char const*),0,0x0042FCF0,std::out_of_range::out_of_range(std::string const&),0x00430F10,1
5.5.01,functexcept.cc,std::__throw_out_of_range(char const*),0,0x0042FCF0,_Unwind_SjLj_Register,0x00431BC0,1
5.5.01,functexcept.cc,std::__throw_out_of_range(char const*),0,0x0042FCF0,_Unwind_SjLj_Resume,0x00432280,1
5.5.01,functexcept.cc,std::__throw_out_of_range(char const*),0,0x0042FCF0,std::string::_Rep::_M_destroy(std::allocator<char,0x00434310,2
5.5.01,functexcept.cc,std::__throw_out_of_range(char const*),0,0x0042FCF0,"std::basic_string<char, std::char_traits<char",0x00436500,1
5.5.01,functexcept.cc,std::__throw_length_error(char const*),0,0x0042FE90,"__gnu_cxx::__exchange_and_add(int volatile*, int)",0x0042D8E0,2
5.5.01,functexcept.cc,std::__throw_length_error(char const*),0,0x0042FE90,__cxa_throw,0x0042D950,1
5.5.01,functexcept.cc,std::__throw_length_error(char const*),0,0x0042FE90,__cxa_allocate_exception,0x0042ECF0,1
5.5.01,functexcept.cc,std::__throw_length_error(char const*),0,0x0042FE90,__cxa_free_exception,0x0042EE80,1
5.5.01,functexcept.cc,std::__throw_length_error(char const*),0,0x0042FE90,std::length_error::length_error(std::string const&),0x00430F70,1
5.5.01,functexcept.cc,std::__throw_length_error(char const*),0,0x0042FE90,_Unwind_SjLj_Register,0x00431BC0,1
5.5.01,functexcept.cc,std::__throw_length_error(char const*),0,0x0042FE90,_Unwind_SjLj_Resume,0x00432280,1
5.5.01,functexcept.cc,std::__throw_length_error(char const*),0,0x0042FE90,std::string::_Rep::_M_destroy(std::allocator<char,0x00434310,2
5.5.01,functexcept.cc,std::__throw_length_error(char const*),0,0x0042FE90,"std::basic_string<char, std::char_traits<char",0x00436500,1
5.5.01,functexcept.cc,std::__throw_invalid_argument(char const*),0,0x00430030,"__gnu_cxx::__exchange_and_add(int volatile*, int)",0x0042D8E0,2
5.5.01,functexcept.cc,std::__throw_invalid_argument(char const*),0,0x00430030,__cxa_throw,0x0042D950,1
5.5.01,functexcept.cc,std::__throw_invalid_argument(char const*),0,0x00430030,__cxa_allocate_exception,0x0042ECF0,1
5.5.01,functexcept.cc,std::__throw_invalid_argument(char const*),0,0x00430030,__cxa_free_exception,0x0042EE80,1
5.5.01,functexcept.cc,std::__throw_invalid_argument(char const*),0,0x00430030,std::invalid_argument::invalid_argument(std::string const&),0x00430FD0,1
5.5.01,functexcept.cc,std::__throw_invalid_argument(char const*),0,0x00430030,_Unwind_SjLj_Register,0x00431BC0,1
5.5.01,functexcept.cc,std::__throw_invalid_argument(char const*),0,0x00430030,_Unwind_SjLj_Resume,0x00432280,1
5.5.01,functexcept.cc,std::__throw_invalid_argument(char const*),0,0x00430030,std::string::_Rep::_M_destroy(std::allocator<char,0x00434310,2
5.5.01,functexcept.cc,std::__throw_invalid_argument(char const*),0,0x00430030,"std::basic_string<char, std::char_traits<char",0x00436500,1
5.5.01,functexcept.cc,std::__throw_domain_error(char const*),0,0x004301D0,"__gnu_cxx::__exchange_and_add(int volatile*, int)",0x0042D8E0,2
5.5.01,functexcept.cc,std::__throw_domain_error(char const*),0,0x004301D0,__cxa_throw,0x0042D950,1
5.5.01,functexcept.cc,std::__throw_domain_error(char const*),0,0x004301D0,__cxa_allocate_exception,0x0042ECF0,1
5.5.01,functexcept.cc,std::__throw_domain_error(char const*),0,0x004301D0,__cxa_free_exception,0x0042EE80,1
5.5.01,functexcept.cc,std::__throw_domain_error(char const*),0,0x004301D0,std::domain_error::domain_error(std::string const&),0x00431030,1
5.5.01,functexcept.cc,std::__throw_domain_error(char const*),0,0x004301D0,_Unwind_SjLj_Register,0x00431BC0,1
5.5.01,functexcept.cc,std::__throw_domain_error(char const*),0,0x004301D0,_Unwind_SjLj_Resume,0x00432280,1
5.5.01,functexcept.cc,std::__throw_domain_error(char const*),0,0x004301D0,std::string::_Rep::_M_destroy(std::allocator<char,0x00434310,2
5.5.01,functexcept.cc,std::__throw_domain_error(char const*),0,0x004301D0,"std::basic_string<char, std::char_traits<char",0x00436500,1
5.5.01,functexcept.cc,std::__throw_logic_error(char const*),0,0x00430370,"__gnu_cxx::__exchange_and_add(int volatile*, int)",0x0042D8E0,2
5.5.01,functexcept.cc,std::__throw_logic_error(char const*),0,0x00430370,__cxa_throw,0x0042D950,1
5.5.01,functexcept.cc,std::__throw_logic_error(char const*),0,0x00430370,__cxa_allocate_exception,0x0042ECF0,1
5.5.01,functexcept.cc,std::__throw_logic_error(char const*),0,0x00430370,__cxa_free_exception,0x0042EE80,1
5.5.01,functexcept.cc,std::__throw_logic_error(char const*),0,0x00430370,std::logic_error::logic_error(std::string const&),0x00430DB0,1
5.5.01,functexcept.cc,std::__throw_logic_error(char const*),0,0x00430370,_Unwind_SjLj_Register,0x00431BC0,1
5.5.01,functexcept.cc,std::__throw_logic_error(char const*),0,0x00430370,_Unwind_SjLj_Resume,0x00432280,1
5.5.01,functexcept.cc,std::__throw_logic_error(char const*),0,0x00430370,std::string::_Rep::_M_destroy(std::allocator<char,0x00434310,2
5.5.01,functexcept.cc,std::__throw_logic_error(char const*),0,0x00430370,"std::basic_string<char, std::char_traits<char",0x00436500,1
5.5.01,functexcept.cc,std::underflow_error::~underflow_error(),1,0x004371F0,std::runtime_error::~runtime_error(),0x00430730,1
5.5.01,functexcept.cc,std::overflow_error::~overflow_error(),1,0x004371A0,std::runtime_error::~runtime_error(),0x00430730,1
5.5.01,functexcept.cc,std::range_error::~range_error(),1,0x00437060,std::runtime_error::~runtime_error(),0x00430730,1
5.5.01,functexcept.cc,std::out_of_range::~out_of_range(),1,0x00437150,std::logic_error::~logic_error(),0x00430CB0,1
5.5.01,functexcept.cc,std::length_error::~length_error(),1,0x00437100,std::logic_error::~logic_error(),0x00430CB0,1
5.5.01,functexcept.cc,std::invalid_argument::~invalid_argument(),1,0x00437240,std::logic_error::~logic_error(),0x00430CB0,1
5.5.01,functexcept.cc,std::domain_error::~domain_error(),1,0x004370B0,std::logic_error::~logic_error(),0x00430CB0,1
5.5.01,stdexcept.cc,std::runtime_error::~runtime_error(),0,0x00430530,operator delete(void*),0x0042CCB0,1
5.5.01,stdexcept.cc,std::runtime_error::~runtime_error(),0,0x00430530,__cxa_call_unexpected,0x0042D750,1
5.5.01,stdexcept.cc,std::runtime_error::~runtime_error(),0,0x00430530,"__gnu_cxx::__exchange_and_add(int volatile*, int)",0x0042D8E0,1
5.5.01,stdexcept.cc,std::runtime_error::~runtime_error(),0,0x00430530,std::exception::~exception(),0x0042EF80,2
5.5.01,stdexcept.cc,std::runtime_error::~runtime_error(),0,0x00430530,_Unwind_SjLj_Register,0x00431BC0,1
5.5.01,stdexcept.cc,std::runtime_error::~runtime_error(),0,0x00430530,_Unwind_SjLj_Unregister,0x00431CA0,1
5.5.01,stdexcept.cc,std::runtime_error::~runtime_error(),0,0x00430530,_Unwind_SjLj_Resume,0x00432280,1
5.5.01,stdexcept.cc,std::runtime_error::~runtime_error(),0,0x00430530,std::string::_Rep::_M_destroy(std::allocator<char,0x00434310,1
5.5.01,stdexcept.cc,std::runtime_error::~runtime_error(),1,0x00430630,__cxa_call_unexpected,0x0042D750,1
5.5.01,stdexcept.cc,std::runtime_error::~runtime_error(),1,0x00430630,"__gnu_cxx::__exchange_and_add(int volatile*, int)",0x0042D8E0,1
5.5.01,stdexcept.cc,std::runtime_error::~runtime_error(),1,0x00430630,std::exception::~exception(),0x0042EF80,2
5.5.01,stdexcept.cc,std::runtime_error::~runtime_error(),1,0x00430630,_Unwind_SjLj_Register,0x00431BC0,1
5.5.01,stdexcept.cc,std::runtime_error::~runtime_error(),1,0x00430630,_Unwind_SjLj_Unregister,0x00431CA0,1
5.5.01,stdexcept.cc,std::runtime_error::~runtime_error(),1,0x00430630,_Unwind_SjLj_Resume,0x00432280,1
5.5.01,stdexcept.cc,std::runtime_error::~runtime_error(),1,0x00430630,std::string::_Rep::_M_destroy(std::allocator<char,0x00434310,1
5.5.01,stdexcept.cc,std::runtime_error::~runtime_error(),2,0x00430730,__cxa_call_unexpected,0x0042D750,1
5.5.01,stdexcept.cc,std::runtime_error::~runtime_error(),2,0x00430730,"__gnu_cxx::__exchange_and_add(int volatile*, int)",0x0042D8E0,1
5.5.01,stdexcept.cc,std::runtime_error::~runtime_error(),2,0x00430730,std::exception::~exception(),0x0042EF80,2
5.5.01,stdexcept.cc,std::runtime_error::~runtime_error(),2,0x00430730,_Unwind_SjLj_Register,0x00431BC0,1
5.5.01,stdexcept.cc,std::runtime_error::~runtime_error(),2,0x00430730,_Unwind_SjLj_Unregister,0x00431CA0,1
5.5.01,stdexcept.cc,std::runtime_error::~runtime_error(),2,0x00430730,_Unwind_SjLj_Resume,0x00432280,1
5.5.01,stdexcept.cc,std::runtime_error::~runtime_error(),2,0x00430730,std::string::_Rep::_M_destroy(std::allocator<char,0x00434310,1
5.5.01,stdexcept.cc,std::runtime_error::runtime_error(std::string const&),0,0x00430830,std::exception::~exception(),0x0042EF80,1
5.5.01,stdexcept.cc,std::runtime_error::runtime_error(std::string const&),0,0x00430830,_Unwind_SjLj_Register,0x00431BC0,1
5.5.01,stdexcept.cc,std::runtime_error::runtime_error(std::string const&),0,0x00430830,_Unwind_SjLj_Unregister,0x00431CA0,1
5.5.01,stdexcept.cc,std::runtime_error::runtime_error(std::string const&),0,0x00430830,_Unwind_SjLj_Resume,0x00432280,1
5.5.01,stdexcept.cc,std::runtime_error::runtime_error(std::string const&),0,0x00430830,"std::basic_string<char, std::char_traits<char",0x004365B0,1
5.5.01,stdexcept.cc,std::runtime_error::runtime_error(std::string const&),1,0x004308E0,std::exception::~exception(),0x0042EF80,1
5.5.01,stdexcept.cc,std::runtime_error::runtime_error(std::string const&),1,0x004308E0,_Unwind_SjLj_Register,0x00431BC0,1
5.5.01,stdexcept.cc,std::runtime_error::runtime_error(std::string const&),1,0x004308E0,_Unwind_SjLj_Unregister,0x00431CA0,1
5.5.01,stdexcept.cc,std::runtime_error::runtime_error(std::string const&),1,0x004308E0,_Unwind_SjLj_Resume,0x00432280,1
5.5.01,stdexcept.cc,std::runtime_error::runtime_error(std::string const&),1,0x004308E0,"std::basic_string<char, std::char_traits<char",0x004365B0,1
5.5.01,stdexcept.cc,std::underflow_error::underflow_error(std::string const&),0,0x00430990,std::runtime_error::runtime_error(std::string const&),0x004308E0,1
5.5.01,stdexcept.cc,std::underflow_error::underflow_error(std::string const&),1,0x004309C0,std::runtime_error::runtime_error(std::string const&),0x004308E0,1
5.5.01,stdexcept.cc,std::overflow_error::overflow_error(std::string const&),0,0x004309F0,std::runtime_error::runtime_error(std::string const&),0x004308E0,1
5.5.01,stdexcept.cc,std::overflow_error::overflow_error(std::string const&),1,0x00430A20,std::runtime_error::runtime_error(std::string const&),0x004308E0,1
5.5.01,stdexcept.cc,std::range_error::range_error(std::string const&),0,0x00430A50,std::runtime_error::runtime_error(std::string const&),0x004308E0,1
5.5.01,stdexcept.cc,std::range_error::range_error(std::string const&),1,0x00430A80,std::runtime_error::runtime_error(std::string const&),0x004308E0,1
5.5.01,stdexcept.cc,std::logic_error::~logic_error(),0,0x00430AB0,operator delete(void*),0x0042CCB0,1
5.5.01,stdexcept.cc,std::logic_error::~logic_error(),0,0x00430AB0,__cxa_call_unexpected,0x0042D750,1
5.5.01,stdexcept.cc,std::logic_error::~logic_error(),0,0x00430AB0,"__gnu_cxx::__exchange_and_add(int volatile*, int)",0x0042D8E0,1
5.5.01,stdexcept.cc,std::logic_error::~logic_error(),0,0x00430AB0,std::exception::~exception(),0x0042EF80,2
5.5.01,stdexcept.cc,std::logic_error::~logic_error(),0,0x00430AB0,_Unwind_SjLj_Register,0x00431BC0,1
5.5.01,stdexcept.cc,std::logic_error::~logic_error(),0,0x00430AB0,_Unwind_SjLj_Unregister,0x00431CA0,1
5.5.01,stdexcept.cc,std::logic_error::~logic_error(),0,0x00430AB0,_Unwind_SjLj_Resume,0x00432280,1
5.5.01,stdexcept.cc,std::logic_error::~logic_error(),0,0x00430AB0,std::string::_Rep::_M_destroy(std::allocator<char,0x00434310,1
5.5.01,stdexcept.cc,std::logic_error::~logic_error(),1,0x00430BB0,__cxa_call_unexpected,0x0042D750,1
5.5.01,stdexcept.cc,std::logic_error::~logic_error(),1,0x00430BB0,"__gnu_cxx::__exchange_and_add(int volatile*, int)",0x0042D8E0,1
5.5.01,stdexcept.cc,std::logic_error::~logic_error(),1,0x00430BB0,std::exception::~exception(),0x0042EF80,2
5.5.01,stdexcept.cc,std::logic_error::~logic_error(),1,0x00430BB0,_Unwind_SjLj_Register,0x00431BC0,1
5.5.01,stdexcept.cc,std::logic_error::~logic_error(),1,0x00430BB0,_Unwind_SjLj_Unregister,0x00431CA0,1
5.5.01,stdexcept.cc,std::logic_error::~logic_error(),1,0x00430BB0,_Unwind_SjLj_Resume,0x00432280,1
5.5.01,stdexcept.cc,std::logic_error::~logic_error(),1,0x00430BB0,std::string::_Rep::_M_destroy(std::allocator<char,0x00434310,1
5.5.01,stdexcept.cc,std::logic_error::~logic_error(),2,0x00430CB0,__cxa_call_unexpected,0x0042D750,1
5.5.01,stdexcept.cc,std::logic_error::~logic_error(),2,0x00430CB0,"__gnu_cxx::__exchange_and_add(int volatile*, int)",0x0042D8E0,1
5.5.01,stdexcept.cc,std::logic_error::~logic_error(),2,0x00430CB0,std::exception::~exception(),0x0042EF80,2
5.5.01,stdexcept.cc,std::logic_error::~logic_error(),2,0x00430CB0,_Unwind_SjLj_Register,0x00431BC0,1
5.5.01,stdexcept.cc,std::logic_error::~logic_error(),2,0x00430CB0,_Unwind_SjLj_Unregister,0x00431CA0,1
5.5.01,stdexcept.cc,std::logic_error::~logic_error(),2,0x00430CB0,_Unwind_SjLj_Resume,0x00432280,1
5.5.01,stdexcept.cc,std::logic_error::~logic_error(),2,0x00430CB0,std::string::_Rep::_M_destroy(std::allocator<char,0x00434310,1
5.5.01,stdexcept.cc,std::logic_error::logic_error(std::string const&),0,0x00430DB0,std::exception::~exception(),0x0042EF80,1
5.5.01,stdexcept.cc,std::logic_error::logic_error(std::string const&),0,0x00430DB0,_Unwind_SjLj_Register,0x00431BC0,1
5.5.01,stdexcept.cc,std::logic_error::logic_error(std::string const&),0,0x00430DB0,_Unwind_SjLj_Unregister,0x00431CA0,1
5.5.01,stdexcept.cc,std::logic_error::logic_error(std::string const&),0,0x00430DB0,_Unwind_SjLj_Resume,0x00432280,1
5.5.01,stdexcept.cc,std::logic_error::logic_error(std::string const&),0,0x00430DB0,"std::basic_string<char, std::char_traits<char",0x004365B0,1
5.5.01,stdexcept.cc,std::logic_error::logic_error(std::string const&),1,0x00430E60,std::exception::~exception(),0x0042EF80,1
5.5.01,stdexcept.cc,std::logic_error::logic_error(std::string const&),1,0x00430E60,_Unwind_SjLj_Register,0x00431BC0,1
5.5.01,stdexcept.cc,std::logic_error::logic_error(std::string const&),1,0x00430E60,_Unwind_SjLj_Unregister,0x00431CA0,1
5.5.01,stdexcept.cc,std::logic_error::logic_error(std::string const&),1,0x00430E60,_Unwind_SjLj_Resume,0x00432280,1
5.5.01,stdexcept.cc,std::logic_error::logic_error(std::string const&),1,0x00430E60,"std::basic_string<char, std::char_traits<char",0x004365B0,1
5.5.01,stdexcept.cc,std::out_of_range::out_of_range(std::string const&),0,0x00430F10,std::logic_error::logic_error(std::string const&),0x00430E60,1
5.5.01,stdexcept.cc,std::out_of_range::out_of_range(std::string const&),1,0x00430F40,std::logic_error::logic_error(std::string const&),0x00430E60,1
5.5.01,stdexcept.cc,std::length_error::length_error(std::string const&),0,0x00430F70,std::logic_error::logic_error(std::string const&),0x00430E60,1
5.5.01,stdexcept.cc,std::length_error::length_error(std::string const&),1,0x00430FA0,std::logic_error::logic_error(std::string const&),0x00430E60,1
5.5.01,stdexcept.cc,std::invalid_argument::invalid_argument(std::string const&),0,0x00430FD0,std::logic_error::logic_error(std::string const&),0x00430E60,1
5.5.01,stdexcept.cc,std::invalid_argument::invalid_argument(std::string const&),1,0x00431000,std::logic_error::logic_error(std::string const&),0x00430E60,1
5.5.01,stdexcept.cc,std::domain_error::domain_error(std::string const&),0,0x00431030,std::logic_error::logic_error(std::string const&),0x00430E60,1
5.5.01,stdexcept.cc,std::domain_error::domain_error(std::string const&),1,0x00431060,std::logic_error::logic_error(std::string const&),0x00430E60,1
5.5.01,ios_failure.cc,std::ios_base::failure::~failure(),0,0x004310A0,operator delete(void*),0x0042CCB0,1
5.5.01,ios_failure.cc,std::ios_base::failure::~failure(),0,0x004310A0,__cxa_call_unexpected,0x0042D750,1
5.5.01,ios_failure.cc,std::ios_base::failure::~failure(),0,0x004310A0,"__gnu_cxx::__exchange_and_add(int volatile*, int)",0x0042D8E0,1
5.5.01,ios_failure.cc,std::ios_base::failure::~failure(),0,0x004310A0,std::exception::~exception(),0x0042EF80,2
5.5.01,ios_failure.cc,std::ios_base::failure::~failure(),0,0x004310A0,_Unwind_SjLj_Register,0x00431BC0,1
5.5.01,ios_failure.cc,std::ios_base::failure::~failure(),0,0x004310A0,_Unwind_SjLj_Unregister,0x00431CA0,1
5.5.01,ios_failure.cc,std::ios_base::failure::~failure(),0,0x004310A0,_Unwind_SjLj_Resume,0x00432280,1
5.5.01,ios_failure.cc,std::ios_base::failure::~failure(),0,0x004310A0,std::string::_Rep::_M_destroy(std::allocator<char,0x00434310,1
5.5.01,ios_failure.cc,std::ios_base::failure::~failure(),1,0x004311A0,__cxa_call_unexpected,0x0042D750,1
5.5.01,ios_failure.cc,std::ios_base::failure::~failure(),1,0x004311A0,"__gnu_cxx::__exchange_and_add(int volatile*, int)",0x0042D8E0,1
5.5.01,ios_failure.cc,std::ios_base::failure::~failure(),1,0x004311A0,std::exception::~exception(),0x0042EF80,2
5.5.01,ios_failure.cc,std::ios_base::failure::~failure(),1,0x004311A0,_Unwind_SjLj_Register,0x00431BC0,1
5.5.01,ios_failure.cc,std::ios_base::failure::~failure(),1,0x004311A0,_Unwind_SjLj_Unregister,0x00431CA0,1
5.5.01,ios_failure.cc,std::ios_base::failure::~failure(),1,0x004311A0,_Unwind_SjLj_Resume,0x00432280,1
5.5.01,ios_failure.cc,std::ios_base::failure::~failure(),1,0x004311A0,std::string::_Rep::_M_destroy(std::allocator<char,0x00434310,1
5.5.01,ios_failure.cc,std::ios_base::failure::~failure(),2,0x004312A0,__cxa_call_unexpected,0x0042D750,1
5.5.01,ios_failure.cc,std::ios_base::failure::~failure(),2,0x004312A0,"__gnu_cxx::__exchange_and_add(int volatile*, int)",0x0042D8E0,1
5.5.01,ios_failure.cc,std::ios_base::failure::~failure(),2,0x004312A0,std::exception::~exception(),0x0042EF80,2
5.5.01,ios_failure.cc,std::ios_base::failure::~failure(),2,0x004312A0,_Unwind_SjLj_Register,0x00431BC0,1
5.5.01,ios_failure.cc,std::ios_base::failure::~failure(),2,0x004312A0,_Unwind_SjLj_Unregister,0x00431CA0,1
5.5.01,ios_failure.cc,std::ios_base::failure::~failure(),2,0x004312A0,_Unwind_SjLj_Resume,0x00432280,1
5.5.01,ios_failure.cc,std::ios_base::failure::~failure(),2,0x004312A0,std::string::_Rep::_M_destroy(std::allocator<char,0x00434310,1
5.5.01,ios_failure.cc,std::ios_base::failure::failure(std::string const&),0,0x004313A0,__cxa_call_unexpected,0x0042D750,1
5.5.01,ios_failure.cc,std::ios_base::failure::failure(std::string const&),0,0x004313A0,std::exception::~exception(),0x0042EF80,1
5.5.01,ios_failure.cc,std::ios_base::failure::failure(std::string const&),0,0x004313A0,_Unwind_SjLj_Register,0x00431BC0,1
5.5.01,ios_failure.cc,std::ios_base::failure::failure(std::string const&),0,0x004313A0,_Unwind_SjLj_Unregister,0x00431CA0,1
5.5.01,ios_failure.cc,std::ios_base::failure::failure(std::string const&),0,0x004313A0,_Unwind_SjLj_Resume,0x00432280,1
5.5.01,ios_failure.cc,std::ios_base::failure::failure(std::string const&),0,0x004313A0,"std::basic_string<char, std::char_traits<char",0x004365B0,1
5.5.01,ios_failure.cc,std::ios_base::failure::failure(std::string const&),1,0x00431470,__cxa_call_unexpected,0x0042D750,1
5.5.01,ios_failure.cc,std::ios_base::failure::failure(std::string const&),1,0x00431470,std::exception::~exception(),0x0042EF80,1
5.5.01,ios_failure.cc,std::ios_base::failure::failure(std::string const&),1,0x00431470,_Unwind_SjLj_Register,0x00431BC0,1
5.5.01,ios_failure.cc,std::ios_base::failure::failure(std::string const&),1,0x00431470,_Unwind_SjLj_Unregister,0x00431CA0,1
5.5.01,ios_failure.cc,std::ios_base::failure::failure(std::string const&),1,0x00431470,_Unwind_SjLj_Resume,0x00432280,1
5.5.01,ios_failure.cc,std::ios_base::failure::failure(std::string const&),1,0x00431470,"std::basic_string<char, std::char_traits<char",0x004365B0,1
5.5.01,main.c,main,0,0x00431540,WinMain@16,0x00429710,1
5.5.01,main.c,main,0,0x00431540,__main,0x00431750,1
5.5.01,main.c,main,0,0x00431540,__chkstk,0x00432610,1
5.5.01,main.c,main,0,0x00431540,GetCommandLineA@0,0x00432FE0,1
5.5.01,main.c,main,0,0x00431540,GetStartupInfoA@4,0x00432FF0,1
5.5.01,main.c,main,0,0x00431540,GetModuleHandleA@4,0x00433000,1
5.5.01,gccmain.c,__do_global_ctors,0,0x004316F0,atexit,0x004012B0,1
5.5.01,gccmain.c,__main,0,0x00431750,atexit,0x004012B0,1
5.5.01,pseudo-reloc-list.c,__w32_sharedptr_get,0,0x004317D0,__eprintf,0x004328C0,1
5.5.01,pseudo-reloc-list.c,__w32_sharedptr_initialize,0,0x00431870,__w32_sharedptr_get,0x004317D0,2
5.5.01,pseudo-reloc-list.c,__w32_sharedptr_initialize,0,0x00431870,free,0x00432A80,1
5.5.01,pseudo-reloc-list.c,__w32_sharedptr_initialize,0,0x00431870,malloc,0x00432A90,1
5.5.01,pseudo-reloc-list.c,__w32_sharedptr_initialize,0,0x00431870,abort,0x00432AA0,1
5.5.01,pseudo-reloc-list.c,fc_key_init,0,0x00431AB0,__mingwthr_key_dtor,0x004316A0,1
5.5.01,pseudo-reloc-list.c,fc_key_init_once,0,0x00431B10,fc_key_init,0x00431AB0,1
5.5.01,pseudo-reloc-list.c,fc_key_init_once,0,0x00431B10,InterlockedIncrement@4,0x00432FB0,1
5.5.01,pseudo-reloc-list.c,_Unwind_SjLj_Register,0,0x00431BC0,__w32_sharedptr_initialize,0x00431870,1
5.5.01,pseudo-reloc-list.c,_Unwind_SjLj_Register,0,0x00431BC0,fc_key_init_once,0x00431B10,1
5.5.01,pseudo-reloc-list.c,_Unwind_SjLj_Unregister,0,0x00431CA0,__w32_sharedptr_initialize,0x00431870,1
5.5.01,pseudo-reloc-list.c,_Unwind_SjLj_Unregister,0,0x00431CA0,fc_key_init_once,0x00431B10,1
5.5.01,pseudo-reloc-list.c,_Unwind_RaiseException_Phase2,0,0x00431E10,abort,0x00432AA0,1
5.5.01,pseudo-reloc-list.c,_Unwind_SjLj_RaiseException,0,0x00431EA0,__w32_sharedptr_initialize,0x00431870,2
5.5.01,pseudo-reloc-list.c,_Unwind_SjLj_RaiseException,0,0x00431EA0,fc_key_init_once,0x00431B10,2
5.5.01,pseudo-reloc-list.c,_Unwind_SjLj_RaiseException,0,0x00431EA0,_Unwind_RaiseException_Phase2,0x00431E10,1
5.5.01,pseudo-reloc-list.c,_Unwind_SjLj_ForcedUnwind,0,0x00432120,__w32_sharedptr_initialize,0x00431870,2
5.5.01,pseudo-reloc-list.c,_Unwind_SjLj_ForcedUnwind,0,0x00432120,fc_key_init_once,0x00431B10,2
5.5.01,pseudo-reloc-list.c,_Unwind_SjLj_ForcedUnwind,0,0x00432120,_Unwind_ForcedUnwind_Phase2,0x00432030,2
5.5.01,pseudo-reloc-list.c,_Unwind_SjLj_Resume,0,0x00432280,__w32_sharedptr_initialize,0x00431870,2
5.5.01,pseudo-reloc-list.c,_Unwind_SjLj_Resume,0,0x00432280,fc_key_init_once,0x00431B10,2
5.5.01,pseudo-reloc-list.c,_Unwind_SjLj_Resume,0,0x00432280,_Unwind_RaiseException_Phase2,0x00431E10,1
5.5.01,pseudo-reloc-list.c,_Unwind_SjLj_Resume,0,0x00432280,_Unwind_ForcedUnwind_Phase2,0x00432030,1
5.5.01,pseudo-reloc-list.c,_Unwind_SjLj_Resume,0,0x00432280,abort,0x00432AA0,1
5.5.01,pseudo-reloc-list.c,_Unwind_SjLj_Resume_or_Rethrow,0,0x004323E0,__w32_sharedptr_initialize,0x00431870,2
5.5.01,pseudo-reloc-list.c,_Unwind_SjLj_Resume_or_Rethrow,0,0x004323E0,fc_key_init_once,0x00431B10,2
5.5.01,pseudo-reloc-list.c,_Unwind_SjLj_Resume_or_Rethrow,0,0x004323E0,_Unwind_SjLj_RaiseException,0x00431EA0,1
5.5.01,pseudo-reloc-list.c,_Unwind_SjLj_Resume_or_Rethrow,0,0x004323E0,_Unwind_ForcedUnwind_Phase2,0x00432030,1
5.5.01,pseudo-reloc-list.c,_Unwind_SjLj_Resume_or_Rethrow,0,0x004323E0,abort,0x00432AA0,1
5.5.01,pseudo-reloc-list.c,_Unwind_Backtrace,0,0x00432540,__w32_sharedptr_initialize,0x00431870,1
5.5.01,pseudo-reloc-list.c,_Unwind_Backtrace,0,0x00432540,fc_key_init_once,0x00431B10,1
5.5.01,pseudo-reloc-list.c,__gthr_win32_mutex_unlock,0,0x00432870,InterlockedDecrement@4,0x00433070,1
5.5.01,pseudo-reloc-list.c,__gthr_win32_mutex_lock,0,0x00432810,InterlockedIncrement@4,0x00432FB0,1
5.5.01,pseudo-reloc-list.c,__gthr_win32_mutex_lock,0,0x00432810,InterlockedDecrement@4,0x00433070,1
5.5.01,pseudo-reloc-list.c,__gthr_win32_key_create,0,0x004326E0,__mingwthr_key_dtor,0x004316A0,1
5.5.01,pseudo-reloc-list.c,__gthr_win32_once,0,0x00432660,InterlockedIncrement@4,0x00432FB0,1
5.5.01,pseudo-reloc-list.c,__eprintf,0,0x004328C0,abort,0x00432AA0,1
5.5.01,pseudo-reloc-list.c,__eprintf,0,0x004328C0,fflush,0x00432AE0,1
5.5.01,pseudo-reloc-list.c,__eprintf,0,0x004328C0,fprintf,0x00432AF0,1
