version,source,name,occurrence,section,section_offset,rva,va,size,instruction_count,raw_sha256,normalized_sha256
5.5.01,crt1.c,_gnu_exception_handler@4,0,1,0x00000000,0x00001000,0x00401000,336,92,f186f2e19a42d5a87772dcf368e9a32817c4142826dd300c49fc3a2ca9e2d0b1,ef3934e7fb8c841fe579b29fcca73afa5f9368e0b39697ab02bf707c57a17520
5.5.01,crt1.c,__mingw_CRTStartup,0,1,0x00000150,0x00001150,0x00401150,288,69,559ebce6264eff516deab0d4b63035120b669164984252b783bbbde805e262d5,40db609dfb6ac73c5190e11792bf77b1f647c7dd0b74613bae4a8168f301ebd4
5.5.01,crt1.c,mainCRTStartup,0,1,0x00000270,0x00001270,0x00401270,32,8,82c0b02b14273fee489bcd6a331dc20e6e1aca2fbb69c1ea209bbda3072b4c95,eb6a1ccfd9d2322b784fb1f68e0a291068504e79e45bec421e814643901bba9b
5.5.01,crt1.c,WinMainCRTStartup,0,1,0x00000290,0x00001290,0x00401290,32,8,601e6cb50e4aaa4502201ed6908aa0356f8dcb8cb102da3c579b1d5cf0947245,b4f4551845c10fd1383485881daaa97e6eb23de0c98b6774b9e93b66c7d3735f
5.5.01,crt1.c,atexit,0,1,0x000002B0,0x000012B0,0x004012B0,16,6,c093c216cc301d3839067a74010d6cc406e314515aa763f0d9f1c8a780e7ce51,2ee47750e2d1b312b324a603442bff10cf13e5bdf0cc491a22bbba93ad55d89c
5.5.01,crt1.c,_onexit,0,1,0x000002C0,0x000012C0,0x004012C0,16,9,e887fdc94b7c14a18d0880b6c5341c68bd4fea225060636a371e49b01bb013ab,2a2fc2d9502d2f434002421a225939e878ebf1e2317d3064fec0f3c3af5d4444
5.5.01,crtstuff.c,__do_sjlj_init,0,1,0x000002D0,0x000012D0,0x004012D0,16,11,a58fe2736af6a72c636930bc3e3e793d05ce469aeabbc5b9671c93f15b244e8b,76d726ed3c25d66696d71609ec733fc3dfe73bc7a6f768a36b5619eebd5dcd68
5.5.01,async.cpp,async::set_timeout(long),0,1,0x000002E0,0x000012E0,0x004012E0,80,23,d45a3ac2ba4f5ea23c4ea00bb22423218cd703eab4bc60db3606458491d2c0d6,6bf3f5e535c98f072530faf01588becf48c852f9a9305c119809d586586f5b10
5.5.01,async.cpp,"async::async(int, long, long, int, int)",0,1,0x00000330,0x00001330,0x00401330,496,146,b7cdc01c14dcd01fb4f9c5d16e93408762da78090c1591442dadf5f6692ef82a,a9f5b7386459727f37f3b1020ae2218441baa6c289ad317cd221a858aa8faf98
5.5.01,async.cpp,"async::async(int, long, long, int, int)",1,1,0x00000520,0x00001520,0x00401520,496,146,fc824b07aed2f2086a2d6203dc79e271f2a93c401c61fe838f86ab4be45b3028,a9f5b7386459727f37f3b1020ae2218441baa6c289ad317cd221a858aa8faf98
5.5.01,async.cpp,async::~async(),0,1,0x00000710,0x00001710,0x00401710,64,26,adb5c9b60e04df896ab8f15109460972a9cf4845d3071ee5fd77071660aabff8,d1f3615b1ac1b8698b60280e314b60811c053a1c69ffeac4e4d4a8be77ac1be7
5.5.01,async.cpp,async::~async(),1,1,0x00000750,0x00001750,0x00401750,64,26,3d20f9162da4f0951bbbdaccfcd5495fc5e9a7ce331d35a58dee4a4abad70700,d1f3615b1ac1b8698b60280e314b60811c053a1c69ffeac4e4d4a8be77ac1be7
5.5.01,async.cpp,async::close(),0,1,0x00000790,0x00001790,0x00401790,48,17,c03f99fa9ae33e989ab2571fa5041e944c0fdfdba96648f7a3391bef8261099e,71fe8d1732a08d5a649749868bc8ef5f61c6c46b11776b2118972de03da8c97d
5.5.01,async.cpp,async::flush_buffer(),0,1,0x000007C0,0x000017C0,0x004017C0,48,16,d2acb1321896aeb38cabf9af2701587ac5041486dc57e31f6048c2233e8f9e21,9d61d2942724d27f6f2054ab69322b24a090b7b81428cd514b59145481011b38
5.5.01,async.cpp,"async::write(char*, int)",0,1,0x000007F0,0x000017F0,0x004017F0,112,38,29dff864628cabb75954f366b89c065dd1320166e0c61b4ab3bec141512f2fe7,5a85f3ab347b7eece7d40650538a29da9454d713986b6d757aa12ade3363ba76
5.5.01,async.cpp,async::read_char(char*),0,1,0x00000860,0x00001860,0x00401860,160,55,2632d29f6a6449121c77265921b1a5c451c4df745e2429e7ebec2f7b1a630c37,af0044713948b2e97b3456ed909d82906cb070d66c9f06cc8a3fd627859dc0c9
5.5.01,async.cpp,async::read_string(char*),0,1,0x00000900,0x00001900,0x00401900,336,119,bc2c5421b78fdcc7565248a7321fb7d64ca1952c549790651995bc3c92adf553,f2620add75cbaa7c431457dcb25fb5b322ad20b7a5b1b1641e5e96b2c8ebb3c0
5.5.01,async.cpp,async::get_read_string_buf_count(),0,1,0x00000A50,0x00001A50,0x00401A50,16,7,8c8387e60d8cba010cd1e6f36bf5838aa232e10653e7b3801ca66d53cef3d568,86087ce727d4133db282c7ea05a1cda8ae26c5db349bc56ae75ce6b4785f1d99
5.5.01,Bixby110chkdlg.cpp,bixby110checkout::bixby110checkout(),0,1,0x00000A60,0x00001A60,0x00401A60,1552,354,6e7c38286fa7444894f8da7e20e01cc0770520c5e51da6c4fdf315a8d418c25c,824e3fe991c53cb348d82f7dedc564908deb7bed5b7ee3e73f4391327c6ea32e
5.5.01,Bixby110chkdlg.cpp,bixby110checkout::bixby110checkout(),1,1,0x00001070,0x00002070,0x00402070,1552,354,1ec0254408ebdbdc58518b5617f91650b92b86a2e95b6f0b200e4638643cd196,824e3fe991c53cb348d82f7dedc564908deb7bed5b7ee3e73f4391327c6ea32e
5.5.01,Bixby110chkdlg.cpp,bixby110checkout::~bixby110checkout(),0,1,0x00001680,0x00002680,0x00402680,1248,304,5880d3969c1ce3e24cd5270cdb26044a3fc49d966af0618b149584465fadbb19,c787e9a70c4f63c0c79dc0a06a768be816ec1a2a395070ce0e3385d5a773d7be
5.5.01,Bixby110chkdlg.cpp,bixby110checkout::~bixby110checkout(),1,1,0x00001B60,0x00002B60,0x00402B60,1248,304,39f9e1c0a56c1d057a686b7ede15a8826a810782bda53d0c10349f5bc29327e7,c787e9a70c4f63c0c79dc0a06a768be816ec1a2a395070ce0e3385d5a773d7be
5.5.01,Bixby110chkdlg.cpp,bixby110checkout::ChkStop(),0,1,0x00002040,0x00003040,0x00403040,48,18,1d28e26538da1198f74d59c051bad7278ffd151b4880e3635b15377ece9a6f33,a2c31f10d4bbe7cbce7a6630b6347e861cddb55d425576014452eb0b104125b1
5.5.01,Bixby110chkdlg.cpp,bixby110checkout::SendInteractiveAction(int),0,1,0x00002070,0x00003070,0x00403070,512,137,08ab3339b4702450ff6edbd76a9ddc58f395ef52a9505f4ac472c35ead26f727,825eb6f8b5231107baf76402c3e014ba722061014029fdcf37a1900d289ed824
5.5.01,Bixby110chkdlg.cpp,bixby110checkout::ReadInteractiveResult(int),0,1,0x00002270,0x00003270,0x00403270,208,58,ac2d1b9aba053faa2cfb51426bfa55b7a7ca5e33e1629add1e64423090a95a54,d1e035da65bc17b6a6a2fd6bf6232c47ee0efbf429ccc4132914866d6b32a980
5.5.01,Bixby110chkdlg.cpp,bixby110checkout::AnalyzeInteractiveResult(int),0,1,0x00002340,0x00003340,0x00403340,1296,293,e2e77da73c245094606ee8b9ed50b277a829658bd4e466c5f4629e46f6b1182a,b9b830082cedc62f631d0325c4860a35b4d0782138029ddd22ce33631e41f50d
5.5.01,Bixby110chkdlg.cpp,bixby110checkout::SendAutomaticAction(int),0,1,0x00002850,0x00003850,0x00403850,256,71,d6ef055c789f072f0bdd806bd4b24bf82672e18edbf7493a37d192b09f4c4754,837efe3c5085efc4bfd7b504539c1bdf65db03e2df0172047a868f492a21dd20
5.5.01,Bixby110chkdlg.cpp,"bixby110checkout::IterativeRead(unsigned int, unsigned char, unsigned char)",0,1,0x00002950,0x00003950,0x00403950,224,65,e2ddf3f9bff8ef1142ad5dc1506e9e87e9c6f2d1126bf26d6a10e427865b118f,9a04ef8815ad970a48d4c0c8f04180f99f49754045de634bbe43501e32f16b90
5.5.01,Bixby110chkdlg.cpp,"bixby110checkout::IterativeScan(unsigned int, unsigned char, unsigned int)",0,1,0x00002A30,0x00003A30,0x00403A30,288,91,83d5903d2206ca859fccdbac4f48869b7bd9cbb78085326215586b437355c9e7,3fbab9f997a1975c124beaf4db3f7b5ad894448c522dba444df421622f23c54d
5.5.01,Bixby110chkdlg.cpp,bixby110checkout::ReadAutomaticResult(int),0,1,0x00002D60,0x00003D60,0x00403D60,1824,451,6b553abfa872c8a0f3351cd97a535ff15cbf3a96a469e663ec134e94cda03fa8,1ccf5404c2d8cb56efd1fdbdb23daecc0675060f6c10a636dd5d586735f40e89
5.5.01,Bixby110chkdlg.cpp,"bixby110checkout::writeln(void*, char*)",0,1,0x00003480,0x00004480,0x00404480,64,20,005c3062a5e7c3e8bedf829b0108b442fe8eeba179a0f872b007762a4b4abd41,540e284d78f3f8680248962074b80a33e838918cef7fd3648001daf285acce0c
5.5.01,Bixby110chkdlg.cpp,bixby110checkout::GenerateReport(),0,1,0x000034C0,0x000044C0,0x004044C0,5056,1165,c6fac3c9664da76b2c2062c5576d5b8527121ef403c389f20ab4a7f980162686,ea2d0e95c139e0f79712b916d1ec9ef10090c97598adb02812d43dc6a29c2c46
5.5.01,Bixby110chkdlg.cpp,bixby110checkout::Bixby110UpdateData(),0,1,0x00004880,0x00005880,0x00405880,1152,283,93910ceae17935c22dfa1b3bc9de9e9d9de2e1fe265afd896571806bbe3a00a4,0dd820d2164f710df607dd53dacacbf96b5d163b8acd4b475063e99d034a70ab
5.5.01,Bixby110chkdlg.cpp,"bixby110checkout::Bixby110SetupCheckoutInteractiveTests(int, int, int, int)",0,1,0x00004D00,0x00005D00,0x00405D00,672,181,7e6c462b2f17db0929c2480286f7e9b3075cd27373eb4aba47aa087fc401c99e,b25d5c3b38a38280f22ee39aaf29b15f3acd6b731a73b2966b04c7e4bb25214e
5.5.01,Bixby110chkdlg.cpp,"bixby110checkout::Bixby110SetupCheckoutAutomaticTests(int, int, int, int)",0,1,0x00004FA0,0x00005FA0,0x00405FA0,416,112,fd56b71136679167f6dbe7f3a597677f3ad461b7a9aaac4cf6e087459deb5d94,9e34d91090bc3dc902ff8230c416f4639015a302d1472c1482c64e9aaf8b24b0
5.5.01,Bixby110chkdlg.cpp,"bixby110checkout::Bixby110SetupCheckoutIndividualizationData(int, int, int, int)",0,1,0x00005140,0x00006140,0x00406140,800,204,8baaa70c423f5088f50b8a2b115980acb12c74ff46ebcbae138312cea43d3a74,e37588da66ec51010a81c92c82a6c8fdbbb86a37aa9e4f85c7c7c76434d1c398
5.5.01,Bixby110chkdlg.cpp,"bixby110checkout::Bixby110Checkout(HINSTANCE__*, int, unsigned char)",0,1,0x00005460,0x00006460,0x00406460,5392,1287,f86564b89e892055e2cbed0f34e5edabaa3b6bf97379d0f6dbf730a6789c3053,b3929322091f024c13a7593facec58c11ba4b5a89f4626f96c02024a09c8d3ae
5.5.01,Bixby110chkdlg.cpp,bixby110checkout::AnalyzeAutomaticResult(int),0,1,0x00002B50,0x00003B50,0x00403B50,528,135,e69251dd8027fe77344a1f4b162096d98960fb63891002ca70274f31e9ded8e2,3261d8b0989ad7f5b064fc881eaf9b0302f50591308a4c369822e82aeef8df6d
5.5.01,Bixby110DataElements.cpp,"StoveMultiplyParameterToPercentage(unsigned char, unsigned char)",0,1,0x00006970,0x00007970,0x00407970,176,66,8c53cdb5d9c48091f445f7968be4fd4707774461fefb1caa305185a25c6c1b23,bd28a1d470b85dfe9756145a133f11d5e5d0e646c5240790a6a9e378c1360786
5.5.01,Bixby110DataElements.cpp,"PercentageToStoveMultiplyParameter(unsigned char, unsigned char)",0,1,0x00006A20,0x00007A20,0x00407A20,192,73,b5d6303f18d39d4f11402d51175f357931529c231664a1fcb11de5e23f5481ed,6af9d8d40b0b261c0e79230642fdc75c5a7b60c7b5b6ee8ad3fd870fb151c464
5.5.01,Bixby110DataElements.cpp,"ISBeep(unsigned long, unsigned long)",0,1,0x00006AE0,0x00007AE0,0x00407AE0,48,18,c0f7d99fa644bf5141984e84f30f9a25ab8c503b46b90523ba0b230c7c5f622e,56bc1371428508752121109c9743a53d3d7d7a4fb7ba50b94fb1b00a33582f0e
5.5.01,Bixby110DataElements.cpp,"SetupDebugWindow(HWND__*, HINSTANCE__*)",0,1,0x00006B10,0x00007B10,0x00407B10,512,126,690c5c53b20bb8f195e4efcea6cc36d0c911621a393a4f80c895615827f15772,fe55a61f1d251a0587b5fce16c833639984e38919217d6b71d20eaee1824bee9
5.5.01,Bixby110DataElements.cpp,CloseDebugWindow(),0,1,0x00006D10,0x00007D10,0x00407D10,96,30,9956856f35ce9ad8893ac53a7e1c6caca9b244cbc8b91d2c8d29f6b303670f1b,8275fed5474b3066ddb785d16572c165198e261caae1b69cefabe39fa5ce18fb
5.5.01,Bixby110DataElements.cpp,ShowDebugWindow(),0,1,0x00006D70,0x00007D70,0x00407D70,96,29,93db293f3c04d7b6add9215051a9b00dc96bf5ee34a9d157020a65b3ddb390b4,69671cf8e55557760fe1a1f20f7bbafad2927ea463d954d7b74eb325a8a6e680
5.5.01,Bixby110DataElements.cpp,hexnibtoval(char),0,1,0x00006DD0,0x00007DD0,0x00407DD0,64,26,c5ab1e204873a125359d899f5b2ecefd50a7ad3191f4e896f34b607bdfadc3a5,6c568b247840d9a1e8b3b80cf7fcd775dcd92124ece6cab81b1855aba5c740f9
5.5.01,Bixby110DataElements.cpp,"hextoval(char, char)",0,1,0x00006E10,0x00007E10,0x00407E10,112,50,b28d138406a48d82365845e309124d6fa6ccfddcb9e5a48a1271b0b67a369b03,6dbac5a70de5bec6bdba7fde2d87d5a007f58a9666e7e509b2a66a7364be8b66
5.5.01,Bixby110DataElements.cpp,highhexnib(unsigned char),0,1,0x00006E80,0x00007E80,0x00407E80,32,15,91291b92efe6535b4940b027227cd12a74765db94f9d5cd4d6d4c6a4b327ba79,fa7c8a41e85d0cf26daf92965531b26da0260031047522eff774c5b00b198497
5.5.01,Bixby110DataElements.cpp,lowhexnib(unsigned char),0,1,0x00006EA0,0x00007EA0,0x00407EA0,32,16,b501ef4205851ad8434579c81ca295fdc94bcd8b80e09886de69530e95e60a15,0279473eacb523f67742930696c3652d1d04020318256594c43bce8d532c1dc9
5.5.01,Bixby110DataElements.cpp,"strsearch(char*, char*)",0,1,0x00006EC0,0x00007EC0,0x00407EC0,128,64,906346d11807facf5a9b7f5ceb3e7ea81df4ff4d5ca46409a981b077e5fb54a6,59ff38accedb2c3fdd460938604d059a5595589bfdffd088915ed7a9a861c13a
5.5.01,Bixby110DataElements.cpp,"strsearchtail(char*, char*)",0,1,0x00006F40,0x00007F40,0x00407F40,144,69,717a422918a76672469068644440474ae374de1e96ec2625dd3c607b7240ae7b,7587cd960560d65d9aa79cb416d18b1296c355e70859ac1f593bda3d83356fe6
5.5.01,Bixby110DataElements.cpp,"strchrsearch(char*, char*)",0,1,0x00006FD0,0x00007FD0,0x00407FD0,112,47,12e3dcd11da6e2cd4efff951ad609991a80ce3a07b43df4e1ea0c3b118251900,52bd715c80e1d8ff7e3b6ec880cf5be83b5f99e425efd8c7aeb7cf3fb0d603b3
5.5.01,Bixby110DataElements.cpp,"TimeDelay(HWND__*, unsigned int)",0,1,0x00007040,0x00008040,0x00408040,192,60,1e7d1253b30e84ebaccaac2ccf10a1a6019a3015615e8adc4071a71456129883,5a609ca9e410381282693a7b1905d11ece29833f83cf2ee8bf130ff17a93c5f9
5.5.01,Bixby110DataElements.cpp,DelayMicrosecond(unsigned int),0,1,0x00007100,0x00008100,0x00408100,64,25,3b920d856ec3d6a42e067295becf15dc28539547b74d9153a265de011553defa,54bac773aeadb030f4a059dda23acf443e63f2378384631b75052749e7b46b69
5.5.01,Bixby110DataElements.cpp,CalibrateMicrosecondTimer(HWND__*),0,1,0x00007140,0x00008140,0x00408140,160,45,dfbbc0488aeac9d0e1568d5403ea16026a909b4265cde303d7c90de38e1f8132,95b08e77d22c35453257f9734fa4973967b6913896412100d77d8c4b5653b6c9
5.5.01,Bixby110DataElements.cpp,DelayMicrosecond_6E030(unsigned int),0,1,0x000071E0,0x000081E0,0x004081E0,80,24,c479fc126563b4f1193da22c2076e11bad99097e51680e9df2572ca722763a32,c67a17a7fcaacd32afa3577883f580f9374d66f680b91f1a409e5fe614677e65
5.5.01,Bixby110DataElements.cpp,CalibrateMicrosecondTimer_6E030(HWND__*),0,1,0x00007230,0x00008230,0x00408230,160,45,f1b97bc04648790291813f2e9c53aca1d2334fdfaaacbdfe58de9f317f242e8d,788fbbec485a41353982f756760cde7d6baab4ac6f01083b8bd8a24f671b3068
5.5.01,Bixby110DataElements.cpp,"FormatTime(_SYSTEMTIME*, char*)",0,1,0x000072D0,0x000082D0,0x004082D0,496,113,e232b60751b70db2f30b5b707dc4e9e1ab8e2634b121f25c7f41faa90537b131,b1b5f214bb29a3e3ef4a43d001070aefe0c9a8afdde8291678122b3cffe258e2
5.5.01,Bixby110DataElements.cpp,"GetCompressedDate(_SYSTEMTIME*, char*)",0,1,0x000074C0,0x000084C0,0x004084C0,64,19,f3bfa266e56383157ffeb7ba7c6527ff27794fca45c593131144b1755ff0db19,8829aae014a695dff084aeee8c02c1c354c66e2d7332592e91da2ed097d550ae
5.5.01,Bixby110DataElements.cpp,TextBased_0_255_RangeCheck(char*),0,1,0x00007500,0x00008500,0x00408500,240,80,a83bee8c4cd59fc5b3d2a40da32aee56f6ec4aba39009efb0f3e57dcdc0810eb,2c2deda2e667e9080ac7d9aed2f652782596fdda2be5edd5d740c0ea4869ba2b
5.5.01,Bixby110DataElements.cpp,TextBased_m128_p127_RangeCheck(char*),0,1,0x000075F0,0x000085F0,0x004085F0,240,83,d02a573651168c974ceb925d1a1df07712cfabff1db62678244ad74bd6f865d7,1b956b8e391d07a00b4b9cbd517ea83d7b0f5a82a0770a292fc7b83f0980fe5c
5.5.01,Bixby110DataElements.cpp,"RangeCheckAssumingValidEntry(_BXDataElement_*, char*)",0,1,0x000076E0,0x000086E0,0x004086E0,80,31,501c51a81d2e25b988a1ce3ea6a3c93577a4e2c2c220dbb74a5274ade49f1a9a,af8c378d7ae244eec30f4b686af284b772a903b50cce3943b3a13ecb1b81e861
5.5.01,Bixby110DataElements.cpp,bixby110io::bixby110io(),0,1,0x00007730,0x00008730,0x00408730,48,15,03bc5fca66a088095d9065eed66ffbf65e813911da4b0af085c0020fdae6a28e,6acc95737244cf4a919c9f2b7b7691148a78113c956aca66191ef7ba299d4c0f
5.5.01,Bixby110DataElements.cpp,bixby110io::bixby110io(),1,1,0x00007760,0x00008760,0x00408760,48,15,03bc5fca66a088095d9065eed66ffbf65e813911da4b0af085c0020fdae6a28e,6acc95737244cf4a919c9f2b7b7691148a78113c956aca66191ef7ba299d4c0f
5.5.01,Bixby110DataElements.cpp,bixby110io::~bixby110io(),0,1,0x00007790,0x00008790,0x00408790,16,7,86ba25da29ae2d2673d115a8ef63d98412744633981541574f1ebbe0fa4cc5e0,1958fcd7cbfcc214f3ced41de9f36b355dbc5bd71b16a50b007d398d5a987f0e
5.5.01,Bixby110DataElements.cpp,bixby110io::~bixby110io(),1,1,0x000077A0,0x000087A0,0x004087A0,16,7,86ba25da29ae2d2673d115a8ef63d98412744633981541574f1ebbe0fa4cc5e0,1958fcd7cbfcc214f3ced41de9f36b355dbc5bd71b16a50b007d398d5a987f0e
5.5.01,Bixby110DataElements.cpp,"bixby110io::getrs232port(unsigned char, unsigned char)",0,1,0x000077B0,0x000087B0,0x004087B0,400,105,b218ce589356afb0cd7f7d5687dbe25f7c5df1c85d4eb7264091752f4347d58a,91b270d577e2034b7bd130be286e8fe3142bca965a69fa18b1cbf170d676274a
5.5.01,Bixby110DataElements.cpp,bixby110io::freers232port(),0,1,0x00007940,0x00008940,0x00408940,32,10,8f490fd021f003b6b36bd86a3680ca32fb0b5d2e7ea67382e0fa6d2109db08d2,6724ecdd66cc74f8b68633cd5ae2601162cab324ca420cca4bc8705ea5062a2f
5.5.01,Bixby110DataElements.cpp,bixby110io::getrs232portstatus(),0,1,0x00007960,0x00008960,0x00408960,32,12,9a8a3e2395ebc29dc0b085c6bf5f8313e2c42d747e5dd3f013235b49a4086b35,6091cd814b90ad8d17faf872abc44d3c88cada67ff75b6bf9031cf6f74913974
5.5.01,Bixby110DataElements.cpp,bixby110io::sendcommand(char*),0,1,0x00007980,0x00008980,0x00408980,64,20,f894dfe8d33d866369ee6a3d2efee6fcba0c1c72df9468882df35a7553f2c42c,03cc99747e7cc41bdeb8d73b336ee7e78ea4388d8bc145a5cf0e80b386e228b1
5.5.01,Bixby110DataElements.cpp,bixby110io::flush_buffer(),0,1,0x000079C0,0x000089C0,0x004089C0,32,10,e29f251295547897b46f62b8c53aac1224e32c911ad6c577f4b6e772133ca109,629500ec78a2ed5d781d0a52109064d72431985190215ce7e90bfaee7306ccee
5.5.01,Bixby110DataElements.cpp,bixby110io::scanio(unsigned char*),0,1,0x000079E0,0x000089E0,0x004089E0,2576,730,3b396c391f57fdb1cd62b3af78dba2484ce1b39e215310ded1626e3818be4ce1,7110678111af92125bf66174e1485aaaf8ef1aeb26b3e75403322b043aae4ab7
5.5.01,Bixby110DataElements.cpp,"bixby110io::regio(unsigned char, unsigned char, unsigned char, unsigned char)",0,1,0x000083F0,0x000093F0,0x004093F0,320,88,b2540e96a909e08f5c449a7544b6910d046ca86314b16ea4a2efa14a1913900d,ff4f2fc77295ce3059aa47359ceea4cd6f0f8bfea1f78c942900b76eed9fc13c
5.5.01,Bixby110DataElements.cpp,"bixby110io::writereg(unsigned char, unsigned char, unsigned char)",0,1,0x00008530,0x00009530,0x00409530,64,18,669c0b5d0a391eec1f4a51de654dbb47e9bbec0c3447fc304aa1d290916870a5,19fe0bc46a3efba625ed65cb67e2899200c5e7afe56863cff05c548c951c63a5
5.5.01,Bixby110DataElements.cpp,"bixby110io::readreg(unsigned char, unsigned char)",0,1,0x00008570,0x00009570,0x00409570,112,32,d516498c6fabe2390f8822979b2d51eb71562add6f89734b6cf6e336b813b7b9,a0990113fcc804663d513701891879f4bece2fffe7c5da3d8d72bd555472f59f
5.5.01,Bixby110DataElements.cpp,bixby110io::getCMDbuf(unsigned char),0,1,0x000085E0,0x000095E0,0x004095E0,32,10,1230f5aa4d90ac00d25dd36ab4e1bc3e8e9467a54ff53010a7c134c45e791b56,26e8a66b692486ffd9d93c322b7c2407e4dc7c8afeb8f96d1008d9f88b515fec
5.5.01,Bixby110DataElements.cpp,"bixby110io::setCMDbuf(unsigned char, unsigned char)",0,1,0x00008600,0x00009600,0x00409600,32,10,4552c4d928f5db1ee55220994107a1d9b7977b6736ba66aff0fce23fa0985f90,4099cb6a5aa4bc2e6b705b53a86e1990846b63b60aa5184f66a223b2915b8ebe
5.5.01,Bixby110DataElements.cpp,bixby110io::getTelBuf(unsigned char),0,1,0x00008620,0x00009620,0x00409620,32,10,9b9019236c2c0a6ce59f99d07d7424f1e846b82fda39cbe40bbbfbb06e73751d,e15b8ae36b7c50b07d7e08a73f4a76a7b8085867d6e2e8cf79682131124f47cc
5.5.01,Bixby110DataElements.cpp,bixby110io::CollectResponse(unsigned char*),0,1,0x00008640,0x00009640,0x00409640,80,38,43ba79628d594020d033af6bb25edee39dd758bbedccc97cd6504bf60669073f,b448c1fa9746c13eec89b3bd5c99649171c384cbd6da282ed5cf6f89b39664e3
5.5.01,Bixby110DataElements.cpp,bixby110io::CollectResponse(),0,1,0x00008690,0x00009690,0x00409690,96,40,310a65ed6188c3b81d6076c88101a0fa2450cd410bc2e736837c7664d25005e9,fd6e9eba4e5591cd191a83928ff483e0acfd1b80f8952a951588bd6f5cc6b608
5.5.01,Bixby110DataElements.cpp,"bixby110io::GetEEPROMContents(HWND__*, char)",0,1,0x000086F0,0x000096F0,0x004096F0,1472,459,68399a4f53449a709319fbc1524b2d45042688312f7dfd2d06071b83a37b573c,a767806fd3aaa577ac8d40d1f32df0500d5beb81ed570fa94da4366f7c902583
5.5.01,Bixby110DataElements.cpp,"bixby110io::getUnit0Data(unsigned char, char*)",0,1,0x00008CB0,0x00009CB0,0x00409CB0,432,144,e8bdac35ac7e1c851964e6a5c6c38bc2fecc4c9700f21460aa2716b0245ad0ea,b41b5de58aeb829a93cfd52d6cebc6c4d15199b3745a7270dca35ea4fc21af1f
5.5.01,Bixby110DataElements.cpp,"bixby110io::getCmdData(unsigned char, char*)",0,1,0x00008E60,0x00009E60,0x00409E60,272,87,ff45846987d0d2ba825732bb72046fea4c3e6d619ef9bcf9b55af8c9840ec979,3590a9ff8727aab96ada42da1f811ae809df006660364f28850716f83849e0ea
5.5.01,Bixby110DataElements.cpp,bixby110io::write_char(char),0,1,0x00008F70,0x00009F70,0x00409F70,64,19,c20cdd178b6cf39bd4a633e2905806b70fd6e83dec35606eea3b9aa4089795c1,e2871aa65be4d5a0234f143123cd4bd3a7b3a6cae86497512b1d1a63c465e08a
5.5.01,Bixby110DataElements.cpp,bixby110io::read_char(),0,1,0x00008FB0,0x00009FB0,0x00409FB0,48,14,5c9c3f4e5f994f593fbf7f25d08405efb8ffeefa8dc95354822329b772457520,be77f7a2784f8bad2bfb0443fde907b17caf180bbcf33c8a8ae85046fc85901b
5.5.01,Bixby110DataElements.cpp,bixby110io::status_read_char(unsigned char*),0,1,0x00008FE0,0x00009FE0,0x00409FE0,48,15,7da484f4884f5101778312465435940209889845260153811edc67ebc03841dd,dfd0d2c95ce801424fb5b4e2381aea4ba5deb46ca347a77b28b7b261b0cd508c
5.5.01,Bixby110DataElements.cpp,bixby110io::CalculateChecksum(unsigned char),0,1,0x00009010,0x0000A010,0x0040A010,432,140,2878c3a02b94ed67cb78a81570da5f0bee4e50ac511a79da4dc8fb11348ecb06,4c648c9c46c895edbd88b14dd61b254c4ff6dfcabeff7c1198407f3822469fc4
5.5.01,Bixby110DataElements.cpp,"__static_initialization_and_destruction_0(int, int)",0,1,0x000091C0,0x0000A1C0,0x0040A1C0,320,89,50edc615cb1890f7bbb40f3b49a88efe3b3ab2811194b22331b70d99de822a7e,d6076843e488e0c152a505710049e2018909c675083e5d153e396c06cc9a6aee
5.5.01,Bixby110DataElements.cpp,global constructors keyed to Bixby110TelemetryData,0,1,0x00009300,0x0000A300,0x0040A300,32,9,c933a0031bfe3f39c3033fb44b30835bdbc4269aac47057d7d77053737477dc9,fb6380c3769fe354f2d3a491b33dae6014618747c2e1206e75e5e3ebffd0db08
5.5.01,Bixby110DataElements.cpp,global destructors keyed to Bixby110TelemetryData,0,1,0x00009320,0x0000A320,0x0040A320,16,6,69024818fc91fe544d778a802bd62918f7b703d12532de891062325947349133,6f5b5a16f6da5c61d28a0531ffdbf0eaac9ec8624913b7ecfde657edddd98e2e
5.5.01,Bixby110dlg.cpp,bixby110control::bixby110control(),0,1,0x00009330,0x0000A330,0x0040A330,6192,1273,9e66a67f6ba6be212dccadf3c72f98541788ca2d0a2f1a133f62eecea921b3ce,062791f7c7a359a504dde18cf9b0ffd43a8cecf5226ac7a55ff885a3d1142ed3
5.5.01,Bixby110dlg.cpp,bixby110control::bixby110control(),1,1,0x0000AB60,0x0000BB60,0x0040BB60,6192,1273,bd254eb7c148cb3d398524938fee09c80c82b2eb261faadb1bd6ab7d7bf04591,9721fc5f457e95f2a264c961157b904457c3d91dcc6d81f1706406b29a47982d
5.5.01,Bixby110dlg.cpp,bixby110control::~bixby110control(),0,1,0x0000C390,0x0000D390,0x0040D390,4688,1011,9ba3fecd61c6003796dda52a90813be4886ad40f0531ef1d1c00fb0505036026,5a2fa91871e61b14fbabfa9643312940323bb331132ba6f5d14a6de0584ccd33
5.5.01,Bixby110dlg.cpp,bixby110control::~bixby110control(),1,1,0x0000D5E0,0x0000E5E0,0x0040E5E0,4688,1011,d3b2baaa2ccc7f1b7fe88631b038a970c2c812c711d6c2d66e01b329197886ba,5a2fa91871e61b14fbabfa9643312940323bb331132ba6f5d14a6de0584ccd33
5.5.01,Bixby110dlg.cpp,"bixby110control::writeln(void*, char*)",0,1,0x0000E830,0x0000F830,0x0040F830,64,20,496f81c438a237e2f50ed9208acb381c6501c9916a5a88aae13b2a841ebc0fd1,540e284d78f3f8680248962074b80a33e838918cef7fd3648001daf285acce0c
5.5.01,Bixby110dlg.cpp,bixby110control::GenerateReport(char*),0,1,0x0000E870,0x0000F870,0x0040F870,3088,692,4cbf79643c446726479e883a6bb55ba94ce0ac3e982b0937880ed066fa1a1d8b,b1458d7b40d929d74c5233247ccdd1c8a8c3b28ad7490843d8d70d8f01875bf1
5.5.01,Bixby110dlg.cpp,bixby110control::BixbyProcessHelpRequest(),0,1,0x0000F480,0x00010480,0x00410480,3344,784,ca11c17a0df1c58a67d7127fb458749a566bf40b6164c991c46ab335272592f1,61474c213e9c57d2d6e04841a5ff61d0b0a52332f44f1e918bb60b29b399fbb2
5.5.01,Bixby110dlg.cpp,"bixby110control::AppendDataLogLine(char*, unsigned char)",0,1,0x00010190,0x00011190,0x00411190,112,34,ca03097c6b5979077b094e9a82c3e1a6e00990746ebde69aefa873ad4647e237,4c7d6e5f43184201d835936b6d60283c7b9add3b48ad284ff029fc775a012663
5.5.01,Bixby110dlg.cpp,bixby110control::AppendDataLogLine(char*),0,1,0x00010200,0x00011200,0x00411200,128,38,6933132a7a593241df7853c9f42624b249182731587dbaf6c102d262cbc219ad,260335036aceeef976770f2e703d14f8a31368ba650c0dffc643182d1130cfc5
5.5.01,Bixby110dlg.cpp,bixby110control::WriteDataLogTimeDate(),0,1,0x00010280,0x00011280,0x00411280,192,51,25b73b26e145f712b8cec188cfef2d13d42d2885f56470d9a937732869082d41,653a38bf35bc34eca8b144cb9656be46f1482cc666c9c8f369a87cbf50a90e3c
5.5.01,Bixby110dlg.cpp,bixby110control::DataLogLineAssemblePayload(),0,1,0x00010340,0x00011340,0x00411340,112,36,11f76601d0f1c753902f163849c14ae502f8daf1de03d95e5fec46d912dcc6ce,920b72983291efc8253517f4ef6db3eba1c3027f127debafe09462164b29abd8
5.5.01,Bixby110dlg.cpp,bixby110control::WriteDataLogLine(),0,1,0x000103B0,0x000113B0,0x004113B0,352,86,f4fb4b7f24374eaf46bb7dfb36f4bba5153320178c00e875a33b5ca549f805a2,81bbccacfeb090b2b96a6904ef9da585f62a2bdc805183794ece16bd384db95a
5.5.01,Bixby110dlg.cpp,bixby110control::WriteDataLogDescription(),0,1,0x00010510,0x00011510,0x00411510,912,208,92ab7d9f3b6ad31690e8753e1e09499eb832c911b3f5c2578772fec55db54019,d4026c4ce87faf1507ddd732afe41358b80641db8e9bd5ca2b04c3b2c1df12eb
5.5.01,Bixby110dlg.cpp,"bixby110control::BixbyWriteRegister(unsigned char, unsigned char, unsigned char, unsigned char)",0,1,0x00013780,0x00014780,0x00414780,672,191,c44f6e27518afb3c692c1e221d53f29cbb7db20001dd6ca3fafb863eab7b3ddc,3128beb4c6dbbf302abc3e24f2c39c9cff67012f68ce7427039af5b12ce62b0e
5.5.01,Bixby110dlg.cpp,"bixby110control::BixbyWriteRegister(unsigned char, unsigned char, unsigned char)",0,1,0x00013A20,0x00014A20,0x00414A20,64,19,17a33db670b4361674d3a7b3ad0be4eb50a25e1f77d30cfd190c9dac6bfa0696,455cd8438a95206c38dc6f7d2c8a067eacd32249566b42fc5b60b7bff13b8c70
5.5.01,Bixby110dlg.cpp,bixby110control::GetSelectedModel(),0,1,0x00013A60,0x00014A60,0x00414A60,80,29,ec50e8e0f9c44bfa96b41e8dfeedb3903d1f53ce4fb5259a9671a7d60cd99505,07009415d9dbfa5a28eb898cf6e2a1a42274fc1bf951224cdbab2db3611a8303
5.5.01,Bixby110dlg.cpp,bixby110control::GetSelectedAltitude(),0,1,0x00013AB0,0x00014AB0,0x00414AB0,96,33,3d4dffff77840e3f9c8a2f7f2927b1d07e45c900453766301b4e81585022f232,02f659bb892504001cd6d13c9c847b3e76439db40282b89a4ab21f6eec569686
5.5.01,Bixby110dlg.cpp,bixby110control::GetSelectedFueltypeA(),0,1,0x00013B10,0x00014B10,0x00414B10,80,34,d963707b6791863ce0054f7e3d921136059b61aa28eb6d5aefc7d6b1de21973a,596afeefee92641b0bc99382e077de87bb3b3373fa0a63894772e048ddf94121
5.5.01,Bixby110dlg.cpp,bixby110control::GetSelectedFueltypeB(),0,1,0x00013B60,0x00014B60,0x00414B60,80,32,45255377239d5fc9ea9179d8bfc8a4c56edb10bda7c59cfb5d663f83bfce3182,62602ddab2408aa0fa8fee1979cf9307a0350362672587ed58373a2cd17a84b8
5.5.01,Bixby110dlg.cpp,bixby110control::GetSelectedFancurve(),0,1,0x00013BB0,0x00014BB0,0x00414BB0,80,29,ab7dacf67605055c226a32b66265ba6b50ebcee75b0e73268295a50822b545b9,e3e9ba45a4cab15a7ce6222a0465eb326d72e8fa08418a34c7580eb872ddf43a
5.5.01,Bixby110dlg.cpp,bixby110control::GetSelectedFeedwheel(),0,1,0x00013C00,0x00014C00,0x00414C00,80,29,29e591eae215db8a23bd8c9b8362bbdd75bc39da1c8aebb8fb9ea31abd7ff253,30e9db4dbbc374dadf918aaf52ef627a54f5729c4a88d867d45e4abb50b72915
5.5.01,Bixby110dlg.cpp,bixby110control::Bixby110TuneAdjustments(unsigned char),0,1,0x00013C50,0x00014C50,0x00414C50,2432,687,0cada005b8dd3bed849f7b234343fdca544605c3ca23f194c58dc671ea473877,5c67e9eadf637e1e81e2d9a3e281a127717610ae8570990e2d100a0629bca93f
5.5.01,Bixby110dlg.cpp,"bixby110control::Bixby110Initialize(unsigned char, unsigned char)",0,1,0x000145D0,0x000155D0,0x004155D0,384,128,80519e70abd16a88aa828f7f38ae5553ea5c6299fe9611ffa904769c771b9df0,3f41777b27da5eb7515c2699a1771b122f0409ec354d4d2db5eb5b2e29b49115
5.5.01,Bixby110dlg.cpp,bixby110control::LoadReport(char*),0,1,0x00014750,0x00015750,0x00415750,2304,505,6a76fb330b2642967f2f6d08e9c52cc6136c0c775718c391c74cc6d8fdf29c25,1a03abe1658302605055aa679170820a031ba55c7ae66ff599ada6e1c53d390b
5.5.01,Bixby110dlg.cpp,"bixby110control::Bixby110DialogSetupTelemetry(int, int, int, int)",0,1,0x00015050,0x00016050,0x00416050,544,148,5b4507b8bc377063944e4cc74764980ec943d3eb65b7f0968f7934f31ff4cabd,659c0fdf7e2dbb5c8735536c107954eca02d441a2d7294604a7ec151fcda6aff
5.5.01,Bixby110dlg.cpp,"bixby110control::Bixby110DialogSetupIndividualization(int, int, int, int)",0,1,0x00015270,0x00016270,0x00416270,912,232,8528d5dbc97317ed9c4e3eb31aef8c5e9c2586350286629a9cb78afdbe0f1b46,09c34c5f071f17f5443c6ce7bcf5ceee0e0a13a3812290001c4a2acf00391ea1
5.5.01,Bixby110dlg.cpp,"bixby110control::Bixby110DialogSetupQuickCal(int, int, int, int)",0,1,0x00015600,0x00016600,0x00416600,1200,318,4074910e2f58ccd4246e1654177f7891c327f9c8098ea498e76f82833a5a3516,ea108b5ae2d5da48a8c12dca335b7286e3c67852e98e7b6ee679383ef3aff082
5.5.01,Bixby110dlg.cpp,"bixby110control::Bixby110DialogSetupDebug(int, int, int, int)",0,1,0x00015AB0,0x00016AB0,0x00416AB0,832,207,d3abb4f952a85a004e525a7e9703e130becf4a884b3879914d30c8aefa21afaf,09bec2da4cc58fd54da5b662b7f29c4345ef3b81f77df656b547af2dd31fc862
5.5.01,Bixby110dlg.cpp,"bixby110control::Bixby110DialogSetupFlueMonitor(int, int, int, int)",0,1,0x00015DF0,0x00016DF0,0x00416DF0,992,250,8cd482c5c5d6f05883198f6d6781a97192d1bda1d0bd8515b18ce69c33572e3c,1e60ea623a4a7dea71149f2b5bb4c6bfd9127c0789bfa586e1aa1511db223240
5.5.01,Bixby110dlg.cpp,"bixby110control::Bixby110DialogSetupFuelMonitor(HWND__*, int, int, int, int, int)",0,1,0x000161D0,0x000171D0,0x004171D0,1504,406,9286c1179232ecfc154f51aa6ec4b74808da290b3b67a5e2833e0fa1f20b2e52,fcf73eba581eb5fdfb507ba3675de37fe31efeaa2ac304339393a792cc43f034
5.5.01,Bixby110dlg.cpp,bixby110control::Bixby110DialogSetupUtilityWindows(),0,1,0x000167B0,0x000177B0,0x004177B0,1472,359,91b8795a0571ff39692f810b1ab95545de5641c06ecef514c29e329981eb50a9,a7641791b3abdb1aa5a731a147e02f4aafa0cb37deeeca4e95c5c55cc586631a
5.5.01,Bixby110dlg.cpp,"bixby110control::Bixby110DialogSetupButtons(int, int, int, int)",0,1,0x00016D70,0x00017D70,0x00417D70,768,204,fbe52c0f891baba299d90c6e720f99501651e33cd02c1a1640e65e2074f72d03,b601d481a5d4f1b189b11655c8bbab1fa327610115898f80983a2bea5860feb6
5.5.01,Bixby110dlg.cpp,"bixby110control::Bixby110DialogSetupPanel(int, int, int, int)",0,1,0x00017070,0x00018070,0x00418070,368,101,9d2dd340555336776eb21c528eaedb50dc27822576396b49245eab42109ea537,768b4f623315352117fb067fced2a0684eab6f047743964f4c731856cd1bd007
5.5.01,Bixby110dlg.cpp,"bixby110control::Bixby110DialogSetupUtilityWindowButtons(int, int, int, int)",0,1,0x000171E0,0x000181E0,0x004181E0,240,68,2fef12de6ec56ef6d892025a94f921f63bf63f100dd3f9dd3ca3e394bccaed57,072cfed99844a62a4e3924522938434d2054db680c4de48815da6ed6e36ade9a
5.5.01,Bixby110dlg.cpp,bixby110control::HaveItsMemoryBanksErased(),0,1,0x000172D0,0x000182D0,0x004182D0,112,38,2e2432ce7ede2a05a072a876f632fd162650467c9dfc9d9163d0f9536c7597eb,60685992a0fad99f9ec57481d88e1b9aec45f00114564c5ba21889ea3c9c7c6c
5.5.01,Bixby110dlg.cpp,"bixby110control::Bixby110Dialog(HINSTANCE__*, int, unsigned char, unsigned char)",0,1,0x00017340,0x00018340,0x00418340,18608,4215,448e08d7ecd811d9827b69a39bee7607acb6699a5866064503afd50cc9b55c45,1b23614c031dc4ad8808d83f45001d742dbaf7c685b11dc7a07df8737e06391d
5.5.01,Bixby110dlg.cpp,"bixby110control::Bixby110UpdateData(char, unsigned char)",0,1,0x000108A0,0x000118A0,0x004118A0,12000,2633,bdd9d628b70e5baa0f38440b117aa0b4c8bf3c07b877df457bf857dcfe15f9a5,7d4d51e736798f5eaab8c46f542face5d6589c0ee6bc78c320fb64d5f76022c8
5.5.01,Bixby110Downloader.cpp,bixby110downloader::bixby110downloader(),0,1,0x0001BBF0,0x0001CBF0,0x0041CBF0,2272,490,3b180223def41c48711bb6764e0867008cf9f7ada119ef04112302b87fed0fb1,c03a01cf0a76fd1fbf5bdd577376a5d92f712dffb1c53eac4193298bc1fcf486
5.5.01,Bixby110Downloader.cpp,bixby110downloader::bixby110downloader(),1,1,0x0001C4D0,0x0001D4D0,0x0041D4D0,2272,490,9e3ec93a399972f7ff5def93fd221dfa51f3b829e1cc3eaf564850e40e7792b7,c03a01cf0a76fd1fbf5bdd577376a5d92f712dffb1c53eac4193298bc1fcf486
5.5.01,Bixby110Downloader.cpp,bixby110downloader::~bixby110downloader(),0,1,0x0001CDB0,0x0001DDB0,0x0041DDB0,1744,412,8684c950bb685e6b7897896ae59d3589a19888e4aa6c734d6b07ecbece1e56f8,04866ccb1226323cd3999fda9ea4ca289bf4c6958015d21a645561cb958d35ee
5.5.01,Bixby110Downloader.cpp,bixby110downloader::~bixby110downloader(),1,1,0x0001D480,0x0001E480,0x0041E480,1744,412,dc0e9733bed54bdc867f324cc799dd71ec02775a4d8dee72dac97e07110b877e,04866ccb1226323cd3999fda9ea4ca289bf4c6958015d21a645561cb958d35ee
5.5.01,Bixby110Downloader.cpp,bixby110downloader::gx(char),0,1,0x0001DB50,0x0001EB50,0x0041EB50,64,26,75085f72b8dafcfda85831e55af7ed36f8e3d41f58df6a82450461a21258d601,80372ed0b720abc18885fdbea898ea6a25555ef534d03326ddfdff4376f6cc24
5.5.01,Bixby110Downloader.cpp,bixby110downloader::g2x(char*),0,1,0x0001DB90,0x0001EB90,0x0041EB90,144,59,2d50acb29d844c05fe8404fde4855e83385b26a8fdab47803553f18ddf262555,22979bb2702e54311a59e69f168e4cf282b2a30dd40fd5978c1145164ae80447
5.5.01,Bixby110Downloader.cpp,bixby110downloader::g4x(char*),0,1,0x0001DC20,0x0001EC20,0x0041EC20,320,117,0a1a2b127d24712c8ef182e5fe48e7ed940a3382412618d865baa07d34e9f160,dc7c1249900394eb58b90941c1dff8cd013f63a143ca88e516702bf00c83ed15
5.5.01,Bixby110Downloader.cpp,"bixby110downloader::getbyte(unsigned char, unsigned char*)",0,1,0x0001DD60,0x0001ED60,0x0041ED60,80,36,bcf32a2cb94c7423ce0960c0e0bd95066f3861838b53658dfef3b2d34d3eaa82,6f6463e2823deb44614cd268dc49dd77e34b13fd04fbaea708d30a3653bc1f04
5.5.01,Bixby110Downloader.cpp,bixby110downloader::getbyte(unsigned char*),0,1,0x0001DDB0,0x0001EDB0,0x0041EDB0,80,35,7ddd3f45abf8edbacb5e60aed5f4c28262fc87957c18e882637c2d02e27cf7fa,2c21401f197131846a1571e11cf64133fe06f8d674ed0fbcdb3161c8145c82f5
5.5.01,Bixby110Downloader.cpp,bixby110downloader::sendbyte(char),0,1,0x0001DE00,0x0001EE00,0x0041EE00,48,13,70800ace4b3f04a49d5bffe93e3c5516b3953b869008eb07b8157669e2f3880e,9330dd5c6b79d1871a78cd0466bcb2cd0ff5001096937d4302d91c10bea5dc89
5.5.01,Bixby110Downloader.cpp,bixby110downloader::GetStoveVersion(),0,1,0x0001DE30,0x0001EE30,0x0041EE30,544,134,6020dd3f2e8636c52e78603fea93100a7f3210126c9996e2f93693d75e546e62,83e1b4b3d9928eb70468a73e7058a3cfb38b6313f916c897572884a38b465416
5.5.01,Bixby110Downloader.cpp,bixby110downloader::AttemptStoveReset(),0,1,0x0001E050,0x0001F050,0x0041F050,64,18,cba164c603d5aef1ec1973a3360b69e66d14b28c00c99287f49e848af535dc42,010bff78b3d85412fb8e711c08e67b56e28161ad12b06ae68ee1595b2b071048
5.5.01,Bixby110Downloader.cpp,bixby110downloader::SendDone(),0,1,0x0001E090,0x0001F090,0x0041F090,160,50,5de1f04fa90f597600abbf9b7f2792a03689edeb1a7e08dbc59ff1b2f98cc4dd,5f4c0b22ebde7b1defd9ea351f440199194c31d610e4c8672121f1816b7eb535
5.5.01,Bixby110Downloader.cpp,"ReadFile_fgets(char*, int, void*)",0,1,0x0001E130,0x0001F130,0x0041F130,160,62,8e32339a6eee6e34a46540810e3f8ea904d6ca7e7e90360d0fded08f2244bf43,756bd78445db9a9f62737474720935dbf79143abd5aba2039c353443ea17a03d
5.5.01,Bixby110Downloader.cpp,bixby110downloader::LoadHex_Open(char*),0,1,0x0001E1F0,0x0001F1F0,0x0041F1F0,496,128,8feb5a49034cd2f1bf1a9778025030926802fe39ce900b784e813f82862821af,fb90cfd07aa4491a7916709c793efb24501e27e750e12b03edccb3b64284b7c5
5.5.01,Bixby110Downloader.cpp,bixby110downloader::LoadHex_Read(),0,1,0x0001E3E0,0x0001F3E0,0x0041F3E0,400,118,12964d9e8613d7272eb1ff8c25ae4a02aca90aa8c4d11bb0ce6b399c8d6423c2,3e072fa192a4ee3fdb66ebbb779f178b97a29c3fcfbbd8767980e132a8048f8c
5.5.01,Bixby110Downloader.cpp,bixby110downloader::LoadHex_Close(),0,1,0x0001E570,0x0001F570,0x0041F570,96,31,f4017247321a8bfa317dcec5a0866536de6f243b63be740dd1856479d3d30694,f7f402c7e5e9a70b6f898b47d6a3d846df81289a40b7c0514c53a306cedfc429
5.5.01,Bixby110Downloader.cpp,bixby110downloader::LoadHex(char*),0,1,0x0001E5D0,0x0001F5D0,0x0041F5D0,1648,452,4ec7bbc1f88ba8c451ef8a2800ee291b44e66ea211eb8ad0b85c6dfcc21cf357,9f1f110e4a90de5a2818859d0a5a1e1d1c797e7165c4baac5f92e71d3ca117c4
5.5.01,Bixby110Downloader.cpp,bixby110downloader::DownLoad(),0,1,0x0001EC40,0x0001FC40,0x0041FC40,1280,331,a3eb9d3b2b3bf64c18251bfc755cbdef75ef50d1367eabef56eb61847b4bb7ea,215882463ae79b117c91d9428f3a5168d0deea97a01145d2af5ff54d46ffa9a2
5.5.01,Bixby110Downloader.cpp,bixby110downloader::Identify(),0,1,0x0001F140,0x00020140,0x00420140,304,89,79dc9f6a659666036cfaf5d540bd44d00378bd2a3124aabd5964f0e35cfa0a7f,83631dbe1d228ebef071e62153444a35b73a276652d0325331b61227ed7ee2ad
5.5.01,Bixby110Downloader.cpp,"bixby110downloader::Bixby110Downloader(HINSTANCE__*, int, char*, unsigned char)",0,1,0x0001F270,0x00020270,0x00420270,4928,1173,2dcc73c03dd5fa6a749a9856440771052575c661b995edc864905bc5e0b4bab2,a862b1d20ae9884bed0f4fc6b964a6994815deaab0166b9e78b130d76908beb3
5.5.01,Bixby110Downloader.cpp,bixby110downloader::StatusMessage(char*),0,1,0x0001E1D0,0x0001F1D0,0x0041F1D0,32,9,a222da57acddcb928513e62114df740c1d9f0940fe63569d6abca0d74f1ce1e2,3ca3637ced4859f9bfc6f3dc511ed5164e36e2e307de427dcb3cf3dfa9def41c
5.5.01,dlgctrl.cpp,CLinkedList::CLinkedList(),0,1,0x000205B0,0x000215B0,0x004215B0,16,7,3dc58b3c44448af923b580e4f533c70ad8b17e2d3a27a5961cbdb8f0413dfd87,bbde383eee8f66c1d1e949fe3fb0a12785c821be8d575fb7fd36e6a5ea5285c6
5.5.01,dlgctrl.cpp,CLinkedList::CLinkedList(),1,1,0x000205C0,0x000215C0,0x004215C0,16,7,3dc58b3c44448af923b580e4f533c70ad8b17e2d3a27a5961cbdb8f0413dfd87,bbde383eee8f66c1d1e949fe3fb0a12785c821be8d575fb7fd36e6a5ea5285c6
5.5.01,dlgctrl.cpp,CLinkedList::~CLinkedList(),0,1,0x000205D0,0x000215D0,0x004215D0,48,21,09efe37a9b42c86db1581a902ab6322e35f6b4f99741f2d162604153f67381de,7d21ef70a9f00c26042435e80a33ff9229db4cfd1f84c9b365f1bc50af967b1d
5.5.01,dlgctrl.cpp,CLinkedList::~CLinkedList(),1,1,0x00020600,0x00021600,0x00421600,48,21,3f7278b549d7a1e5931727cbb4a3db8b019ff149565ad740176bb329fdcf761b,29294c2fa3d5d93fe99d881f48a7c42db9c2c6442bc6e74b03ebd6d669f2445d
5.5.01,dlgctrl.cpp,CLinkedList::NewAddNode(void*),0,1,0x00020630,0x00021630,0x00421630,64,24,8833f616fa7207f5df32315bb917f38d14d2299da1c0c2a42981833fb0f702e6,abbd1e486d34834257835275d1040e4fc9d99a2176175eb6f781305428b925d9
5.5.01,dlgctrl.cpp,CLinkedList::NewDeleteNode(void*),0,1,0x00020670,0x00021670,0x00421670,80,34,707b1c984c6880332197fbe60d12fa43569958545080ff29b56e8a2158671c84,94b138aa21106939a5c09deb52da61d519080ec58b36a0ac69ff31495f70325c
5.5.01,dlgctrl.cpp,CLinkedList::GetFirstNode(),0,1,0x000206C0,0x000216C0,0x004216C0,16,8,017e80baae5d0f23b98f5855b54367a396302d2c837c715309dee505ca743aed,74c8bb1cceca679971de2ec09996585db0ae5dd108b25a5e3cbaf2bcb33f1005
5.5.01,dlgctrl.cpp,CLinkedList::GetNextNode(),0,1,0x000206D0,0x000216D0,0x004216D0,32,15,19f1f03153866c890bcc0bd5375eb4e5abaa83b0530dd177dcb58c4b2f935936,9561361c0c16cb7d79a05c56167028fe53d97bf2dba0ae226f87e9edebbaaeac
5.5.01,dlgctrl.cpp,dlgmsgrouter::dlgmsgrouter(),0,1,0x000206F0,0x000216F0,0x004216F0,128,34,6b2cf3072075a885a0444fc3ce44e040f8a24504042d0f69460fe64344b19820,c5972219127f5577d54b823485b21344b2a712bb2764984101da85140dcef935
5.5.01,dlgctrl.cpp,dlgmsgrouter::dlgmsgrouter(),1,1,0x00020770,0x00021770,0x00421770,128,34,4407c8d97b7be66ccaf990dfa907f57c9198325792ba57b1e5a57b3972a332ca,c5972219127f5577d54b823485b21344b2a712bb2764984101da85140dcef935
5.5.01,dlgctrl.cpp,dlgmsgrouter::~dlgmsgrouter(),0,1,0x000207F0,0x000217F0,0x004217F0,32,12,e8fb94403d0848276237f7c11bb3d067f3d80c41e846c7695cc0a3b1508fdc59,36629c6df91f15c49113285cc5d162e8a5c2de89035c220166d27c30f7342773
5.5.01,dlgctrl.cpp,dlgmsgrouter::~dlgmsgrouter(),1,1,0x00020810,0x00021810,0x00421810,32,12,114135cd7e330c6134ce40e12461962d73e2123555c8c6a3f8f965c62518a127,36629c6df91f15c49113285cc5d162e8a5c2de89035c220166d27c30f7342773
5.5.01,dlgctrl.cpp,"dlgmsgrouter::DialogMessageProc(HWND__*, unsigned int, unsigned int, long)",0,1,0x00020830,0x00021830,0x00421830,1664,397,4c584772772b9a054551f2b2a991bfa69e018e2b0e90d573738748e3e9b13f20,20c54a4d93a18ab71c5d06ca386f1bc8cfd340c52654ebd460a5e434618b10e8
5.5.01,dlgctrl.cpp,"dlgmsgrouter::AddMessageRoute(DlgMsgNode*, int, HWND__*, void*, unsigned int*, unsigned int*, long*)",0,1,0x00020EB0,0x00021EB0,0x00421EB0,112,38,a4904bd14fcd563c2eb1ef961e46b6cb5f8e9cdd0140022ca6bbe73387e9d6a8,f5f8e52cb293dd609c69ce21af4e3e3df22c214b512700a0b3239d6cb6801677
5.5.01,dlgctrl.cpp,dlgmsgrouter::RemoveMessageRoute(int),0,1,0x00020F20,0x00021F20,0x00421F20,16,7,86ba25da29ae2d2673d115a8ef63d98412744633981541574f1ebbe0fa4cc5e0,1958fcd7cbfcc214f3ced41de9f36b355dbc5bd71b16a50b007d398d5a987f0e
5.5.01,dlgctrl.cpp,dlgmsgrouter::RemoveMessageRoute(HWND__*),0,1,0x00020F30,0x00021F30,0x00421F30,224,69,f44a7a3faa1115fe8a8857b4832ba24c38330a7e62e5d94628c0c883eeee89c2,617e771ad4a3b3fcf3abe0cd1c36db6cc3d6efd292e4233da0433eb74cee83e3
5.5.01,dlgctrl.cpp,dlgmsgrouter::GetNewDlgCtrlID(),0,1,0x00021010,0x00022010,0x00422010,32,11,787a409315b680e840e170c96e91678d42a4fed0c929c74626f87af68811d85e,3d313c4652ffa2e7ee4acba4c23406b6a9d05d973e27a789e510bd12c238a4c1
5.5.01,dlgctrl.cpp,dlgelement::dlgelement(),0,1,0x00021030,0x00022030,0x00422030,16,7,ad6cf57b3daeea204a74c4599f8862271b74c35b3704fceff884575e56d2ee6d,dfdca2911ac18aa7ef11cae06f6cf0224cd19f354dc115f946d84f4583417f72
5.5.01,dlgctrl.cpp,dlgelement::dlgelement(),1,1,0x00021040,0x00022040,0x00422040,16,7,ad6cf57b3daeea204a74c4599f8862271b74c35b3704fceff884575e56d2ee6d,dfdca2911ac18aa7ef11cae06f6cf0224cd19f354dc115f946d84f4583417f72
5.5.01,dlgctrl.cpp,dlgelement::~dlgelement(),0,1,0x00021050,0x00022050,0x00422050,16,7,86ba25da29ae2d2673d115a8ef63d98412744633981541574f1ebbe0fa4cc5e0,1958fcd7cbfcc214f3ced41de9f36b355dbc5bd71b16a50b007d398d5a987f0e
5.5.01,dlgctrl.cpp,dlgelement::~dlgelement(),1,1,0x00021060,0x00022060,0x00422060,16,7,86ba25da29ae2d2673d115a8ef63d98412744633981541574f1ebbe0fa4cc5e0,1958fcd7cbfcc214f3ced41de9f36b355dbc5bd71b16a50b007d398d5a987f0e
5.5.01,dlgctrl.cpp,"dlgelement::CreateDialogElement(char const*, unsigned long, char const*, void*)",0,1,0x00021070,0x00022070,0x00422070,432,128,805d12c7d67db2a5fe673d9fde90fbce4afc3f524fc138bfd3c17ccd66856487,047788b8e73d02e2c569f8dd86dc9e21cf3792172acdccde4536b007eea4aa04
5.5.01,dlgctrl.cpp,"dlgelement::CreateDialogElementEx(char const*, unsigned long, char const*, void*)",0,1,0x00021220,0x00022220,0x00422220,432,128,65c8964cb98beb1769677620357259cd658db820bd7a0ff4333fef74b718ba91,047788b8e73d02e2c569f8dd86dc9e21cf3792172acdccde4536b007eea4aa04
5.5.01,dlgctrl.cpp,"dlgelement::CreateDialogElement(char const*, unsigned long, char const*)",0,1,0x000213D0,0x000223D0,0x004223D0,48,17,3a9de3f66d8bccd839074db4fb8c68ad62842078fb7937c2f0056ee095aa8059,6abd465793587008b06dbd25f639e44b999b3d66a5d1daa6ed42660376d8dd4e
5.5.01,dlgctrl.cpp,"autocheckbox::CreateAutocheckbox(char const*, int, int, HWND__*, HINSTANCE__*)",0,1,0x00021400,0x00022400,0x00422400,176,57,02b7cfa11a9ce38b7e1d7a6e2d429977ea77c2d55129a5788bffc4482bd67b43,fa6e0fa79b365bab5a93b17a4588b266f1b6aad502501e0d0116ff6165af6568
5.5.01,dlgctrl.cpp,autocheckbox::IsChecked(),0,1,0x000214B0,0x000224B0,0x004224B0,48,17,2317aad82ccea2a16e83be0bbc16fa7516636b28fd6e353876b584d1bdf23010,ab25d665d1771e38d0c48e2066fe3c68a805f9040435d6509c20ed21973d62ee
5.5.01,dlgctrl.cpp,"auto3checkbox::CreateAuto3checkbox(char const*, int, int, HWND__*, HINSTANCE__*)",0,1,0x000214E0,0x000224E0,0x004224E0,176,57,d8079693f343f81d463674c03e5963dc668570646c9b1efb9d19d7f743a6d4a8,da3bcb2fd9ce7f990e7fff361d8a758e92609e10a5f79e388941d4b27df5e1db
5.5.01,dlgctrl.cpp,auto3checkbox::IsChecked(),0,1,0x00021590,0x00022590,0x00422590,48,17,56731c68cefb63e76a6e7d45a75f7c1bdda9cbf6230036f03279060e58a8e508,ab25d665d1771e38d0c48e2066fe3c68a805f9040435d6509c20ed21973d62ee
5.5.01,dlgctrl.cpp,"manual3checkbox::CreateManual3checkbox(char const*, int, int, HWND__*, HINSTANCE__*)",0,1,0x000215C0,0x000225C0,0x004225C0,192,61,4f1618a282a10ddb2555f5b2f3fb0d73e323af4134495cd97dfef8726354d4ee,2f36a8b60561de9a802012c6a40c7580fd6dd5cbcd9ad2a0df0af285e3aa7c9d
5.5.01,dlgctrl.cpp,manual3checkbox::IsChecked(),0,1,0x00021680,0x00022680,0x00422680,64,21,e9566fb6eb83fc62c7a61732badb0481ecef22f457e3f4d70675b7c8a1f2f724,58c4a31fe3fac5484ef5e717ca3b074f422078fdec9c59d9d3ce900c71c56167
5.5.01,dlgctrl.cpp,manual3checkbox::IsUnchecked(),0,1,0x000216C0,0x000226C0,0x004226C0,64,22,4fbd01daa26137b41e27b28cb240aefc0fab8c37096aa1f14e574f17b75e7f3f,41fdb66c97948204ba8e0de541668a901b82658bc95394fa7db27ae1b269949e
5.5.01,dlgctrl.cpp,manual3checkbox::IsIndeterminate(),0,1,0x00021700,0x00022700,0x00422700,64,21,1300a12764baf82fab5871aaa3f9eb9304fd4ff2b67ce620b67ed53d42671fd1,2ef02ecf432003eeb65afd417c58061c0b3908332678dd4b92a7e84ba9a9bbaa
5.5.01,dlgctrl.cpp,manual3checkbox::Set(unsigned int),0,1,0x00021740,0x00022740,0x00422740,64,21,a5b6e3519a6e3098a07b3f2ca29dedff7af9a8a295175fc9ed76db0c0aed97b2,d81dae49de28e687d9eefb24460a4fc3424b19ffdc3ba6ff65877c63256476b7
5.5.01,dlgctrl.cpp,manual3checkbox::SetChecked(),0,1,0x00021780,0x00022780,0x00422780,64,21,26ab8741e63a2d877a0bfed215998cf9325ea5bace2a788f4deafe653a435a3a,28066f8bbea94d58f062d765e2aa9a441ca0166ac50f4895d62913a363964c74
5.5.01,dlgctrl.cpp,manual3checkbox::SetUnchecked(),0,1,0x000217C0,0x000227C0,0x004227C0,64,22,5986ff6be0b6086a5b2cf33d5b9e2e5b1d52a763c5c38944c2a9511315f17f81,7d415bddcb035a793d1b1121031178da9db133d2edca75bae8c62cb4cb905cbb
5.5.01,dlgctrl.cpp,manual3checkbox::SetIndeterminate(),0,1,0x00021800,0x00022800,0x00422800,64,21,3c1dcdf6e4368fe82cbe642f8517ebaafbe80a8888ada64059d80c5bd63280c4,4168dd24bdb635d8771f1faf75a9077db89d9f0389a1215c709318e655232347
5.5.01,dlgctrl.cpp,manual3checkbox::SetTextColor(unsigned long),0,1,0x00021840,0x00022840,0x00422840,16,8,d42a2955cf67b01a9b155f535cfd7978bba1fec859d39ca344e03ead2c6b956e,e160e1cefb37221fc7265e22dbae5e24413f742e571c62c7697306ff72f6f1af
5.5.01,dlgctrl.cpp,"SetBackColor(HDC__*, unsigned long)",0,1,0x00021850,0x00022850,0x00422850,32,13,a5c7c90a48cb8f9f5fb85b2e4693cce5974299634d20a8cb442dc9dad8a1f9b4,9f2678bcc579194631a132a23dc986d77fb0eb26fac039d8a09dea018f9941d2
5.5.01,dlgctrl.cpp,manual3checkbox::SetBkColor(unsigned long),0,1,0x00021870,0x00022870,0x00422870,64,21,6e31ee4a0472e2229769dec34a2d9c67d91477401a6d311d7fc86134671ef0d8,6262aaeaf1d721bc75b88db701c21e64561adc4bd5660fec200d63d4c837de5f
5.5.01,dlgctrl.cpp,manual3checkbox::SetSimulatedPush(),0,1,0x000218B0,0x000228B0,0x004228B0,16,7,5ca96926bc17ead5a280af106edf3e984590c8d2ca64b24dd4a6586f89a7812a,d1a6fb2e2659e5235fbfba0e101e0932eb39829b72e01a1fda046cffffa15369
5.5.01,dlgctrl.cpp,manual3checkbox::WasPushed(),0,1,0x000218C0,0x000228C0,0x004228C0,32,13,012c8089d9009bbc640ef6cb25418047a401889a3f0cbc73d244072f0ec7b027,f6b938d578a005a32bc830b518e02f80e48d27066b77f0fcb13965b899555541
5.5.01,dlgctrl.cpp,"manualradiobutton::CreateManualRadiobutton(char const*, int, int, HWND__*, HINSTANCE__*)",0,1,0x000218E0,0x000228E0,0x004228E0,256,73,d50fd1f41171e723108842c0e7d74eace3bd88ced6fed3ef181686c3c9e25fa5,eb50d2a12e3814ecb5a823bd16d95e44bafca3e1c96d635b9114b60a7f3ae0c0
5.5.01,dlgctrl.cpp,manualradiobutton::IsChecked(),0,1,0x000219E0,0x000229E0,0x004229E0,48,17,8064580b83d4b6de774a5dc6203d3de34dee01bfcd832788f24676fb905af1a0,ab25d665d1771e38d0c48e2066fe3c68a805f9040435d6509c20ed21973d62ee
5.5.01,dlgctrl.cpp,manualradiobutton::Set(unsigned int),0,1,0x00021A10,0x00022A10,0x00422A10,64,21,fa2b8c11e3f34235000e5c4901ff0eafafc77c81fbc7a61f63af5f20ce3098eb,d81dae49de28e687d9eefb24460a4fc3424b19ffdc3ba6ff65877c63256476b7
5.5.01,dlgctrl.cpp,manualradiobutton::SetChecked(),0,1,0x00021A50,0x00022A50,0x00422A50,64,21,844426a162ab6fffe6dd0abf08f6a628a8249e64a04b083e1c94e1d928a90c4a,28066f8bbea94d58f062d765e2aa9a441ca0166ac50f4895d62913a363964c74
5.5.01,dlgctrl.cpp,manualradiobutton::SetUnchecked(),0,1,0x00021A90,0x00022A90,0x00422A90,64,22,ea2bc51cc2ea8b63ace4a5b6dc8ea8b949fcbba65d0685186bf56ebb7a10b15c,7d415bddcb035a793d1b1121031178da9db133d2edca75bae8c62cb4cb905cbb
5.5.01,dlgctrl.cpp,manualradiobutton::SetSimulatedPush(),0,1,0x00021AD0,0x00022AD0,0x00422AD0,16,7,5ca96926bc17ead5a280af106edf3e984590c8d2ca64b24dd4a6586f89a7812a,d1a6fb2e2659e5235fbfba0e101e0932eb39829b72e01a1fda046cffffa15369
5.5.01,dlgctrl.cpp,manualradiobutton::WasPushed(),0,1,0x00021AE0,0x00022AE0,0x00422AE0,32,13,012c8089d9009bbc640ef6cb25418047a401889a3f0cbc73d244072f0ec7b027,f6b938d578a005a32bc830b518e02f80e48d27066b77f0fcb13965b899555541
5.5.01,dlgctrl.cpp,"pushbutton::CreatePushbutton(char const*, int, int, int, int, HWND__*, HINSTANCE__*)",0,1,0x00021B00,0x00022B00,0x00422B00,128,38,66aa04745480adb8c658d3d37b097f13148cd4d830292012013b544260367432,d7ec0df928b6789ec31be6c36c4f9239692abf8aa6183d670bbf83ed6f2e318d
5.5.01,dlgctrl.cpp,"pushbutton::CreatePushbutton(char const*, int, int, HWND__*, HINSTANCE__*)",0,1,0x00021B80,0x00022B80,0x00422B80,336,97,1c726cd5ef340eae8754a0df568f7bdc6bf0c2717af559e8c90693f13e5d7f5f,df4c22352e901472470ebda1a37347d9916f83e90a427fc9d1adadbdfe557711
5.5.01,dlgctrl.cpp,pushbutton::WasPushed(),0,1,0x00021CD0,0x00022CD0,0x00422CD0,32,13,012c8089d9009bbc640ef6cb25418047a401889a3f0cbc73d244072f0ec7b027,f6b938d578a005a32bc830b518e02f80e48d27066b77f0fcb13965b899555541
5.5.01,dlgctrl.cpp,pushbutton::SetSimulatedPush(),0,1,0x00021CF0,0x00022CF0,0x00422CF0,16,7,5ca96926bc17ead5a280af106edf3e984590c8d2ca64b24dd4a6586f89a7812a,d1a6fb2e2659e5235fbfba0e101e0932eb39829b72e01a1fda046cffffa15369
5.5.01,dlgctrl.cpp,pushbutton::SetTextColor(unsigned long),0,1,0x00021D00,0x00022D00,0x00422D00,16,8,d42a2955cf67b01a9b155f535cfd7978bba1fec859d39ca344e03ead2c6b956e,e160e1cefb37221fc7265e22dbae5e24413f742e571c62c7697306ff72f6f1af
5.5.01,dlgctrl.cpp,pushbutton::SetBkColor(unsigned long),0,1,0x00021D10,0x00022D10,0x00422D10,80,26,16012edb7bb299c24124bfa0146acae7274e6ef868e710971df5224e8cef09cf,d4b5d1d095971c1d04e20bc5dd2f4db36ed297dd7f93c4017553467e4baad5b6
5.5.01,dlgctrl.cpp,"listbox::CreateListbox(char const*, int, int, int, int, HWND__*, HINSTANCE__*)",0,1,0x00021D60,0x00022D60,0x00422D60,160,53,50448f14fb458177586f0a1bf11c3a015165ed15754dcc60f2f2aa90f29a28bd,194bded613d333cae9ecd1150337c0ad168907988126525e41ad9d3781c757cf
5.5.01,dlgctrl.cpp,listbox::Addstring(char const*),0,1,0x00021E00,0x00022E00,0x00422E00,48,17,576095bdb0f06e08f7d402dee7c8348bf241e673cb0f6fe700ca24ab3397ab29,a787f59c3498d6456abbf7f90dfec30f15c68bb916e9509ebf7a51fb112770a1
5.5.01,dlgctrl.cpp,"listbox::Insertstring(char const*, int)",0,1,0x00021E30,0x00022E30,0x00422E30,48,17,c66feaa5eddd7eb9aa2ef49e50641598151f27e93f485aba207837b48007043a,c4f1193d32077ab03a36524c272b8be544638eea7593b71d46cfe3b8567d6bda
5.5.01,dlgctrl.cpp,listbox::Deletestring(int),0,1,0x00021E60,0x00022E60,0x00422E60,48,17,689429b7cd49ce116cb65177fc801f6344cfcd0caa9d433cf27f228994cf89b0,8c3558b2d2066e2035b6f0fe6af6d060b43140f671a4b8f2a47e42ad88c5b1e6
5.5.01,dlgctrl.cpp,listbox::Getcursel(),0,1,0x00021E90,0x00022E90,0x00422E90,48,18,6ac2a6c29252071482582aaf0999d20569fbb6af0110bd185c6eaa3b1d6f4ef5,2ac23ebbb0eb24b7a5bc552985d2b4697370c9636b06c7d83e8ad020ed4d43d5
5.5.01,dlgctrl.cpp,listbox::Setcursel(int),0,1,0x00021EC0,0x00022EC0,0x00422EC0,48,17,a5d250afcb1ac6073ee589274f4745bd0d4ae2ff52de452258ca4c8837642739,7bbd3f1442ed6a6340ffaf194c3415538dffd9bf107a04d91ccfae4229eae5b9
5.5.01,dlgctrl.cpp,"listbox::Gettext(char const*, int)",0,1,0x00021EF0,0x00022EF0,0x00422EF0,48,17,96b3681fa98b95545b128519b141006e4d338dd6c6295a1e011207c5f7006890,270a8d875bd2761501c4707e29ee8f4adfab372fe33476b57899a2d14c4c76dc
5.5.01,dlgctrl.cpp,listbox::Resetcontent(),0,1,0x00021F20,0x00022F20,0x00422F20,48,18,47b2089259359937e4bca24b1d85db12c0cd5f5bac06d4bfb8691b6e837075db,b482b6696227e259fa1030100e21da492ae7095dbbe799680fdaf57136c1d458
5.5.01,dlgctrl.cpp,listbox::WasPushed(),0,1,0x00021F50,0x00022F50,0x00422F50,192,52,559195ade8d82d9829f3a24e7e6c273391b0bb37bb5722d1e329d4c6ad31f84c,253f73e10d67f8dd35e0452c96f3fea324185f6340e2343f7ef050d1949a9c1b
5.5.01,dlgctrl.cpp,listbox::WasDoubleclicked(),0,1,0x00022010,0x00023010,0x00423010,48,17,6e2515cc2029ff8190c2f3785f428623c5832a1a59fa134faeca8e7fa5dad3d9,3d64b4325983947bbaf8fb44d7bd5cdb7d721c19b02ac5363f711bdf63666460
5.5.01,dlgctrl.cpp,listbox::WasSingleclicked(),0,1,0x00022040,0x00023040,0x00423040,48,17,755c1678d989e201526b07c18d3a5e526a1a3659b43ab94719f303dd3d03bcea,f26484eb162911157ccb068cbeaee8e9bdbd78398ac52dc75ca704d68779b30e
5.5.01,dlgctrl.cpp,"edit::CreateEdit(char const*, int, int, int, int, HWND__*, HINSTANCE__*, unsigned long)",0,1,0x00022070,0x00023070,0x00423070,192,60,1b12041c61ecb3df02ec8315a49a102ea86d05ba9b14b655956b8cac28242ddc,8ee3e0fe76df4e0a18d4c2d5b077b3d4d7d53dd248ff92b68313b00d3eac33d4
5.5.01,dlgctrl.cpp,edit::Gettext(),0,1,0x00022130,0x00023130,0x00423130,64,19,e590407af8df1bd1ee9bd9da70a2cef44d930f10a053a22264eb4fab8a13d724,599622286fb989b8e201df73cf8cc90c633b959d42949d0d9dacd6919d984753
5.5.01,dlgctrl.cpp,edit::Settext(char const*),0,1,0x00022170,0x00023170,0x00423170,128,42,ff5da87f3f77c67fb507f05688b7016827f95d1426cf9afc62b68e9259b291f1,998b705b2b8a9e43ad806222f8fae012a4438541f10f2938be4be5c87b4539e7
5.5.01,dlgctrl.cpp,edit::SetTextColor(unsigned long),0,1,0x000221F0,0x000231F0,0x004231F0,16,8,d42a2955cf67b01a9b155f535cfd7978bba1fec859d39ca344e03ead2c6b956e,e160e1cefb37221fc7265e22dbae5e24413f742e571c62c7697306ff72f6f1af
5.5.01,dlgctrl.cpp,edit::SetBkColor(unsigned long),0,1,0x00022200,0x00023200,0x00423200,80,26,1a81d46606948391ca84c654f30bb5f241b3e9bfe3e9ae820bb9a1d22bdd39ee,d4b5d1d095971c1d04e20bc5dd2f4db36ed297dd7f93c4017553467e4baad5b6
5.5.01,dlgctrl.cpp,"editex::CreateEditEx(char const*, int, int, int, int, HWND__*, HINSTANCE__*, unsigned long)",0,1,0x00022250,0x00023250,0x00423250,176,59,d0b150261f50a870a6c3b48ebd25576d1af364c71632c7068a3639cded5d10f6,6c3988749a7622e1ab76553ea8aabcde7dcb1b861521600c0b04bf6317dd3254
5.5.01,dlgctrl.cpp,editex::Gettext(),0,1,0x00022300,0x00023300,0x00423300,64,19,717f8744a0c229f88def0cac52c8f13554971f61db02fa0fae9b005f0608d8aa,599622286fb989b8e201df73cf8cc90c633b959d42949d0d9dacd6919d984753
5.5.01,dlgctrl.cpp,editex::Settext(char const*),0,1,0x00022340,0x00023340,0x00423340,80,27,45576b01479bc6657cd11078a41c105c359d44a268a62806d69936488908d6e8,c5fc29345f1297e722fa3e201f909d8b7fa9adaa1791e8b1e0de1eaa5c022542
5.5.01,dlgctrl.cpp,"scrollbar::CreateScrollbar(char const*, int, int, int, int, HWND__*, HINSTANCE__*)",0,1,0x00022390,0x00023390,0x00423390,112,32,ce440a50f6f6b515bcf6d0685140adbca9d3b3195787d46eb6a3d66ea7a683f2,2858b250d3163240bbeff92fb7263af71144b70f6e883fddbe46c277194965dc
5.5.01,dlgctrl.cpp,scrollbar::SetInfo(),0,1,0x00022400,0x00023400,0x00423400,64,19,eb09a12d1569e40c824c2e4cf5f22ab69300de275949fac03462517f5ad73fb0,318ec9e4f2d0d8de22f08ca2d3fbc76cf1d54ab28a3428f71bc495d505eeef67
5.5.01,dlgctrl.cpp,scrollbar::GetInfo(),0,1,0x00022440,0x00023440,0x00423440,48,16,ddbf55e4e9d7c2da7d939b857e559c9b57a1c87083d945272317b758b4c5e85f,409f9cd97bd588b4fbeadf56c9ea473f2bca5bc0d6f9dfacdc83950ff1810e86
5.5.01,dlgctrl.cpp,"scrollbar::SetRange(int, int)",0,1,0x00022470,0x00023470,0x00423470,64,20,3fd28a2121266d6939df1f795303688479ccff1e9f9d067cccf832501854c1b5,5f5a7485f1d3805a5712b2965f2e0e6652863cb8835745e5dfc91e6230227ec5
5.5.01,dlgctrl.cpp,scrollbar::SetPos(int),0,1,0x000224B0,0x000234B0,0x004234B0,64,19,e16e10bbcb9b8b9b74bebba9f24494fc909fcb0b61ab0a299750dca9117c0014,b900b4d2c6510adcbb82350afa3f9fd4f3ef1423ce88afad810101be4bd3ac98
5.5.01,dlgctrl.cpp,scrollbar::GetPos(),0,1,0x000224F0,0x000234F0,0x004234F0,48,15,fb241f73e8a72b1a63fbcfeceaee5fc964b81224242ef3bbe8e15d57a0debbae,5d8b5c7b8bdd5f59411c38e4e92bca8c7d3ced117e079e162a33314f45b3ff39
5.5.01,dlgctrl.cpp,scrollbar::WasMoved(),0,1,0x00022520,0x00023520,0x00423520,48,15,33e33de46c84c803a4ee2730eaf493ce12c64d08dd719be24ecebe13b07ef860,7bc5754180e28ce06fbfcf67973d693036e3dadd9b1c7adb3e78ba172eb97d54
5.5.01,dlgctrl.cpp,"statictext::CreateStatictext(char const*, int, int, int, int, HWND__*, HINSTANCE__*)",0,1,0x00022550,0x00023550,0x00423550,240,75,c62357991445a501061fdbc80d6cc079178f0ee8e1d979eb8ca6b2f72e78f22b,99c92f744aec298b63e6d2145c5c57c6f4d0a88723d89373fabc808d4b2ca354
5.5.01,dlgctrl.cpp,statictext::WasPushed(),0,1,0x00022640,0x00023640,0x00423640,32,13,012c8089d9009bbc640ef6cb25418047a401889a3f0cbc73d244072f0ec7b027,f6b938d578a005a32bc830b518e02f80e48d27066b77f0fcb13965b899555541
5.5.01,dlgctrl.cpp,"staticborder::CreateStaticborder(char const*, int, int, int, int, HWND__*, HINSTANCE__*)",0,1,0x00022660,0x00023660,0x00423660,96,30,664b29e328704967e577aa36f32e1277a6525f8e37e21dfc06b46297846c0bb8,f746e608de175f1fb36dffff4730c081f656e618e461617d6595feb6ffd96d26
5.5.01,dlgctrl.cpp,"DlgWindowProcedure(HWND__*, unsigned int, unsigned int, long)@16",0,1,0x000226C0,0x000236C0,0x004236C0,288,86,b03864642cf8e90123633d83c381492b1dd13e064b9bad00846cac72435e6592,bde92c0ca8c46712f85f1037680b5da009b8c44e1b7fe7b720f4ef9344618c7c
5.5.01,dlgctrl.cpp,dlgbox::RegisterClassA(),0,1,0x000227E0,0x000237E0,0x004237E0,240,62,7681936216da862841213e694b5943911ab2a19b8813f8e9da6c7c679ac2b06d,f3d9b5eeaadd47fbfc2f97d098cf5e6413a3712639d58e2e6b6a0428c61b2230
5.5.01,dlgctrl.cpp,dlgbox::UnRegisterClass(),0,1,0x000228D0,0x000238D0,0x004238D0,48,14,25321ee9c7c5c7a88f357619ce3cefcb37d2e9b01ba37d3d985ce41558f35d96,e7654455c37f4389c331ee2e0591a2edb867efcf59a215a6b7542c34b33ad65c
5.5.01,dlgctrl.cpp,"dlgbox::CreateDialogBox(char const*, unsigned long, char const*)",0,1,0x00022900,0x00023900,0x00423900,544,146,4f7612d4355b84f0069db575536d70089919ad36e341dce1c926f763f9df3155,e760d33a15a8c700e91f7ada61de03e07909691a4736e59f2e370f12942c1d9f
5.5.01,dlgctrl.cpp,filerequester::filerequester(),0,1,0x00022B20,0x00023B20,0x00423B20,240,50,071a8c78dda947fc9d4330ff15b8d616c568dddabd64c6d5987ddaa28580c0e9,e0009204936157e9a9ed1dd0e2176e4742a088935875ff52a94cc783f2ecb4bb
5.5.01,dlgctrl.cpp,filerequester::filerequester(),1,1,0x00022C10,0x00023C10,0x00423C10,240,50,3760ca756a6381ba2144e5f1f327960f7f1f151e9d4f3695095f12ebdd650dee,e0009204936157e9a9ed1dd0e2176e4742a088935875ff52a94cc783f2ecb4bb
5.5.01,dlgctrl.cpp,filerequester::~filerequester(),0,1,0x00022D00,0x00023D00,0x00423D00,256,82,10748169888ae7a88dc60bc99d949bc145638fbbc2a0d3243ea69ed0c7648b0a,7db96744b211bebd7143d3ac6aa26f972ae6e0dae8f30213c43ef62bc53ad62f
5.5.01,dlgctrl.cpp,filerequester::~filerequester(),1,1,0x00022E00,0x00023E00,0x00423E00,256,82,f19d2f44801dcdc18d8da5e35d821f02d0217133d88db82c0ebf3a5081e45828,e4605415b8a9467489a0b2e5b3697963d7d32fd9d6b91460471dbe7d1a357a65
5.5.01,dlgctrl.cpp,filerequester::GoUpOneLevel(char*),0,1,0x00022F00,0x00023F00,0x00423F00,80,28,662fb6187e84fe18502977bd361542f90c099dc8bf7812783a7a54aee29a9c87,c3a7c0bf7f3cd6f4f7559cce0d8d869f80d5cbaaccd84bdefd18bdcfbe0af1e3
5.5.01,dlgctrl.cpp,filerequester::AddExtraBackslashes(char*),0,1,0x00022F50,0x00023F50,0x00423F50,112,49,765d74099b0d090cb6366f572da5beff86188deaa40795e67e608ce342b00f93,3031f0367d4fb8bb1a167fc9628cc266cd2f49cb2d4cb946add96893a01389f2
5.5.01,dlgctrl.cpp,filerequester::ReplaceWithForwardslashes(char*),0,1,0x00022FC0,0x00023FC0,0x00423FC0,48,23,4c2f666cea0bdff582515c7b1fb1a7ed9f788f40d719fb5c7454a99f507d6e86,957b4f35651124946f28d69fa6640d49a8274eff182f3f1adb8aaa40f7b17b16
5.5.01,dlgctrl.cpp,"filerequester::GetVInfo(char*, char*)",0,1,0x00022FF0,0x00023FF0,0x00423FF0,128,36,975d42751314d5ec1dc5647316564d765e7782bea8397a4f1ac8c8216b555ff5,a0a1a8457f36a72909d21a52d7f5a0d78b232ee9d0e9915204544892d7216ec7
5.5.01,dlgctrl.cpp,filerequester::ParseDriveStrings(),0,1,0x00023070,0x00024070,0x00424070,592,139,bf20877a20c6f1fb9cfc76ee3383e3744e400db08868dc01825ee79e1b737469,dacf89eec7725271acb937bc430a653c0e7cbd22e58943e6e4166019b8d1bddd
5.5.01,dlgctrl.cpp,"filerequester::FileRequest(HINSTANCE__*, char*)",0,1,0x000232C0,0x000242C0,0x004242C0,7456,1744,6dd0a99bd2452305edda1e2abba901b3cea0d403a34818027f4b6e7c99d4717d,79244e9eac22443d86bd3f52c4b49c4844789a151b99544d214b5c186b444e2f
5.5.01,dlgctrl.cpp,"__static_initialization_and_destruction_0(int, int)",1,1,0x00024FE0,0x00025FE0,0x00425FE0,368,96,072021bda8aa3c20f22a0b37ff62b349c5b6f54eceba0847adf0c678210ecee9,099c6e31ee496c5401398e20bfbadb3317ab3d45cd4d40e272f03e88e9164cd0
5.5.01,dlgctrl.cpp,global constructors keyed to CLinkedList::CLinkedList(),0,1,0x00025150,0x00026150,0x00426150,32,9,ae653eeffe54a4939e37963646f6ea90c5d26003d951e2be6763063856bbb191,fb6380c3769fe354f2d3a491b33dae6014618747c2e1206e75e5e3ebffd0db08
5.5.01,dlgctrl.cpp,global destructors keyed to CLinkedList::CLinkedList(),0,1,0x00025170,0x00026170,0x00426170,16,6,b404a5d1aa07c8943c1c35899aeb3bc128e173e24b77cfeac264431a06974f69,6f5b5a16f6da5c61d28a0531ffdbf0eaac9ec8624913b7ecfde657edddd98e2e
5.5.01,FindFile.cpp,FindFile::matchCriteria(_WIN32_FIND_DATAA&),0,1,0x00025180,0x00026180,0x00426180,1888,440,73bc5c6b8e1437ce64d60e1ab0bfadc85bcb2bb8a1f059b3400d987c663659d4,20dbe379b775e1d1fe3c12579e248396ab2a0c56c6c146584e9a8663fc8e6e13
5.5.01,FindFile.cpp,"FindFile::combinePath(std::string, std::string)",0,1,0x000258E0,0x000268E0,0x004268E0,192,54,50e3ac8e1fc2674fe2dea0238ad2d094c0c58cf53e5e5417cf204427a9482892,b78b5221fb734518a441c8a75d994686f1323a5a0a0d6e4cbb2b15134379c63e
5.5.01,FindFile.cpp,"FindFile::getFiles(void*&, _WIN32_FIND_DATAA&, std::string)",0,1,0x000259A0,0x000269A0,0x004269A0,1408,333,67226acc100336527c2febdcf30007c2d98cc8a19e640bcf909482da32c50fd3,0774777caca7653bf37e45fc42ed7d96e3196ba9c0423e935478dc809c4a90a6
5.5.01,FindFile.cpp,FindFile::FindFile(FindFileOptions_t&),0,1,0x00025F20,0x00026F20,0x00426F20,1456,347,2edb72b3c83707c587bafd2542190fbc6e32f687da2115ab23e13fac03e47cdb,8d519619add0f1b66f933ba45f0b38702d9bf60981d5db714f30810b90113f1e
5.5.01,FindFile.cpp,FindFile::FindFile(FindFileOptions_t&),1,1,0x000264D0,0x000274D0,0x004274D0,1456,347,6c25b322eeabbf23dd30214231e3093205e974654be47b92936d387c773b88e4,8d519619add0f1b66f933ba45f0b38702d9bf60981d5db714f30810b90113f1e
5.5.01,FindFile.cpp,FindFile::~FindFile(),0,1,0x00026AC0,0x00027AC0,0x00427AC0,2352,556,6d516ba964fcaab2d9fde04e1a9812ada0ca05db75a2c0911626952613e7b433,7baf611e64dc19ae394941240a080653c010aab1e81168200c7f36fe44ee89dc
5.5.01,FindFile.cpp,FindFile::~FindFile(),1,1,0x000273F0,0x000283F0,0x004283F0,2352,556,0d9c8c28b3a666ad72f148960c3566e2236e91d937c482dcdac0292f2a101618,7baf611e64dc19ae394941240a080653c010aab1e81168200c7f36fe44ee89dc
5.5.01,FindFile.cpp,FindFile::search(),0,1,0x000284E0,0x000294E0,0x004294E0,368,101,6cc494983dd6eeeb1ca23da4846ffc497b1cf379fade3b29ddb64d4ed9d25e50,46d366a29c33cd4c4750e8abf6fcc6c3d661d9e0bc687a80a2879e1da1bc5491
5.5.01,FindFile.cpp,"std::vector<FileInformation, std::allocator<FileInformation> >::_M_insert_aux(__gnu_cxx::__normal_iterator<FileInformation*, std::vector<FileInformation, std::allocator<FileInformation> > >, FileInformation const&)",0,1,0x00036260,0x00037260,0x00437260,2416,530,301b648d8ef2c627a7e7cab2a8cb95eebfbd6b3daca9ed45c29c3f3c9b573a86,a88d38e861eed4d924dc5d06bb5faab057931a049aeffb965efdb738e3d87079
5.5.01,FindFile.cpp,"std::vector<FileInformation, std::allocator<FileInformation> >::erase(__gnu_cxx::__normal_iterator<FileInformation*, std::vector<FileInformation, std::allocator<FileInformation> > >, __gnu_cxx::__normal_iterator<FileInformation*, std::vector<FileInformation, std::allocator<FileInformation> > >)",0,1,0x00036BD0,0x00037BD0,0x00437BD0,384,112,a87ecbab91bc1329081ab65418605ee3a023c47c30ef922253a9601d4142220e,f4d0b877420349334fe8c41da56dccebd561154fb3775cd6f9f2651f88b2d038
5.5.01,FindFile.cpp,FindFile::scanPath(std::string),0,1,0x00027D20,0x00028D20,0x00428D20,1984,429,861ec76a371dd3148e9ae3ddf1348e7ab6287c160a66a70317d74aed3fcca7b0,6bf16db48c95b780fac3f7de326df413f645f9a7ca69550b46896f6d83be3b5c
5.5.01,FindFile.cpp,FindFile::clear(),0,1,0x00026A80,0x00027A80,0x00427A80,64,20,2e3ff41a92a694c92831035181729efcf337bdf57bdece30e77d4baa30f38e81,619051b6a6c78594e91510a3453c90ef916b346395b660b208bf0f3dfae86b06
5.5.01,main.cpp,Redraw(),0,1,0x00028650,0x00029650,0x00429650,16,7,ad7b4f9a49893b3f7f7c827ac5305a7d4fac35b1863fdb26b6458bd11a6f4f60,e45140c1c067de5bd3d61622fb5ed7a4654f3163693b3ee22bd153b085a2ab3b
5.5.01,main.cpp,GetComPort(),0,1,0x00028660,0x00029660,0x00429660,64,19,a47a5004ee69fa802c92c182be9c398f1b753b89e00e23fa689c36a909e4dff8,92e145e74687f40e5b55e1a64626e906f89859e9445abadf64c59f115b60e4a0
5.5.01,main.cpp,"GetTextExtentCharSum(HDC__*, char const*, int, tagSIZE*)",0,1,0x000286A0,0x000296A0,0x004296A0,112,40,c9a23d7c1a3a01fad3c950bc15a420f8a6b723ac7fb10478edb20c3a7e039724,4a6dd3aebe0acf58cdeab70cb18b4d87cf4adc708fcfe03a54931bd28b5ab53c
5.5.01,main.cpp,WinMain@16,0,1,0x00028710,0x00029710,0x00429710,4016,886,b9a47e1b8299b0608b58775ec4b09e4a2003267361071370ef3885dc5c679e29,f2f70184f6f0b2cbaa2bd000be80ca80e01e37ef43c38a743bca0de59e7200fa
5.5.01,main.cpp,"WindowProcedure(HWND__*, unsigned int, unsigned int, long)@16",0,1,0x000296C0,0x0002A6C0,0x0042A6C0,256,72,bf176f963a94b88a0a108213793ed8362b7de8e21679eb0787ef24975e503724,4e5ac75cef3fe2ac1ed788bda0db9ea6703ea1d0b327759d5e78defc0c72e303
5.5.01,main.cpp,global constructors keyed to szClassName,0,1,0x000297C0,0x0002A7C0,0x0042A7C0,1792,409,00beca2ccd47381be22999648b19134ad5b6366914f2b640ac0f82d9f30b5fad,a769080dec924b08e73c9102d53aa9c3c92052de5dcde4c99e041439c555b133
5.5.01,PocketCalculator.cpp,pocketcalculatorcontrol::pocketcalculatorcontrol(),0,1,0x00029EC0,0x0002AEC0,0x0042AEC0,288,76,650604d731052b37a15ce9b7ae091c9eacb8e8612a9f66ee5b03cda67dcef8c5,eea7673ad9cfa5f983b57ac5d88fcc0ceb1fca56a688fc3bca3873f4b3eb05fe
5.5.01,PocketCalculator.cpp,pocketcalculatorcontrol::pocketcalculatorcontrol(),1,1,0x00029FE0,0x0002AFE0,0x0042AFE0,288,76,470514c1fb2e4de07dd5b9abfd42aad28e4908641abe72d8f32f03c700aca758,eea7673ad9cfa5f983b57ac5d88fcc0ceb1fca56a688fc3bca3873f4b3eb05fe
5.5.01,PocketCalculator.cpp,pocketcalculatorcontrol::~pocketcalculatorcontrol(),0,1,0x0002A100,0x0002B100,0x0042B100,96,38,bad8311d81ba44bd0b5f5a6d9e3e1f5e3cbf58ecaa8dcdca9f72773f703fb0fa,4a31df2e5e29b854337f4c8ff78005c8e61f5908d84840d32afab9a8594c0dce
5.5.01,PocketCalculator.cpp,pocketcalculatorcontrol::~pocketcalculatorcontrol(),1,1,0x0002A160,0x0002B160,0x0042B160,96,38,e4b613a5d641fc1f8de4932a4a1a633f45340a2e75bb4583dc7c9094dde9de10,4a31df2e5e29b854337f4c8ff78005c8e61f5908d84840d32afab9a8594c0dce
5.5.01,PocketCalculator.cpp,pocketcalculatorcontrol::CalculateEquals(),0,1,0x0002A1C0,0x0002B1C0,0x0042B1C0,160,47,a05485897451a203a6062dc81507374fc001d406b2a14a24d01658eff9aa76be,884cacc4969dc93e9e1305ca8e712fd6fb02f84cf9e4d151d7255a38bf27b49e
5.5.01,PocketCalculator.cpp,pocketcalculatorcontrol::PocketCalculator(HINSTANCE__*),0,1,0x0002A260,0x0002B260,0x0042B260,2832,661,a0dab30afca12590979dea1c3d1491dd3d5b9df17d69e520adb83bae89d9cedf,70e8c90f74fe33648a1a5d28cbe841902b54f56cf13d9fba39bca65a15031c24
5.5.01,wildcard.cpp,"wildcard::match(std::string, std::string)",0,1,0x0002B260,0x0002C260,0x0042C260,2640,609,697d6a81e82961c4f94580699445aa75a53e56bed0628be8eecc053fba65ce9d,9e46abc597a2e73e855eeae6ff781a466be0e51b3d7003e56a3a67eedb6c3fb3
5.5.01,wildcard.cpp,"wildcard::wc_cmp(char const*, char const*, int)",0,1,0x0002ADE0,0x0002BDE0,0x0042BDE0,80,33,2d24cce19d2be3c215f9e467cbc62b438cd789f05d66bd8ad5baa2c389ae397d,ee6802f17f454f25a1f1ac9ffa62c19e60f909c846313d32b02f32e252617d64
5.5.01,wildcard.cpp,"wildcard::find(char const*, char const*)",0,1,0x0002AE30,0x0002BE30,0x0042BE30,128,57,b6633a2b8fa67911c2527f5b64a895d5b5249b9c10d1d31e31ee6a32aac05879,f850a95f2c55064e2c58d07ffc0ae3386bff85847feda7311ba818ba930c1ff3
5.5.01,wildcard.cpp,"wildcard::EndCmp(char*, char const*)",0,1,0x0002AD70,0x0002BD70,0x0042BD70,112,47,4dc607ac37e220b44a12d3be6ba83bb0826037c680210f7225b5d2f4ac7c08db,1ef5f773e2e7ded26939babb9697f921f8b4ab50c4cf362ad30dd4f99851e4e5
5.5.01,wildcard.cpp,"wildcard::StartCmp(char*, char const*)",0,1,0x0002AEB0,0x0002BEB0,0x0042BEB0,112,47,f64db39a9706f48f318fcd9fa3b9249a9058b45869434069bdcd759ce191221e,5258cb5bef31f0e046525ba7c74c07485cacad068b3a8c580f4278f908bb2991
5.5.01,wildcard.cpp,"wildcard::wildcmp(std::string, std::string)",0,1,0x0002AF20,0x0002BF20,0x0042BF20,832,227,5aaa43f6e954ed5d45a2525ba5be97ebd9b87432fd124743a32a0009ff600cbb,8ee094ed1bb322d92c13ab161132fa11a9ae57d223ce2f53f4253d67f4e276d8
5.5.01,del_op.cc,operator delete(void*),0,1,0x0002BCB0,0x0002CCB0,0x0042CCB0,32,19,b1e047f2b2d7ca478b72336a2d2e2eedd908133296740981a18700135325a2d4,8cec5f94645f5e4baaf19b3da362b8f450fb2c33ccfe1bb7ff6b417fe3f346cd
5.5.01,new_op.cc,operator new(unsigned int),0,1,0x0002BCD0,0x0002CCD0,0x0042CCD0,272,83,e40673c1f415c8eb9a533a768082b774f9289d9a8fb9846101213b38ce7b1079,b4bb57c614122bd56bfa7ae888e9f47c78c4af199f2c00cd5e928c637bf52042
5.5.01,eh_personality.cc,"base_of_encoded_value(unsigned char, _Unwind_Context*)",0,1,0x0002BDE0,0x0002CDE0,0x0042CDE0,128,47,07d2bae8c4544f614e4f33eda8277046336dcff9eacf1e951ea193fee9ea548c,0c362d1cadc7f1a8c20bd55fa5dd1634ed0c7df4aa54b471b6f8e2b09745e141
5.5.01,eh_personality.cc,"read_uleb128(unsigned char const*, unsigned int*)",0,1,0x0002BE60,0x0002CE60,0x0042CE60,80,35,c99a9cc8e99882997e042aefbc041454b8b57544a23ca5a2eef4912abc882d8c,b4b2808b2d43d9715507a08e18adada90c2f7f2050d194de8d8d1e82b25616fb
5.5.01,eh_personality.cc,"read_sleb128(unsigned char const*, int*)",0,1,0x0002BEB0,0x0002CEB0,0x0042CEB0,112,44,7b46b182e3c8a43c1e41fa1111d43e47599caaa32041c99f4bcded0baf67c05b,c0bad11794b7ca5c046a96836c071fc7b006f9f9c4876942c4596ceb8a931dff
5.5.01,eh_personality.cc,"read_encoded_value_with_base(unsigned char, unsigned int, unsigned char const*, unsigned int*)",0,1,0x0002BF20,0x0002CF20,0x0042CF20,208,80,8ff655d82c1b2774f6c233d8c531e564aa53a281aed7fd63c9be3fd227835ee7,ebaed989bc28654e884fc716a9b2a1e7a1666042689a64c62c5469321aff9dda
5.5.01,eh_personality.cc,"parse_lsda_header(_Unwind_Context*, unsigned char const*, lsda_header_info*)",0,1,0x0002BFF0,0x0002CFF0,0x0042CFF0,208,80,9f22c075986b5ce30296c380c9e0a2049c426c53a3a82124bf6e1931ac70be8a,0ba53f99cf49fab707b918d10a5ab8bc488959122c1ed394e275918e51d5a219
5.5.01,eh_personality.cc,"get_ttype_entry(lsda_header_info*, unsigned int)",0,1,0x0002C0C0,0x0002D0C0,0x0042D0C0,128,45,442c8063cce9030a7dcc5b95b4489c0a21255bbeb51e3baa6e9ad40ff8ffefb6,df1492dbaa2d5da07169074743c52b30f434c53cc8b70cda2981a0d470611c44
5.5.01,eh_personality.cc,"get_adjusted_ptr(std::type_info const*, std::type_info const*, void**)",0,1,0x0002C140,0x0002D140,0x0042D140,112,42,d06a593a7d0b9b3b2ceb0c74b669e2e7fe1f09597246828c4c0fff80c92d318c,f6676728c2778e1dbf78cb76597e1d1725b198752b0ae5fc7ec6a3faa58c9a0c
5.5.01,eh_personality.cc,"check_exception_spec(lsda_header_info*, std::type_info const*, void*, int)",0,1,0x0002C1B0,0x0002D1B0,0x0042D1B0,96,44,f7212731e96da7d23d2e3f200c8e7ee8c5da4cdde0cd93420135c7cc61917942,9635ae92708f98aa268ac13c3654fe79f6a7e4a578347b60805db284a9d47d86
5.5.01,eh_personality.cc,__gxx_personality_sj0,0,1,0x0002C210,0x0002D210,0x0042D210,1344,326,85fd326e991cddd4f75db4044422f26127b0c51de4ee57e275d0ccede2a60559,d4e7fbc78b86b147987f44791746735a3afed5e403a4fbbe42ea002a602f6815
5.5.01,eh_personality.cc,__cxa_call_unexpected,0,1,0x0002C750,0x0002D750,0x0042D750,400,104,48b94657dc6628cc5c16163620088ccf349f445cf7ce9c8df0dc36b758b1113f,09e47ae60813ec283a7b6ec543827b5003c0e5ee98def0dba01856d0c7c04590
5.5.01,string-inst.cc,std::string::_M_data() const,0,1,0x000329A0,0x000339A0,0x004339A0,16,12,f227ad5ae0e3235784ae0333e699853b43d64dbae6ec7cbccfeaf517cdd5caed,9134263efb3e60382f8a8aa53b5122d892f23d9c4ecf32cafa700a7ea68b3920
5.5.01,string-inst.cc,std::string::_M_data(char*),0,1,0x000347D0,0x000357D0,0x004357D0,16,10,6308ef278aff4d999fcf3500a49d06dac3158e0d1222a7e4888cc5965884b2d9,c3b3690fe4785965e7407ec1333bc5654c66c757971e0f2ac6adebb6aca2fcd8
5.5.01,string-inst.cc,std::string::_M_rep() const,0,1,0x00032900,0x00033900,0x00433900,16,10,9bfab077ee1597f26b2728d608c0b28e0ace3335a7e71eccfbee92b79b90ef1b,cb22e5cd07d75539700035dd4449e7b46be777b8058e15fbe79f40c501c06492
5.5.01,string-inst.cc,std::string::_M_ibegin() const,0,1,0x00032D90,0x00033D90,0x00433D90,16,12,f227ad5ae0e3235784ae0333e699853b43d64dbae6ec7cbccfeaf517cdd5caed,9134263efb3e60382f8a8aa53b5122d892f23d9c4ecf32cafa700a7ea68b3920
5.5.01,string-inst.cc,std::string::_M_iend() const,0,1,0x000329B0,0x000339B0,0x004339B0,16,9,6bb6310093b8f20903cd57a50f0601328c30e2327ca6374fbb213bb718cce8a3,5729fae22f50510537bf725022f66643cdd4d1f00129bca3d2f21f6562fce722
5.5.01,string-inst.cc,"std::string::_M_check(unsigned int, char const*) const",0,1,0x00032D10,0x00033D10,0x00433D10,64,38,1f040a0476044262ee2dc2ebb2e714beb92fdb84cf50c93a07ba59246029ce28,8e293c9f07ff7cbf65573d9060d4284286a7cb7f71e0320437c3944e5703d7fb
5.5.01,string-inst.cc,"std::string::_M_limit(unsigned int, unsigned int) const",0,1,0x00032D50,0x00033D50,0x00433D50,32,18,a13b4ea53693390038c8aa092bd6b05fcf6e84b41a8a892025ae6ef1d7f62ffe,f9171733b7ff9b852953e7e6b6690d45a06fe949f976a324c547d81324ef5a9e
5.5.01,string-inst.cc,"std::string::_S_copy_chars(char*, __gnu_cxx::__normal_iterator<char*, std::string>, __gnu_cxx::__normal_iterator<char*, std::string>)",0,1,0x00033060,0x00034060,0x00434060,48,26,de6d01512ea8acc820cacff86058b45cfa1b49bcf827d2dcc787491b0f8ed706,54b5b1280823a526d7f01833680919be1af9b99ee99de18da556cd474704a8ba
5.5.01,string-inst.cc,"std::string::_S_copy_chars(char*, __gnu_cxx::__normal_iterator<char const*, std::string>, __gnu_cxx::__normal_iterator<char const*, std::string>)",0,1,0x00033030,0x00034030,0x00434030,48,26,1fa12c5eb4a643a1a5edec06e158dc38852ed0baad7e7f7435986a671c892412,54b5b1280823a526d7f01833680919be1af9b99ee99de18da556cd474704a8ba
5.5.01,string-inst.cc,std::string::begin() const,0,1,0x00032780,0x00033780,0x00433780,16,12,f227ad5ae0e3235784ae0333e699853b43d64dbae6ec7cbccfeaf517cdd5caed,9134263efb3e60382f8a8aa53b5122d892f23d9c4ecf32cafa700a7ea68b3920
5.5.01,string-inst.cc,std::string::end() const,0,1,0x00032550,0x00033550,0x00433550,16,9,6bb6310093b8f20903cd57a50f0601328c30e2327ca6374fbb213bb718cce8a3,5729fae22f50510537bf725022f66643cdd4d1f00129bca3d2f21f6562fce722
5.5.01,string-inst.cc,std::string::length() const,0,1,0x00032910,0x00033910,0x00433910,16,10,78e6a35a1ddf3db184d518653ef008414eee278e70af91c5c1c936d48077378c,9ee4fb0a10ab9a81ea70de509dec6db71a039ad467d821570c625adf04666408
5.5.01,string-inst.cc,std::string::max_size() const,0,1,0x00032D80,0x00033D80,0x00433D80,16,11,e012e6485d563c8696766f5fe5d6e9f3ebd97b7a586272f87162d489580f4241,934b15466a493a98275729a919ccd775eb12c59744d9870576feb0221358facf
5.5.01,string-inst.cc,std::string::empty() const,0,1,0x000327A0,0x000337A0,0x004337A0,32,21,021ca6830e26ededfcf1283bc22445cae1c4047b678e258ef64ccfbf23d04b1b,aea0e62f861a4e920cafe5c03872e84ba985cd9dfee7c994660dde744ae2fe99
5.5.01,string-inst.cc,std::string::operator[](unsigned int) const,0,1,0x00032DA0,0x00033DA0,0x00433DA0,16,9,16abe89df095ef8f2c4698e898f2b307dc2f311754271ed17fedc8b41cb418b1,466cbf9cbca1c3e841a7d4f9ee2e74f0ec97eba87f546a30efcbd72682d69cc2
5.5.01,string-inst.cc,std::string::at(unsigned int) const,0,1,0x00032510,0x00033510,0x00433510,64,26,906076e6b987a680815138bbd0ad74c6dabacefe48f9ec7568d31bf1400d5f49,adf6228ea821d313dd2512341868021ddf6fba394366e2326b1e32ac4c81a205
5.5.01,string-inst.cc,"std::string::copy(char*, unsigned int, unsigned int) const",0,1,0x00032590,0x00033590,0x00433590,112,47,f9f8af20c754996a7d04876343882d19dd48d3031dcab4d4973de7ea386fdd15,bd62c004363cc73a23e8a9248b35d6bc19019e5b3bb74bf8e5a19a5951fb7c39
5.5.01,string-inst.cc,std::string::c_str() const,0,1,0x00032790,0x00033790,0x00433790,16,12,f227ad5ae0e3235784ae0333e699853b43d64dbae6ec7cbccfeaf517cdd5caed,9134263efb3e60382f8a8aa53b5122d892f23d9c4ecf32cafa700a7ea68b3920
5.5.01,string-inst.cc,std::string::data() const,0,1,0x00032600,0x00033600,0x00433600,16,12,f227ad5ae0e3235784ae0333e699853b43d64dbae6ec7cbccfeaf517cdd5caed,9134263efb3e60382f8a8aa53b5122d892f23d9c4ecf32cafa700a7ea68b3920
5.5.01,string-inst.cc,"std::string::find(char const*, unsigned int, unsigned int) const",0,1,0x00032650,0x00033650,0x00433650,112,54,2dceb32eb5cb06aa0fc778ad8994e6feb04200aaf8dc64e3ff190cfb7282850d,ae5c8256e35ebde43bc59a4fc4f26d450c03cfe85b9adfae879e4035e6121ae4
5.5.01,string-inst.cc,"std::string::find(std::string const&, unsigned int) const",0,1,0x000326C0,0x000336C0,0x004336C0,48,21,5332061474618a7eb01c2f34a95ad55122dd15c92bce66d4b71397c7cb5a6dcf,840cbed81d20c1608b72ae8bd1cb95de4430e675d949be8f6d336ae82ad5badc
5.5.01,string-inst.cc,"std::string::find(char const*, unsigned int) const",0,1,0x00032610,0x00033610,0x00433610,64,32,12cdd85725ac4c02099d8c6675676d1caec985eb596757e84f60f58e97f6703f,d9b432e4e032310fc444a7ccd70ebd8a29f6daa0b2c0ce6538cdaa17c9ee93d0
5.5.01,string-inst.cc,"std::string::find(char, unsigned int) const",0,1,0x000326F0,0x000336F0,0x004336F0,96,43,a6aac8c1e0f001d20549f04b63c7060a3ebf90b17936ee2539c74644a5020ed6,591501610147df2adcd55de79a8419c224c6611da162a67c52c279cb9ad0d631
5.5.01,string-inst.cc,"std::string::rfind(std::string const&, unsigned int) const",0,1,0x00032880,0x00033880,0x00433880,48,21,2c09e0414d9682345f92cfa675dae2fe5ce3f7935a6e5be9a7eb079d4644b9c8,840cbed81d20c1608b72ae8bd1cb95de4430e675d949be8f6d336ae82ad5badc
5.5.01,string-inst.cc,"std::string::rfind(char const*, unsigned int) const",0,1,0x000327C0,0x000337C0,0x004337C0,64,32,87dd984b0500ae0711648e956e66213b7b06c1a76b122bffc794a07340d450fd,d9b432e4e032310fc444a7ccd70ebd8a29f6daa0b2c0ce6538cdaa17c9ee93d0
5.5.01,string-inst.cc,"std::string::rfind(char, unsigned int) const",0,1,0x000328B0,0x000338B0,0x004338B0,80,40,17ecfa4578c5f782d3a0aa3d74e9014fe6689dd2a6eb751e62fef87fba727987,14d2ecc0909313a47d7081cb9bfed4aa7ab0d594511da4986127cfbed5b3ce3e
5.5.01,string-inst.cc,"std::string::find_first_of(std::string const&, unsigned int) const",0,1,0x000322A0,0x000332A0,0x004332A0,48,21,5332061474618a7eb01c2f34a95ad55122dd15c92bce66d4b71397c7cb5a6dcf,840cbed81d20c1608b72ae8bd1cb95de4430e675d949be8f6d336ae82ad5badc
5.5.01,string-inst.cc,"std::string::find_first_of(char const*, unsigned int) const",0,1,0x000321F0,0x000331F0,0x004331F0,64,32,8dc1a3aa92c967d7e5e2ce3a8a4186616f4c2c6bf561ef5e08245a320d477211,d9b432e4e032310fc444a7ccd70ebd8a29f6daa0b2c0ce6538cdaa17c9ee93d0
5.5.01,string-inst.cc,"std::string::find_first_of(char, unsigned int) const",0,1,0x000322D0,0x000332D0,0x004332D0,16,6,7edd4478b94f0c6ff3c7677737431ff797a0d86a4c08b1af5ad698533e02adc9,2b903ab3aa7dc683c0b876377baa3e72f2923040855b1d639e98425bc96a32f6
5.5.01,string-inst.cc,"std::string::find_last_of(std::string const&, unsigned int) const",0,1,0x000321B0,0x000331B0,0x004331B0,48,21,13e432cd5df9a888806d53122b77a6f60dc62a8b35995e92bba2bb09d7caafc3,840cbed81d20c1608b72ae8bd1cb95de4430e675d949be8f6d336ae82ad5badc
5.5.01,string-inst.cc,"std::string::find_last_of(char const*, unsigned int) const",0,1,0x000320E0,0x000330E0,0x004330E0,64,32,54e244aed4d1cb6ce77bea078751872f6e35ff7da48d3f2d317ee9aaf8c31b27,d9b432e4e032310fc444a7ccd70ebd8a29f6daa0b2c0ce6538cdaa17c9ee93d0
5.5.01,string-inst.cc,"std::string::find_last_of(char, unsigned int) const",0,1,0x000321E0,0x000331E0,0x004331E0,16,6,ce90fd90e904c0779cafaece2fc5f3f426fcae350b9080cac9deec25affc1818,a669966abf75f2c9c97ec6486ce88864c2bcb787474ca1e86f3894d97c242813
5.5.01,string-inst.cc,"std::string::find_first_not_of(std::string const&, unsigned int) const",0,1,0x000324B0,0x000334B0,0x004334B0,48,21,bda53a10f0f897ce6802d9b900656c236f5ac846bbfa097e2627c6cb37ad2f66,840cbed81d20c1608b72ae8bd1cb95de4430e675d949be8f6d336ae82ad5badc
5.5.01,string-inst.cc,"std::string::find_first_not_of(char const*, unsigned int) const",0,1,0x00032420,0x00033420,0x00433420,64,32,e86b1bd728338461e7cf64658174b42cd0924b0c6766b0a2a1b426d09c1961b9,d9b432e4e032310fc444a7ccd70ebd8a29f6daa0b2c0ce6538cdaa17c9ee93d0
5.5.01,string-inst.cc,"std::string::find_first_not_of(char, unsigned int) const",0,1,0x000324E0,0x000334E0,0x004334E0,48,26,19ebb8521e179457d69259907415323d737d4c356efa13e1af9445269b93ac2d,da85aabe4adfd1e71c6e6a353cd2bd56b6b4028f24997a25b7c12e339cd31230
5.5.01,string-inst.cc,"std::string::find_last_not_of(std::string const&, unsigned int) const",0,1,0x000323B0,0x000333B0,0x004333B0,48,21,2c09e0414d9682345f92cfa675dae2fe5ce3f7935a6e5be9a7eb079d4644b9c8,840cbed81d20c1608b72ae8bd1cb95de4430e675d949be8f6d336ae82ad5badc
5.5.01,string-inst.cc,"std::string::find_last_not_of(char const*, unsigned int) const",0,1,0x000322F0,0x000332F0,0x004332F0,64,32,d5dc66882de1478ff820c4825d861578d842987244af8e5b49f4ef6288cb2e13,d9b432e4e032310fc444a7ccd70ebd8a29f6daa0b2c0ce6538cdaa17c9ee93d0
5.5.01,string-inst.cc,"std::string::find_last_not_of(char, unsigned int) const",0,1,0x000323E0,0x000333E0,0x004333E0,64,34,ac5a0a5b814de0e8900ec98f45c0bc15616d88faa32bd8663f5b82a0cfd12370,2423dae5f73cc1c8bddb71dee4f31b2ca94c2edf843635df7784a1f2e230a3ae
5.5.01,string-inst.cc,std::string::compare(std::string const&) const,0,1,0x00032A30,0x00033A30,0x00433A30,112,53,b65135edcb37635d0acf0697a616d59dafdb1390517005028ab4d27e8d231aff,f3c81960d83d714b87dbb7e92651bb59f5a1cd2458a1aca6bbcf7d761bd08e8e
5.5.01,string-inst.cc,"std::string::compare(unsigned int, unsigned int, std::string const&) const",0,1,0x00032BB0,0x00033BB0,0x00433BB0,144,56,74ef797a3a7c3d854541927793bd65cfbdd2b48e71f5b263443860da9f09bb1c,79193b691544720f764c9a2ba81aee05183bdf2302dce1807e9e399c8b9c25ad
5.5.01,string-inst.cc,"std::string::compare(unsigned int, unsigned int, std::string const&, unsigned int, unsigned int) const",0,1,0x00032C40,0x00033C40,0x00433C40,208,86,b410d582b089637509070ea975e052917e1ae4be8e39146c05fd8c7263af3f39,3a04f25ada50206a9d7ee12d308647cb242a421ff9ebac487e3f89da567e2a98
5.5.01,string-inst.cc,std::string::compare(char const*) const,0,1,0x000329C0,0x000339C0,0x004339C0,112,48,01735465a8c01878ebfaff4d5c3049e46ed4549f31803667a3dea9b5b99ef7d7,9e99d78d03497c3a4ac11ce5f34eb39d991c708043faa9e7df57b81f03b017c8
5.5.01,string-inst.cc,"std::string::compare(unsigned int, unsigned int, char const*) const",0,1,0x00032AA0,0x00033AA0,0x00433AA0,144,54,c648ed6e6512334a7a32aa236f883e2623fabc753ab03892389cef8bc83bb2a2,bbe2cc985692effe9555d5e8dbc8dba3dbf33175f3d944cded9f081f662850ee
5.5.01,string-inst.cc,"std::string::compare(unsigned int, unsigned int, char const*, unsigned int) const",0,1,0x00032B30,0x00033B30,0x00433B30,128,50,490e1ec18d4aa4e0c5f7fe9674a7173a02ba9c9263497e008e6a0b6a82d0a4cb,e206c664d12eecd351f0d7bc9d6818145154b4ae2a09f9ab660e5bb73e72ff08
5.5.01,string-inst.cc,"bool __gnu_cxx::operator==<char const*, std::string>(__gnu_cxx::__normal_iterator<char const*, std::string> const&, __gnu_cxx::__normal_iterator<char const*, std::string> const&)",0,1,0x000320A0,0x000330A0,0x004330A0,32,21,2bc1483e47366ff4975547ba5a66c467a8d59a3c1fc1b712209b2286027f2901,c1f91c264723eac2896fcfaedf35fc97c812fe4b2cf95e5fd8638c212629229c
5.5.01,string-inst.cc,"std::string::_Alloc_hider::_Alloc_hider(char*, std::allocator<char> const&)",0,1,0x00032DC0,0x00033DC0,0x00433DC0,16,10,af35a3b3e0c1be63b67bd78098044740355498bd3602e164544b151c996e18e3,d6cdf53a9e6993d0db32feafbdca705676df6539bf663a62c484d71cf2c31913
5.5.01,string-inst.cc,"std::basic_string<char, std::char_traits<char>, std::allocator<char> >::basic_string()",0,1,0x00035860,0x00036860,0x00436860,32,22,69475303d481a898ce4353efe14ea9a017c77e0092df201494c148e4c2bda9db,1090269cddd0031bf81b37b9b6fe13c04edba96c2ed2f3f6b0e6f715d00ba68a
5.5.01,string-inst.cc,"std::basic_string<char, std::char_traits<char>, std::allocator<char> >::basic_string()",1,1,0x00035C70,0x00036C70,0x00436C70,32,22,69475303d481a898ce4353efe14ea9a017c77e0092df201494c148e4c2bda9db,1090269cddd0031bf81b37b9b6fe13c04edba96c2ed2f3f6b0e6f715d00ba68a
5.5.01,string-inst.cc,std::string::rend() const,0,1,0x00032750,0x00033750,0x00433750,32,23,ff25e059cf8f3ef0d2a2ba14377885144c7c01fd7f5965f21a8787d47af49b87,604d28f039dd26316911cbf9c614f5ea11a1b7c5bcabcb44fb07981d981f05ca
5.5.01,string-inst.cc,std::string::rbegin() const,0,1,0x00032920,0x00033920,0x00433920,32,20,573a256b70ee113912b0fbaf473a3623bbbdb0d3f552bce4ec9ad8c3e2f42200,2ac40b4b4a146dff9863fa58e6366efc4e9050c20220cf3c33350742dc52486f
5.5.01,string-inst.cc,"std::basic_string<char, std::char_traits<char>, std::allocator<char> >::basic_string(std::string const&)",0,1,0x000355B0,0x000365B0,0x004365B0,288,84,9082d51d54c8444c9b569dde5b4c4a2c1a6b4b7962dcdba931e70c0a37c7e7e4,80b04111991784b9e92fe0357c4dd6ab8669dd8dd24486b7d73e70789c00cff9
5.5.01,string-inst.cc,"std::basic_string<char, std::char_traits<char>, std::allocator<char> >::basic_string(std::string const&)",1,1,0x000359C0,0x000369C0,0x004369C0,288,84,accdef2a326317eed74623ebeca3f65873fbc7ceb1ce64dd57eef6441fcdf11a,80b04111991784b9e92fe0357c4dd6ab8669dd8dd24486b7d73e70789c00cff9
5.5.01,string-inst.cc,"std::basic_string<char, std::char_traits<char>, std::allocator<char> >::basic_string(unsigned int, char, std::allocator<char> const&)",0,1,0x00035830,0x00036830,0x00436830,48,23,24254297c4c8300d8af5757bbca59f2b8f0d93668eed2007f471f5db61c46bfc,eee6d24dd77a027902ec6d800612238823ea104e6cf76509251a196e755aeea2
5.5.01,string-inst.cc,"std::basic_string<char, std::char_traits<char>, std::allocator<char> >::basic_string(unsigned int, char, std::allocator<char> const&)",1,1,0x00035C40,0x00036C40,0x00436C40,48,23,845ec69b889dcdde6d5b93abdc0485ac6491f27ad7739bcb349f7686bad1d9f1,eee6d24dd77a027902ec6d800612238823ea104e6cf76509251a196e755aeea2
5.5.01,string-inst.cc,"std::basic_string<char, std::char_traits<char>, std::allocator<char> >::basic_string(std::allocator<char> const&)",0,1,0x00035580,0x00036580,0x00436580,48,23,1ca07c9464e5892bcb88d190ef49a078b69b10c0092bc6dc07564f324c17b8d1,f1c53dc85e2adc46cc9eba38d1d43dfb519727b0f3c81af0db0a8988ce7ba322
5.5.01,string-inst.cc,"std::basic_string<char, std::char_traits<char>, std::allocator<char> >::basic_string(std::allocator<char> const&)",1,1,0x00035990,0x00036990,0x00436990,48,23,593332231bb3bc47902bd47a6bfa5aac2c7a53d3d14dadf2e161d91d699601b3,0f26457ba1599699e50245742dd36c25c4e8e249bad2b7fc748fcbdd8a1ef8e7
5.5.01,string-inst.cc,std::string::operator=(std::string const&),0,1,0x00035EC0,0x00036EC0,0x00436EC0,48,29,3c732c9a73efd58b32f4b72c814f0a9a0473dcff27e0c8e7ee5e59820d2f25d8,648417c7bda1011441d907c9f5cdb5e5a7ab0dff1333b2e73e254caab1843908
5.5.01,string-inst.cc,std::string::reserve(unsigned int),0,1,0x00035150,0x00036150,0x00436150,320,89,97c713f27414f5dcfa72426645724f0ad62db42692fd2b55978472ecbfa9e9d6,e081cf1d71a2b76cd38d4cf1079b2f8cd91d2cdf3d6cc5dd104d851b658d137e
5.5.01,string-inst.cc,"std::basic_string<char, std::char_traits<char>, std::allocator<char> >::~basic_string()",0,1,0x00035D20,0x00036D20,0x00436D20,176,54,9a5d9c32e75cfecdf4914cbcade48f0cf58b916c6dd350630cc413cc40e57727,35c663dd338b20de895b34fbbb2c63c84f920f32da81aeceeaa77638ce5d094a
5.5.01,string-inst.cc,"std::basic_string<char, std::char_traits<char>, std::allocator<char> >::~basic_string()",1,1,0x00035DD0,0x00036DD0,0x00436DD0,176,54,30818dde93e98c66474a828f4ec73107da39c6d998897ba6b612a9c2ed6b8e85,36c711fac7da17c85c5ceb6ad24a103bcb741f7b3c2331892fa5ea249f57c870
5.5.01,string-inst.cc,"std::string::_M_mutate(unsigned int, unsigned int, unsigned int)",0,1,0x00035290,0x00036290,0x00436290,512,153,1c976187e90d21133024ef352d84607469732609a085aad55dc58f3c6f4725a7,b2a686cec2a2f0c15bb88460ad908f46b3b703703bc4cac8a0da8b478b2b1d4c
5.5.01,string-inst.cc,"std::string::erase(__gnu_cxx::__normal_iterator<char*, std::string>, __gnu_cxx::__normal_iterator<char*, std::string>)",0,1,0x00033910,0x00034910,0x00434910,80,34,09358420f1dc94ba0a1d348d8c900286dbf816732bbd80b2680516daafbb1a30,da707df320d8bcfe95e681fb62f8458dcbc94fbaeed1d087e6d124df5b6d6005
5.5.01,string-inst.cc,"std::string::erase(__gnu_cxx::__normal_iterator<char*, std::string>)",0,1,0x000338C0,0x000348C0,0x004348C0,80,34,117a2b1d11c84bc5a8c94394a3abeba776a34216208dac24f9927e54d9e4c5fb,14c2592c77d9695a142fc1796eaf63db0e93aa11a861904d5841b4871f91fb43
5.5.01,string-inst.cc,std::string::operator=(char const*),0,1,0x00035E80,0x00036E80,0x00436E80,64,29,c10ff8dd2726416c18898153a6087b95a6d9faf66a4386855a217e2dfe5a11c3,ce705580e2c7c59139e4726b26cc25ab2786a605ddc4fdad9c4f1f4394b27eca
5.5.01,string-inst.cc,"std::string::assign(std::string const&, unsigned int, unsigned int)",0,1,0x00034010,0x00035010,0x00435010,128,47,97e50537df20c5b3d884f68283cc127c75d2446f3a6eb05e3a28736deb84c787,40a635fc730a3f5d865fac5417f61818a5dcdf3b3343c9c7d73abd6b7aee8138
5.5.01,string-inst.cc,"std::string::append(char const*, unsigned int)",0,1,0x000339F0,0x000349F0,0x004349F0,208,77,a3c03925c57a70a6661e861fa58a561be753b1b50468ba18664df78008a5846f,6b796dacc947dcb230839c6d36216e187ee40b133a9615f88cc51268123dbc16
5.5.01,string-inst.cc,std::string::operator+=(char const*),0,1,0x00035F80,0x00036F80,0x00436F80,48,21,c8ad86e53cc640e1adb3f7b162b501e1c0beb74747c6f279d04ac21e48d1ca47,b72634def2c64a62bfc27540fc1aaed4aeb6f71c7b18a6a3b58370c7832ab12c
5.5.01,string-inst.cc,"std::string::append(std::string const&, unsigned int, unsigned int)",0,1,0x00033BA0,0x00034BA0,0x00434BA0,240,89,738150aa3de092b4c3422ef367ed37ad3784957115c04a24a0e69f9aad058418,8b3bf3c86c308b6626fc45a01e13916ea2a03f7f7c090d572d122efded8e5325
5.5.01,string-inst.cc,"std::basic_string<char, std::char_traits<char>, std::allocator<char> > std::operator+<char, std::char_traits<char>, std::allocator<char> >(std::basic_string<char, std::char_traits<char>, std::allocator<char> > const&, std::basic_string<char, std::char_traits<char>, std::allocator<char> > const&)",0,1,0x00036E90,0x00037E90,0x00437E90,256,81,bd89f040730d57469d76e70cfa9705e54927fabc38525356727a68e892ece3b7,715656c1dcdc5a33b560e43df268e98b85bfdc3774e9952023be1b807ee233cc
5.5.01,string-inst.cc,"std::basic_string<char, std::char_traits<char>, std::allocator<char> > std::operator+<char, std::char_traits<char>, std::allocator<char> >(char const*, std::basic_string<char, std::char_traits<char>, std::allocator<char> > const&)",0,1,0x00036D50,0x00037D50,0x00437D50,320,102,e4d9b1b4acaa3678fa3c2dd5b96703a7b9352823046806ae034ae3e325929353,1c5beac84cd42f7fed710ba5a0bddff330ce8ef70cf2b3bc0d3851a489683fcf
5.5.01,string-inst.cc,std::string::operator+=(std::string const&),0,1,0x00035FB0,0x00036FB0,0x00436FB0,16,11,87c7c268b273370194d358a05e64930ed1cda1b426b27d23e49b71dd2958452d,c9138013faa383def007d93c732076991e2f8dd09556488cb46426882b17c85a
5.5.01,string-inst.cc,"std::string::insert(__gnu_cxx::__normal_iterator<char*, std::string>, unsigned int, char)",0,1,0x000341E0,0x000351E0,0x004351E0,208,79,d9d887663ebee58335c15a464316dc7d7cea2d69a0634c6de1cad3a516d291a8,195ec56655056b125dddd3a0511582d5f9f36c46800489bd4b0a715b9a76cee7
5.5.01,string-inst.cc,"std::string::replace(unsigned int, unsigned int, unsigned int, char)",0,1,0x00035040,0x00036040,0x00436040,272,93,ddb2957b5ef3588ad57815e68811071b461ff1f57a767c829f9e1a42438123f6,c7dd057d9918520d894d5c237507415f5e244a6435f222051da0315ee94d760a
5.5.01,string-inst.cc,"std::string::insert(__gnu_cxx::__normal_iterator<char*, std::string>, char)",0,1,0x00034160,0x00035160,0x00435160,128,51,6cb4a1297268be93e8dc1b21e9cc347b903651719fc2aa743b519da68262d712,f9ee8654ed2bbaaa3a0eb3d2b6840b57edef0bf7b0218ac5981e0835ac2c53bb
5.5.01,string-inst.cc,"std::string::insert(unsigned int, unsigned int, char)",0,1,0x00034530,0x00035530,0x00435530,240,84,86f211b59e2e21a799b19f1c407bc760fdabdf220489dc849775bd0f14a6b2e4,ae6348e10821b0601a2c2808b3e249e7bb1785f0ffc1a5feb9620009dda88acb
5.5.01,string-inst.cc,std::string::operator=(char),0,1,0x00035EF0,0x00036EF0,0x00436EF0,80,37,dd4173ad249406553f77048f8452cae551240517071d754eb543af09833cf43a,c0345946e98da576c7240f078ca8320d8ab69e15b000fc0ad96078644cbf78f6
5.5.01,string-inst.cc,std::string::push_back(char),0,1,0x00035490,0x00036490,0x00436490,112,46,37186b501c3a9c8a9dcaa5bafb79c535c14208cbfe549904b527dcd87e773512,1aab8b32f5f9405dd247d1ba478437e3186b022454566bb0279fbc1503e5b057
5.5.01,string-inst.cc,"std::basic_string<char, std::char_traits<char>, std::allocator<char> > std::operator+<char, std::char_traits<char>, std::allocator<char> >(char, std::basic_string<char, std::char_traits<char>, std::allocator<char> > const&)",0,1,0x00036F90,0x00037F90,0x00437F90,2088,849,6a35bad724a42b500792d9b106f7d9e8ef53a58c48d89260c7cd7df5e3d0eb2c,81231d8e0034466ef7344222c72e924e8e76f90ba95f94f096fac022c337500d
5.5.01,string-inst.cc,std::string::operator+=(char),0,1,0x00035FC0,0x00036FC0,0x00436FC0,112,45,9636093d3e3bd1173c218c5692f109114b294405d165a35ed5f1015b6fa7e790,1e80cf53bf26df72549e3d3d210fbeab39d3d6b106c6711e9e7513a6646492c3
5.5.01,string-inst.cc,"std::string::resize(unsigned int, char)",0,1,0x000346A0,0x000356A0,0x004356A0,304,105,4e54ccff10b1867c11deb9691068c3b51b80dc658df050064daad921666c54c6,7ee0f1f7916d787efde402853191dcbb405e088a40aa8f66dcd66445551659d6
5.5.01,string-inst.cc,std::string::resize(unsigned int),0,1,0x00034680,0x00035680,0x00435680,32,12,c1c06ead5e80e3bbaed93c97b29055efca0a074077218d58640c4748bca63049,0316868b665859e9d5ca8e4241b600160fe080b1f7d78e44dff5ec8dd1aef50c
5.5.01,string-inst.cc,"std::string::insert(unsigned int, char const*)",0,1,0x000342B0,0x000352B0,0x004352B0,64,32,8b2a19482840c9a1611f3a1f84e18dcd351cdee299645dfacfee5570f7bbc6f2,96a7c24b71e017bee61cd894581ff357e50583bacbe807f74988393ea91a7301
5.5.01,string-inst.cc,"std::string::insert(unsigned int, std::string const&)",0,1,0x00034490,0x00035490,0x00435490,48,21,b3e776e006a285d142107c589a453d9e742e84bcaaa00e90fc28f9fb3d53c0ad,57a81cf9907212649cfdc1f6f3d98e17ca6aeb8eec3642958e9bfcbde8f8cd60
5.5.01,string-inst.cc,std::string::clear(),0,1,0x00033890,0x00034890,0x00434890,48,23,5c3f51f265a30b2ee9fb170b76af1ac0868201635d56c74262ec06179f62ce00,98cecda4ebff3724600c121079e374b17428271e57ca4c5e62f074cac6aa5286
5.5.01,string-inst.cc,std::string::_M_leak(),0,1,0x000347E0,0x000357E0,0x004357E0,32,16,0a00330fca451dbfd700a3964825260cf3d51de18bc05c59d8c1b2313b29e540,6895035a7af151ba4cfd95e8e0df8cceab9580eff9ebba70e57ba9ea88374012
5.5.01,string-inst.cc,std::string::at(unsigned int),0,1,0x00033260,0x00034260,0x00434260,112,47,922460e374153e676a08ef87b615a361784387f623f3211ab645d843ea1089bf,631935b50c5f0a037f48a8b29ad7c266950bcc0a87297c8bde87cfec4ecc5240
5.5.01,string-inst.cc,std::string::operator[](unsigned int),0,1,0x00035F40,0x00036F40,0x00436F40,64,37,57258828e91138da1d6d663c13da8437b6309ef611e0209f9c297d161f655dd3,38a4fdc753ce4e207819b5ba2861467dbb26d0fbd390790fe8a8d5f47c37df06
5.5.01,string-inst.cc,std::string::end(),0,1,0x000332D0,0x000342D0,0x004342D0,64,37,6957c3b5b2cbeee2415d4a16599937d39948f72a3b41c74b4be7b451a4a60930,c88cb35ee9a7df1781eaf7360fdc7bd8303670a56f4b791b056e111dcf670d0e
5.5.01,string-inst.cc,std::string::rbegin(),0,1,0x00034620,0x00035620,0x00435620,96,44,e0549aa567a72610e46926b40244f87ed71cb615e421263ebc3342519b346063,a79e35b4fb95af4fedf4188fb455948cc1d21c94e2e4ba523e29681da6704537
5.5.01,string-inst.cc,std::string::begin(),0,1,0x00033860,0x00034860,0x00434860,48,24,b5c42bef98443fe2f26141a0459f18aa85a1a6d0ea00776481a6456ba2d7c59c,8ac7d7aa883388b9a0b63e2cedf2d7f691978cf57206083fb5fb6f346b69c3bd
5.5.01,string-inst.cc,std::string::rend(),0,1,0x00033740,0x00034740,0x00434740,80,34,45e4c85fd3604313caba3146ccddb5b381105dd3bb71b0bee5884464106ffbcc,c32bd48e50a5e250641e4a725d25ff13211271ad21c00b0a2fd1835023940040
5.5.01,string-inst.cc,"char* std::string::_S_construct<__gnu_cxx::__normal_iterator<char*, std::string> >(__gnu_cxx::__normal_iterator<char*, std::string>, __gnu_cxx::__normal_iterator<char*, std::string>, std::allocator<char> const&, std::forward_iterator_tag)",0,1,0x00032EA0,0x00033EA0,0x00433EA0,128,49,ddc66ff05ca1114d8bb671ec0290dd0a71d63dbc9d771b9c39b21efb61769b2f,736be68ae7afcd6751805afb03064b2a02560f44b15ec5878374ab84181e20e4
5.5.01,string-inst.cc,std::string::swap(std::string&),0,1,0x00033790,0x00034790,0x00434790,208,62,8d3c5a8f7e34272861f71b3487941bfc4aecccbc5d8e27f5c3d6a556521881e9,b1d6de2c67f533e69a4cdecbd4b175f79e6a28f511bf21ce9fe0732a34280488
5.5.01,string-inst.cc,"std::basic_string<char, std::char_traits<char>, std::allocator<char> >::basic_string<__gnu_cxx::__normal_iterator<char*, std::string> >(__gnu_cxx::__normal_iterator<char*, std::string>, __gnu_cxx::__normal_iterator<char*, std::string>, std::allocator<char> const&)",0,1,0x00035C90,0x00036C90,0x00436C90,48,20,2e1282bc27de18c269da29ff920c8993c792339e6add95b74e1e09dcc418eb4b,3c508df1354d79a9a677f019a32b57810cfd69acfeaa38a31e69897ae43e513b
5.5.01,string-inst.cc,"char* std::string::_S_construct<char*>(char*, char*, std::allocator<char> const&, std::forward_iterator_tag)",0,1,0x00032FA0,0x00033FA0,0x00433FA0,128,47,a05c9daffb1503601307d05d042146f9355e738a60088df9b5ed5d671ff04aae,0fe84a09dfc622f043bffe134a645933a64526461f1286b8dd2820edec6231d9
5.5.01,string-inst.cc,"std::basic_string<char, std::char_traits<char>, std::allocator<char> >::basic_string<char*>(char*, char*, std::allocator<char> const&)",0,1,0x000358E0,0x000368E0,0x004368E0,48,20,b1871138713ab00030d67fac5cf6b9b489a65940cfabac293f590a51978ffa9b,4ded94f9aa87ae9bd709084e2f5c9ec1cd7fa6bfcb313cfb8bcbc4b5220b853e
5.5.01,string-inst.cc,"std::basic_string<char, std::char_traits<char>, std::allocator<char> >::basic_string<char*>(char*, char*, std::allocator<char> const&)",1,1,0x00035CF0,0x00036CF0,0x00436CF0,48,20,6ebd9136b3d0a092f6c029c4e87abf4da5ad83230d10ee588a58db174ec8f0e1,4ded94f9aa87ae9bd709084e2f5c9ec1cd7fa6bfcb313cfb8bcbc4b5220b853e
5.5.01,string-inst.cc,"std::basic_string<char, std::char_traits<char>, std::allocator<char> >::basic_string(std::string const&, unsigned int, unsigned int, std::allocator<char> const&)",0,1,0x000357C0,0x000367C0,0x004367C0,112,40,a7a0a5922d379996b2e372f847eb7b733ed460eb1a31cfb39eb522f89f1f5972,54c6504d553fd196142a2de6cce4eef773e82c9247327efd42c9ed5fb9d48ae0
5.5.01,string-inst.cc,"std::basic_string<char, std::char_traits<char>, std::allocator<char> >::basic_string(std::string const&, unsigned int, unsigned int, std::allocator<char> const&)",1,1,0x00035BD0,0x00036BD0,0x00436BD0,112,40,8aef1b96eee49bf0cee45c15f0133b36123d44675eac26a61b90d67b700bc52c,54c6504d553fd196142a2de6cce4eef773e82c9247327efd42c9ed5fb9d48ae0
5.5.01,string-inst.cc,"std::basic_string<char, std::char_traits<char>, std::allocator<char> >::basic_string(std::string const&, unsigned int, unsigned int)",0,1,0x000356D0,0x000366D0,0x004366D0,240,71,1c891158f45e96a8a8fb1eaa1f320ced2df6f50946c12ca6d8179d3d7d40461b,bef085720f8da58ffdc220e6f10e09a5edfb0f0760e6c6ba4991cd878424c839
5.5.01,string-inst.cc,"std::string::substr(unsigned int, unsigned int) const",0,1,0x00032940,0x00033940,0x00433940,96,39,327932661c329c1fd257e69dc5ef6341b721dcdd6fa0bc9ccce0bab5457e1d0c,5b5ecc26224dc2f948d7db0ab795c349eb775c562d36e1b116d53af93fc081b2
5.5.01,string-inst.cc,"std::basic_string<char, std::char_traits<char>, std::allocator<char> >::basic_string(std::string const&, unsigned int, unsigned int)",1,1,0x00035AE0,0x00036AE0,0x00436AE0,240,71,75d43a244a71c3fee8db11976f982d6e6fd59f4709505a41c168963b9d8239b4,bef085720f8da58ffdc220e6f10e09a5edfb0f0760e6c6ba4991cd878424c839
5.5.01,string-inst.cc,"char* std::string::_S_construct<char const*>(char const*, char const*, std::allocator<char> const&, std::forward_iterator_tag)",0,1,0x00032F20,0x00033F20,0x00433F20,128,47,5dea92459487a2e79d79ab2c5d5f1113dcb122ce80ed4b2824737d41fd6615a3,4f656bf19fcfbdd29fe99603363ebc91b114bd81c205752aeb48c6c43d002739
5.5.01,string-inst.cc,"std::basic_string<char, std::char_traits<char>, std::allocator<char> >::basic_string<char const*>(char const*, char const*, std::allocator<char> const&)",0,1,0x000358B0,0x000368B0,0x004368B0,48,20,649016af2b252754877e337d5bd5f839c384bdbc8f7765217f334d746085a693,6551282592ebaff547ffa7a7a7f07d108b269149ac09f5e048ddb06765a1d4fd
5.5.01,string-inst.cc,"std::basic_string<char, std::char_traits<char>, std::allocator<char> >::basic_string<char const*>(char const*, char const*, std::allocator<char> const&)",1,1,0x00035CC0,0x00036CC0,0x00436CC0,48,20,deceebf8d57bcd590e908eed5380a32ac086e3de6bfae145ef15cbfa8c51c396,6551282592ebaff547ffa7a7a7f07d108b269149ac09f5e048ddb06765a1d4fd
5.5.01,string-inst.cc,"std::basic_string<char, std::char_traits<char>, std::allocator<char> >::basic_string(char const*, std::allocator<char> const&)",0,1,0x00035500,0x00036500,0x00436500,80,38,3e9a1bb772a83f622d5eb0b4670a3dc1457dab738a5d89b6cbedd60f8afa2fe2,0d1a72ebb5ddc0f1bbac272fa8c1869f66dc98fa627db51dabee00d1c9b27876
5.5.01,string-inst.cc,"std::basic_string<char, std::char_traits<char>, std::allocator<char> >::basic_string(char const*, std::allocator<char> const&)",1,1,0x00035910,0x00036910,0x00436910,80,38,a66b16d457996023bc30807f963350396bf2ca4bc1b551f1dd4c89f57342a66d,0d1a72ebb5ddc0f1bbac272fa8c1869f66dc98fa627db51dabee00d1c9b27876
5.5.01,string-inst.cc,"std::basic_string<char, std::char_traits<char>, std::allocator<char> >::basic_string(char const*, unsigned int, std::allocator<char> const&)",0,1,0x00035550,0x00036550,0x00436550,48,18,f5127910cf4b69702e2b8812f1a6748118ec02048aafa3e7c69e946b2321ca3a,ebbb2d0d9fb5715903e6376eb4ae3dd285a43300abe3b955813948aa7140611b
5.5.01,string-inst.cc,"std::string::replace(__gnu_cxx::__normal_iterator<char*, std::string>, __gnu_cxx::__normal_iterator<char*, std::string>, __gnu_cxx::__normal_iterator<char const*, std::string>, __gnu_cxx::__normal_iterator<char const*, std::string>)",0,1,0x00034800,0x00035800,0x00435800,80,37,b3b81d76b9fd1ec657f15f3ec98965289fc4925ca225b9aa9974e85c56c7a56e,37a786cf120edd7f97fa587b412ce612b6ec6151e00335115f5a03b2db8c6346
5.5.01,string-inst.cc,"std::string::replace(__gnu_cxx::__normal_iterator<char*, std::string>, __gnu_cxx::__normal_iterator<char*, std::string>, __gnu_cxx::__normal_iterator<char*, std::string>, __gnu_cxx::__normal_iterator<char*, std::string>)",0,1,0x000349E0,0x000359E0,0x004359E0,80,37,c53fa06232e51a9e80582dc041cec6ae54af26e40745e817b5037168f6f8774d,37a786cf120edd7f97fa587b412ce612b6ec6151e00335115f5a03b2db8c6346
5.5.01,string-inst.cc,"std::string::replace(__gnu_cxx::__normal_iterator<char*, std::string>, __gnu_cxx::__normal_iterator<char*, std::string>, char const*, char const*)",0,1,0x000348B0,0x000358B0,0x004358B0,80,37,423220211b33eb05e141b10bbeed20f1f91344ebd8a0577a5aab9f65bd28a2bd,37a786cf120edd7f97fa587b412ce612b6ec6151e00335115f5a03b2db8c6346
5.5.01,string-inst.cc,"std::string::replace(__gnu_cxx::__normal_iterator<char*, std::string>, __gnu_cxx::__normal_iterator<char*, std::string>, char*, char*)",0,1,0x00034990,0x00035990,0x00435990,80,37,6ace32b38f8b1e6528eb8e466fbc62ec08b75392b8e84657738f9749927ca8b8,37a786cf120edd7f97fa587b412ce612b6ec6151e00335115f5a03b2db8c6346
5.5.01,string-inst.cc,"std::string::replace(__gnu_cxx::__normal_iterator<char*, std::string>, __gnu_cxx::__normal_iterator<char*, std::string>, char const*)",0,1,0x00034850,0x00035850,0x00435850,96,41,eb8b5d365e3a947203e82857936ecc12762f486beca32811d43eb8bcda38b749,4b9042cbda431e87612cc83ecace2db0507f558b4cf0a029c0c0d3a33b64b7e6
5.5.01,string-inst.cc,"std::string::replace(__gnu_cxx::__normal_iterator<char*, std::string>, __gnu_cxx::__normal_iterator<char*, std::string>, std::string const&)",0,1,0x00034940,0x00035940,0x00435940,80,37,a904c11f64252d495fa9924ea188f354983788cd5a6b4d6d59b74abed2fa8343,894989816f5539ee12568e2891ad8c3d0989762cf5e17364cbebf7f0a453410d
5.5.01,string-inst.cc,"std::string::replace(unsigned int, unsigned int, char const*)",0,1,0x00034B20,0x00035B20,0x00435B20,64,27,5abfd97aae598b6722fc87be84df13c242ad721824ea440cfc105c4e7cf0838b,2a45e43f816a6e211b347307322f4b4e4a7736639d321f6f9cfadfb48dfb895f
5.5.01,string-inst.cc,"std::string::replace(unsigned int, unsigned int, std::string const&, unsigned int, unsigned int)",0,1,0x00034FC0,0x00035FC0,0x00435FC0,128,51,54de3b477e9cbbf6d3845a4b2af68ae0f4192e5644e34324777f9c6299c97691,6feae680a3729b9f4843b4db90a0aa306668b06d11d9b4e64838cd93063584a5
5.5.01,string-inst.cc,"std::string::replace(unsigned int, unsigned int, std::string const&)",0,1,0x00034F80,0x00035F80,0x00435F80,64,32,e841b1e6e4ebb453bc64f5321742c5c8ba678511dd298a4e02896389134b4b6f,6bb9bf8b2978480c4cb8ec63cb52a9b4161a9159c3e110358f96b1b5595d2ac7
5.5.01,string-inst.cc,"std::basic_string<char, std::char_traits<char>, std::allocator<char> >::basic_string(char const*, unsigned int, std::allocator<char> const&)",1,1,0x00035960,0x00036960,0x00436960,48,18,223f5e51ece4830bb5727b58c2e5bfe5fe4cae0d248c1db7f5bfc160f857f0f2,ebbb2d0d9fb5715903e6376eb4ae3dd285a43300abe3b955813948aa7140611b
5.5.01,string-inst.cc,"bool __gnu_cxx::operator==<char*, std::string>(__gnu_cxx::__normal_iterator<char*, std::string> const&, __gnu_cxx::__normal_iterator<char*, std::string> const&)",0,1,0x000320C0,0x000330C0,0x004330C0,32,21,2bc1483e47366ff4975547ba5a66c467a8d59a3c1fc1b712209b2286027f2901,c1f91c264723eac2896fcfaedf35fc97c812fe4b2cf95e5fd8638c212629229c
5.5.01,string-inst.cc,std::string::_Rep::_M_destroy(std::allocator<char> const&),0,1,0x00033310,0x00034310,0x00434310,32,16,5a283412c4ba4d704a0c5a99c6ecb51ab2566a5ff0010aef47bc43401c98761b,37f5d6a8029f3b13e3041dc6fca8733b83c83cc66543ee0bb62cae873ea9a7fe
5.5.01,string-inst.cc,std::string::_Rep::_M_refcopy(),0,1,0x00033380,0x00034380,0x00434380,192,61,0cc722ee709cdedcd599a63b55b2dd8762534b5b4a2055021ba7a3fd1bf254ef,343fcdeec847d2dea9dc13351e3601cc6098d4a82b082aa9927b8b872729a4da
5.5.01,string-inst.cc,"std::string::find_last_not_of(char const*, unsigned int, unsigned int) const",0,1,0x00032330,0x00033330,0x00433330,128,61,4dca16d58b43d7181fe13fe46003eb6c9efb2319d057d539df7d92f2db02a393,8eea4a516c0c404a5521f29e82d306b81552437204a07646c28d206ab4325d1b
5.5.01,string-inst.cc,"std::string::find_first_not_of(char const*, unsigned int, unsigned int) const",0,1,0x00032460,0x00033460,0x00433460,80,38,2333c1dcf2ff67db1d7061e8f16950e9113a2c631964d178075f11ae2a1c943d,c6f9e24aa326a50e9958c9294fc0df94a45a7875b59c672e6d0f6e150a5889d9
5.5.01,string-inst.cc,"std::string::find_last_of(char const*, unsigned int, unsigned int) const",0,1,0x00032120,0x00033120,0x00433120,144,66,35081a8b80c5ced396d9799e29c2f348d74957072f7fadf3332fa0dfef4b8cc5,bd298c85eff3383f50e781ea32905cb9de6609d50fe1725995dd76b2548d7dc5
5.5.01,string-inst.cc,"std::string::find_first_of(char const*, unsigned int, unsigned int) const",0,1,0x00032230,0x00033230,0x00433230,112,52,956ea2ddef07cc5f46895eb2c89048e130fc9cff509d5ad9bc433ec8f33fdf11,9d27a3304c48d9b3abdc046700db4b2aecfb2521490f8f73e7f903e3f3a67133
5.5.01,string-inst.cc,"std::string::rfind(char const*, unsigned int, unsigned int) const",0,1,0x00032800,0x00033800,0x00433800,128,58,835fb78881519c128ab8e0a7e39bc3b98d41b8290b83e4e81d13cd3be3a3151b,370dd2e06f4785ae7bbe014b51b855fbe8dab99e3a66b041c4e439d05ee3163c
5.5.01,string-inst.cc,"std::basic_string<char, std::char_traits<char>, std::allocator<char> >::basic_string<__gnu_cxx::__normal_iterator<char*, std::string> >(__gnu_cxx::__normal_iterator<char*, std::string>, __gnu_cxx::__normal_iterator<char*, std::string>, std::allocator<char> const&)",1,1,0x00035880,0x00036880,0x00436880,48,20,053dfa71a5b03903d05b7898182d68ef900ac1ee8f639fe67b49bbbfdc0f340b,3c508df1354d79a9a677f019a32b57810cfd69acfeaa38a31e69897ae43e513b
5.5.01,string-inst.cc,"std::string::replace(__gnu_cxx::__normal_iterator<char*, std::string>, __gnu_cxx::__normal_iterator<char*, std::string>, char const*, unsigned int)",0,1,0x00034900,0x00035900,0x00435900,64,28,a71e91e0fba2e429e987db35dae7cdf4de071bf47115306d01566fe87f686281,d395ebdde9f39801a15e97f81d46852ef83d154bf690e4825d0faebfd6c6e76f
5.5.01,string-inst.cc,"std::string::replace(unsigned int, unsigned int, char const*, unsigned int)",0,1,0x00034B60,0x00035B60,0x00435B60,1056,290,a14cda30bec821e078f34bd540140eb2d12cce913190b5ce9864e79ee09bc068,67b2496bde2d2942d27f3ede1c0f6e26214c540561eefe403220a67e0aa7e966
5.5.01,string-inst.cc,"std::string::insert(unsigned int, char const*, unsigned int)",0,1,0x000342F0,0x000352F0,0x004352F0,416,144,3f3335e8ee8c6dbe4b892f9028c2cd441eeaab93a6132760c8d8235de793938b,1f90ebaecb67ac2c912e996c0b8a6bc6941993425ee84f0203f8f0e041b90da0
5.5.01,string-inst.cc,"std::string::insert(unsigned int, std::string const&, unsigned int, unsigned int)",0,1,0x000344C0,0x000354C0,0x004354C0,112,40,3867e8af381c15e2baf6aab5c1971d3b53a849e8614147600e9799432600677b,4d57d6cb61f7f5ec42249e41976f8c5b574db85e44951659b3aca24490c9c589
5.5.01,string-inst.cc,"std::string::replace(__gnu_cxx::__normal_iterator<char*, std::string>, __gnu_cxx::__normal_iterator<char*, std::string>, unsigned int, char)",0,1,0x00034A30,0x00035A30,0x00435A30,240,86,13545bb76e8d614336e20be32ed8ecce3828cd26ef73c55d01b7e11bb47468d4,037edd8d601c7ad7ab3fbd94ff512d07e8bf39e5beb445d151bb460321f4b50f
5.5.01,string-inst.cc,"std::string::assign(char const*, unsigned int)",0,1,0x00033D90,0x00034D90,0x00434D90,272,100,766b324caaf8bde9c082f58797708a44409b709df97e2ee9309108ea9b1829af,1c9218200e7ca42bce9098158d1bdbfc536320ac343ba3224b43161c451679a9
5.5.01,string-inst.cc,"std::string::_M_replace_aux(unsigned int, unsigned int, unsigned int, char)",0,1,0x000330F0,0x000340F0,0x004340F0,224,82,5d71d4ca7b65bc56be486210aecfc1af2e124e6ecfde6f0026874331907257e7,c49fed258582222636cf87893bd9fd0ecea39b0870885143ed9144d3db6ab2ff
5.5.01,string-inst.cc,"std::string::_M_replace_safe(unsigned int, unsigned int, char const*, unsigned int)",0,1,0x000331D0,0x000341D0,0x004341D0,144,58,3711487ac9d4e1f68bc94b28d571fb2d77dfbed56162eeec94925f62fdfbe27b,71eb0abe564e78116c5e4d2919f53dcb84c382eba7635c99d3d578a55984beb7
5.5.01,string-inst.cc,std::string::append(char const*),0,1,0x000339C0,0x000349C0,0x004349C0,48,21,a2155cef470ef3e0ed7c7ab2ad1d6446c708868f3fc76250a17491a77ed8c67b,acd660a9f348fe4216c311e299eb746492b0c10beeeaab02cdfdb81a9278dc2a
5.5.01,string-inst.cc,std::string::append(std::string const&),0,1,0x00033AC0,0x00034AC0,0x00434AC0,224,85,6f17e9368bddbf522728bff0245b58d77c98ac036598c91813dada59027384fc,144e477ebcf1bca62247cc9d0c5dcaeb6bd6fcb41b2be0db3efa240e91ca5cbb
5.5.01,string-inst.cc,"std::string::_Rep::_M_clone(std::allocator<char> const&, unsigned int)",0,1,0x00033580,0x00034580,0x00434580,128,50,098537aac12cebc467ceafff2e29bb8a79d89beb9f3966ade7b1c47ce5eb0c14,4719c619c6d25fcc35ee8a2188f08502f039d4cf287ebae952d803e35e8a076b
5.5.01,string-inst.cc,"std::string::erase(unsigned int, unsigned int)",0,1,0x00033960,0x00034960,0x00434960,96,36,bba20a01d92727bab5e74e0fa6985dcdb9b565301f4e6eb71304f0bf3826a69e,4e0bee3bc9cb7023dfca3b393fd5ecbee7aa882385d17869aa9498da771f57b2
5.5.01,string-inst.cc,"std::string::append(unsigned int, char)",0,1,0x00033C90,0x00034C90,0x00434C90,208,78,e25bb656fb3e1eca018a2db76a6e9123d22256e03928d6677a280f09b1377842,4ff3dae91b05a347a0aa70098d97bb10f0b5383472850e4bbd6634ce601ee592
5.5.01,string-inst.cc,"std::string::assign(unsigned int, char)",0,1,0x00034090,0x00035090,0x00435090,208,76,71ff5a8f1a3eb02bd36c3602e8a166515aa3b562affbafc5687e9d73f25c0747,c05d56357754f62aea64ed436da441aeed5f15af864691c4d1155718cc76cd5a
5.5.01,string-inst.cc,std::string::assign(char const*),0,1,0x00033D60,0x00034D60,0x00434D60,48,21,6b4c682040c3157e967a68b6968118c749a38ca509552b6e807c827780e8588f,acd660a9f348fe4216c311e299eb746492b0c10beeeaab02cdfdb81a9278dc2a
5.5.01,string-inst.cc,std::string::assign(std::string const&),0,1,0x00033EA0,0x00034EA0,0x00434EA0,368,107,18ace94c515cb3ad769222a8e21c51749af69097b2a87c04c4ed016fab78a29e,6eb1a56f7ae3a210998123a47c32feb63ce55077b5a21a5589a54f44887d527b
5.5.01,string-inst.cc,"std::string::_Rep::_M_grab(std::allocator<char> const&, std::allocator<char> const&)",0,1,0x00033480,0x00034480,0x00434480,256,77,4cb069ebf01bd9dbcf4d8a046ccb6fbb1c9e16a391ef80bae035139177e9ac7d,76a88058b2d6bd43f22cc5ade2dad694e0dc7b583f83c50b5d4620a4df55f8b4
5.5.01,string-inst.cc,"std::string::_S_construct(unsigned int, char, std::allocator<char> const&)",0,1,0x00032E20,0x00033E20,0x00433E20,128,54,08c3190fea4bb0e4901c55b96c67facaf9efec6553d5d0155bc2d38632cbc402,c6df78a76f4289ce1133918c4b194b311e3cdf31ddb86a5e02e89dd8f1a17f3f
5.5.01,string-inst.cc,"std::string::_Alloc_hider::_Alloc_hider(char*, std::allocator<char> const&)",1,1,0x00032DB0,0x00033DB0,0x00433DB0,16,10,af35a3b3e0c1be63b67bd78098044740355498bd3602e164544b151c996e18e3,d6cdf53a9e6993d0db32feafbdca705676df6539bf663a62c484d71cf2c31913
5.5.01,string-inst.cc,std::string::_Rep::_S_empty_rep(),0,1,0x00033450,0x00034450,0x00434450,16,11,4fe798c740d647276d0264e7b3a64997ba1813e966ff029c5a9c860812d5d975,934b15466a493a98275729a919ccd775eb12c59744d9870576feb0221358facf
5.5.01,string-inst.cc,std::string::_Rep::_M_set_leaked(),0,1,0x00033460,0x00034460,0x00434460,16,7,ea33c9c671c3dc4758a8d467cf40fa379a82ac5b197a4d5767fdd930bdde7ee3,e9b34f0c2081a7ea15e840e574ab9660e89956f42c7e2393617970b4b4744888
5.5.01,string-inst.cc,std::string::_Rep::_M_set_sharable(),0,1,0x00033470,0x00034470,0x00434470,16,7,0a27045c5431af4d001b8a0993ff6b57f00f728fc921f3bed391867d82271ed1,7e6fd93bb79fde5afbc2cfc220b1ec692632ad9136a2ab2959b4a95bfda240c3
5.5.01,string-inst.cc,std::string::_Rep::_M_dispose(std::allocator<char> const&),0,1,0x00033330,0x00034330,0x00434330,80,28,3bb5a768383180795052ec101e34ed465127bff9cf37a4eb68ddb1e9270322c9,6078471db0b53d85a32fddc9dfe400fa5fbdc22a21795d03ebf578e3d5767183
5.5.01,string-inst.cc,std::string::_Rep::_M_refdata(),0,1,0x00033440,0x00034440,0x00434440,16,11,1ff40a91308bf73c4c9ca8aeb1a6c1fa6d857000dd507fe2925f8b63e093c666,006a8cc74d2bda59381b93bac16975fed0658d82309e3135e745035aae34783d
5.5.01,string-inst.cc,"std::string::_Rep::_S_create(unsigned int, unsigned int, std::allocator<char> const&)",0,1,0x00033600,0x00034600,0x00434600,320,87,851f811e4d331e7c4c320661631b18d466ce3364351ff8d2891ca2b4a9864e83,e2e0ba41e5e2ef4ca971fbe9ae90f5f6671777182fc47a5b17f9bdd1466aceef
5.5.01,string-inst.cc,std::string::get_allocator() const,0,1,0x000322E0,0x000332E0,0x004332E0,16,11,02d5d60a8b56a60831358edee7395f035d2f966d02b55c76cf90a649c750746c,bb28bbbacd107f929718704f12a2a5fa5cb6ddbca0678038b013276485cc9d99
5.5.01,string-inst.cc,std::string::_S_empty_rep(),0,1,0x00033020,0x00034020,0x00434020,16,11,4fe798c740d647276d0264e7b3a64997ba1813e966ff029c5a9c860812d5d975,934b15466a493a98275729a919ccd775eb12c59744d9870576feb0221358facf
5.5.01,string-inst.cc,std::string::_Rep::_M_is_shared() const,0,1,0x00032570,0x00033570,0x00433570,32,22,b33c6a3f0f17a360c982695f24d4877150c633eac201af779165dddd0a7e8cb6,36ea651ea75b3b60518484390d42e41fcec3f0c2c6f50794b4bf699c71f30dcd
5.5.01,string-inst.cc,std::string::capacity() const,0,1,0x00032D70,0x00033D70,0x00433D70,16,8,5098480e660e7f7017aef0954f275d36f69af3be6ebd35bac7a6d75ca667b647,1a86f64fe50c390eac5198ad797a299f634793d87bf0cf651b06ab3666428ac6
5.5.01,string-inst.cc,"std::string::_S_copy_chars(char*, char const*, char const*)",0,1,0x00033090,0x00034090,0x00434090,48,26,9108d4198146596bc5250cbcb0ee52f6ba89da9dacd11c8626e788cc68b56154,54b5b1280823a526d7f01833680919be1af9b99ee99de18da556cd474704a8ba
5.5.01,string-inst.cc,"std::string::_S_copy_chars(char*, char*, char*)",0,1,0x000330C0,0x000340C0,0x004340C0,48,26,9c02f903966554e7f045eb4a536077050d5643f6a60205bbedfb4b0181ca0a65,54b5b1280823a526d7f01833680919be1af9b99ee99de18da556cd474704a8ba
5.5.01,string-inst.cc,std::string::_M_leak_hard(),0,1,0x00032DD0,0x00033DD0,0x00433DD0,80,31,9883d7d23ecadfadd027d331192795258b89358bba2753f6e54af675754451d7,8a0be721b675f8805b8a990cb950ffaae26b41ee2b6ab7dd87b419e859ba64b6
5.5.01,string-inst.cc,std::string::_Rep::_M_is_leaked() const,0,1,0x00032560,0x00033560,0x00433560,16,9,30e86aa3e9dec8e305554e89f31b94fa88e8f4ac591c95220ada5f45943299aa,363e34f8a31253489ae23a1cb247b4f9e6ec85727fd0cc0a7459a5cba6511ff9
5.5.01,string-inst.cc,std::string::size() const,0,1,0x00032770,0x00033770,0x00433770,16,10,78e6a35a1ddf3db184d518653ef008414eee278e70af91c5c1c936d48077378c,9ee4fb0a10ab9a81ea70de509dec6db71a039ad467d821570c625adf04666408
5.5.01,atomicity.cc,"__gnu_cxx::__exchange_and_add(int volatile*, int)",0,1,0x0002C8E0,0x0002D8E0,0x0042D8E0,16,8,02507ce16d18388c151529674ae08d256d0ff30ed2f07b3aa4cb223090888fd7,bf30d0e7e5b2d0ba21f547db26f5a209ca9e64b2e2f8dade48fa2530a537ca8e
5.5.01,atomicity.cc,"__gnu_cxx::__atomic_add(int volatile*, int)",0,1,0x0002C8F0,0x0002D8F0,0x0042D8F0,16,9,7dea967e62f162be8d90af40f6ae58509ce3c8298fb66352dd335677d2a5d89d,d24cd1936faa1311ea8b8eea70e58a818c23dcaa723c3415c85b6584d3782961
5.5.01,eh_throw.cc,"__gxx_exception_cleanup(_Unwind_Reason_Code, _Unwind_Exception*)",0,1,0x0002C900,0x0002D900,0x0042D900,80,30,47f3dde6bb2a958e12d5a7d18ce63cd81daec5e4401a9ea0838c43d509c8b310,f2844e1f1d2e51b91c0926f657eecee08df5300be0b698c18c4b3809efb83a4b
5.5.01,eh_throw.cc,__cxa_throw,0,1,0x0002C950,0x0002D950,0x0042D950,112,29,a6fc8025de3c519237a519fad28ea84dbbdc684ce5e1bb1c19301f6e75d20103,e156376af3a82f6e52a3ff94d27379d7747dee88c323361cd7c697c24950bab8
5.5.01,eh_throw.cc,__cxa_rethrow,0,1,0x0002C9C0,0x0002D9C0,0x0042D9C0,96,36,a3ce22874277b060d81b1ec391864beb2aca32e96e21c3d18a33e45cfc2c0d89,fd83a83b35373883c05503d557779f6e6eedb625a0210a27fd54e3fc14fbca00
5.5.01,eh_catch.cc,__cxa_begin_catch,0,1,0x0002CA20,0x0002DA20,0x0042DA20,272,83,111c9cd0b9163973437e9c2b470c29be5efdd99f46ec5d3a950da2e0d659142e,0b63ee4983cc2a73f886b7170392a81df26d5a3fd65e164af9fc764d93dd371d
5.5.01,eh_catch.cc,__cxa_end_catch,0,1,0x0002CB30,0x0002DB30,0x0042DB30,144,55,7ae12998f1e6dab6870654a1a42eb73a18dd08ae8794d3644bb810a331b520c5,3a84ec96a36a1e568386b442339fdda8afdf5910a4ab5835bf6e0bf0602ca706
5.5.01,eh_catch.cc,std::uncaught_exception(),0,1,0x0002CBC0,0x0002DBC0,0x0042DBC0,32,18,6f487820421f045d93e46ca1040cffd43a45dfa08f40176b30b5cf48285bc0b9,699df32f6e6a9240c36d03e9158034b71c195d22643f2d01bf611f8aa8e70988
5.5.01,del_opv.cc,operator delete[](void*),0,1,0x0002CBE0,0x0002DBE0,0x0042DBE0,16,11,8c61f99d7ab1413424c2f5f7e151feb9c9129de92a9218ab94603714d4e7c516,4c4c2c7d1a5a48fd6513405ab88125224b6033ecdae2f6d8087a75d7a99408a5
5.5.01,new_opv.cc,operator new[](unsigned int),0,1,0x0002CBF0,0x0002DBF0,0x0042DBF0,160,54,844e84d0f5bb8156f1dd2396077d0b33898c1f027be2c6c26b3ef5ee591551df,84f7a0f67191d9cded0270f979e1ac05ffe540abf641b8f62a0d9dcc22785dbc
5.5.01,tinfo.cc,std::type_info::~type_info(),0,1,0x0002CCC0,0x0002DCC0,0x0042DCC0,16,7,3ed44641e56c6619ccfbf48083cc67e7612738453d8051553bf7ddb33e9f03ec,ad26934f29cce20e9c71ba99661cf4bdd7043b198b3e80158b58a1428ab76fe7
5.5.01,tinfo.cc,std::type_info::~type_info(),1,1,0x0002CCD0,0x0002DCD0,0x0042DCD0,32,8,d639dca8d04d698fcb4cf1e66903ed814504f8e7683373b6ee3948388e1223ac,933055cd7a27552720ea3c56501326dfd90652d6ce0f4c210b19eaff48a86e5a
5.5.01,tinfo.cc,std::bad_cast::~bad_cast(),0,1,0x0002CCF0,0x0002DCF0,0x0042DCF0,32,11,eb1bade73d73788c48f859b90b8696f019e8fb83ca8aa2dd32b1b5b0dca496fb,25e9c06881d0b05095a0619e56264adf120cf4bb18cad01e4da3504db3cb1259
5.5.01,tinfo.cc,std::bad_cast::~bad_cast(),1,1,0x0002CD10,0x0002DD10,0x0042DD10,32,11,1008675f5eb0e3d4e2ff1c7c206231eb9f58a25ec03e65bc6bfaa610a6a0ed1b,25e9c06881d0b05095a0619e56264adf120cf4bb18cad01e4da3504db3cb1259
5.5.01,tinfo.cc,std::bad_cast::~bad_cast(),2,1,0x0002CD30,0x0002DD30,0x0042DD30,48,16,d6a84ae30d6fdc96daaf60319a6c83b3f5564b163c261b2a0d611a76e0b136bf,8e15be3fcfe3246518d7b9af0ca1a6854039aec8e63f60e8bb9e94ad7086a2fb
5.5.01,tinfo.cc,std::bad_typeid::~bad_typeid(),0,1,0x0002CD60,0x0002DD60,0x0042DD60,32,11,18c588653adbdd68a89e8d4dd8f5d80aa116d140824ce571d2cc141569094e15,25e9c06881d0b05095a0619e56264adf120cf4bb18cad01e4da3504db3cb1259
5.5.01,tinfo.cc,std::bad_typeid::~bad_typeid(),1,1,0x0002CD80,0x0002DD80,0x0042DD80,32,11,1f0f45383fda59391661482da66c14afc2f90597b5d4f35d9001b8ffbb64f650,25e9c06881d0b05095a0619e56264adf120cf4bb18cad01e4da3504db3cb1259
5.5.01,tinfo.cc,std::bad_typeid::~bad_typeid(),2,1,0x0002CDA0,0x0002DDA0,0x0042DDA0,48,16,db6010abbb1695325d7f6155fca0ad967a9c1b0ce326bb6ea6ee2d3c596c3d50,f1116147cdcdc1667d604fa02c3c7f5b7d0fbfe0f9d663f380439bfe1654b65e
5.5.01,tinfo.cc,std::type_info::__is_pointer_p() const,0,1,0x0002CE10,0x0002DE10,0x0042DE10,16,8,d78e7a30a5d35fc828ee9bbdcc8ab81537fade2eb75b8b5cf0fc989c4ca369e6,04fdcbc0bd143c7f3b2905ffcd9a9ab63ca8b9ce0e94be665c82a27e212cdc95
5.5.01,tinfo.cc,std::type_info::__is_function_p() const,0,1,0x0002CE20,0x0002DE20,0x0042DE20,16,8,d78e7a30a5d35fc828ee9bbdcc8ab81537fade2eb75b8b5cf0fc989c4ca369e6,04fdcbc0bd143c7f3b2905ffcd9a9ab63ca8b9ce0e94be665c82a27e212cdc95
5.5.01,tinfo.cc,"std::type_info::__do_catch(std::type_info const*, void**, unsigned int) const",0,1,0x0002CE30,0x0002DE30,0x0042DE30,32,13,89fb932b1c1271f0b7009a72eee348e3bba163788a315b80e8818f5df7b1c96d,0928b1cef51ad18872770d1bac2909dc611a6028fa4e447ea025df61488154a5
5.5.01,tinfo.cc,"std::type_info::__do_upcast(__cxxabiv1::__class_type_info const*, void**) const",0,1,0x0002CE50,0x0002DE50,0x0042DE50,16,8,d78e7a30a5d35fc828ee9bbdcc8ab81537fade2eb75b8b5cf0fc989c4ca369e6,04fdcbc0bd143c7f3b2905ffcd9a9ab63ca8b9ce0e94be665c82a27e212cdc95
5.5.01,tinfo.cc,__cxxabiv1::__class_type_info::~__class_type_info(),0,1,0x0002CE60,0x0002DE60,0x0042DE60,32,11,703d58a2830df28c6628a991d58b882f3c61f4a66a529d9f458fb392154be18f,a9c3933d7fbc70a8ca7d000be97fdb71e9bbf7f1dfc301d1d389591dc2d75724
5.5.01,tinfo.cc,__cxxabiv1::__class_type_info::~__class_type_info(),1,1,0x0002CE80,0x0002DE80,0x0042DE80,48,16,186df2521371133253c15a0d75b7efa93b2f8b4b5a28b619fcd85c51480db220,6b203cebbf1e234d13add3712d60e05e8c24cc1531439c5934ef7d1c222f2ed9
5.5.01,tinfo.cc,__cxxabiv1::__si_class_type_info::~__si_class_type_info(),0,1,0x0002CEB0,0x0002DEB0,0x0042DEB0,32,11,049acc7dc59879a30a5beb87f374baf3c53d6c51d2ae00b3c6b9d119fa91e5a1,5722772f0ed92586ef324c31898befa08847ad181e52e208b8cffdecb8bcd097
5.5.01,tinfo.cc,__cxxabiv1::__si_class_type_info::~__si_class_type_info(),1,1,0x0002CED0,0x0002DED0,0x0042DED0,32,11,75a70a032135e1c5bbd4d4e6eb921ffa8cf9defa52e0fa2caceda4d8cc2cb63c,5722772f0ed92586ef324c31898befa08847ad181e52e208b8cffdecb8bcd097
5.5.01,tinfo.cc,__cxxabiv1::__si_class_type_info::~__si_class_type_info(),2,1,0x0002CEF0,0x0002DEF0,0x0042DEF0,48,16,6f3835f437dab03befd164134ef332a5ddff43468feec0f91320e9de982c9b55,f7453f629ebf6a27b7439c1c9c64fd88b9ac26abb1fac9a8512db83879ac59fa
5.5.01,tinfo.cc,__cxxabiv1::__vmi_class_type_info::~__vmi_class_type_info(),0,1,0x0002CF20,0x0002DF20,0x0042DF20,32,11,11c5b700cfac1968973328a73ee309504387b92847dd1a8f86804f724d0339d6,5722772f0ed92586ef324c31898befa08847ad181e52e208b8cffdecb8bcd097
5.5.01,tinfo.cc,__cxxabiv1::__vmi_class_type_info::~__vmi_class_type_info(),1,1,0x0002CF40,0x0002DF40,0x0042DF40,32,11,3501f9ba1aec301454c07f787d300c6f8cc66ac29a503028498000248f799cf5,5722772f0ed92586ef324c31898befa08847ad181e52e208b8cffdecb8bcd097
5.5.01,tinfo.cc,__cxxabiv1::__vmi_class_type_info::~__vmi_class_type_info(),2,1,0x0002CF60,0x0002DF60,0x0042DF60,48,16,6b2717130ef53dee352ac7d187a2bdeac86a0bcd8a2d7b447093a6e4ca35629c,c909a2dc4f31f52c174812c29423528da3def0e1deeeccc95f246d057db7ed9b
5.5.01,tinfo.cc,"__cxxabiv1::__class_type_info::__do_catch(std::type_info const*, void**, unsigned int) const",0,1,0x0002CF90,0x0002DF90,0x0042DF90,112,39,325392804d7164070780bd6b903bfc5dddc7cb3294f47a93b2484a9d048ac246,926392ad8a5a0569d8ebac370e967a34f6075ad654d7a964cb69509aca2c0ab4
5.5.01,tinfo.cc,"__cxxabiv1::__class_type_info::__do_upcast(__cxxabiv1::__class_type_info const*, void**) const",0,1,0x0002D000,0x0002E000,0x0042E000,112,34,5072c7742d60451e6e12162e743b882507d61cd707b9f4ff139f0cf12832f951,da13fbb5fd487d62e115867824947f87e7cdc1df59de244a1b55519f80eec76b
5.5.01,tinfo.cc,"__cxxabiv1::__si_class_type_info::__do_find_public_src(int, void const*, __cxxabiv1::__class_type_info const*, void const*) const",0,1,0x0002D090,0x0002E090,0x0042E090,128,46,335c4c6ffaa1b1ae65a8f56067e461abcbc641f7b34295e255afba59498cdd8f,5de48751ee2df5a052bbf3cc1b6b42ed60b31e36e9a76d407e6b0c4fd79e6f80
5.5.01,tinfo.cc,"__cxxabiv1::__vmi_class_type_info::__do_find_public_src(int, void const*, __cxxabiv1::__class_type_info const*, void const*) const",0,1,0x0002D110,0x0002E110,0x0042E110,208,82,d1ce1547799dee0c056e076815a4cccfa29c544cd92f0f709267d42e5167e8cd,825a68d386b29af0807129dbc7f3da19db8497c12d2ed8225106bb73d80197b7
5.5.01,tinfo.cc,"__cxxabiv1::__class_type_info::__do_dyncast(int, __cxxabiv1::__class_type_info::__sub_kind, __cxxabiv1::__class_type_info const*, void const*, __cxxabiv1::__class_type_info const*, void const*, __cxxabiv1::__class_type_info::__dyncast_result&) const",0,1,0x0002D1E0,0x0002E1E0,0x0042E1E0,112,40,0eeb7dec7faf4fcfd7687821c729f77b9289c4bdd693cc3879bbf2fbd8ecd70f,c22c78c64b6af3451a48c50b0b668651163788e5d0749065dcd777b2228e4a42
5.5.01,tinfo.cc,"__cxxabiv1::__si_class_type_info::__do_dyncast(int, __cxxabiv1::__class_type_info::__sub_kind, __cxxabiv1::__class_type_info const*, void const*, __cxxabiv1::__class_type_info const*, void const*, __cxxabiv1::__class_type_info::__dyncast_result&) const",0,1,0x0002D250,0x0002E250,0x0042E250,240,77,d0b4a6d04f1f669598cf710d734e39fb320d2cdaacf3945528d6ff33b75f8f93,ccf4151dda6680365d9312833e6992e656672fa51fa153c45d67a9550ce402f3
5.5.01,tinfo.cc,"__cxxabiv1::__vmi_class_type_info::__do_dyncast(int, __cxxabiv1::__class_type_info::__sub_kind, __cxxabiv1::__class_type_info const*, void const*, __cxxabiv1::__class_type_info const*, void const*, __cxxabiv1::__class_type_info::__dyncast_result&) const",0,1,0x0002D340,0x0002E340,0x0042E340,1264,385,a86971823db8b9bfa4a083a72f5ab3d79b4f8bfdb6f8fb0232399bf308893341,3d3a8e3bee057b1c3cf660d2b1877d0a2dbfe3a7ac2fdeac0235ba50fe95877f
5.5.01,tinfo.cc,"__cxxabiv1::__si_class_type_info::__do_upcast(__cxxabiv1::__class_type_info const*, void const*, __cxxabiv1::__class_type_info::__upcast_result&) const",0,1,0x0002D880,0x0002E880,0x0042E880,128,44,a6c98603fcdfdf3d8a0dd5a34442c26e2cacf0dc310fa77b53f6894d0c15527d,8ce6f3cb724a497ef5bdecb126cb4eb1d93588bd580a3499323d5220cccb11e4
5.5.01,tinfo.cc,"__cxxabiv1::__vmi_class_type_info::__do_upcast(__cxxabiv1::__class_type_info const*, void const*, __cxxabiv1::__class_type_info::__upcast_result&) const",0,1,0x0002D900,0x0002E900,0x0042E900,528,167,2ebefc3fa1e72c5a2be83f09a928326113d95cf444975d191ceec4220653aaff,f29fee5215e9f9ae768d6b8afeb1c389b3f1bf20fab1238abebc3b8d5e49f0ba
5.5.01,tinfo.cc,__dynamic_cast,0,1,0x0002DB10,0x0002EB10,0x0042EB10,304,107,6f23dfeee613bbcade08b57c808cda2477638a4fffccd6332038cab94e1cdc19,820f93a928ee6b46bb8e28c10b29b3caf305764c1b471008989ed06edd270f48
5.5.01,tinfo.cc,"__cxxabiv1::__class_type_info::__do_find_public_src(int, void const*, __cxxabiv1::__class_type_info const*, void const*) const",0,1,0x0002D070,0x0002E070,0x0042E070,32,12,9a3c1c41bc24e4772d3df0c17081fdc36f7f7641aea606bb70951e5f58668e23,43a9f37614142786fa0d6e9ad16f549e75f785c33b90871db6a7b6c90930eeac
5.5.01,tinfo.cc,"__cxxabiv1::__class_type_info::__do_upcast(__cxxabiv1::__class_type_info const*, void const*, __cxxabiv1::__class_type_info::__upcast_result&) const",0,1,0x0002D830,0x0002E830,0x0042E830,80,25,1202e10e592ed44ffade5ebb8b466098c332a7051e6b80245db243b5609b8ace,bcf9e2b1d373a29d2ee2d86c1084409758dd20a89056f3cae7ed9e446ba883b5
5.5.01,tinfo.cc,__cxxabiv1::__class_type_info::~__class_type_info(),2,1,0x0002CCA0,0x0002DCA0,0x0042DCA0,32,11,1eee0dde338075b7f302d2871941ca9e6e8a63b35636cab08a7c0e6031faab15,a9c3933d7fbc70a8ca7d000be97fdb71e9bbf7f1dfc301d1d389591dc2d75724
5.5.01,tinfo.cc,std::type_info::~type_info(),2,1,0x0002CC90,0x0002DC90,0x0042DC90,16,7,3ed44641e56c6619ccfbf48083cc67e7612738453d8051553bf7ddb33e9f03ec,ad26934f29cce20e9c71ba99661cf4bdd7043b198b3e80158b58a1428ab76fe7
5.5.01,tinfo.cc,std::type_info::operator==(std::type_info const&) const,0,1,0x0002CDD0,0x0002DDD0,0x0042DDD0,64,24,3a8a2d3c0591846f7d4b743bafdc509d82668245662f53646251b3fcb6c18ef1,26ae7444a9b9d2cae22f497d6fafce763d24985bccf282dc28af65e975fcf18b
5.5.01,new_handler.cc,std::set_new_handler(void (*)()),0,1,0x0002DC40,0x0002EC40,0x0042EC40,32,10,be0e2196908e6808c7a34a5d88fda0cb5a78ecd337486909efc7a4cefef2eb3d,f8d1f5acdc70236b7e66821b9e6300280df1c67a5e27f774dd426bbbf1aac7db
5.5.01,new_handler.cc,std::bad_alloc::~bad_alloc(),0,1,0x0002DC60,0x0002EC60,0x0042EC60,32,11,86f2ba7013e347be89e34fafa1381df2fafe0a899bcd3966f9d9a06663cc2eab,25e9c06881d0b05095a0619e56264adf120cf4bb18cad01e4da3504db3cb1259
5.5.01,new_handler.cc,std::bad_alloc::~bad_alloc(),1,1,0x0002DC80,0x0002EC80,0x0042EC80,32,11,72f5e9e0ba0d215e6af8fa198244bbd554ae8016418fb5d60840ee399305df27,25e9c06881d0b05095a0619e56264adf120cf4bb18cad01e4da3504db3cb1259
5.5.01,new_handler.cc,std::bad_alloc::~bad_alloc(),2,1,0x0002DCA0,0x0002ECA0,0x0042ECA0,48,26,92fcd9d17e90af0083cde21b0fe082dd7dbbf1e39dfa83acc35617cadb15e453,ccf09be764e50b26c780ddd37f99fd3122581ad877802ff7b0f7689e8a309078
5.5.01,eh_alloc.cc,emergency_mutex_init(),0,1,0x0002DCD0,0x0002ECD0,0x0042ECD0,32,9,d9ba29db156eea3e32623338d915d07e191c71bb8139266db65c1a1764207880,4fc0d701a8130e236bcf2d32a80e74a7dff8837dc021ffb119486309f007b7e1
5.5.01,eh_alloc.cc,__cxa_allocate_exception,0,1,0x0002DCF0,0x0002ECF0,0x0042ECF0,400,103,63ad71692ca5b00ee61628c3efea22ea5e96d3f001c8dce44d7d238e3bfec174,dba8515e8cb425e9de133d298d66637872b0ea19f37042cfff33dddf694413be
5.5.01,eh_alloc.cc,__cxa_free_exception,0,1,0x0002DE80,0x0002EE80,0x0042EE80,256,78,efa106b5685a676e116be9e924e4a9b85d1c1d5259727668cde4297302f7bb37,e919161cf937bf907012528a2574ee6b79f3eecad72b126a34ace5ccb713c513
5.5.01,eh_exception.cc,std::exception::~exception(),0,1,0x0002DF90,0x0002EF90,0x0042EF90,16,7,10eeb8aae2d798d4e8e443ebefc20cfb1ee0f12af82c2d34b62689316d98e3b1,ad26934f29cce20e9c71ba99661cf4bdd7043b198b3e80158b58a1428ab76fe7
5.5.01,eh_exception.cc,std::exception::~exception(),1,1,0x0002DFA0,0x0002EFA0,0x0042EFA0,32,11,b03383c8d81ec6a136de148814c4b7d95ca0fb100d601f55171b9141ac1242bb,7b3154dd3269a29a444c73f8fb2a070ad537a20131bae23279fd3c479f7bd594
5.5.01,eh_exception.cc,std::bad_exception::~bad_exception(),0,1,0x0002DFC0,0x0002EFC0,0x0042EFC0,32,11,df043d1973a89d3c2130546c2019729360156843be6d66cc2ef8c6a6235723bc,25e9c06881d0b05095a0619e56264adf120cf4bb18cad01e4da3504db3cb1259
5.5.01,eh_exception.cc,std::bad_exception::~bad_exception(),1,1,0x0002DFE0,0x0002EFE0,0x0042EFE0,32,11,efc804184dc5cbc6c6d7b2dd28e77244b97cf2ee22fa15929f4d72394516dedb,25e9c06881d0b05095a0619e56264adf120cf4bb18cad01e4da3504db3cb1259
5.5.01,eh_exception.cc,std::bad_exception::~bad_exception(),2,1,0x0002E000,0x0002F000,0x0042F000,48,16,04ee72fea39a7a4aa488eb210c1aa375e93221414dca983fb6866c075ae43b3a,8e15be3fcfe3246518d7b9af0ca1a6854039aec8e63f60e8bb9e94ad7086a2fb
5.5.01,eh_exception.cc,std::exception::what() const,0,1,0x0002E030,0x0002F030,0x0042F030,16,8,ae295d6399a4f78d2ba79ed4f6227fbd639d25340b0fe666072cc0076a43f24f,14120ce730daf12568880e038f98fcc0a0172a0730ae0f86142fbb6ede02e4db
5.5.01,eh_exception.cc,std::exception::~exception(),2,1,0x0002DF80,0x0002EF80,0x0042EF80,16,7,10eeb8aae2d798d4e8e443ebefc20cfb1ee0f12af82c2d34b62689316d98e3b1,ad26934f29cce20e9c71ba99661cf4bdd7043b198b3e80158b58a1428ab76fe7
5.5.01,eh_terminate.cc,__cxxabiv1::__terminate(void (*)()),0,1,0x0002E040,0x0002F040,0x0042F040,96,24,2e1ca42905605f96cb2cbc62c423359c7801e44b794e449369e59cfffb5ec5cf,aa9927b81684a4cc4ce81f78fee8c3cfa2f26cbdf0ec3de37bb32e8461717d65
5.5.01,eh_terminate.cc,std::terminate(),0,1,0x0002E0A0,0x0002F0A0,0x0042F0A0,32,10,ca0af1dc3cf764e805791a5305538a17c938e27f1b5453f43cdb5d59e2be3141,ee0683d4c102faa1b7df22ae624d8042a07b4e0e069086bc7d085d451ba38b54
5.5.01,eh_terminate.cc,__cxxabiv1::__unexpected(void (*)()),0,1,0x0002E0C0,0x0002F0C0,0x0042F0C0,16,6,27b61d8001d5261fcf58d025b3ac1016bf89e257138a556ef62a4f2fda808c38,edbcb41d4db9b86748e9bc30c9e01b9e8f92f0562772737e4a66b9478941a787
5.5.01,eh_terminate.cc,std::unexpected(),0,1,0x0002E0D0,0x0002F0D0,0x0042F0D0,32,10,212a318056bdd08da6c0edf1e90228de1eaf8913883bbffcc12a5f79896d852a,189f8a9f0a64e3536dc0247f1219e22f00a470147b58eb0378c02f6312f3c975
5.5.01,eh_terminate.cc,std::set_terminate(void (*)()),0,1,0x0002E0F0,0x0002F0F0,0x0042F0F0,32,10,60ccfe8e3fae362c7fdde74ef0fbc1ad183ba10ea39be0e3a9972b20734a6a62,761f4465df7e1a5644ec548e3fd5e0b87d8b663fd087a47208d6aa9926715938
5.5.01,eh_terminate.cc,std::set_unexpected(void (*)()),0,1,0x0002E110,0x0002F110,0x0042F110,32,22,c5e60c70b28de37a46ba3a7ece3153acdda2fa0093cd6dcbd33c81b667eebcef,7e159ec32d4f47fe985b984417e878572d2f261d032a2714582fc5f27861d3b6
5.5.01,eh_globals.cc,get_globals_dtor(void*),0,1,0x0002E130,0x0002F130,0x0042F130,32,11,89a81d521acf548cb0e074bf1cd34aebcc33b1ac2a32011ceeb3eea2cb0d9109,a808d71bf9cc76086724fc375c5fbb6b3e5b3154c3a90397abea21219538391e
5.5.01,eh_globals.cc,get_globals_init(),0,1,0x0002E150,0x0002F150,0x0042F150,80,26,3150a039625554b1ebeedffe1ac8ea5b9d1e574da53d1319a1ec2b7e377c980b,e925cd2776557442d38cde543fb1b0db59a9e0a1d6652b6c9b3b329711035eea
5.5.01,eh_globals.cc,__cxa_get_globals_fast,0,1,0x0002E1A0,0x0002F1A0,0x0042F1A0,208,57,da9a480b4c4d8f96f6d417a6783f248ed61e164c301aa7536408c1144311d003,426cdf32cf7cb1834d0d4b9ea00305411259981ffefaa6aa7782ae2b5dc695a2
5.5.01,eh_globals.cc,__cxa_get_globals,0,1,0x0002E270,0x0002F270,0x0042F270,512,146,54fd87f7cbdd3333a05bd80002c6bf3e1aeb9d14ebfbe3a90d8654e8e07d418d,c0c3dedeb78bb43a9101918e388ea93b05b42966d796f6d160fe9bef93cd9fed
5.5.01,functexcept.cc,std::__throw_bad_exception(),0,1,0x0002E470,0x0002F470,0x0042F470,64,14,1dd5271b6bd2befcda8293436cf0cbe6b038a4d8f3505c1b7b4624ed61585bd1,f39dcbbaf5f3cc135e4b2f8e0c6d7d6bf370e4dfb454e5c99d35e5fc899469d7
5.5.01,functexcept.cc,std::__throw_bad_alloc(),0,1,0x0002E4B0,0x0002F4B0,0x0042F4B0,64,14,d260eab2176a2053a19a4a965a4b68d644ffb4f3a227dedc17fb47d1c789241c,f39dcbbaf5f3cc135e4b2f8e0c6d7d6bf370e4dfb454e5c99d35e5fc899469d7
5.5.01,functexcept.cc,std::__throw_bad_cast(),0,1,0x0002E4F0,0x0002F4F0,0x0042F4F0,64,14,de86606cf55f4fb90550779d71b2812dc589b6eccfe4b8fb12b05a72cb514d42,f39dcbbaf5f3cc135e4b2f8e0c6d7d6bf370e4dfb454e5c99d35e5fc899469d7
5.5.01,functexcept.cc,std::__throw_bad_typeid(),0,1,0x0002E530,0x0002F530,0x0042F530,64,14,a48eaac8beb96bde396c926e2fa90038c54fa985b77cd9a24ecba9226acb3a66,f39dcbbaf5f3cc135e4b2f8e0c6d7d6bf370e4dfb454e5c99d35e5fc899469d7
5.5.01,functexcept.cc,std::domain_error::~domain_error(),0,1,0x00036080,0x00037080,0x00437080,48,26,049570ab9412d759449563b7e2be7c3f1990c1fa0a04d6979f166fa2ebbba9cc,e861baad3ba72c5d74c87a4bbd7724cd2e0b32ae7162c98b9f981784a273a0cb
5.5.01,functexcept.cc,std::invalid_argument::~invalid_argument(),0,1,0x00036210,0x00037210,0x00437210,48,26,60a5cd83b8e549655db7af1d78f5594951dc58cd443f69381aeace1bf4b4da67,2ddfb9e600b13b8f989fef187b88b5e43f84d1012bb9014cdff72ebbc859d986
5.5.01,functexcept.cc,std::length_error::~length_error(),0,1,0x000360D0,0x000370D0,0x004370D0,48,26,c605a3fbc2bf52aaf972b43595cb885b56058dc3820dcc6cb62e3dd72018f49d,2ddfb9e600b13b8f989fef187b88b5e43f84d1012bb9014cdff72ebbc859d986
5.5.01,functexcept.cc,std::out_of_range::~out_of_range(),0,1,0x00036120,0x00037120,0x00437120,48,26,9cadb6c8ee234d3e6de809391b0de54d8ab4ab520a5f4a82028ad618143ee280,2ddfb9e600b13b8f989fef187b88b5e43f84d1012bb9014cdff72ebbc859d986
5.5.01,functexcept.cc,std::range_error::~range_error(),0,1,0x00036030,0x00037030,0x00437030,48,26,5aea127cff185ec87ad6fcdf5b783e23a9776de29a74363cd219d7e271fbb226,5e9e1fd8184aea8ac816d8734a43e8178f001a6b621c9d484f3ab8fcbeacde85
5.5.01,functexcept.cc,std::overflow_error::~overflow_error(),0,1,0x00036170,0x00037170,0x00437170,48,26,f1645cc7bc2d1c73e68e1b99c7dc98b3997e47d35e8db27aae21024234230953,5e9e1fd8184aea8ac816d8734a43e8178f001a6b621c9d484f3ab8fcbeacde85
5.5.01,functexcept.cc,std::underflow_error::~underflow_error(),0,1,0x000361C0,0x000371C0,0x004371C0,48,26,c6243e9c51e6118ea5817340dbb01c4e75f8f4ca1b2dbf3ff0551960c32a9853,5e9e1fd8184aea8ac816d8734a43e8178f001a6b621c9d484f3ab8fcbeacde85
5.5.01,functexcept.cc,std::__throw_ios_failure(char const*),0,1,0x0002E570,0x0002F570,0x0042F570,256,64,2d9ca390d466125cecc3bd1f4f3fa8788bcacfe418b444b4386470372fa789a7,b0dd82dbe054219a611ae46a3957f6084214682e253c0def2d522b0318911d85
5.5.01,functexcept.cc,std::__throw_underflow_error(char const*),0,1,0x0002E670,0x0002F670,0x0042F670,416,100,f33393633decc7156b7b6ce60babf92032688b722e48bc903cf8fe68e0a8bcfe,641bb9fca4bf177d022244956ef936a6912d1f7e788b24e5331ddbfc8b8409d8
5.5.01,functexcept.cc,std::__throw_overflow_error(char const*),0,1,0x0002E810,0x0002F810,0x0042F810,416,100,605f9e945578fcdf4e39f4841b758bf58ec87e932bcca2f455114690a3b0548e,2e724548850d174b79e9de64809a58acf2b1b060e570abc8b5014be2239bab02
5.5.01,functexcept.cc,std::__throw_range_error(char const*),0,1,0x0002E9B0,0x0002F9B0,0x0042F9B0,416,100,571d2eba6d9778a44ca97dfcd988ca281842b65bb99ae7c1a3a29ac59ea7605c,edd0d086786ad8cbd7c1c6d1d5c7f383b7ab91123bdeef8a95d8976c1d7e150e
5.5.01,functexcept.cc,std::__throw_runtime_error(char const*),0,1,0x0002EB50,0x0002FB50,0x0042FB50,416,100,8b22fd581882e84a02971dde38bfafa5aedb9c3717817e488491c29d79106024,52e6c7c0bf142bbcfa759af3141c4bf6caa2079a91408f1eeb48694df968ee6d
5.5.01,functexcept.cc,std::__throw_out_of_range(char const*),0,1,0x0002ECF0,0x0002FCF0,0x0042FCF0,416,100,295d099d85568acb2cf3723e69e6f75eb266c9d4cdd60c85efade7adf1f050d2,58fdaeff53aeb492effd9b38e7134f4ac091ca28e826246c5dc2888a69cb5692
5.5.01,functexcept.cc,std::__throw_length_error(char const*),0,1,0x0002EE90,0x0002FE90,0x0042FE90,416,100,1ad4788637304702384d4c0c78264ce92d4cfb3191f539a5f9a1686adbc13da0,53f0e6d0bdf1403834aaf07d1d060a1e24f8be245763c35e73a4b31c19ae8c38
5.5.01,functexcept.cc,std::__throw_invalid_argument(char const*),0,1,0x0002F030,0x00030030,0x00430030,416,100,804b3c15b0cd68a7eb4f399e598378fedba13a875a3b3600a08572281f00d928,a2f445e464f3d3e469da4e8c282374584d4a958f4650d899bfa74faffc258b11
5.5.01,functexcept.cc,std::__throw_domain_error(char const*),0,1,0x0002F1D0,0x000301D0,0x004301D0,416,100,6ef02233378e9d1e9c63fe479d7e5950b517945f792173cf7e948ecb8ce26269,a30a13170349b9d645d60aa772104181065bdae7f84e743b25029eb33f84cf63
5.5.01,functexcept.cc,std::__throw_logic_error(char const*),0,1,0x0002F370,0x00030370,0x00430370,416,105,10ea928742dd22e9f644e5f1cd22db91b669e4fd61fff54865c2e307e49d23f5,89b9d1200ea73a3070b627f9356be1d8b00d6e10453ed2e1e14eaa7ba30c8808
5.5.01,functexcept.cc,std::underflow_error::~underflow_error(),1,1,0x000361F0,0x000371F0,0x004371F0,32,16,10cdd1e27cd96f0f64e9f74704be8659264648c60dd578266867434a3fb9e5cb,f996f73d447d7c35950aeffa113aa310ef9a93fa3fda7700bcd0fee8c79dbd16
5.5.01,functexcept.cc,std::overflow_error::~overflow_error(),1,1,0x000361A0,0x000371A0,0x004371A0,32,16,a0453cb91f4aafa7a9928a6e5238c1442afd4ef2dc228574bb6e3eacd6415ee3,f996f73d447d7c35950aeffa113aa310ef9a93fa3fda7700bcd0fee8c79dbd16
5.5.01,functexcept.cc,std::range_error::~range_error(),1,1,0x00036060,0x00037060,0x00437060,32,16,b7587da5d525ab5430a03d02fcf5e2f30376c37ec864e4e9e1375738e0b3a670,f996f73d447d7c35950aeffa113aa310ef9a93fa3fda7700bcd0fee8c79dbd16
5.5.01,functexcept.cc,std::out_of_range::~out_of_range(),1,1,0x00036150,0x00037150,0x00437150,32,16,e0b68cf63bb7ba18ca733a76c0d6818782312d0eac1b5445f910b635df3d3675,e3ad4fc2684d58948f4a1a9f6272165e3e6d2f227984bb56f8ea095def6c363f
5.5.01,functexcept.cc,std::length_error::~length_error(),1,1,0x00036100,0x00037100,0x00437100,32,16,391b912ac6d41e06d574b484749ed75786f4bc3995c04b256a568e23f9e64bf5,e3ad4fc2684d58948f4a1a9f6272165e3e6d2f227984bb56f8ea095def6c363f
5.5.01,functexcept.cc,std::invalid_argument::~invalid_argument(),1,1,0x00036240,0x00037240,0x00437240,32,16,47f1c2b26ec988a3a70357cda315ce6e103533e9febfbf1cc1c97cbaa560e7a3,e3ad4fc2684d58948f4a1a9f6272165e3e6d2f227984bb56f8ea095def6c363f
5.5.01,functexcept.cc,std::domain_error::~domain_error(),1,1,0x000360B0,0x000370B0,0x004370B0,32,16,43c50424cb2f0bff962210ab65796d9dae130d1e8c616d98eee8ee7c30746809,e3ad4fc2684d58948f4a1a9f6272165e3e6d2f227984bb56f8ea095def6c363f
5.5.01,stdexcept.cc,std::runtime_error::what() const,0,1,0x0002F510,0x00030510,0x00430510,16,8,ff8046fbc8407304dc8252e679b8472bc8c39de40b6e4aaa7e3a156c71c979ac,ad13ee4e5ca4bef480ec2d42f974573c8874f200b2b9bb6d748b5ff1cea2515d
5.5.01,stdexcept.cc,std::logic_error::what() const,0,1,0x0002F520,0x00030520,0x00430520,16,8,ff8046fbc8407304dc8252e679b8472bc8c39de40b6e4aaa7e3a156c71c979ac,ad13ee4e5ca4bef480ec2d42f974573c8874f200b2b9bb6d748b5ff1cea2515d
5.5.01,stdexcept.cc,std::runtime_error::~runtime_error(),0,1,0x0002F530,0x00030530,0x00430530,256,71,019be58b49757dfe75fa6ab8119e1fc9fed132d61e7248641ce12634bab7aecd,f2ffe0d67321e30de556d1d9689280ea93852a6503f6b279940e0aebb5992c8a
5.5.01,stdexcept.cc,std::runtime_error::~runtime_error(),1,1,0x0002F630,0x00030630,0x00430630,256,71,b3bc67497af6e4d6d5ed09e4cf1a1f6edc9ec6270089e50b5de9b3b2795cce7c,1dce823e8cbb3d6bbe56353a2d2df213394d737cd31fdc1e15bcce298c98ef87
5.5.01,stdexcept.cc,std::runtime_error::~runtime_error(),2,1,0x0002F730,0x00030730,0x00430730,256,71,8de580649b2a667a440f7fbf039dba8410b73967ffaa34f2db2e236b7c348286,5772dfd5f26ce1b455081e264281a80afa321ea0410855ff7e3fb58cabe75afd
5.5.01,stdexcept.cc,std::runtime_error::runtime_error(std::string const&),0,1,0x0002F830,0x00030830,0x00430830,176,49,63a2f6e2a92418600d0a5582bb02b9f8f1d1936b805d437adaf605ef8e117f9d,21a7cb7890b826342b848679eb8fde5d29f6c8e294684ae67898a9d144b573fe
5.5.01,stdexcept.cc,std::runtime_error::runtime_error(std::string const&),1,1,0x0002F8E0,0x000308E0,0x004308E0,176,49,80870719197a08ae439c8d89126dd74380b1592f535201b0041aa5bfbee10fa5,21a7cb7890b826342b848679eb8fde5d29f6c8e294684ae67898a9d144b573fe
5.5.01,stdexcept.cc,std::underflow_error::underflow_error(std::string const&),0,1,0x0002F990,0x00030990,0x00430990,48,17,133eff78c72399a05a2638f647a942a81921c0f3a4b8b9cf97c536b8a05e555e,c8d5c6c99981e467f8cd9a66ec8f1bcdbc1b44757b7dd8a5f8e323c7976dc000
5.5.01,stdexcept.cc,std::underflow_error::underflow_error(std::string const&),1,1,0x0002F9C0,0x000309C0,0x004309C0,48,17,da77871ec79b72276a5979bc65fea45a87b365f56ec83a19ac4cbd8475b786e0,c8d5c6c99981e467f8cd9a66ec8f1bcdbc1b44757b7dd8a5f8e323c7976dc000
5.5.01,stdexcept.cc,std::overflow_error::overflow_error(std::string const&),0,1,0x0002F9F0,0x000309F0,0x004309F0,48,17,7d26f0dceb1f98b641ea578edd6d16906156da4544b24f777786a4aa34f3d2a0,c8d5c6c99981e467f8cd9a66ec8f1bcdbc1b44757b7dd8a5f8e323c7976dc000
5.5.01,stdexcept.cc,std::overflow_error::overflow_error(std::string const&),1,1,0x0002FA20,0x00030A20,0x00430A20,48,17,b1c98199b32079a115ab78761c4e89bfbc4e5fccb2ec6e2ec62f73a3a0a96546,c8d5c6c99981e467f8cd9a66ec8f1bcdbc1b44757b7dd8a5f8e323c7976dc000
5.5.01,stdexcept.cc,std::range_error::range_error(std::string const&),0,1,0x0002FA50,0x00030A50,0x00430A50,48,17,9fecdbf63bc76f8221c27e17bdc9730c7c9f2d93da6907c441b79ac641a7e8ad,c8d5c6c99981e467f8cd9a66ec8f1bcdbc1b44757b7dd8a5f8e323c7976dc000
5.5.01,stdexcept.cc,std::range_error::range_error(std::string const&),1,1,0x0002FA80,0x00030A80,0x00430A80,48,17,22a3b163d456ed91a4420e6e13fa21225184e755c339f77a9535bff37f109815,c8d5c6c99981e467f8cd9a66ec8f1bcdbc1b44757b7dd8a5f8e323c7976dc000
5.5.01,stdexcept.cc,std::logic_error::~logic_error(),0,1,0x0002FAB0,0x00030AB0,0x00430AB0,256,71,86e5da85d3052ea2c3111587103f7c93021c414f316d1ea6d640eca07a66e1e9,d18a6b637cbfedfd4f291b1ce55df8b00d2437ca4b55920b15285061cfb8d982
5.5.01,stdexcept.cc,std::logic_error::~logic_error(),1,1,0x0002FBB0,0x00030BB0,0x00430BB0,256,71,190e268fd35eb4eef7ec6c1a2028fb5482098f9f260a47dacfb6e065bbbd5f56,95e8fb808697c702adb6addc4b6d2a1fb2ec726df92c86d6111499f322cb20da
5.5.01,stdexcept.cc,std::logic_error::~logic_error(),2,1,0x0002FCB0,0x00030CB0,0x00430CB0,256,71,573ada13ad8e228b312281ee8d4a3b7bb24699a3f60537b2614569e438d770e7,e7e59ffcca5a2d44b8660aa21262c3cd1aa89a242e8d9eb540428ba70742e6a9
5.5.01,stdexcept.cc,std::logic_error::logic_error(std::string const&),0,1,0x0002FDB0,0x00030DB0,0x00430DB0,176,49,efab21ee58596173e49c2032814444ab7a286c0e40f679d649927173bbefffc6,21a7cb7890b826342b848679eb8fde5d29f6c8e294684ae67898a9d144b573fe
5.5.01,stdexcept.cc,std::logic_error::logic_error(std::string const&),1,1,0x0002FE60,0x00030E60,0x00430E60,176,49,29f1a035b1ee3ca807c427446c9791f62c9c859e30e3e3490bbe1902fc6710bc,21a7cb7890b826342b848679eb8fde5d29f6c8e294684ae67898a9d144b573fe
5.5.01,stdexcept.cc,std::out_of_range::out_of_range(std::string const&),0,1,0x0002FF10,0x00030F10,0x00430F10,48,17,fb118a9010cbad5842d0fc36c879df0fd90ad85ef1f8851338d82d5eb8065007,e1d02c6a8b139c51df5b85852a50e26c39cf1d23e84dd86a9714e8fd26268948
5.5.01,stdexcept.cc,std::out_of_range::out_of_range(std::string const&),1,1,0x0002FF40,0x00030F40,0x00430F40,48,17,f8536a35229062b38dbc39bbe6a6f0251038a6b5e082ca6e254b4c01d418ece0,e1d02c6a8b139c51df5b85852a50e26c39cf1d23e84dd86a9714e8fd26268948
5.5.01,stdexcept.cc,std::length_error::length_error(std::string const&),0,1,0x0002FF70,0x00030F70,0x00430F70,48,17,920e7d3fdfbff709ff06003f533df9430f8aeca07426411829fc09a11b548c60,e1d02c6a8b139c51df5b85852a50e26c39cf1d23e84dd86a9714e8fd26268948
5.5.01,stdexcept.cc,std::length_error::length_error(std::string const&),1,1,0x0002FFA0,0x00030FA0,0x00430FA0,48,17,376783f027e72524dfcca72424b8ef88b9b995255337721ce93f5f5aa2cc970a,e1d02c6a8b139c51df5b85852a50e26c39cf1d23e84dd86a9714e8fd26268948
5.5.01,stdexcept.cc,std::invalid_argument::invalid_argument(std::string const&),0,1,0x0002FFD0,0x00030FD0,0x00430FD0,48,17,014306060e66f18ba2ba1716f3e0427ed77e3777f75cc8ac17a4fb74c056fc6f,e1d02c6a8b139c51df5b85852a50e26c39cf1d23e84dd86a9714e8fd26268948
5.5.01,stdexcept.cc,std::invalid_argument::invalid_argument(std::string const&),1,1,0x00030000,0x00031000,0x00431000,48,17,6746b9d06caac5be190a8b7bf181576e0a7f752125466d03e55c8c34635a2cc3,e1d02c6a8b139c51df5b85852a50e26c39cf1d23e84dd86a9714e8fd26268948
5.5.01,stdexcept.cc,std::domain_error::domain_error(std::string const&),0,1,0x00030030,0x00031030,0x00431030,48,17,7919654a0191fe6829a0bf009ecbde938c72265ee7bea85a4d1e51346502f2e3,e1d02c6a8b139c51df5b85852a50e26c39cf1d23e84dd86a9714e8fd26268948
5.5.01,stdexcept.cc,std::domain_error::domain_error(std::string const&),1,1,0x00030060,0x00031060,0x00431060,48,25,b4f35f999c57647064eff263520f2f5f3c736afa0883a345dc9542a66ab6388c,a9271f424f81ce8fa9549286e6a1c5cf5b7a09e20b57fd9032a32108702017d9
5.5.01,ios_failure.cc,std::ios_base::failure::what() const,0,1,0x00030090,0x00031090,0x00431090,16,8,ff8046fbc8407304dc8252e679b8472bc8c39de40b6e4aaa7e3a156c71c979ac,ad13ee4e5ca4bef480ec2d42f974573c8874f200b2b9bb6d748b5ff1cea2515d
5.5.01,ios_failure.cc,std::ios_base::failure::~failure(),0,1,0x000300A0,0x000310A0,0x004310A0,256,71,27fc35dee54a75eee21a090406df7848191487c010ddf1f9b50db166d41cfeee,f2ffe0d67321e30de556d1d9689280ea93852a6503f6b279940e0aebb5992c8a
5.5.01,ios_failure.cc,std::ios_base::failure::~failure(),1,1,0x000301A0,0x000311A0,0x004311A0,256,71,bbfb83ca305f09f6c5a26bb4f4a96718c9f6ceeb52109a032c31c91a1f7c09ce,1dce823e8cbb3d6bbe56353a2d2df213394d737cd31fdc1e15bcce298c98ef87
5.5.01,ios_failure.cc,std::ios_base::failure::~failure(),2,1,0x000302A0,0x000312A0,0x004312A0,256,71,32924a3a2b30306423546521c9718469c03ad5068e7f65a0f41bf7669e22d20d,5772dfd5f26ce1b455081e264281a80afa321ea0410855ff7e3fb58cabe75afd
5.5.01,ios_failure.cc,std::ios_base::failure::failure(std::string const&),0,1,0x000303A0,0x000313A0,0x004313A0,208,57,0cd5a23f06197f38069facae97038c9c88fe3c9faa49ca16fc5a791d47a3fe8a,9eb6c62cf9196dcadd977d355641b51c589183cdbf777106a71db028ca0f13be
5.5.01,ios_failure.cc,std::ios_base::failure::failure(std::string const&),1,1,0x00030470,0x00031470,0x00431470,208,67,18a3e9e3dad78771b707f9615d0598ae7170440a825c67c3e837a236c198b881,4751c1dbd0318d699f277d30281b0b13e36831dc31ab50a502c1a2ba6271ccfe
5.5.01,main.c,main,0,1,0x00030540,0x00031540,0x00431540,288,105,12a9963551b72b86b14f35afdc09901e3e7210b323f9ba1dedd2acd6cb858260,37e38a55b1c7a79dbb226768c62615b297053d1f8be2db7ee436cb5d76f142ec
5.5.01,pseudo-reloc.c,_pei386_runtime_relocator,0,1,0x00030660,0x00031660,0x00431660,48,21,739f90b36b000abb497cf7faa1e12714685df08d6c7820aa4c46ab19c02ba95c,b8f849128735a1b2be9d8b56d4815a3380e02fe80ad8e2647b864db802366854
5.5.01,CRT_fp10.c,fpreset,0,1,0x00030690,0x00031690,0x00431690,16,14,c3b262831a4f7c9d5f66b7615cd029f7c35732dc78d61e1e2de1e818b6a86357,7f5e7a43303b03c8c6039693f18ba0cf98f4de3ef08266dff18a8967a3993d82
5.5.01,CRT_fp10.c,_fpreset,0,1,0x00030690,0x00031690,0x00431690,16,14,c3b262831a4f7c9d5f66b7615cd029f7c35732dc78d61e1e2de1e818b6a86357,7f5e7a43303b03c8c6039693f18ba0cf98f4de3ef08266dff18a8967a3993d82
5.5.01,mthr_stub.c,__mingwthr_key_dtor,0,1,0x000306A0,0x000316A0,0x004316A0,16,7,7a85c7b09c6987c46ed3859a25d5eaa7cc2f188816a5b14adc9a53e088d7137a,13d9cec815e3f01c27efe9f1ed3c2c32de44ccccbaf2e08a6daa772ce09a5215
5.5.01,mthr_stub.c,__mingwthr_remove_key_dtor,0,1,0x000306B0,0x000316B0,0x004316B0,16,14,1e2d0685879d22fb4d310f1d843b2ff16a23769694a6abd72d35f305c7dc7672,16dd167a6bbb27351c7509008f79ea681c5428c61456484e4ef8939e72cfc1c5
5.5.01,gccmain.c,__do_global_dtors,0,1,0x000306C0,0x000316C0,0x004316C0,48,16,7ac119d6ca3872060b752b60586a00dfdc91f1b50bd968eeb89021e23c1dd734,4d3fa4e50136b8f299b2f57c6b054d9886af6a9cf8cba994249bdc37de5824b3
5.5.01,gccmain.c,__do_global_ctors,0,1,0x000306F0,0x000316F0,0x004316F0,96,31,5715fb37884a07424601051f8855ccfc6b05441a918e5d0ce0bf26de31e5a5ff,3012e5b9c49f56c07fea2634af3e1e3b3341d51185952f6307504bf89ea13cc5
5.5.01,gccmain.c,__main,0,1,0x00030750,0x00031750,0x00431750,112,46,cb1b4a89dd5cbaf8001b96a5c295788330ec3df299555fd2af411a0826db27a8,87351d8360e3cb6229ac8c86e981898474ea88b99db2113f648dc6a5c85d61b4
5.5.01,pseudo-reloc-list.c,__w32_sharedptr_default_unexpected,0,1,0x000307C0,0x000317C0,0x004317C0,16,7,68d439b72ad903fc5c36b911f0620eae4e1e618073a1572c4e16735143be8c64,7fd7d65299dee5d18ffc322c2591ef8b6019fbad52c576c00a229a4ed8fd9159
5.5.01,pseudo-reloc-list.c,__w32_sharedptr_get,0,1,0x000307D0,0x000317D0,0x004317D0,160,48,62501a0294f3ea77f94c7e6deaf1288b486658639861f8265f6ac7a4d0714271,5ecc0f2acbc4c72b1af767f08c762db7ac755aaa9d64beda7620a1a103df17a3
5.5.01,pseudo-reloc-list.c,__w32_sharedptr_initialize,0,1,0x00030870,0x00031870,0x00431870,576,156,6e31f1ee5b266f1379ae498a6200076ffeee5bdfa35c64aecd7155adf35a2951,5cdaa449db89bb27db4b3900e402493004826ddddf1a9faf93340a8aafa6259e
5.5.01,pseudo-reloc-list.c,fc_key_init,0,1,0x00030AB0,0x00031AB0,0x00431AB0,96,34,e5280f4bd08bba52e47a4b3baa2bebdc4f2c5bf3223be2828114c12428f93ddf,f9bdcf5383b0bda3307a4742076d94bad99efe33e30a200eb85adaa244244200
5.5.01,pseudo-reloc-list.c,fc_key_init_once,0,1,0x00030B10,0x00031B10,0x00431B10,176,54,1c403a1aa9a9fc3bf899feb31992f963246d9821bc448c6e709b2d3526f40158,b1dabcadeda1873b866716d5a2e4716cf6b18c2596f06422154a6141ee0db7c9
5.5.01,pseudo-reloc-list.c,_Unwind_SjLj_Register,0,1,0x00030BC0,0x00031BC0,0x00431BC0,224,68,dbf49952fec2a6718ed131342fb97269a3e1ba4da833baa1fea28129bf63dc6f,6efaba991a3f619031c5a4fa2961ea7b55afd35f6001fe667b37540754130b65
5.5.01,pseudo-reloc-list.c,_Unwind_SjLj_Unregister,0,1,0x00030CA0,0x00031CA0,0x00431CA0,160,72,6cf6d1c3e64a7b5b513a350065af4117be6e2df2bfee7ca0473eed6af1a016de,7fa4ba0448cbc97dde7bf83c54f64d93e072cf419455212ca15bd8ea1998089b
5.5.01,pseudo-reloc-list.c,_Unwind_GetGR,0,1,0x00030D40,0x00031D40,0x00431D40,32,22,bb68b8e55ed64d4912b71c29b157899c2656b395bd37b28dfc11c0e3ff8fd103,b2b9e0f905f0c2e6a103f0c15889a0c0b3203d2fd1c45eb45f6f024eb02c2884
5.5.01,pseudo-reloc-list.c,_Unwind_GetCFA,0,1,0x00030D60,0x00031D60,0x00431D60,16,7,7a85c7b09c6987c46ed3859a25d5eaa7cc2f188816a5b14adc9a53e088d7137a,13d9cec815e3f01c27efe9f1ed3c2c32de44ccccbaf2e08a6daa772ce09a5215
5.5.01,pseudo-reloc-list.c,_Unwind_SetGR,0,1,0x00030D70,0x00031D70,0x00431D70,32,11,034dabc9af4ecd0da54bcc93d7b7cf5658dcc1ad1dc2c920fccb4e4e2113ac85,a0decb3c0eb32ac3c33ed6e8e56651f4c4c5e3e3f851a79953e1a75d83e45d83
5.5.01,pseudo-reloc-list.c,_Unwind_GetIP,0,1,0x00030D90,0x00031D90,0x00431D90,16,9,e306a5c9aa49d72b0082fe58b3ff46ad555c6f287ad640c6c71109c2570ed021,8b8855b2d694b1583578914ccbf816b052fa8048f32b08aba7066b2ee071c068
5.5.01,pseudo-reloc-list.c,_Unwind_SetIP,0,1,0x00030DA0,0x00031DA0,0x00431DA0,32,23,8e678ed342158a3381ba2e19df54295eb5d703dd453aba98252b72c9d62df76f,c75e401ead115b55479f3c6e3d0973d88747479139eb71fad3770872f5761567
5.5.01,pseudo-reloc-list.c,_Unwind_GetLanguageSpecificData,0,1,0x00030DC0,0x00031DC0,0x00431DC0,16,8,7e21b3f1b13b05b013c519b4e9c1559c4d8baf8aa1110f8bdbc0ff84c0db9cdd,a1d35bde657b1e218e9680a1e190fe41380b9efb78b4563059f0d36350c1e8d9
5.5.01,pseudo-reloc-list.c,_Unwind_GetRegionStart,0,1,0x00030DD0,0x00031DD0,0x00431DD0,16,7,7a85c7b09c6987c46ed3859a25d5eaa7cc2f188816a5b14adc9a53e088d7137a,13d9cec815e3f01c27efe9f1ed3c2c32de44ccccbaf2e08a6daa772ce09a5215
5.5.01,pseudo-reloc-list.c,_Unwind_FindEnclosingFunction,0,1,0x00030DE0,0x00031DE0,0x00431DE0,16,7,7a85c7b09c6987c46ed3859a25d5eaa7cc2f188816a5b14adc9a53e088d7137a,13d9cec815e3f01c27efe9f1ed3c2c32de44ccccbaf2e08a6daa772ce09a5215
5.5.01,pseudo-reloc-list.c,_Unwind_GetDataRelBase,0,1,0x00030DF0,0x00031DF0,0x00431DF0,16,7,7a85c7b09c6987c46ed3859a25d5eaa7cc2f188816a5b14adc9a53e088d7137a,13d9cec815e3f01c27efe9f1ed3c2c32de44ccccbaf2e08a6daa772ce09a5215
5.5.01,pseudo-reloc-list.c,_Unwind_GetTextRelBase,0,1,0x00030E00,0x00031E00,0x00431E00,16,7,7a85c7b09c6987c46ed3859a25d5eaa7cc2f188816a5b14adc9a53e088d7137a,13d9cec815e3f01c27efe9f1ed3c2c32de44ccccbaf2e08a6daa772ce09a5215
5.5.01,pseudo-reloc-list.c,_Unwind_RaiseException_Phase2,0,1,0x00030E10,0x00031E10,0x00431E10,144,66,0e346209546de106f6999f0844f8f6a8061d93168f2474e1b4cf7bfba346659e,a6a6698399a50f7de4226c326cedfdd2b3907f3dd4323f7dcce8ebb60e49ec19
5.5.01,pseudo-reloc-list.c,_Unwind_SjLj_RaiseException,0,1,0x00030EA0,0x00031EA0,0x00431EA0,400,128,a1eaf555aa986b5011d5d5f9f1a7f26cbfd4957d1559261149968322706001c4,9f2d9965939293efbc2f0c21fb3db37d6660406148ca3f7fd8142b090ab5f59a
5.5.01,pseudo-reloc-list.c,_Unwind_ForcedUnwind_Phase2,0,1,0x00031030,0x00032030,0x00432030,240,87,afb7c4d4eb670cc054590aa079facdf22258f2b4968a3dfab17084cd94bae313,757389825d656def90f11786f4fc6ec60b196afdd5decda1a6b011ac2987f14c
5.5.01,pseudo-reloc-list.c,_Unwind_SjLj_ForcedUnwind,0,1,0x00031120,0x00032120,0x00432120,352,130,a88f61d4b4528046d788b7ea2e2e641b137529207fa8e17f4b0997fbc89e5892,2459179dea398e6cac273b14ba3f499caee714077b3b33486666ed7106c474de
5.5.01,pseudo-reloc-list.c,_Unwind_SjLj_Resume,0,1,0x00031280,0x00032280,0x00432280,352,96,3955fe2b17466083ba20efeaafd3f5030353601767336872da1c147f814b5fba,8074fd473bd548f4df109a136f1aae254fd600a9ccd634d6416b43380e238f66
5.5.01,pseudo-reloc-list.c,_Unwind_SjLj_Resume_or_Rethrow,0,1,0x000313E0,0x000323E0,0x004323E0,304,88,0736fcfcc263569e9f01fe55d9a886880cea1a07491e22ab0df26568174e6746,4feb92749ac03061d7ed7067e0062bf131a1b98cdbd07a9785454c1dd9e67a5d
5.5.01,pseudo-reloc-list.c,_Unwind_DeleteException,0,1,0x00031510,0x00032510,0x00432510,48,28,2c172a02b429e5a2e6257d2bc65859cf9581ceef0aa6ddf6a583eccdd74f49b6,3637ad043d55e213ed5954976ceb5e1ebb6c25af3a5e32a29d0048d09e8c9e9e
5.5.01,pseudo-reloc-list.c,_Unwind_Backtrace,0,1,0x00031540,0x00032540,0x00432540,256,101,17f6a39bc0cfadc6f7f0cc9596e02e6b61d7a797030f2cae6fb20721ba349b81,10980bd38a004f543af7a0b50414bb35a07c00ca729e2cf91965749cac445652
5.5.01,pseudo-reloc-list.c,__gthr_win32_mutex_unlock,0,1,0x00031870,0x00032870,0x00432870,80,35,1a6d0f0cd5bd938a21b6c7e98040f24e14a77ff075b231050b219099c57668b6,c71b9e258f21cdefaee322c837f23a36e16798856e5ab6d29b6235dc24908308
5.5.01,pseudo-reloc-list.c,__gthr_win32_mutex_trylock,0,1,0x00031640,0x00032640,0x00432640,32,12,f635d198a7b7b98e62408ae2cfdbc790b0adab066008857179f451718f04c2c3,55cc47c96110c22cb70123484c6bc2ccbf07118f76e5ae9e73ab8b82248ed99a
5.5.01,pseudo-reloc-list.c,__gthr_win32_mutex_lock,0,1,0x00031810,0x00032810,0x00432810,96,43,427bfbeb6894f70b26cc21b94b188a762751b8c5ac84fc5fced1db31bcd842c4,ecefa97d78cc377edcc2e5fee0f58d30064b135b7c1d7846725e6cba18d115ef
5.5.01,pseudo-reloc-list.c,__gthr_win32_mutex_init_function,0,1,0x000317D0,0x000327D0,0x004327D0,64,20,408e3a861cbf3ec8ec3197700dab515b116362dcffdf6de08e419b9d5261a4bc,2bdfeb983be120bea6f64a3d67de22d4f8b0e327b935f5ae0101f4940e3eca77
5.5.01,pseudo-reloc-list.c,__gthr_win32_setspecific,0,1,0x00031790,0x00032790,0x00432790,64,22,ae7bea0eb43ef8938b40a2ac57509c2a39f65b6f70d39b7ce100a064fbf5becf,af9c1cbb6ff3a13afc5ad08321d776a0ffdb076c274184ef98b309bbbc4df0cb
5.5.01,pseudo-reloc-list.c,__gthr_win32_getspecific,0,1,0x00031750,0x00032750,0x00432750,64,22,c4982cb11fe69224300f3d320f78236c7e26fc8bd135d3d32de547fc121648fc,f8a61bd73270fa96a4ccc8bc9ea1a3903aae5bda81ebc7665b426020577ea7d9
5.5.01,pseudo-reloc-list.c,__gthr_win32_key_delete,0,1,0x00031720,0x00032720,0x00432720,48,20,1e6f46ad171ae237ac07105cf59d2c2af5cc63b265fe6fcbbefbff39f01c7e7e,153219a17033da79c3ced3fb6100fb97c2a67476e1388f6cb4283f5f7673a330
5.5.01,pseudo-reloc-list.c,__gthr_win32_key_create,0,1,0x000316E0,0x000326E0,0x004326E0,64,21,1a62919afd53a3ce5582919b89fa27892eeb4f09f9f7abdf00200e68d4543f43,599ad37f246a58af9810020a04b870d9e68fed2a844baa356eefb55f84d9eb67
5.5.01,pseudo-reloc-list.c,__gthr_win32_once,0,1,0x00031660,0x00032660,0x00432660,128,47,617e3d7fce014f6c1bb9c3317629d6fc3be2dc31e4f95d690537878e2a0ddab9,ed5286e9cda03d8cdccd9e143645d2ea3b7c67f51ac0452e50911ec443ecb502
5.5.01,pseudo-reloc-list.c,__eprintf,0,1,0x000318C0,0x000328C0,0x004328C0,80,29,748bc74e61a37a0021d696700a22b56b3f3792d5134bb36b17c4fc714c275338,6ed4e653a69830ec7d82b98b4704cd2885b18e47e430811d3c5eb6b2409aa13f
5.5.01,crtstuff.c,__sjlj_init_ctor,0,1,0x00032090,0x00033090,0x00433090,16,11,b352952f0c4ff1ac41f450aaea761e919d34e1bce2195a6eeaacd99cdbe01cb7,e49edca0c59bf3831493084c1ad40daa5ab08ae5956c825ece62899c45568e65
5.5.01,crtstuff.c,_cexit,0,1,0x00031930,0x00032930,0x00432930,16,3,3dae1456e569e1c52b8360a200169d36d095710671aee88b152134c09fa4c6cb,850b36cf61f7b7458df1db5fcf7c3cc709b5d06c5a8e21b98d462c1fc71925fa
5.5.01,crtstuff.c,sprintf,0,1,0x00031990,0x00032990,0x00432990,16,3,b1a9e481fa128ee83fd5cf06eb437aa102efc6537b2248653b475e52bc21de92,850b36cf61f7b7458df1db5fcf7c3cc709b5d06c5a8e21b98d462c1fc71925fa
5.5.01,crtstuff.c,free,0,1,0x00031A80,0x00032A80,0x00432A80,16,3,89f2634457bf29be3d6b0b620336e27f5ec3e07d9df8fdd19a3cdd40800534cb,850b36cf61f7b7458df1db5fcf7c3cc709b5d06c5a8e21b98d462c1fc71925fa
5.5.01,crtstuff.c,strcat,0,1,0x000319F0,0x000329F0,0x004329F0,16,3,bef4e48c36579f165e932940674c899a0d754d03209971b9945974ab07a36bc0,850b36cf61f7b7458df1db5fcf7c3cc709b5d06c5a8e21b98d462c1fc71925fa
5.5.01,crtstuff.c,strcmp,0,1,0x000319E0,0x000329E0,0x004329E0,16,3,1422126271d744db247d4ac93967e50d75dd0f7ea107aab6e43a42609b2740c3,850b36cf61f7b7458df1db5fcf7c3cc709b5d06c5a8e21b98d462c1fc71925fa
5.5.01,crtstuff.c,__p__fmode,0,1,0x00031960,0x00032960,0x00432960,16,3,db5af5df4b8e20c31061a8fc4a7a86e8ad99f537e8a616e2a8dadc39155809bf,850b36cf61f7b7458df1db5fcf7c3cc709b5d06c5a8e21b98d462c1fc71925fa
5.5.01,crtstuff.c,__p__environ,0,1,0x00031940,0x00032940,0x00432940,16,3,c6a96d94125e5594646ef913ec4b5b3ef9a854ee332e455112153e3a7587472e,850b36cf61f7b7458df1db5fcf7c3cc709b5d06c5a8e21b98d462c1fc71925fa
5.5.01,crtstuff.c,strcmpi,0,1,0x00031910,0x00032910,0x00432910,32,6,2517fdae2d70a0c28e44e75e58b4b66659cf718944058cceb8272bd386d7db38,2786d70c5e677fff940a6c8aa65402caacfd92e64741748e324ecdf46550d4fc
5.5.01,crtstuff.c,strncpy,0,1,0x00031A00,0x00032A00,0x00432A00,16,3,40389450770bc4bfbcbc9e9f93f9de41f0a34510306d644faef0980b59190d27,850b36cf61f7b7458df1db5fcf7c3cc709b5d06c5a8e21b98d462c1fc71925fa
5.5.01,crtstuff.c,atoi,0,1,0x000319D0,0x000329D0,0x004329D0,16,3,7ed4de9d67dcb12666533693113eac0aa65991a010f7372d2fc33617923dbc9d,850b36cf61f7b7458df1db5fcf7c3cc709b5d06c5a8e21b98d462c1fc71925fa
5.5.01,crtstuff.c,memcpy,0,1,0x000319A0,0x000329A0,0x004329A0,16,3,85a3eccc6bf90211f08a767ab5e232d5d5de4e751a771ef2a178a5ff5d76abb2,850b36cf61f7b7458df1db5fcf7c3cc709b5d06c5a8e21b98d462c1fc71925fa
5.5.01,crtstuff.c,memset,0,1,0x00031AC0,0x00032AC0,0x00432AC0,16,3,c8b2c2e202b7a1f8afab706a76cf6c94bf5311a614c5bdb7cea71c5a015a2dc0,850b36cf61f7b7458df1db5fcf7c3cc709b5d06c5a8e21b98d462c1fc71925fa
5.5.01,crtstuff.c,__getmainargs,0,1,0x00031980,0x00032980,0x00432980,16,3,f8bdd784412fb1c354a261761298e41be914f66d720cb224b58fc939cefeeddd,850b36cf61f7b7458df1db5fcf7c3cc709b5d06c5a8e21b98d462c1fc71925fa
5.5.01,crtstuff.c,fflush,0,1,0x00031AE0,0x00032AE0,0x00432AE0,16,3,ed7ab28f5c84e4c1fc39970e5cabbaef5d9b165e1bd35ca026737c16ba16b67d,850b36cf61f7b7458df1db5fcf7c3cc709b5d06c5a8e21b98d462c1fc71925fa
5.5.01,crtstuff.c,fprintf,0,1,0x00031AF0,0x00032AF0,0x00432AF0,1440,270,ba5c8d1a2f38eb6c392504069feae382141a1806d86503dd8c682700b0f7ae82,720984283f183ec7c060f5d0ada76e92a5673c0a094d51e9b8bb571934ba1691
5.5.01,crtstuff.c,fopen,0,1,0x00031A50,0x00032A50,0x00432A50,16,3,7cddb54038708f0813f689a7f08ac54a0298ef4d2d34c465994658fdb8e188ae,850b36cf61f7b7458df1db5fcf7c3cc709b5d06c5a8e21b98d462c1fc71925fa
5.5.01,crtstuff.c,memchr,0,1,0x00031AD0,0x00032AD0,0x00432AD0,16,3,913c810d436231dcf8d39820776a2edd9abe8502c94b5decfa1df5294a8f36f0,850b36cf61f7b7458df1db5fcf7c3cc709b5d06c5a8e21b98d462c1fc71925fa
5.5.01,crtstuff.c,signal,0,1,0x00031950,0x00032950,0x00432950,16,3,c12e458aa75196da39e79574f9a67f8f4741346d5073fa0eb131eb151721126c,850b36cf61f7b7458df1db5fcf7c3cc709b5d06c5a8e21b98d462c1fc71925fa
5.5.01,crtstuff.c,malloc,0,1,0x00031A90,0x00032A90,0x00432A90,16,3,6397c864191303e83902f9d9c630bafa0001fefa44ac93d7478581cc08a4966e,850b36cf61f7b7458df1db5fcf7c3cc709b5d06c5a8e21b98d462c1fc71925fa
5.5.01,crtstuff.c,fclose,0,1,0x00031A20,0x00032A20,0x00432A20,16,3,8b5cbe434d94aee1e5225144a4f2ea61b0a0b097bf2b9b9e9c2bdd5179f29ed7,850b36cf61f7b7458df1db5fcf7c3cc709b5d06c5a8e21b98d462c1fc71925fa
5.5.01,crtstuff.c,strcpy,0,1,0x000319C0,0x000329C0,0x004329C0,16,3,755a2415ba2049965544f677ea81c1c9d6903e1911513390ae1c5e8064640c42,850b36cf61f7b7458df1db5fcf7c3cc709b5d06c5a8e21b98d462c1fc71925fa
5.5.01,crtstuff.c,sqrt,0,1,0x00031A70,0x00032A70,0x00432A70,16,3,615eb3725ba1b09919a1aa7471a65847de097bdd789c97c170d78732da6814e8,850b36cf61f7b7458df1db5fcf7c3cc709b5d06c5a8e21b98d462c1fc71925fa
5.5.01,crtstuff.c,abort,0,1,0x00031AA0,0x00032AA0,0x00432AA0,16,3,5700661a0c55008405875ee79202ea35ec52171ee2c80c593c1203a032aa757c,850b36cf61f7b7458df1db5fcf7c3cc709b5d06c5a8e21b98d462c1fc71925fa
5.5.01,crtstuff.c,_setmode,0,1,0x00031970,0x00032970,0x00432970,16,3,2bebff4ce83353b25b2026c1d770ce617897f6c2bceebe6e29f54f2dfb7d34e3,850b36cf61f7b7458df1db5fcf7c3cc709b5d06c5a8e21b98d462c1fc71925fa
5.5.01,crtstuff.c,atol,0,1,0x00031A60,0x00032A60,0x00432A60,16,3,d61cc6cb84e08ed9c935223c32d1652eb3b7b2841444545a01d8f38b5af7e0a9,850b36cf61f7b7458df1db5fcf7c3cc709b5d06c5a8e21b98d462c1fc71925fa
5.5.01,crtstuff.c,fgets,0,1,0x00031A30,0x00032A30,0x00432A30,16,3,d9506346acdac519a7f32361cf224c5f5c1a5ab1b99958065bcdc1abe4aafe6c,850b36cf61f7b7458df1db5fcf7c3cc709b5d06c5a8e21b98d462c1fc71925fa
5.5.01,crtstuff.c,strlen,0,1,0x000319B0,0x000329B0,0x004329B0,16,3,5e0f4ace98b719c92a85d13387ca06ad79b3569a74149e63061d851cb275f022,850b36cf61f7b7458df1db5fcf7c3cc709b5d06c5a8e21b98d462c1fc71925fa
5.5.01,crtstuff.c,memmove,0,1,0x00031AB0,0x00032AB0,0x00432AB0,16,3,83fa325ee289f177990b041c3c7e7240fe2a21b9b37a150ad700fac8a8e1e787,850b36cf61f7b7458df1db5fcf7c3cc709b5d06c5a8e21b98d462c1fc71925fa
5.5.01,crtstuff.c,exit,0,1,0x00031A40,0x00032A40,0x00432A40,16,3,c658528da2d376fdbc18040a80e1fe1e037ca152904b10fe78058f611dda1556,850b36cf61f7b7458df1db5fcf7c3cc709b5d06c5a8e21b98d462c1fc71925fa
5.5.01,crtstuff.c,strstr,0,1,0x00031A10,0x00032A10,0x00432A10,16,3,fb40d71c5615b31ecda88ac04e3b9afd6732164ea6ea8a2940be25acace5d45e,850b36cf61f7b7458df1db5fcf7c3cc709b5d06c5a8e21b98d462c1fc71925fa
