version,source,caller,caller_occurrence,caller_va,callee,callee_va,call_sites
5.0.21,crt1.c,_gnu_exception_handler@4,0,0x00401000,_fpreset,0x0042E080,1
5.0.21,crt1.c,_gnu_exception_handler@4,0,0x00401000,signal,0x0042F340,6
5.0.21,crt1.c,__mingw_CRTStartup,0,0x00401150,main,0x0042DF30,1
5.0.21,crt1.c,__mingw_CRTStartup,0,0x00401150,_pei386_runtime_relocator,0x0042E050,1
5.0.21,crt1.c,__mingw_CRTStartup,0,0x00401150,_fpreset,0x0042E080,1
5.0.21,crt1.c,__mingw_CRTStartup,0,0x00401150,_cexit,0x0042F320,1
5.0.21,crt1.c,__mingw_CRTStartup,0,0x00401150,__p__environ,0x0042F330,1
5.0.21,crt1.c,__mingw_CRTStartup,0,0x00401150,__p__fmode,0x0042F350,1
5.0.21,crt1.c,__mingw_CRTStartup,0,0x00401150,_setmode,0x0042F360,3
5.0.21,crt1.c,__mingw_CRTStartup,0,0x00401150,__getmainargs,0x0042F370,1
5.0.21,crt1.c,__mingw_CRTStartup,0,0x00401150,SetUnhandledExceptionFilter@4,0x0042F790,1
5.0.21,crt1.c,__mingw_CRTStartup,0,0x00401150,ExitProcess@4,0x0042F7A0,1
5.0.21,crt1.c,mainCRTStartup,0,0x00401270,__mingw_CRTStartup,0x00401150,1
5.0.21,crt1.c,WinMainCRTStartup,0,0x00401290,__mingw_CRTStartup,0x00401150,1
5.0.21,async.cpp,async::set_timeout(long),0,0x004012E0,SetCommTimeouts@8,0x0042F7B0,1
5.0.21,async.cpp,"async::async(int, long, long, int, int)",0,0x00401330,operator new(unsigned int),0x004296C0,1
5.0.21,async.cpp,"async::async(int, long, long, int, int)",0,0x00401330,sprintf,0x0042F380,1
5.0.21,async.cpp,"async::async(int, long, long, int, int)",0,0x00401330,MessageBoxA@16,0x0042F570,1
5.0.21,async.cpp,"async::async(int, long, long, int, int)",0,0x00401330,SetCommTimeouts@8,0x0042F7B0,1
5.0.21,async.cpp,"async::async(int, long, long, int, int)",0,0x00401330,CreateFileA@28,0x0042F7C0,1
5.0.21,async.cpp,"async::async(int, long, long, int, int)",0,0x00401330,GetCommState@8,0x0042F7D0,1
5.0.21,async.cpp,"async::async(int, long, long, int, int)",0,0x00401330,SetupComm@12,0x0042F7E0,1
5.0.21,async.cpp,"async::async(int, long, long, int, int)",0,0x00401330,CloseHandle@4,0x0042F7F0,1
5.0.21,async.cpp,"async::async(int, long, long, int, int)",0,0x00401330,SetCommState@8,0x0042F800,1
5.0.21,async.cpp,"async::async(int, long, long, int, int)",0,0x00401330,GetCommModemStatus@8,0x0042F810,1
5.0.21,async.cpp,"async::async(int, long, long, int, int)",1,0x00401520,operator new(unsigned int),0x004296C0,1
5.0.21,async.cpp,"async::async(int, long, long, int, int)",1,0x00401520,sprintf,0x0042F380,1
5.0.21,async.cpp,"async::async(int, long, long, int, int)",1,0x00401520,MessageBoxA@16,0x0042F570,1
5.0.21,async.cpp,"async::async(int, long, long, int, int)",1,0x00401520,SetCommTimeouts@8,0x0042F7B0,1
5.0.21,async.cpp,"async::async(int, long, long, int, int)",1,0x00401520,CreateFileA@28,0x0042F7C0,1
5.0.21,async.cpp,"async::async(int, long, long, int, int)",1,0x00401520,GetCommState@8,0x0042F7D0,1
5.0.21,async.cpp,"async::async(int, long, long, int, int)",1,0x00401520,SetupComm@12,0x0042F7E0,1
5.0.21,async.cpp,"async::async(int, long, long, int, int)",1,0x00401520,CloseHandle@4,0x0042F7F0,1
5.0.21,async.cpp,"async::async(int, long, long, int, int)",1,0x00401520,SetCommState@8,0x0042F800,1
5.0.21,async.cpp,"async::async(int, long, long, int, int)",1,0x00401520,GetCommModemStatus@8,0x0042F810,1
5.0.21,async.cpp,async::~async(),0,0x00401710,CloseHandle@4,0x0042F7F0,1
5.0.21,async.cpp,async::~async(),1,0x00401750,CloseHandle@4,0x0042F7F0,1
5.0.21,async.cpp,async::close(),0,0x00401790,CloseHandle@4,0x0042F7F0,1
5.0.21,async.cpp,async::flush_buffer(),0,0x004017C0,PurgeComm@8,0x0042F820,1
5.0.21,async.cpp,"async::write(char*, int)",0,0x004017F0,WriteFile@20,0x0042F830,1
5.0.21,async.cpp,async::read_char(char*),0,0x00401860,ReadFile@20,0x0042F840,1
5.0.21,async.cpp,async::read_string(char*),0,0x00401900,ReadFile@20,0x0042F840,1
5.0.21,Bixby110chkdlg.cpp,bixby110checkout::bixby110checkout(),0,0x00401A60,bixby110io::bixby110io(),0x00408400,1
5.0.21,Bixby110chkdlg.cpp,bixby110checkout::bixby110checkout(),0,0x00401A60,bixby110io::~bixby110io(),0x00408420,1
5.0.21,Bixby110chkdlg.cpp,bixby110checkout::bixby110checkout(),0,0x00401A60,dlgelement::dlgelement(),0x0041EE00,18
5.0.21,Bixby110chkdlg.cpp,bixby110checkout::bixby110checkout(),0,0x00401A60,operator delete(void*),0x004296A0,1
5.0.21,Bixby110chkdlg.cpp,bixby110checkout::bixby110checkout(),0,0x00401A60,operator new(unsigned int),0x004296C0,18
5.0.21,Bixby110chkdlg.cpp,bixby110checkout::bixby110checkout(),0,0x00401A60,_Unwind_SjLj_Register,0x0042E5B0,1
5.0.21,Bixby110chkdlg.cpp,bixby110checkout::bixby110checkout(),0,0x00401A60,_Unwind_SjLj_Unregister,0x0042E690,1
5.0.21,Bixby110chkdlg.cpp,bixby110checkout::bixby110checkout(),0,0x00401A60,_Unwind_SjLj_Resume,0x0042EC70,1
5.0.21,Bixby110chkdlg.cpp,bixby110checkout::bixby110checkout(),1,0x00402070,bixby110io::bixby110io(),0x00408400,1
5.0.21,Bixby110chkdlg.cpp,bixby110checkout::bixby110checkout(),1,0x00402070,bixby110io::~bixby110io(),0x00408420,1
5.0.21,Bixby110chkdlg.cpp,bixby110checkout::bixby110checkout(),1,0x00402070,dlgelement::dlgelement(),0x0041EE00,18
5.0.21,Bixby110chkdlg.cpp,bixby110checkout::bixby110checkout(),1,0x00402070,operator delete(void*),0x004296A0,1
5.0.21,Bixby110chkdlg.cpp,bixby110checkout::bixby110checkout(),1,0x00402070,operator new(unsigned int),0x004296C0,18
5.0.21,Bixby110chkdlg.cpp,bixby110checkout::bixby110checkout(),1,0x00402070,_Unwind_SjLj_Register,0x0042E5B0,1
5.0.21,Bixby110chkdlg.cpp,bixby110checkout::bixby110checkout(),1,0x00402070,_Unwind_SjLj_Unregister,0x0042E690,1
5.0.21,Bixby110chkdlg.cpp,bixby110checkout::bixby110checkout(),1,0x00402070,_Unwind_SjLj_Resume,0x0042EC70,1
5.0.21,Bixby110chkdlg.cpp,bixby110checkout::~bixby110checkout(),0,0x00402680,bixby110io::~bixby110io(),0x00408420,2
5.0.21,Bixby110chkdlg.cpp,bixby110checkout::~bixby110checkout(),0,0x00402680,dlgelement::~dlgelement(),0x0041EE20,18
5.0.21,Bixby110chkdlg.cpp,bixby110checkout::~bixby110checkout(),0,0x00402680,operator delete(void*),0x004296A0,18
5.0.21,Bixby110chkdlg.cpp,bixby110checkout::~bixby110checkout(),0,0x00402680,_Unwind_SjLj_Register,0x0042E5B0,1
5.0.21,Bixby110chkdlg.cpp,bixby110checkout::~bixby110checkout(),0,0x00402680,_Unwind_SjLj_Unregister,0x0042E690,1
5.0.21,Bixby110chkdlg.cpp,bixby110checkout::~bixby110checkout(),0,0x00402680,_Unwind_SjLj_Resume,0x0042EC70,1
5.0.21,Bixby110chkdlg.cpp,bixby110checkout::~bixby110checkout(),1,0x00402B60,bixby110io::~bixby110io(),0x00408420,2
5.0.21,Bixby110chkdlg.cpp,bixby110checkout::~bixby110checkout(),1,0x00402B60,dlgelement::~dlgelement(),0x0041EE20,18
5.0.21,Bixby110chkdlg.cpp,bixby110checkout::~bixby110checkout(),1,0x00402B60,operator delete(void*),0x004296A0,18
5.0.21,Bixby110chkdlg.cpp,bixby110checkout::~bixby110checkout(),1,0x00402B60,_Unwind_SjLj_Register,0x0042E5B0,1
5.0.21,Bixby110chkdlg.cpp,bixby110checkout::~bixby110checkout(),1,0x00402B60,_Unwind_SjLj_Unregister,0x0042E690,1
5.0.21,Bixby110chkdlg.cpp,bixby110checkout::~bixby110checkout(),1,0x00402B60,_Unwind_SjLj_Resume,0x0042EC70,1
5.0.21,Bixby110chkdlg.cpp,bixby110checkout::ChkStop(),0,0x00403040,pushbutton::WasPushed(),0x0041FA80,1
5.0.21,Bixby110chkdlg.cpp,bixby110checkout::SendInteractiveAction(int),0,0x00403070,"TimeDelay(HWND__*, unsigned int)",0x00407E40,2
5.0.21,Bixby110chkdlg.cpp,bixby110checkout::SendInteractiveAction(int),0,0x00403070,"bixby110io::writereg(unsigned char, unsigned char, unsigned char)",0x00408E90,1
5.0.21,Bixby110chkdlg.cpp,bixby110checkout::SendInteractiveAction(int),0,0x00403070,"bixby110io::readreg(unsigned char, unsigned char)",0x00408ED0,2
5.0.21,Bixby110chkdlg.cpp,bixby110checkout::SendInteractiveAction(int),0,0x00403070,bixby110io::getCMDbuf(unsigned char),0x00408F40,1
5.0.21,Bixby110chkdlg.cpp,bixby110checkout::SendInteractiveAction(int),0,0x00403070,bixby110io::CollectResponse(),0x00408FA0,1
5.0.21,Bixby110chkdlg.cpp,bixby110checkout::SendInteractiveAction(int),0,0x00403070,sprintf,0x0042F380,1
5.0.21,Bixby110chkdlg.cpp,bixby110checkout::ReadInteractiveResult(int),0,0x00403270,"TimeDelay(HWND__*, unsigned int)",0x00407E40,2
5.0.21,Bixby110chkdlg.cpp,bixby110checkout::ReadInteractiveResult(int),0,0x00403270,"bixby110io::readreg(unsigned char, unsigned char)",0x00408ED0,3
5.0.21,Bixby110chkdlg.cpp,bixby110checkout::AnalyzeInteractiveResult(int),0,0x00403340,"bixby110io::writereg(unsigned char, unsigned char, unsigned char)",0x00408E90,1
5.0.21,Bixby110chkdlg.cpp,bixby110checkout::AnalyzeInteractiveResult(int),0,0x00403340,bixby110io::getCMDbuf(unsigned char),0x00408F40,25
5.0.21,Bixby110chkdlg.cpp,bixby110checkout::AnalyzeInteractiveResult(int),0,0x00403340,manual3checkbox::SetChecked(),0x0041F550,1
5.0.21,Bixby110chkdlg.cpp,bixby110checkout::AnalyzeInteractiveResult(int),0,0x00403340,manual3checkbox::SetUnchecked(),0x0041F590,1
5.0.21,Bixby110chkdlg.cpp,bixby110checkout::SendAutomaticAction(int),0,0x00403850,"bixby110io::writereg(unsigned char, unsigned char, unsigned char)",0x00408E90,2
5.0.21,Bixby110chkdlg.cpp,bixby110checkout::SendAutomaticAction(int),0,0x00403850,manual3checkbox::IsChecked(),0x0041F450,1
5.0.21,Bixby110chkdlg.cpp,bixby110checkout::SendAutomaticAction(int),0,0x00403850,manual3checkbox::IsUnchecked(),0x0041F490,1
5.0.21,Bixby110chkdlg.cpp,bixby110checkout::SendAutomaticAction(int),0,0x00403850,manual3checkbox::IsIndeterminate(),0x0041F4D0,1
5.0.21,Bixby110chkdlg.cpp,"bixby110checkout::IterativeRead(unsigned int, unsigned char, unsigned char)",0,0x00403950,"TimeDelay(HWND__*, unsigned int)",0x00407E40,3
5.0.21,Bixby110chkdlg.cpp,"bixby110checkout::IterativeRead(unsigned int, unsigned char, unsigned char)",0,0x00403950,"bixby110io::writereg(unsigned char, unsigned char, unsigned char)",0x00408E90,1
5.0.21,Bixby110chkdlg.cpp,"bixby110checkout::IterativeRead(unsigned int, unsigned char, unsigned char)",0,0x00403950,"bixby110io::readreg(unsigned char, unsigned char)",0x00408ED0,1
5.0.21,Bixby110chkdlg.cpp,"bixby110checkout::IterativeRead(unsigned int, unsigned char, unsigned char)",0,0x00403950,bixby110io::getCMDbuf(unsigned char),0x00408F40,1
5.0.21,Bixby110chkdlg.cpp,"bixby110checkout::IterativeRead(unsigned int, unsigned char, unsigned char)",0,0x00403950,bixby110io::CollectResponse(),0x00408FA0,3
5.0.21,Bixby110chkdlg.cpp,"bixby110checkout::IterativeRead(unsigned int, unsigned char, unsigned char)",0,0x00403950,pushbutton::WasPushed(),0x0041FA80,2
5.0.21,Bixby110chkdlg.cpp,"bixby110checkout::IterativeRead(unsigned int, unsigned char, unsigned char)",0,0x00403950,edit::Settext(char const*),0x0041FF20,1
5.0.21,Bixby110chkdlg.cpp,"bixby110checkout::IterativeRead(unsigned int, unsigned char, unsigned char)",0,0x00403950,sprintf,0x0042F380,1
5.0.21,Bixby110chkdlg.cpp,"bixby110checkout::IterativeScan(unsigned int, unsigned char, unsigned int)",0,0x00403B40,"TimeDelay(HWND__*, unsigned int)",0x00407E40,2
5.0.21,Bixby110chkdlg.cpp,"bixby110checkout::IterativeScan(unsigned int, unsigned char, unsigned int)",0,0x00403B40,bixby110io::sendcommand(char*),0x00408560,1
5.0.21,Bixby110chkdlg.cpp,"bixby110checkout::IterativeScan(unsigned int, unsigned char, unsigned int)",0,0x00403B40,bixby110io::CollectResponse(),0x00408FA0,1
5.0.21,Bixby110chkdlg.cpp,"bixby110checkout::IterativeScan(unsigned int, unsigned char, unsigned int)",0,0x00403B40,pushbutton::WasPushed(),0x0041FA80,1
5.0.21,Bixby110chkdlg.cpp,"bixby110checkout::IterativeScan(unsigned int, unsigned char, unsigned int)",0,0x00403B40,edit::Settext(char const*),0x0041FF20,1
5.0.21,Bixby110chkdlg.cpp,"bixby110checkout::IterativeScan(unsigned int, unsigned char, unsigned int)",0,0x00403B40,sprintf,0x0042F380,1
5.0.21,Bixby110chkdlg.cpp,bixby110checkout::ReadAutomaticResult(int),0,0x00403EA0,bixby110checkout::SendAutomaticAction(int),0x00403850,1
5.0.21,Bixby110chkdlg.cpp,bixby110checkout::ReadAutomaticResult(int),0,0x00403EA0,"bixby110checkout::IterativeRead(unsigned int, unsigned char, unsigned char)",0x00403950,3
5.0.21,Bixby110chkdlg.cpp,bixby110checkout::ReadAutomaticResult(int),0,0x00403EA0,"bixby110checkout::IterativeScan(unsigned int, unsigned char, unsigned int)",0x00403B40,1
5.0.21,Bixby110chkdlg.cpp,bixby110checkout::ReadAutomaticResult(int),0,0x00403EA0,bixby110checkout::AnalyzeAutomaticResult(int),0x00403C60,1
5.0.21,Bixby110chkdlg.cpp,bixby110checkout::ReadAutomaticResult(int),0,0x00403EA0,"TimeDelay(HWND__*, unsigned int)",0x00407E40,7
5.0.21,Bixby110chkdlg.cpp,bixby110checkout::ReadAutomaticResult(int),0,0x00403EA0,"bixby110io::writereg(unsigned char, unsigned char, unsigned char)",0x00408E90,5
5.0.21,Bixby110chkdlg.cpp,bixby110checkout::ReadAutomaticResult(int),0,0x00403EA0,"bixby110io::readreg(unsigned char, unsigned char)",0x00408ED0,1
5.0.21,Bixby110chkdlg.cpp,bixby110checkout::ReadAutomaticResult(int),0,0x00403EA0,bixby110io::getCMDbuf(unsigned char),0x00408F40,1
5.0.21,Bixby110chkdlg.cpp,bixby110checkout::ReadAutomaticResult(int),0,0x00403EA0,bixby110io::CollectResponse(),0x00408FA0,3
5.0.21,Bixby110chkdlg.cpp,bixby110checkout::ReadAutomaticResult(int),0,0x00403EA0,manual3checkbox::SetChecked(),0x0041F550,2
5.0.21,Bixby110chkdlg.cpp,bixby110checkout::ReadAutomaticResult(int),0,0x00403EA0,manual3checkbox::SetUnchecked(),0x0041F590,2
5.0.21,Bixby110chkdlg.cpp,bixby110checkout::ReadAutomaticResult(int),0,0x00403EA0,manual3checkbox::SetIndeterminate(),0x0041F5D0,1
5.0.21,Bixby110chkdlg.cpp,bixby110checkout::ReadAutomaticResult(int),0,0x00403EA0,pushbutton::WasPushed(),0x0041FA80,2
5.0.21,Bixby110chkdlg.cpp,bixby110checkout::ReadAutomaticResult(int),0,0x00403EA0,edit::Settext(char const*),0x0041FF20,4
5.0.21,Bixby110chkdlg.cpp,bixby110checkout::ReadAutomaticResult(int),0,0x00403EA0,sprintf,0x0042F380,4
5.0.21,Bixby110chkdlg.cpp,"bixby110checkout::writeln(void*, char*)",0,0x00404400,strlen,0x0042F3A0,1
5.0.21,Bixby110chkdlg.cpp,"bixby110checkout::writeln(void*, char*)",0,0x00404400,WriteFile@20,0x0042F830,1
5.0.21,Bixby110chkdlg.cpp,bixby110checkout::GenerateReport(),0,0x00404440,"FormatTime(_SYSTEMTIME*, char*)",0x004080D0,1
5.0.21,Bixby110chkdlg.cpp,bixby110checkout::GenerateReport(),0,0x00404440,bixby110io::getCMDbuf(unsigned char),0x00408F40,4
5.0.21,Bixby110chkdlg.cpp,bixby110checkout::GenerateReport(),0,0x00404440,"bixby110io::getUnit0Data(unsigned char, char*)",0x00409580,11
5.0.21,Bixby110chkdlg.cpp,bixby110checkout::GenerateReport(),0,0x00404440,"bixby110io::getCmdData(unsigned char, char*)",0x00409730,1
5.0.21,Bixby110chkdlg.cpp,bixby110checkout::GenerateReport(),0,0x00404440,manual3checkbox::IsChecked(),0x0041F450,3
5.0.21,Bixby110chkdlg.cpp,bixby110checkout::GenerateReport(),0,0x00404440,manual3checkbox::IsUnchecked(),0x0041F490,6
5.0.21,Bixby110chkdlg.cpp,bixby110checkout::GenerateReport(),0,0x00404440,manual3checkbox::IsIndeterminate(),0x0041F4D0,6
5.0.21,Bixby110chkdlg.cpp,bixby110checkout::GenerateReport(),0,0x00404440,edit::Gettext(),0x0041FEE0,1
5.0.21,Bixby110chkdlg.cpp,bixby110checkout::GenerateReport(),0,0x00404440,sprintf,0x0042F380,30
5.0.21,Bixby110chkdlg.cpp,bixby110checkout::GenerateReport(),0,0x00404440,strlen,0x0042F3A0,43
5.0.21,Bixby110chkdlg.cpp,bixby110checkout::GenerateReport(),0,0x00404440,strcpy,0x0042F3B0,1
5.0.21,Bixby110chkdlg.cpp,bixby110checkout::GenerateReport(),0,0x00404440,strcat,0x0042F3E0,12
5.0.21,Bixby110chkdlg.cpp,bixby110checkout::GenerateReport(),0,0x00404440,MessageBoxA@16,0x0042F570,2
5.0.21,Bixby110chkdlg.cpp,bixby110checkout::GenerateReport(),0,0x00404440,CreateFileA@28,0x0042F7C0,2
5.0.21,Bixby110chkdlg.cpp,bixby110checkout::GenerateReport(),0,0x00404440,CloseHandle@4,0x0042F7F0,2
5.0.21,Bixby110chkdlg.cpp,bixby110checkout::GenerateReport(),0,0x00404440,WriteFile@20,0x0042F830,31
5.0.21,Bixby110chkdlg.cpp,bixby110checkout::GenerateReport(),0,0x00404440,GetLocalTime@4,0x0042F850,1
5.0.21,Bixby110chkdlg.cpp,bixby110checkout::Bixby110UpdateData(),0,0x00405800,bixby110io::getCMDbuf(unsigned char),0x00408F40,5
5.0.21,Bixby110chkdlg.cpp,bixby110checkout::Bixby110UpdateData(),0,0x00405800,bixby110io::CalculateChecksum(unsigned char),0x004098E0,1
5.0.21,Bixby110chkdlg.cpp,bixby110checkout::Bixby110UpdateData(),0,0x00405800,edit::Gettext(),0x0041FEE0,4
5.0.21,Bixby110chkdlg.cpp,bixby110checkout::Bixby110UpdateData(),0,0x00405800,edit::Settext(char const*),0x0041FF20,6
5.0.21,Bixby110chkdlg.cpp,bixby110checkout::Bixby110UpdateData(),0,0x00405800,edit::SetBkColor(unsigned long),0x0041FFB0,5
5.0.21,Bixby110chkdlg.cpp,bixby110checkout::Bixby110UpdateData(),0,0x00405800,sprintf,0x0042F380,6
5.0.21,Bixby110chkdlg.cpp,bixby110checkout::Bixby110UpdateData(),0,0x00405800,strcpy,0x0042F3B0,3
5.0.21,Bixby110chkdlg.cpp,bixby110checkout::Bixby110UpdateData(),0,0x00405800,strcmp,0x0042F3D0,2
5.0.21,Bixby110chkdlg.cpp,bixby110checkout::Bixby110UpdateData(),0,0x00405800,strcat,0x0042F3E0,1
5.0.21,Bixby110chkdlg.cpp,bixby110checkout::Bixby110UpdateData(),0,0x00405800,SetWindowTextA@8,0x0042F580,1
5.0.21,Bixby110chkdlg.cpp,"bixby110checkout::Bixby110SetupCheckoutInteractiveTests(int, int, int, int)",0,0x00405C80,"manual3checkbox::CreateManual3checkbox(char const*, int, int, HWND__*, HINSTANCE__*)",0x0041F390,2
5.0.21,Bixby110chkdlg.cpp,"bixby110checkout::Bixby110SetupCheckoutInteractiveTests(int, int, int, int)",0,0x00405C80,manual3checkbox::SetIndeterminate(),0x0041F5D0,2
5.0.21,Bixby110chkdlg.cpp,"bixby110checkout::Bixby110SetupCheckoutInteractiveTests(int, int, int, int)",0,0x00405C80,"statictext::CreateStatictext(char const*, int, int, int, int, HWND__*, HINSTANCE__*)",0x00420300,1
5.0.21,Bixby110chkdlg.cpp,"bixby110checkout::Bixby110SetupCheckoutInteractiveTests(int, int, int, int)",0,0x00405C80,sprintf,0x0042F380,2
5.0.21,Bixby110chkdlg.cpp,"bixby110checkout::Bixby110SetupCheckoutInteractiveTests(int, int, int, int)",0,0x00405C80,GetTextExtentPoint32A@16,0x0042F4E0,1
5.0.21,Bixby110chkdlg.cpp,"bixby110checkout::Bixby110SetupCheckoutInteractiveTests(int, int, int, int)",0,0x00405C80,GetDC@4,0x0042F590,1
5.0.21,Bixby110chkdlg.cpp,"bixby110checkout::Bixby110SetupCheckoutInteractiveTests(int, int, int, int)",0,0x00405C80,ReleaseDC@8,0x0042F5A0,1
5.0.21,Bixby110chkdlg.cpp,"bixby110checkout::Bixby110SetupCheckoutAutomaticTests(int, int, int, int)",0,0x00405F20,"manual3checkbox::CreateManual3checkbox(char const*, int, int, HWND__*, HINSTANCE__*)",0x0041F390,1
5.0.21,Bixby110chkdlg.cpp,"bixby110checkout::Bixby110SetupCheckoutAutomaticTests(int, int, int, int)",0,0x00405F20,manual3checkbox::SetIndeterminate(),0x0041F5D0,1
5.0.21,Bixby110chkdlg.cpp,"bixby110checkout::Bixby110SetupCheckoutAutomaticTests(int, int, int, int)",0,0x00405F20,"statictext::CreateStatictext(char const*, int, int, int, int, HWND__*, HINSTANCE__*)",0x00420300,1
5.0.21,Bixby110chkdlg.cpp,"bixby110checkout::Bixby110SetupCheckoutAutomaticTests(int, int, int, int)",0,0x00405F20,sprintf,0x0042F380,1
5.0.21,Bixby110chkdlg.cpp,"bixby110checkout::Bixby110SetupCheckoutAutomaticTests(int, int, int, int)",0,0x00405F20,GetTextExtentPoint32A@16,0x0042F4E0,1
5.0.21,Bixby110chkdlg.cpp,"bixby110checkout::Bixby110SetupCheckoutAutomaticTests(int, int, int, int)",0,0x00405F20,GetDC@4,0x0042F590,1
5.0.21,Bixby110chkdlg.cpp,"bixby110checkout::Bixby110SetupCheckoutAutomaticTests(int, int, int, int)",0,0x00405F20,ReleaseDC@8,0x0042F5A0,1
5.0.21,Bixby110chkdlg.cpp,"bixby110checkout::Bixby110SetupCheckoutIndividualizationData(int, int, int, int)",0,0x004060C0,"pushbutton::CreatePushbutton(char const*, int, int, HWND__*, HINSTANCE__*)",0x0041F930,3
5.0.21,Bixby110chkdlg.cpp,"bixby110checkout::Bixby110SetupCheckoutIndividualizationData(int, int, int, int)",0,0x004060C0,"edit::CreateEdit(char const*, int, int, int, int, HWND__*, HINSTANCE__*, unsigned long)",0x0041FE20,3
5.0.21,Bixby110chkdlg.cpp,"bixby110checkout::Bixby110SetupCheckoutIndividualizationData(int, int, int, int)",0,0x004060C0,"statictext::CreateStatictext(char const*, int, int, int, int, HWND__*, HINSTANCE__*)",0x00420300,2
5.0.21,Bixby110chkdlg.cpp,"bixby110checkout::Bixby110SetupCheckoutIndividualizationData(int, int, int, int)",0,0x004060C0,GetTextExtentPoint32A@16,0x0042F4E0,1
5.0.21,Bixby110chkdlg.cpp,"bixby110checkout::Bixby110SetupCheckoutIndividualizationData(int, int, int, int)",0,0x004060C0,GetDC@4,0x0042F590,1
5.0.21,Bixby110chkdlg.cpp,"bixby110checkout::Bixby110SetupCheckoutIndividualizationData(int, int, int, int)",0,0x004060C0,ReleaseDC@8,0x0042F5A0,1
5.0.21,Bixby110chkdlg.cpp,"bixby110checkout::Bixby110Checkout(HINSTANCE__*, int)",0,0x004063E0,bixby110checkout::SendInteractiveAction(int),0x00403070,2
5.0.21,Bixby110chkdlg.cpp,"bixby110checkout::Bixby110Checkout(HINSTANCE__*, int)",0,0x004063E0,bixby110checkout::ReadInteractiveResult(int),0x00403270,2
5.0.21,Bixby110chkdlg.cpp,"bixby110checkout::Bixby110Checkout(HINSTANCE__*, int)",0,0x004063E0,bixby110checkout::AnalyzeInteractiveResult(int),0x00403340,2
5.0.21,Bixby110chkdlg.cpp,"bixby110checkout::Bixby110Checkout(HINSTANCE__*, int)",0,0x004063E0,bixby110checkout::SendAutomaticAction(int),0x00403850,1
5.0.21,Bixby110chkdlg.cpp,"bixby110checkout::Bixby110Checkout(HINSTANCE__*, int)",0,0x004063E0,bixby110checkout::AnalyzeAutomaticResult(int),0x00403C60,1
5.0.21,Bixby110chkdlg.cpp,"bixby110checkout::Bixby110Checkout(HINSTANCE__*, int)",0,0x004063E0,bixby110checkout::ReadAutomaticResult(int),0x00403EA0,1
5.0.21,Bixby110chkdlg.cpp,"bixby110checkout::Bixby110Checkout(HINSTANCE__*, int)",0,0x004063E0,bixby110checkout::GenerateReport(),0x00404440,1
5.0.21,Bixby110chkdlg.cpp,"bixby110checkout::Bixby110Checkout(HINSTANCE__*, int)",0,0x004063E0,bixby110checkout::Bixby110UpdateData(),0x00405800,1
5.0.21,Bixby110chkdlg.cpp,"bixby110checkout::Bixby110Checkout(HINSTANCE__*, int)",0,0x004063E0,"bixby110checkout::Bixby110SetupCheckoutInteractiveTests(int, int, int, int)",0x00405C80,1
5.0.21,Bixby110chkdlg.cpp,"bixby110checkout::Bixby110Checkout(HINSTANCE__*, int)",0,0x004063E0,"bixby110checkout::Bixby110SetupCheckoutAutomaticTests(int, int, int, int)",0x00405F20,1
5.0.21,Bixby110chkdlg.cpp,"bixby110checkout::Bixby110Checkout(HINSTANCE__*, int)",0,0x004063E0,"bixby110checkout::Bixby110SetupCheckoutIndividualizationData(int, int, int, int)",0x004060C0,1
5.0.21,Bixby110chkdlg.cpp,"bixby110checkout::Bixby110Checkout(HINSTANCE__*, int)",0,0x004063E0,"ISBeep(unsigned long, unsigned long)",0x004078E0,2
5.0.21,Bixby110chkdlg.cpp,"bixby110checkout::Bixby110Checkout(HINSTANCE__*, int)",0,0x004063E0,"SetupDebugWindow(HWND__*, HINSTANCE__*)",0x00407910,1
5.0.21,Bixby110chkdlg.cpp,"bixby110checkout::Bixby110Checkout(HINSTANCE__*, int)",0,0x004063E0,CloseDebugWindow(),0x00407B10,1
5.0.21,Bixby110chkdlg.cpp,"bixby110checkout::Bixby110Checkout(HINSTANCE__*, int)",0,0x004063E0,ShowDebugWindow(),0x00407B70,1
5.0.21,Bixby110chkdlg.cpp,"bixby110checkout::Bixby110Checkout(HINSTANCE__*, int)",0,0x004063E0,"TimeDelay(HWND__*, unsigned int)",0x00407E40,34
5.0.21,Bixby110chkdlg.cpp,"bixby110checkout::Bixby110Checkout(HINSTANCE__*, int)",0,0x004063E0,bixby110io::getrs232port(unsigned char),0x00408430,1
5.0.21,Bixby110chkdlg.cpp,"bixby110checkout::Bixby110Checkout(HINSTANCE__*, int)",0,0x004063E0,bixby110io::freers232port(),0x00408520,1
5.0.21,Bixby110chkdlg.cpp,"bixby110checkout::Bixby110Checkout(HINSTANCE__*, int)",0,0x004063E0,bixby110io::scanio(unsigned char*),0x004085C0,1
5.0.21,Bixby110chkdlg.cpp,"bixby110checkout::Bixby110Checkout(HINSTANCE__*, int)",0,0x004063E0,"bixby110io::writereg(unsigned char, unsigned char, unsigned char)",0x00408E90,12
5.0.21,Bixby110chkdlg.cpp,"bixby110checkout::Bixby110Checkout(HINSTANCE__*, int)",0,0x004063E0,"bixby110io::readreg(unsigned char, unsigned char)",0x00408ED0,8
5.0.21,Bixby110chkdlg.cpp,"bixby110checkout::Bixby110Checkout(HINSTANCE__*, int)",0,0x004063E0,bixby110io::getCMDbuf(unsigned char),0x00408F40,3
5.0.21,Bixby110chkdlg.cpp,"bixby110checkout::Bixby110Checkout(HINSTANCE__*, int)",0,0x004063E0,bixby110io::CollectResponse(),0x00408FA0,15
5.0.21,Bixby110chkdlg.cpp,"bixby110checkout::Bixby110Checkout(HINSTANCE__*, int)",0,0x004063E0,"bixby110io::GetEEPROMContents(HWND__*, char)",0x00408FF0,2
5.0.21,Bixby110chkdlg.cpp,"bixby110checkout::Bixby110Checkout(HINSTANCE__*, int)",0,0x004063E0,"bixby110io::getUnit0Data(unsigned char, char*)",0x00409580,2
5.0.21,Bixby110chkdlg.cpp,"bixby110checkout::Bixby110Checkout(HINSTANCE__*, int)",0,0x004063E0,bixby110io::CalculateChecksum(unsigned char),0x004098E0,1
5.0.21,Bixby110chkdlg.cpp,"bixby110checkout::Bixby110Checkout(HINSTANCE__*, int)",0,0x004063E0,dlgmsgrouter::RemoveMessageRoute(HWND__*),0x0041ED00,1
5.0.21,Bixby110chkdlg.cpp,"bixby110checkout::Bixby110Checkout(HINSTANCE__*, int)",0,0x004063E0,manual3checkbox::IsChecked(),0x0041F450,2
5.0.21,Bixby110chkdlg.cpp,"bixby110checkout::Bixby110Checkout(HINSTANCE__*, int)",0,0x004063E0,manual3checkbox::SetChecked(),0x0041F550,5
5.0.21,Bixby110chkdlg.cpp,"bixby110checkout::Bixby110Checkout(HINSTANCE__*, int)",0,0x004063E0,manual3checkbox::SetUnchecked(),0x0041F590,5
5.0.21,Bixby110chkdlg.cpp,"bixby110checkout::Bixby110Checkout(HINSTANCE__*, int)",0,0x004063E0,"pushbutton::CreatePushbutton(char const*, int, int, int, int, HWND__*, HINSTANCE__*)",0x0041F8B0,2
5.0.21,Bixby110chkdlg.cpp,"bixby110checkout::Bixby110Checkout(HINSTANCE__*, int)",0,0x004063E0,"pushbutton::CreatePushbutton(char const*, int, int, HWND__*, HINSTANCE__*)",0x0041F930,1
5.0.21,Bixby110chkdlg.cpp,"bixby110checkout::Bixby110Checkout(HINSTANCE__*, int)",0,0x004063E0,pushbutton::WasPushed(),0x0041FA80,6
5.0.21,Bixby110chkdlg.cpp,"bixby110checkout::Bixby110Checkout(HINSTANCE__*, int)",0,0x004063E0,"edit::CreateEdit(char const*, int, int, int, int, HWND__*, HINSTANCE__*, unsigned long)",0x0041FE20,1
5.0.21,Bixby110chkdlg.cpp,"bixby110checkout::Bixby110Checkout(HINSTANCE__*, int)",0,0x004063E0,edit::Gettext(),0x0041FEE0,2
5.0.21,Bixby110chkdlg.cpp,"bixby110checkout::Bixby110Checkout(HINSTANCE__*, int)",0,0x004063E0,edit::Settext(char const*),0x0041FF20,8
5.0.21,Bixby110chkdlg.cpp,"bixby110checkout::Bixby110Checkout(HINSTANCE__*, int)",0,0x004063E0,"dlgbox::CreateDialogBox(char const*, unsigned long, char const*)",0x004206B0,1
5.0.21,Bixby110chkdlg.cpp,"bixby110checkout::Bixby110Checkout(HINSTANCE__*, int)",0,0x004063E0,sprintf,0x0042F380,5
5.0.21,Bixby110chkdlg.cpp,"bixby110checkout::Bixby110Checkout(HINSTANCE__*, int)",0,0x004063E0,memcpy,0x0042F390,1
5.0.21,Bixby110chkdlg.cpp,"bixby110checkout::Bixby110Checkout(HINSTANCE__*, int)",0,0x004063E0,strlen,0x0042F3A0,1
5.0.21,Bixby110chkdlg.cpp,"bixby110checkout::Bixby110Checkout(HINSTANCE__*, int)",0,0x004063E0,atoi,0x0042F3C0,1
5.0.21,Bixby110chkdlg.cpp,"bixby110checkout::Bixby110Checkout(HINSTANCE__*, int)",0,0x004063E0,strcat,0x0042F3E0,2
5.0.21,Bixby110chkdlg.cpp,"bixby110checkout::Bixby110Checkout(HINSTANCE__*, int)",0,0x004063E0,MessageBoxA@16,0x0042F570,7
5.0.21,Bixby110chkdlg.cpp,"bixby110checkout::Bixby110Checkout(HINSTANCE__*, int)",0,0x004063E0,SetTimer@16,0x0042F5B0,1
5.0.21,Bixby110chkdlg.cpp,"bixby110checkout::Bixby110Checkout(HINSTANCE__*, int)",0,0x004063E0,DispatchMessageA@4,0x0042F5C0,1
5.0.21,Bixby110chkdlg.cpp,"bixby110checkout::Bixby110Checkout(HINSTANCE__*, int)",0,0x004063E0,GetMessageA@16,0x0042F5D0,1
5.0.21,Bixby110chkdlg.cpp,"bixby110checkout::Bixby110Checkout(HINSTANCE__*, int)",0,0x004063E0,TranslateMessage@4,0x0042F5E0,1
5.0.21,Bixby110chkdlg.cpp,"bixby110checkout::Bixby110Checkout(HINSTANCE__*, int)",0,0x004063E0,ShowWindow@8,0x0042F5F0,2
5.0.21,Bixby110chkdlg.cpp,"bixby110checkout::Bixby110Checkout(HINSTANCE__*, int)",0,0x004063E0,KillTimer@8,0x0042F600,1
5.0.21,Bixby110chkdlg.cpp,"bixby110checkout::Bixby110Checkout(HINSTANCE__*, int)",0,0x004063E0,DestroyWindow@4,0x0042F610,18
5.0.21,Bixby110chkdlg.cpp,"bixby110checkout::Bixby110Checkout(HINSTANCE__*, int)",0,0x004063E0,Beep@8,0x0042F860,3
5.0.21,Bixby110chkdlg.cpp,"bixby110checkout::Bixby110Checkout(HINSTANCE__*, int)",0,0x004063E0,GetCurrentDirectoryA@8,0x0042F870,1
5.0.21,Bixby110chkdlg.cpp,"bixby110checkout::Bixby110Checkout(HINSTANCE__*, int)",0,0x004063E0,WinExec@8,0x0042F880,1
5.0.21,Bixby110chkdlg.cpp,bixby110checkout::AnalyzeAutomaticResult(int),0,0x00403C60,bixby110io::getCMDbuf(unsigned char),0x00408F40,10
5.0.21,Bixby110chkdlg.cpp,bixby110checkout::AnalyzeAutomaticResult(int),0,0x00403C60,manual3checkbox::SetChecked(),0x0041F550,3
5.0.21,Bixby110chkdlg.cpp,bixby110checkout::AnalyzeAutomaticResult(int),0,0x00403C60,manual3checkbox::SetUnchecked(),0x0041F590,3
5.0.21,Bixby110DataElements.cpp,"ISBeep(unsigned long, unsigned long)",0,0x004078E0,Beep@8,0x0042F860,1
5.0.21,Bixby110DataElements.cpp,"SetupDebugWindow(HWND__*, HINSTANCE__*)",0,0x00407910,"edit::CreateEdit(char const*, int, int, int, int, HWND__*, HINSTANCE__*, unsigned long)",0x0041FE20,1
5.0.21,Bixby110DataElements.cpp,"SetupDebugWindow(HWND__*, HINSTANCE__*)",0,0x00407910,GetStockObject@4,0x0042F4F0,2
5.0.21,Bixby110DataElements.cpp,"SetupDebugWindow(HWND__*, HINSTANCE__*)",0,0x00407910,SelectObject@8,0x0042F500,1
5.0.21,Bixby110DataElements.cpp,"SetupDebugWindow(HWND__*, HINSTANCE__*)",0,0x00407910,MessageBoxA@16,0x0042F570,1
5.0.21,Bixby110DataElements.cpp,"SetupDebugWindow(HWND__*, HINSTANCE__*)",0,0x00407910,GetDC@4,0x0042F590,1
5.0.21,Bixby110DataElements.cpp,"SetupDebugWindow(HWND__*, HINSTANCE__*)",0,0x00407910,ReleaseDC@8,0x0042F5A0,1
5.0.21,Bixby110DataElements.cpp,"SetupDebugWindow(HWND__*, HINSTANCE__*)",0,0x00407910,CreateWindowExA@48,0x0042F620,1
5.0.21,Bixby110DataElements.cpp,"SetupDebugWindow(HWND__*, HINSTANCE__*)",0,0x00407910,SendMessageA@16,0x0042F630,1
5.0.21,Bixby110DataElements.cpp,CloseDebugWindow(),0,0x00407B10,DestroyWindow@4,0x0042F610,2
5.0.21,Bixby110DataElements.cpp,ShowDebugWindow(),0,0x00407B70,ShowWindow@8,0x0042F5F0,3
5.0.21,Bixby110DataElements.cpp,"strsearch(char*, char*)",0,0x00407CC0,strlen,0x0042F3A0,2
5.0.21,Bixby110DataElements.cpp,"strsearchtail(char*, char*)",0,0x00407D40,strlen,0x0042F3A0,3
5.0.21,Bixby110DataElements.cpp,"strchrsearch(char*, char*)",0,0x00407DD0,strlen,0x0042F3A0,2
5.0.21,Bixby110DataElements.cpp,"TimeDelay(HWND__*, unsigned int)",0,0x00407E40,SetTimer@16,0x0042F5B0,1
5.0.21,Bixby110DataElements.cpp,"TimeDelay(HWND__*, unsigned int)",0,0x00407E40,DispatchMessageA@4,0x0042F5C0,2
5.0.21,Bixby110DataElements.cpp,"TimeDelay(HWND__*, unsigned int)",0,0x00407E40,GetMessageA@16,0x0042F5D0,1
5.0.21,Bixby110DataElements.cpp,"TimeDelay(HWND__*, unsigned int)",0,0x00407E40,TranslateMessage@4,0x0042F5E0,1
5.0.21,Bixby110DataElements.cpp,"TimeDelay(HWND__*, unsigned int)",0,0x00407E40,KillTimer@8,0x0042F600,1
5.0.21,Bixby110DataElements.cpp,CalibrateMicrosecondTimer(HWND__*),0,0x00407F40,GetSystemTimeAsFileTime@4,0x0042F890,2
5.0.21,Bixby110DataElements.cpp,CalibrateMicrosecondTimer_6E030(HWND__*),0,0x00408030,GetSystemTimeAsFileTime@4,0x0042F890,2
5.0.21,Bixby110DataElements.cpp,"FormatTime(_SYSTEMTIME*, char*)",0,0x004080D0,sprintf,0x0042F380,1
5.0.21,Bixby110DataElements.cpp,"GetCompressedDate(_SYSTEMTIME*, char*)",0,0x004082C0,sprintf,0x0042F380,1
5.0.21,Bixby110DataElements.cpp,TextBased_0_255_RangeCheck(char*),0,0x00408300,sprintf,0x0042F380,2
5.0.21,Bixby110DataElements.cpp,TextBased_0_255_RangeCheck(char*),0,0x00408300,strlen,0x0042F3A0,2
5.0.21,Bixby110DataElements.cpp,TextBased_0_255_RangeCheck(char*),0,0x00408300,strcpy,0x0042F3B0,1
5.0.21,Bixby110DataElements.cpp,bixby110io::getrs232port(unsigned char),0,0x00408430,"async::async(int, long, long, int, int)",0x00401520,1
5.0.21,Bixby110DataElements.cpp,bixby110io::getrs232port(unsigned char),0,0x00408430,operator delete(void*),0x004296A0,1
5.0.21,Bixby110DataElements.cpp,bixby110io::getrs232port(unsigned char),0,0x00408430,operator new(unsigned int),0x004296C0,1
5.0.21,Bixby110DataElements.cpp,bixby110io::getrs232port(unsigned char),0,0x00408430,_Unwind_SjLj_Register,0x0042E5B0,1
5.0.21,Bixby110DataElements.cpp,bixby110io::getrs232port(unsigned char),0,0x00408430,_Unwind_SjLj_Unregister,0x0042E690,1
5.0.21,Bixby110DataElements.cpp,bixby110io::getrs232port(unsigned char),0,0x00408430,_Unwind_SjLj_Resume,0x0042EC70,1
5.0.21,Bixby110DataElements.cpp,bixby110io::sendcommand(char*),0,0x00408560,"async::write(char*, int)",0x004017F0,1
5.0.21,Bixby110DataElements.cpp,bixby110io::sendcommand(char*),0,0x00408560,strlen,0x0042F3A0,1
5.0.21,Bixby110DataElements.cpp,bixby110io::scanio(unsigned char*),0,0x004085C0,async::read_char(char*),0x00401860,1
5.0.21,Bixby110DataElements.cpp,bixby110io::scanio(unsigned char*),0,0x004085C0,async::read_string(char*),0x00401900,1
5.0.21,Bixby110DataElements.cpp,bixby110io::scanio(unsigned char*),0,0x004085C0,async::get_read_string_buf_count(),0x00401A50,1
5.0.21,Bixby110DataElements.cpp,bixby110io::scanio(unsigned char*),0,0x004085C0,edit::Settext(char const*),0x0041FF20,1
5.0.21,Bixby110DataElements.cpp,bixby110io::scanio(unsigned char*),0,0x004085C0,sprintf,0x0042F380,1
5.0.21,Bixby110DataElements.cpp,bixby110io::scanio(unsigned char*),0,0x004085C0,strcpy,0x0042F3B0,1
5.0.21,Bixby110DataElements.cpp,bixby110io::scanio(unsigned char*),0,0x004085C0,Beep@8,0x0042F860,1
5.0.21,Bixby110DataElements.cpp,"bixby110io::regio(unsigned char, unsigned char, unsigned char, unsigned char)",0,0x00408D50,edit::Settext(char const*),0x0041FF20,1
5.0.21,Bixby110DataElements.cpp,"bixby110io::regio(unsigned char, unsigned char, unsigned char, unsigned char)",0,0x00408D50,strlen,0x0042F3A0,1
5.0.21,Bixby110DataElements.cpp,"bixby110io::regio(unsigned char, unsigned char, unsigned char, unsigned char)",0,0x00408D50,strcpy,0x0042F3B0,1
5.0.21,Bixby110DataElements.cpp,"bixby110io::writereg(unsigned char, unsigned char, unsigned char)",0,0x00408E90,"bixby110io::regio(unsigned char, unsigned char, unsigned char, unsigned char)",0x00408D50,1
5.0.21,Bixby110DataElements.cpp,"bixby110io::readreg(unsigned char, unsigned char)",0,0x00408ED0,"bixby110io::regio(unsigned char, unsigned char, unsigned char, unsigned char)",0x00408D50,1
5.0.21,Bixby110DataElements.cpp,"bixby110io::readreg(unsigned char, unsigned char)",0,0x00408ED0,Beep@8,0x0042F860,1
5.0.21,Bixby110DataElements.cpp,bixby110io::CollectResponse(),0,0x00408FA0,bixby110io::scanio(unsigned char*),0x004085C0,1
5.0.21,Bixby110DataElements.cpp,"bixby110io::GetEEPROMContents(HWND__*, char)",0,0x00408FF0,bixby110io::scanio(unsigned char*),0x004085C0,5
5.0.21,Bixby110DataElements.cpp,"bixby110io::GetEEPROMContents(HWND__*, char)",0,0x00408FF0,"bixby110io::regio(unsigned char, unsigned char, unsigned char, unsigned char)",0x00408D50,5
5.0.21,Bixby110DataElements.cpp,"bixby110io::GetEEPROMContents(HWND__*, char)",0,0x00408FF0,SetTimer@16,0x0042F5B0,5
5.0.21,Bixby110DataElements.cpp,"bixby110io::GetEEPROMContents(HWND__*, char)",0,0x00408FF0,DispatchMessageA@4,0x0042F5C0,10
5.0.21,Bixby110DataElements.cpp,"bixby110io::GetEEPROMContents(HWND__*, char)",0,0x00408FF0,GetMessageA@16,0x0042F5D0,5
5.0.21,Bixby110DataElements.cpp,"bixby110io::GetEEPROMContents(HWND__*, char)",0,0x00408FF0,TranslateMessage@4,0x0042F5E0,5
5.0.21,Bixby110DataElements.cpp,"bixby110io::GetEEPROMContents(HWND__*, char)",0,0x00408FF0,KillTimer@8,0x0042F600,5
5.0.21,Bixby110DataElements.cpp,bixby110io::write_char(char),0,0x00409840,"async::write(char*, int)",0x004017F0,1
5.0.21,Bixby110DataElements.cpp,bixby110io::read_char(),0,0x00409880,async::read_char(char*),0x00401860,1
5.0.21,Bixby110DataElements.cpp,bixby110io::status_read_char(unsigned char*),0,0x004098B0,async::read_char(char*),0x00401860,1
5.0.21,Bixby110DataElements.cpp,"__static_initialization_and_destruction_0(int, int)",0,0x00409960,dlgelement::dlgelement(),0x0041EE00,1
5.0.21,Bixby110DataElements.cpp,"__static_initialization_and_destruction_0(int, int)",0,0x00409960,dlgelement::~dlgelement(),0x0041EE20,2
5.0.21,Bixby110DataElements.cpp,"__static_initialization_and_destruction_0(int, int)",0,0x00409960,_Unwind_SjLj_Register,0x0042E5B0,1
5.0.21,Bixby110DataElements.cpp,"__static_initialization_and_destruction_0(int, int)",0,0x00409960,_Unwind_SjLj_Unregister,0x0042E690,1
5.0.21,Bixby110DataElements.cpp,"__static_initialization_and_destruction_0(int, int)",0,0x00409960,_Unwind_SjLj_Resume,0x0042EC70,1
5.0.21,Bixby110dlg.cpp,bixby110control::bixby110control(),0,0x00409AD0,bixby110io::bixby110io(),0x00408400,1
5.0.21,Bixby110dlg.cpp,bixby110control::bixby110control(),0,0x00409AD0,bixby110io::~bixby110io(),0x00408420,1
5.0.21,Bixby110dlg.cpp,bixby110control::bixby110control(),0,0x00409AD0,dlgelement::dlgelement(),0x0041EE00,59
5.0.21,Bixby110dlg.cpp,bixby110control::bixby110control(),0,0x00409AD0,filerequester::filerequester(),0x004209C0,1
5.0.21,Bixby110dlg.cpp,bixby110control::bixby110control(),0,0x00409AD0,operator delete(void*),0x004296A0,1
5.0.21,Bixby110dlg.cpp,bixby110control::bixby110control(),0,0x00409AD0,operator new(unsigned int),0x004296C0,60
5.0.21,Bixby110dlg.cpp,bixby110control::bixby110control(),0,0x00409AD0,_Unwind_SjLj_Register,0x0042E5B0,1
5.0.21,Bixby110dlg.cpp,bixby110control::bixby110control(),0,0x00409AD0,_Unwind_SjLj_Unregister,0x0042E690,1
5.0.21,Bixby110dlg.cpp,bixby110control::bixby110control(),0,0x00409AD0,_Unwind_SjLj_Resume,0x0042EC70,1
5.0.21,Bixby110dlg.cpp,bixby110control::bixby110control(),1,0x0040B250,bixby110io::bixby110io(),0x00408400,1
5.0.21,Bixby110dlg.cpp,bixby110control::bixby110control(),1,0x0040B250,bixby110io::~bixby110io(),0x00408420,1
5.0.21,Bixby110dlg.cpp,bixby110control::bixby110control(),1,0x0040B250,dlgelement::dlgelement(),0x0041EE00,59
5.0.21,Bixby110dlg.cpp,bixby110control::bixby110control(),1,0x0040B250,filerequester::filerequester(),0x004209C0,1
5.0.21,Bixby110dlg.cpp,bixby110control::bixby110control(),1,0x0040B250,operator delete(void*),0x004296A0,1
5.0.21,Bixby110dlg.cpp,bixby110control::bixby110control(),1,0x0040B250,operator new(unsigned int),0x004296C0,60
5.0.21,Bixby110dlg.cpp,bixby110control::bixby110control(),1,0x0040B250,_Unwind_SjLj_Register,0x0042E5B0,1
5.0.21,Bixby110dlg.cpp,bixby110control::bixby110control(),1,0x0040B250,_Unwind_SjLj_Unregister,0x0042E690,1
5.0.21,Bixby110dlg.cpp,bixby110control::bixby110control(),1,0x0040B250,_Unwind_SjLj_Resume,0x0042EC70,1
5.0.21,Bixby110dlg.cpp,bixby110control::~bixby110control(),0,0x0040C9D0,bixby110io::~bixby110io(),0x00408420,2
5.0.21,Bixby110dlg.cpp,bixby110control::~bixby110control(),0,0x0040C9D0,dlgelement::~dlgelement(),0x0041EE20,58
5.0.21,Bixby110dlg.cpp,bixby110control::~bixby110control(),0,0x0040C9D0,filerequester::~filerequester(),0x00420BB0,1
5.0.21,Bixby110dlg.cpp,bixby110control::~bixby110control(),0,0x0040C9D0,operator delete(void*),0x004296A0,59
5.0.21,Bixby110dlg.cpp,bixby110control::~bixby110control(),0,0x0040C9D0,_Unwind_SjLj_Register,0x0042E5B0,1
5.0.21,Bixby110dlg.cpp,bixby110control::~bixby110control(),0,0x0040C9D0,_Unwind_SjLj_Unregister,0x0042E690,1
5.0.21,Bixby110dlg.cpp,bixby110control::~bixby110control(),0,0x0040C9D0,_Unwind_SjLj_Resume,0x0042EC70,1
5.0.21,Bixby110dlg.cpp,bixby110control::~bixby110control(),1,0x0040DBD0,bixby110io::~bixby110io(),0x00408420,2
5.0.21,Bixby110dlg.cpp,bixby110control::~bixby110control(),1,0x0040DBD0,dlgelement::~dlgelement(),0x0041EE20,58
5.0.21,Bixby110dlg.cpp,bixby110control::~bixby110control(),1,0x0040DBD0,filerequester::~filerequester(),0x00420BB0,1
5.0.21,Bixby110dlg.cpp,bixby110control::~bixby110control(),1,0x0040DBD0,operator delete(void*),0x004296A0,59
5.0.21,Bixby110dlg.cpp,bixby110control::~bixby110control(),1,0x0040DBD0,_Unwind_SjLj_Register,0x0042E5B0,1
5.0.21,Bixby110dlg.cpp,bixby110control::~bixby110control(),1,0x0040DBD0,_Unwind_SjLj_Unregister,0x0042E690,1
5.0.21,Bixby110dlg.cpp,bixby110control::~bixby110control(),1,0x0040DBD0,_Unwind_SjLj_Resume,0x0042EC70,1
5.0.21,Bixby110dlg.cpp,bixby110control::BixbyProcessHelpRequest(),0,0x0040EDD0,manualradiobutton::WasPushed(),0x0041F890,5
5.0.21,Bixby110dlg.cpp,bixby110control::BixbyProcessHelpRequest(),0,0x0040EDD0,pushbutton::WasPushed(),0x0041FA80,33
5.0.21,Bixby110dlg.cpp,bixby110control::BixbyProcessHelpRequest(),0,0x0040EDD0,statictext::WasPushed(),0x004203F0,1
5.0.21,Bixby110dlg.cpp,bixby110control::BixbyProcessHelpRequest(),0,0x0040EDD0,MessageBoxA@16,0x0042F570,31
5.0.21,Bixby110dlg.cpp,bixby110control::AppendDataLogLine(char*),0,0x0040F960,strlen,0x0042F3A0,3
5.0.21,Bixby110dlg.cpp,bixby110control::AppendDataLogLine(char*),0,0x0040F960,strcat,0x0042F3E0,1
5.0.21,Bixby110dlg.cpp,bixby110control::WriteDataLogTimeDate(),0,0x0040F9E0,"FormatTime(_SYSTEMTIME*, char*)",0x004080D0,1
5.0.21,Bixby110dlg.cpp,bixby110control::WriteDataLogTimeDate(),0,0x0040F9E0,strlen,0x0042F3A0,3
5.0.21,Bixby110dlg.cpp,bixby110control::WriteDataLogTimeDate(),0,0x0040F9E0,strcat,0x0042F3E0,1
5.0.21,Bixby110dlg.cpp,bixby110control::WriteDataLogTimeDate(),0,0x0040F9E0,GetLocalTime@4,0x0042F850,1
5.0.21,Bixby110dlg.cpp,bixby110control::WriteDataLogLine(),0,0x0040FAA0,"FormatTime(_SYSTEMTIME*, char*)",0x004080D0,1
5.0.21,Bixby110dlg.cpp,bixby110control::WriteDataLogLine(),0,0x0040FAA0,strlen,0x0042F3A0,5
5.0.21,Bixby110dlg.cpp,bixby110control::WriteDataLogLine(),0,0x0040FAA0,strcat,0x0042F3E0,1
5.0.21,Bixby110dlg.cpp,bixby110control::WriteDataLogLine(),0,0x0040FAA0,WriteFile@20,0x0042F830,1
5.0.21,Bixby110dlg.cpp,bixby110control::WriteDataLogLine(),0,0x0040FAA0,GetLocalTime@4,0x0042F850,1
5.0.21,Bixby110dlg.cpp,bixby110control::WriteDataLogDescription(),0,0x0040FC00,"FormatTime(_SYSTEMTIME*, char*)",0x004080D0,1
5.0.21,Bixby110dlg.cpp,bixby110control::WriteDataLogDescription(),0,0x0040FC00,manual3checkbox::IsChecked(),0x0041F450,1
5.0.21,Bixby110dlg.cpp,bixby110control::WriteDataLogDescription(),0,0x0040FC00,strlen,0x0042F3A0,11
5.0.21,Bixby110dlg.cpp,bixby110control::WriteDataLogDescription(),0,0x0040FC00,strcat,0x0042F3E0,3
5.0.21,Bixby110dlg.cpp,bixby110control::WriteDataLogDescription(),0,0x0040FC00,WriteFile@20,0x0042F830,1
5.0.21,Bixby110dlg.cpp,bixby110control::WriteDataLogDescription(),0,0x0040FC00,GetLocalTime@4,0x0042F850,1
5.0.21,Bixby110dlg.cpp,"bixby110control::Bixby110UpdateData(char, unsigned char)",0,0x0040FEE0,"FormatTime(_SYSTEMTIME*, char*)",0x004080D0,1
5.0.21,Bixby110dlg.cpp,"bixby110control::Bixby110UpdateData(char, unsigned char)",0,0x0040FEE0,bixby110io::getCMDbuf(unsigned char),0x00408F40,7
5.0.21,Bixby110dlg.cpp,"bixby110control::Bixby110UpdateData(char, unsigned char)",0,0x0040FEE0,manual3checkbox::IsChecked(),0x0041F450,28
5.0.21,Bixby110dlg.cpp,"bixby110control::Bixby110UpdateData(char, unsigned char)",0,0x0040FEE0,edit::Gettext(),0x0041FEE0,5
5.0.21,Bixby110dlg.cpp,"bixby110control::Bixby110UpdateData(char, unsigned char)",0,0x0040FEE0,edit::Settext(char const*),0x0041FF20,15
5.0.21,Bixby110dlg.cpp,"bixby110control::Bixby110UpdateData(char, unsigned char)",0,0x0040FEE0,edit::SetBkColor(unsigned long),0x0041FFB0,19
5.0.21,Bixby110dlg.cpp,"bixby110control::Bixby110UpdateData(char, unsigned char)",0,0x0040FEE0,sprintf,0x0042F380,45
5.0.21,Bixby110dlg.cpp,"bixby110control::Bixby110UpdateData(char, unsigned char)",0,0x0040FEE0,strlen,0x0042F3A0,89
5.0.21,Bixby110dlg.cpp,"bixby110control::Bixby110UpdateData(char, unsigned char)",0,0x0040FEE0,strcpy,0x0042F3B0,6
5.0.21,Bixby110dlg.cpp,"bixby110control::Bixby110UpdateData(char, unsigned char)",0,0x0040FEE0,strcmp,0x0042F3D0,3
5.0.21,Bixby110dlg.cpp,"bixby110control::Bixby110UpdateData(char, unsigned char)",0,0x0040FEE0,strcat,0x0042F3E0,29
5.0.21,Bixby110dlg.cpp,"bixby110control::Bixby110UpdateData(char, unsigned char)",0,0x0040FEE0,GetSysColor@4,0x0042F640,6
5.0.21,Bixby110dlg.cpp,"bixby110control::Bixby110UpdateData(char, unsigned char)",0,0x0040FEE0,WriteFile@20,0x0042F830,1
5.0.21,Bixby110dlg.cpp,"bixby110control::Bixby110UpdateData(char, unsigned char)",0,0x0040FEE0,GetLocalTime@4,0x0042F850,1
5.0.21,Bixby110dlg.cpp,bixby110control::GetSelectedModel(),0,0x00412D30,manualradiobutton::IsChecked(),0x0041F7A0,1
5.0.21,Bixby110dlg.cpp,bixby110control::GetSelectedAltitude(),0,0x00412D80,manualradiobutton::IsChecked(),0x0041F7A0,1
5.0.21,Bixby110dlg.cpp,bixby110control::GetSelectedFueltypeA(),0,0x00412DE0,manualradiobutton::IsChecked(),0x0041F7A0,1
5.0.21,Bixby110dlg.cpp,bixby110control::GetSelectedFueltypeB(),0,0x00412E30,manualradiobutton::IsChecked(),0x0041F7A0,1
5.0.21,Bixby110dlg.cpp,bixby110control::GetSelectedFancurve(),0,0x00412E80,manualradiobutton::IsChecked(),0x0041F7A0,1
5.0.21,Bixby110dlg.cpp,bixby110control::GetSelectedFeedwheel(),0,0x00412ED0,manualradiobutton::IsChecked(),0x0041F7A0,1
5.0.21,Bixby110dlg.cpp,bixby110control::Bixby110TuneAdjustments(unsigned char),0,0x00412F20,manualradiobutton::IsChecked(),0x0041F7A0,5
5.0.21,Bixby110dlg.cpp,bixby110control::Bixby110TuneAdjustments(unsigned char),0,0x00412F20,manualradiobutton::SetChecked(),0x0041F810,6
5.0.21,Bixby110dlg.cpp,bixby110control::Bixby110TuneAdjustments(unsigned char),0,0x00412F20,edit::Settext(char const*),0x0041FF20,4
5.0.21,Bixby110dlg.cpp,bixby110control::Bixby110TuneAdjustments(unsigned char),0,0x00412F20,edit::SetBkColor(unsigned long),0x0041FFB0,4
5.0.21,Bixby110dlg.cpp,bixby110control::Bixby110TuneAdjustments(unsigned char),0,0x00412F20,sprintf,0x0042F380,4
5.0.21,Bixby110dlg.cpp,"bixby110control::Bixby110Initialize(unsigned char, unsigned char)",0,0x004136E0,"TimeDelay(HWND__*, unsigned int)",0x00407E40,1
5.0.21,Bixby110dlg.cpp,"bixby110control::Bixby110Initialize(unsigned char, unsigned char)",0,0x004136E0,"bixby110io::writereg(unsigned char, unsigned char, unsigned char)",0x00408E90,1
5.0.21,Bixby110dlg.cpp,"bixby110control::Bixby110Initialize(unsigned char, unsigned char)",0,0x004136E0,pushbutton::SetSimulatedPush(),0x0041FAA0,4
5.0.21,Bixby110dlg.cpp,bixby110control::LoadReport(char*),0,0x00413800,"strsearch(char*, char*)",0x00407CC0,3
5.0.21,Bixby110dlg.cpp,bixby110control::LoadReport(char*),0,0x00413800,"strsearchtail(char*, char*)",0x00407D40,9
5.0.21,Bixby110dlg.cpp,bixby110control::LoadReport(char*),0,0x00413800,edit::Settext(char const*),0x0041FF20,10
5.0.21,Bixby110dlg.cpp,bixby110control::LoadReport(char*),0,0x00413800,edit::SetBkColor(unsigned long),0x0041FFB0,10
5.0.21,Bixby110dlg.cpp,bixby110control::LoadReport(char*),0,0x00413800,__chkstk,0x0042F000,1
5.0.21,Bixby110dlg.cpp,bixby110control::LoadReport(char*),0,0x00413800,sprintf,0x0042F380,2
5.0.21,Bixby110dlg.cpp,bixby110control::LoadReport(char*),0,0x00413800,strcat,0x0042F3E0,6
5.0.21,Bixby110dlg.cpp,bixby110control::LoadReport(char*),0,0x00413800,strncpy,0x0042F3F0,10
5.0.21,Bixby110dlg.cpp,bixby110control::LoadReport(char*),0,0x00413800,MessageBoxA@16,0x0042F570,2
5.0.21,Bixby110dlg.cpp,bixby110control::LoadReport(char*),0,0x00413800,CloseHandle@4,0x0042F7F0,1
5.0.21,Bixby110dlg.cpp,bixby110control::LoadReport(char*),0,0x00413800,ReadFile@20,0x0042F840,1
5.0.21,Bixby110dlg.cpp,bixby110control::LoadReport(char*),0,0x00413800,OpenFile@12,0x0042F8A0,1
5.0.21,Bixby110dlg.cpp,bixby110control::LoadReport(char*),0,0x00413800,GetFileSize@8,0x0042F8B0,1
5.0.21,Bixby110dlg.cpp,"bixby110control::Bixby110DialogSetupTelemetry(int, int, int, int)",0,0x00414100,"manual3checkbox::CreateManual3checkbox(char const*, int, int, HWND__*, HINSTANCE__*)",0x0041F390,1
5.0.21,Bixby110dlg.cpp,"bixby110control::Bixby110DialogSetupTelemetry(int, int, int, int)",0,0x00414100,manual3checkbox::SetChecked(),0x0041F550,1
5.0.21,Bixby110dlg.cpp,"bixby110control::Bixby110DialogSetupTelemetry(int, int, int, int)",0,0x00414100,"pushbutton::CreatePushbutton(char const*, int, int, HWND__*, HINSTANCE__*)",0x0041F930,1
5.0.21,Bixby110dlg.cpp,"bixby110control::Bixby110DialogSetupTelemetry(int, int, int, int)",0,0x00414100,"edit::CreateEdit(char const*, int, int, int, int, HWND__*, HINSTANCE__*, unsigned long)",0x0041FE20,3
5.0.21,Bixby110dlg.cpp,"bixby110control::Bixby110DialogSetupIndividualization(int, int, int, int)",0,0x00414310,"pushbutton::CreatePushbutton(char const*, int, int, HWND__*, HINSTANCE__*)",0x0041F930,2
5.0.21,Bixby110dlg.cpp,"bixby110control::Bixby110DialogSetupIndividualization(int, int, int, int)",0,0x00414310,"edit::CreateEdit(char const*, int, int, int, int, HWND__*, HINSTANCE__*, unsigned long)",0x0041FE20,3
5.0.21,Bixby110dlg.cpp,"bixby110control::Bixby110DialogSetupIndividualization(int, int, int, int)",0,0x00414310,edit::Settext(char const*),0x0041FF20,1
5.0.21,Bixby110dlg.cpp,"bixby110control::Bixby110DialogSetupIndividualization(int, int, int, int)",0,0x00414310,"statictext::CreateStatictext(char const*, int, int, int, int, HWND__*, HINSTANCE__*)",0x00420300,1
5.0.21,Bixby110dlg.cpp,"bixby110control::Bixby110DialogSetupIndividualization(int, int, int, int)",0,0x00414310,GetTextExtentPoint32A@16,0x0042F4E0,1
5.0.21,Bixby110dlg.cpp,"bixby110control::Bixby110DialogSetupIndividualization(int, int, int, int)",0,0x00414310,GetDC@4,0x0042F590,1
5.0.21,Bixby110dlg.cpp,"bixby110control::Bixby110DialogSetupIndividualization(int, int, int, int)",0,0x00414310,ReleaseDC@8,0x0042F5A0,1
5.0.21,Bixby110dlg.cpp,"bixby110control::Bixby110DialogSetupQuickCal(int, int, int, int)",0,0x00414620,"manualradiobutton::CreateManualRadiobutton(char const*, int, int, HWND__*, HINSTANCE__*)",0x0041F6A0,5
5.0.21,Bixby110dlg.cpp,"bixby110control::Bixby110DialogSetupQuickCal(int, int, int, int)",0,0x00414620,"pushbutton::CreatePushbutton(char const*, int, int, HWND__*, HINSTANCE__*)",0x0041F930,3
5.0.21,Bixby110dlg.cpp,"bixby110control::Bixby110DialogSetupQuickCal(int, int, int, int)",0,0x00414620,"statictext::CreateStatictext(char const*, int, int, int, int, HWND__*, HINSTANCE__*)",0x00420300,1
5.0.21,Bixby110dlg.cpp,"bixby110control::Bixby110DialogSetupQuickCal(int, int, int, int)",0,0x00414620,"staticborder::CreateStaticborder(char const*, int, int, int, int, HWND__*, HINSTANCE__*)",0x00420410,4
5.0.21,Bixby110dlg.cpp,"bixby110control::Bixby110DialogSetupQuickCal(int, int, int, int)",0,0x00414620,GetTextExtentPoint32A@16,0x0042F4E0,1
5.0.21,Bixby110dlg.cpp,"bixby110control::Bixby110DialogSetupQuickCal(int, int, int, int)",0,0x00414620,GetDC@4,0x0042F590,1
5.0.21,Bixby110dlg.cpp,"bixby110control::Bixby110DialogSetupQuickCal(int, int, int, int)",0,0x00414620,ReleaseDC@8,0x0042F5A0,1
5.0.21,Bixby110dlg.cpp,"bixby110control::Bixby110DialogSetupDebug(int, int, int, int)",0,0x00414AD0,"pushbutton::CreatePushbutton(char const*, int, int, HWND__*, HINSTANCE__*)",0x0041F930,2
5.0.21,Bixby110dlg.cpp,"bixby110control::Bixby110DialogSetupDebug(int, int, int, int)",0,0x00414AD0,"edit::CreateEdit(char const*, int, int, int, int, HWND__*, HINSTANCE__*, unsigned long)",0x0041FE20,4
5.0.21,Bixby110dlg.cpp,"bixby110control::Bixby110DialogSetupDebug(int, int, int, int)",0,0x00414AD0,"statictext::CreateStatictext(char const*, int, int, int, int, HWND__*, HINSTANCE__*)",0x00420300,1
5.0.21,Bixby110dlg.cpp,"bixby110control::Bixby110DialogSetupDebug(int, int, int, int)",0,0x00414AD0,GetTextExtentPoint32A@16,0x0042F4E0,1
5.0.21,Bixby110dlg.cpp,"bixby110control::Bixby110DialogSetupDebug(int, int, int, int)",0,0x00414AD0,GetDC@4,0x0042F590,1
5.0.21,Bixby110dlg.cpp,"bixby110control::Bixby110DialogSetupDebug(int, int, int, int)",0,0x00414AD0,ReleaseDC@8,0x0042F5A0,1
5.0.21,Bixby110dlg.cpp,"bixby110control::Bixby110DialogSetupFlueMonitor(int, int, int, int)",0,0x00414E10,"edit::CreateEdit(char const*, int, int, int, int, HWND__*, HINSTANCE__*, unsigned long)",0x0041FE20,4
5.0.21,Bixby110dlg.cpp,"bixby110control::Bixby110DialogSetupFlueMonitor(int, int, int, int)",0,0x00414E10,"statictext::CreateStatictext(char const*, int, int, int, int, HWND__*, HINSTANCE__*)",0x00420300,6
5.0.21,Bixby110dlg.cpp,"bixby110control::Bixby110DialogSetupFuelMonitor(HWND__*, int, int, int, int, int)",0,0x004151F0,"pushbutton::CreatePushbutton(char const*, int, int, HWND__*, HINSTANCE__*)",0x0041F930,4
5.0.21,Bixby110dlg.cpp,"bixby110control::Bixby110DialogSetupFuelMonitor(HWND__*, int, int, int, int, int)",0,0x004151F0,"edit::CreateEdit(char const*, int, int, int, int, HWND__*, HINSTANCE__*, unsigned long)",0x0041FE20,4
5.0.21,Bixby110dlg.cpp,"bixby110control::Bixby110DialogSetupFuelMonitor(HWND__*, int, int, int, int, int)",0,0x004151F0,"statictext::CreateStatictext(char const*, int, int, int, int, HWND__*, HINSTANCE__*)",0x00420300,3
5.0.21,Bixby110dlg.cpp,bixby110control::Bixby110DialogSetupUtilityWindows(),0,0x004155B0,GetStockObject@4,0x0042F4F0,8
5.0.21,Bixby110dlg.cpp,bixby110control::Bixby110DialogSetupUtilityWindows(),0,0x004155B0,SelectObject@8,0x0042F500,4
5.0.21,Bixby110dlg.cpp,bixby110control::Bixby110DialogSetupUtilityWindows(),0,0x004155B0,MessageBoxA@16,0x0042F570,4
5.0.21,Bixby110dlg.cpp,bixby110control::Bixby110DialogSetupUtilityWindows(),0,0x004155B0,GetDC@4,0x0042F590,4
5.0.21,Bixby110dlg.cpp,bixby110control::Bixby110DialogSetupUtilityWindows(),0,0x004155B0,ReleaseDC@8,0x0042F5A0,4
5.0.21,Bixby110dlg.cpp,bixby110control::Bixby110DialogSetupUtilityWindows(),0,0x004155B0,CreateWindowExA@48,0x0042F620,4
5.0.21,Bixby110dlg.cpp,bixby110control::Bixby110DialogSetupUtilityWindows(),0,0x004155B0,SendMessageA@16,0x0042F630,4
5.0.21,Bixby110dlg.cpp,"bixby110control::Bixby110DialogSetupButtons(int, int, int, int)",0,0x00415B70,"pushbutton::CreatePushbutton(char const*, int, int, HWND__*, HINSTANCE__*)",0x0041F930,9
5.0.21,Bixby110dlg.cpp,"bixby110control::Bixby110DialogSetupButtons(int, int, int, int)",0,0x00415B70,"edit::CreateEdit(char const*, int, int, int, int, HWND__*, HINSTANCE__*, unsigned long)",0x0041FE20,3
5.0.21,Bixby110dlg.cpp,"bixby110control::Bixby110DialogSetupButtons(int, int, int, int)",0,0x00415B70,ShowWindow@8,0x0042F5F0,1
5.0.21,Bixby110dlg.cpp,"bixby110control::Bixby110DialogSetupPanel(int, int, int, int)",0,0x00415E70,"pushbutton::CreatePushbutton(char const*, int, int, HWND__*, HINSTANCE__*)",0x0041F930,5
5.0.21,Bixby110dlg.cpp,"bixby110control::Bixby110DialogSetupPanel(int, int, int, int)",0,0x00415E70,"edit::CreateEdit(char const*, int, int, int, int, HWND__*, HINSTANCE__*, unsigned long)",0x0041FE20,1
5.0.21,Bixby110dlg.cpp,"bixby110control::Bixby110DialogSetupUtilityWindowButtons(int, int, int, int)",0,0x00415FE0,"pushbutton::CreatePushbutton(char const*, int, int, HWND__*, HINSTANCE__*)",0x0041F930,4
5.0.21,Bixby110dlg.cpp,"bixby110control::Bixby110Dialog(HINSTANCE__*, int, unsigned char)",0,0x004160D0,"TimeDelay(HWND__*, unsigned int)",0x00407E40,15
5.0.21,Bixby110dlg.cpp,"bixby110control::Bixby110Dialog(HINSTANCE__*, int, unsigned char)",0,0x004160D0,"FormatTime(_SYSTEMTIME*, char*)",0x004080D0,1
5.0.21,Bixby110dlg.cpp,"bixby110control::Bixby110Dialog(HINSTANCE__*, int, unsigned char)",0,0x004160D0,"GetCompressedDate(_SYSTEMTIME*, char*)",0x004082C0,1
5.0.21,Bixby110dlg.cpp,"bixby110control::Bixby110Dialog(HINSTANCE__*, int, unsigned char)",0,0x004160D0,TextBased_0_255_RangeCheck(char*),0x00408300,2
5.0.21,Bixby110dlg.cpp,"bixby110control::Bixby110Dialog(HINSTANCE__*, int, unsigned char)",0,0x004160D0,bixby110io::getrs232port(unsigned char),0x00408430,1
5.0.21,Bixby110dlg.cpp,"bixby110control::Bixby110Dialog(HINSTANCE__*, int, unsigned char)",0,0x004160D0,bixby110io::freers232port(),0x00408520,1
5.0.21,Bixby110dlg.cpp,"bixby110control::Bixby110Dialog(HINSTANCE__*, int, unsigned char)",0,0x004160D0,bixby110io::scanio(unsigned char*),0x004085C0,1
5.0.21,Bixby110dlg.cpp,"bixby110control::Bixby110Dialog(HINSTANCE__*, int, unsigned char)",0,0x004160D0,"bixby110io::writereg(unsigned char, unsigned char, unsigned char)",0x00408E90,10
5.0.21,Bixby110dlg.cpp,"bixby110control::Bixby110Dialog(HINSTANCE__*, int, unsigned char)",0,0x004160D0,"bixby110io::readreg(unsigned char, unsigned char)",0x00408ED0,8
5.0.21,Bixby110dlg.cpp,"bixby110control::Bixby110Dialog(HINSTANCE__*, int, unsigned char)",0,0x004160D0,bixby110io::getCMDbuf(unsigned char),0x00408F40,2
5.0.21,Bixby110dlg.cpp,"bixby110control::Bixby110Dialog(HINSTANCE__*, int, unsigned char)",0,0x004160D0,"bixby110io::getUnit0Data(unsigned char, char*)",0x00409580,1
5.0.21,Bixby110dlg.cpp,"bixby110control::Bixby110Dialog(HINSTANCE__*, int, unsigned char)",0,0x004160D0,bixby110io::CalculateChecksum(unsigned char),0x004098E0,1
5.0.21,Bixby110dlg.cpp,"bixby110control::Bixby110Dialog(HINSTANCE__*, int, unsigned char)",0,0x004160D0,bixby110control::BixbyProcessHelpRequest(),0x0040EDD0,1
5.0.21,Bixby110dlg.cpp,"bixby110control::Bixby110Dialog(HINSTANCE__*, int, unsigned char)",0,0x004160D0,"bixby110control::Bixby110UpdateData(char, unsigned char)",0x0040FEE0,1
5.0.21,Bixby110dlg.cpp,"bixby110control::Bixby110Dialog(HINSTANCE__*, int, unsigned char)",0,0x004160D0,bixby110control::Bixby110TuneAdjustments(unsigned char),0x00412F20,2
5.0.21,Bixby110dlg.cpp,"bixby110control::Bixby110Dialog(HINSTANCE__*, int, unsigned char)",0,0x004160D0,"bixby110control::Bixby110Initialize(unsigned char, unsigned char)",0x004136E0,2
5.0.21,Bixby110dlg.cpp,"bixby110control::Bixby110Dialog(HINSTANCE__*, int, unsigned char)",0,0x004160D0,bixby110control::LoadReport(char*),0x00413800,1
5.0.21,Bixby110dlg.cpp,"bixby110control::Bixby110Dialog(HINSTANCE__*, int, unsigned char)",0,0x004160D0,"bixby110control::Bixby110DialogSetupTelemetry(int, int, int, int)",0x00414100,1
5.0.21,Bixby110dlg.cpp,"bixby110control::Bixby110Dialog(HINSTANCE__*, int, unsigned char)",0,0x004160D0,"bixby110control::Bixby110DialogSetupIndividualization(int, int, int, int)",0x00414310,1
5.0.21,Bixby110dlg.cpp,"bixby110control::Bixby110Dialog(HINSTANCE__*, int, unsigned char)",0,0x004160D0,"bixby110control::Bixby110DialogSetupQuickCal(int, int, int, int)",0x00414620,1
5.0.21,Bixby110dlg.cpp,"bixby110control::Bixby110Dialog(HINSTANCE__*, int, unsigned char)",0,0x004160D0,"bixby110control::Bixby110DialogSetupDebug(int, int, int, int)",0x00414AD0,1
5.0.21,Bixby110dlg.cpp,"bixby110control::Bixby110Dialog(HINSTANCE__*, int, unsigned char)",0,0x004160D0,"bixby110control::Bixby110DialogSetupFlueMonitor(int, int, int, int)",0x00414E10,1
5.0.21,Bixby110dlg.cpp,"bixby110control::Bixby110Dialog(HINSTANCE__*, int, unsigned char)",0,0x004160D0,"bixby110control::Bixby110DialogSetupFuelMonitor(HWND__*, int, int, int, int, int)",0x004151F0,2
5.0.21,Bixby110dlg.cpp,"bixby110control::Bixby110Dialog(HINSTANCE__*, int, unsigned char)",0,0x004160D0,bixby110control::Bixby110DialogSetupUtilityWindows(),0x004155B0,1
5.0.21,Bixby110dlg.cpp,"bixby110control::Bixby110Dialog(HINSTANCE__*, int, unsigned char)",0,0x004160D0,"bixby110control::Bixby110DialogSetupButtons(int, int, int, int)",0x00415B70,1
5.0.21,Bixby110dlg.cpp,"bixby110control::Bixby110Dialog(HINSTANCE__*, int, unsigned char)",0,0x004160D0,"bixby110control::Bixby110DialogSetupPanel(int, int, int, int)",0x00415E70,1
5.0.21,Bixby110dlg.cpp,"bixby110control::Bixby110Dialog(HINSTANCE__*, int, unsigned char)",0,0x004160D0,dlgmsgrouter::RemoveMessageRoute(HWND__*),0x0041ED00,1
5.0.21,Bixby110dlg.cpp,"bixby110control::Bixby110Dialog(HINSTANCE__*, int, unsigned char)",0,0x004160D0,manual3checkbox::IsChecked(),0x0041F450,2
5.0.21,Bixby110dlg.cpp,"bixby110control::Bixby110Dialog(HINSTANCE__*, int, unsigned char)",0,0x004160D0,manual3checkbox::SetChecked(),0x0041F550,1
5.0.21,Bixby110dlg.cpp,"bixby110control::Bixby110Dialog(HINSTANCE__*, int, unsigned char)",0,0x004160D0,manual3checkbox::SetUnchecked(),0x0041F590,1
5.0.21,Bixby110dlg.cpp,"bixby110control::Bixby110Dialog(HINSTANCE__*, int, unsigned char)",0,0x004160D0,manual3checkbox::WasPushed(),0x0041F680,1
5.0.21,Bixby110dlg.cpp,"bixby110control::Bixby110Dialog(HINSTANCE__*, int, unsigned char)",0,0x004160D0,manualradiobutton::IsChecked(),0x0041F7A0,8
5.0.21,Bixby110dlg.cpp,"bixby110control::Bixby110Dialog(HINSTANCE__*, int, unsigned char)",0,0x004160D0,manualradiobutton::SetChecked(),0x0041F810,17
5.0.21,Bixby110dlg.cpp,"bixby110control::Bixby110Dialog(HINSTANCE__*, int, unsigned char)",0,0x004160D0,manualradiobutton::SetUnchecked(),0x0041F850,8
5.0.21,Bixby110dlg.cpp,"bixby110control::Bixby110Dialog(HINSTANCE__*, int, unsigned char)",0,0x004160D0,manualradiobutton::WasPushed(),0x0041F890,5
5.0.21,Bixby110dlg.cpp,"bixby110control::Bixby110Dialog(HINSTANCE__*, int, unsigned char)",0,0x004160D0,"pushbutton::CreatePushbutton(char const*, int, int, HWND__*, HINSTANCE__*)",0x0041F930,4
5.0.21,Bixby110dlg.cpp,"bixby110control::Bixby110Dialog(HINSTANCE__*, int, unsigned char)",0,0x004160D0,pushbutton::WasPushed(),0x0041FA80,33
5.0.21,Bixby110dlg.cpp,"bixby110control::Bixby110Dialog(HINSTANCE__*, int, unsigned char)",0,0x004160D0,pushbutton::SetSimulatedPush(),0x0041FAA0,13
5.0.21,Bixby110dlg.cpp,"bixby110control::Bixby110Dialog(HINSTANCE__*, int, unsigned char)",0,0x004160D0,edit::Gettext(),0x0041FEE0,10
5.0.21,Bixby110dlg.cpp,"bixby110control::Bixby110Dialog(HINSTANCE__*, int, unsigned char)",0,0x004160D0,edit::Settext(char const*),0x0041FF20,19
5.0.21,Bixby110dlg.cpp,"bixby110control::Bixby110Dialog(HINSTANCE__*, int, unsigned char)",0,0x004160D0,edit::SetBkColor(unsigned long),0x0041FFB0,17
5.0.21,Bixby110dlg.cpp,"bixby110control::Bixby110Dialog(HINSTANCE__*, int, unsigned char)",0,0x004160D0,"dlgbox::CreateDialogBox(char const*, unsigned long, char const*)",0x004206B0,1
5.0.21,Bixby110dlg.cpp,"bixby110control::Bixby110Dialog(HINSTANCE__*, int, unsigned char)",0,0x004160D0,"filerequester::FileRequest(HINSTANCE__*, char*)",0x00421070,1
5.0.21,Bixby110dlg.cpp,"bixby110control::Bixby110Dialog(HINSTANCE__*, int, unsigned char)",0,0x004160D0,sprintf,0x0042F380,11
5.0.21,Bixby110dlg.cpp,"bixby110control::Bixby110Dialog(HINSTANCE__*, int, unsigned char)",0,0x004160D0,strlen,0x0042F3A0,11
5.0.21,Bixby110dlg.cpp,"bixby110control::Bixby110Dialog(HINSTANCE__*, int, unsigned char)",0,0x004160D0,strcpy,0x0042F3B0,6
5.0.21,Bixby110dlg.cpp,"bixby110control::Bixby110Dialog(HINSTANCE__*, int, unsigned char)",0,0x004160D0,atoi,0x0042F3C0,4
5.0.21,Bixby110dlg.cpp,"bixby110control::Bixby110Dialog(HINSTANCE__*, int, unsigned char)",0,0x004160D0,strcmp,0x0042F3D0,2
5.0.21,Bixby110dlg.cpp,"bixby110control::Bixby110Dialog(HINSTANCE__*, int, unsigned char)",0,0x004160D0,strcat,0x0042F3E0,4
5.0.21,Bixby110dlg.cpp,"bixby110control::Bixby110Dialog(HINSTANCE__*, int, unsigned char)",0,0x004160D0,GetTextExtentPoint32A@16,0x0042F4E0,1
5.0.21,Bixby110dlg.cpp,"bixby110control::Bixby110Dialog(HINSTANCE__*, int, unsigned char)",0,0x004160D0,GetStockObject@4,0x0042F4F0,2
5.0.21,Bixby110dlg.cpp,"bixby110control::Bixby110Dialog(HINSTANCE__*, int, unsigned char)",0,0x004160D0,SelectObject@8,0x0042F500,1
5.0.21,Bixby110dlg.cpp,"bixby110control::Bixby110Dialog(HINSTANCE__*, int, unsigned char)",0,0x004160D0,GetSaveFileNameA@4,0x0042F560,1
5.0.21,Bixby110dlg.cpp,"bixby110control::Bixby110Dialog(HINSTANCE__*, int, unsigned char)",0,0x004160D0,MessageBoxA@16,0x0042F570,11
5.0.21,Bixby110dlg.cpp,"bixby110control::Bixby110Dialog(HINSTANCE__*, int, unsigned char)",0,0x004160D0,SetWindowTextA@8,0x0042F580,1
5.0.21,Bixby110dlg.cpp,"bixby110control::Bixby110Dialog(HINSTANCE__*, int, unsigned char)",0,0x004160D0,GetDC@4,0x0042F590,2
5.0.21,Bixby110dlg.cpp,"bixby110control::Bixby110Dialog(HINSTANCE__*, int, unsigned char)",0,0x004160D0,ReleaseDC@8,0x0042F5A0,2
5.0.21,Bixby110dlg.cpp,"bixby110control::Bixby110Dialog(HINSTANCE__*, int, unsigned char)",0,0x004160D0,SetTimer@16,0x0042F5B0,1
5.0.21,Bixby110dlg.cpp,"bixby110control::Bixby110Dialog(HINSTANCE__*, int, unsigned char)",0,0x004160D0,DispatchMessageA@4,0x0042F5C0,1
5.0.21,Bixby110dlg.cpp,"bixby110control::Bixby110Dialog(HINSTANCE__*, int, unsigned char)",0,0x004160D0,GetMessageA@16,0x0042F5D0,1
5.0.21,Bixby110dlg.cpp,"bixby110control::Bixby110Dialog(HINSTANCE__*, int, unsigned char)",0,0x004160D0,TranslateMessage@4,0x0042F5E0,1
5.0.21,Bixby110dlg.cpp,"bixby110control::Bixby110Dialog(HINSTANCE__*, int, unsigned char)",0,0x004160D0,ShowWindow@8,0x0042F5F0,6
5.0.21,Bixby110dlg.cpp,"bixby110control::Bixby110Dialog(HINSTANCE__*, int, unsigned char)",0,0x004160D0,DestroyWindow@4,0x0042F610,62
5.0.21,Bixby110dlg.cpp,"bixby110control::Bixby110Dialog(HINSTANCE__*, int, unsigned char)",0,0x004160D0,SendMessageA@16,0x0042F630,1
5.0.21,Bixby110dlg.cpp,"bixby110control::Bixby110Dialog(HINSTANCE__*, int, unsigned char)",0,0x004160D0,GetSysColor@4,0x0042F640,1
5.0.21,Bixby110dlg.cpp,"bixby110control::Bixby110Dialog(HINSTANCE__*, int, unsigned char)",0,0x004160D0,SetActiveWindow@4,0x0042F650,4
5.0.21,Bixby110dlg.cpp,"bixby110control::Bixby110Dialog(HINSTANCE__*, int, unsigned char)",0,0x004160D0,RedrawWindow@16,0x0042F660,4
5.0.21,Bixby110dlg.cpp,"bixby110control::Bixby110Dialog(HINSTANCE__*, int, unsigned char)",0,0x004160D0,SetFocus@4,0x0042F670,3
5.0.21,Bixby110dlg.cpp,"bixby110control::Bixby110Dialog(HINSTANCE__*, int, unsigned char)",0,0x004160D0,ShowWindowAsync@8,0x0042F680,4
5.0.21,Bixby110dlg.cpp,"bixby110control::Bixby110Dialog(HINSTANCE__*, int, unsigned char)",0,0x004160D0,CreateFileA@28,0x0042F7C0,1
5.0.21,Bixby110dlg.cpp,"bixby110control::Bixby110Dialog(HINSTANCE__*, int, unsigned char)",0,0x004160D0,CloseHandle@4,0x0042F7F0,1
5.0.21,Bixby110dlg.cpp,"bixby110control::Bixby110Dialog(HINSTANCE__*, int, unsigned char)",0,0x004160D0,WriteFile@20,0x0042F830,1
5.0.21,Bixby110dlg.cpp,"bixby110control::Bixby110Dialog(HINSTANCE__*, int, unsigned char)",0,0x004160D0,GetLocalTime@4,0x0042F850,2
5.0.21,Bixby110dlg.cpp,"bixby110control::Bixby110Dialog(HINSTANCE__*, int, unsigned char)",0,0x004160D0,GetFileAttributesA@4,0x0042F8C0,1
5.0.21,Bixby110Downloader.cpp,bixby110downloader::bixby110downloader(),0,0x00419AE0,bixby110io::bixby110io(),0x00408400,1
5.0.21,Bixby110Downloader.cpp,bixby110downloader::bixby110downloader(),0,0x00419AE0,bixby110io::~bixby110io(),0x00408420,1
5.0.21,Bixby110Downloader.cpp,bixby110downloader::bixby110downloader(),0,0x00419AE0,dlgelement::dlgelement(),0x0041EE00,28
5.0.21,Bixby110Downloader.cpp,bixby110downloader::bixby110downloader(),0,0x00419AE0,filerequester::filerequester(),0x004209C0,1
5.0.21,Bixby110Downloader.cpp,bixby110downloader::bixby110downloader(),0,0x00419AE0,operator delete(void*),0x004296A0,1
5.0.21,Bixby110Downloader.cpp,bixby110downloader::bixby110downloader(),0,0x00419AE0,operator new(unsigned int),0x004296C0,29
5.0.21,Bixby110Downloader.cpp,bixby110downloader::bixby110downloader(),0,0x00419AE0,_Unwind_SjLj_Register,0x0042E5B0,1
5.0.21,Bixby110Downloader.cpp,bixby110downloader::bixby110downloader(),0,0x00419AE0,_Unwind_SjLj_Unregister,0x0042E690,1
5.0.21,Bixby110Downloader.cpp,bixby110downloader::bixby110downloader(),0,0x00419AE0,_Unwind_SjLj_Resume,0x0042EC70,1
5.0.21,Bixby110Downloader.cpp,bixby110downloader::bixby110downloader(),1,0x0041A3C0,bixby110io::bixby110io(),0x00408400,1
5.0.21,Bixby110Downloader.cpp,bixby110downloader::bixby110downloader(),1,0x0041A3C0,bixby110io::~bixby110io(),0x00408420,1
5.0.21,Bixby110Downloader.cpp,bixby110downloader::bixby110downloader(),1,0x0041A3C0,dlgelement::dlgelement(),0x0041EE00,28
5.0.21,Bixby110Downloader.cpp,bixby110downloader::bixby110downloader(),1,0x0041A3C0,filerequester::filerequester(),0x004209C0,1
5.0.21,Bixby110Downloader.cpp,bixby110downloader::bixby110downloader(),1,0x0041A3C0,operator delete(void*),0x004296A0,1
5.0.21,Bixby110Downloader.cpp,bixby110downloader::bixby110downloader(),1,0x0041A3C0,operator new(unsigned int),0x004296C0,29
5.0.21,Bixby110Downloader.cpp,bixby110downloader::bixby110downloader(),1,0x0041A3C0,_Unwind_SjLj_Register,0x0042E5B0,1
5.0.21,Bixby110Downloader.cpp,bixby110downloader::bixby110downloader(),1,0x0041A3C0,_Unwind_SjLj_Unregister,0x0042E690,1
5.0.21,Bixby110Downloader.cpp,bixby110downloader::bixby110downloader(),1,0x0041A3C0,_Unwind_SjLj_Resume,0x0042EC70,1
5.0.21,Bixby110Downloader.cpp,bixby110downloader::~bixby110downloader(),0,0x0041ACA0,bixby110io::~bixby110io(),0x00408420,2
5.0.21,Bixby110Downloader.cpp,bixby110downloader::~bixby110downloader(),0,0x0041ACA0,dlgelement::~dlgelement(),0x0041EE20,28
5.0.21,Bixby110Downloader.cpp,bixby110downloader::~bixby110downloader(),0,0x0041ACA0,filerequester::~filerequester(),0x00420BB0,1
5.0.21,Bixby110Downloader.cpp,bixby110downloader::~bixby110downloader(),0,0x0041ACA0,operator delete(void*),0x004296A0,29
5.0.21,Bixby110Downloader.cpp,bixby110downloader::~bixby110downloader(),0,0x0041ACA0,_Unwind_SjLj_Register,0x0042E5B0,1
5.0.21,Bixby110Downloader.cpp,bixby110downloader::~bixby110downloader(),0,0x0041ACA0,_Unwind_SjLj_Unregister,0x0042E690,1
5.0.21,Bixby110Downloader.cpp,bixby110downloader::~bixby110downloader(),0,0x0041ACA0,_Unwind_SjLj_Resume,0x0042EC70,1
5.0.21,Bixby110Downloader.cpp,bixby110downloader::~bixby110downloader(),1,0x0041B370,bixby110io::~bixby110io(),0x00408420,2
5.0.21,Bixby110Downloader.cpp,bixby110downloader::~bixby110downloader(),1,0x0041B370,dlgelement::~dlgelement(),0x0041EE20,28
5.0.21,Bixby110Downloader.cpp,bixby110downloader::~bixby110downloader(),1,0x0041B370,filerequester::~filerequester(),0x00420BB0,1
5.0.21,Bixby110Downloader.cpp,bixby110downloader::~bixby110downloader(),1,0x0041B370,operator delete(void*),0x004296A0,29
5.0.21,Bixby110Downloader.cpp,bixby110downloader::~bixby110downloader(),1,0x0041B370,_Unwind_SjLj_Register,0x0042E5B0,1
5.0.21,Bixby110Downloader.cpp,bixby110downloader::~bixby110downloader(),1,0x0041B370,_Unwind_SjLj_Unregister,0x0042E690,1
5.0.21,Bixby110Downloader.cpp,bixby110downloader::~bixby110downloader(),1,0x0041B370,_Unwind_SjLj_Resume,0x0042EC70,1
5.0.21,Bixby110Downloader.cpp,"bixby110downloader::getbyte(unsigned char, unsigned char*)",0,0x0041BC50,bixby110io::status_read_char(unsigned char*),0x004098B0,1
5.0.21,Bixby110Downloader.cpp,bixby110downloader::getbyte(unsigned char*),0,0x0041BCA0,bixby110io::status_read_char(unsigned char*),0x004098B0,1
5.0.21,Bixby110Downloader.cpp,bixby110downloader::GetStoveVersion(),0,0x0041BD20,"TimeDelay(HWND__*, unsigned int)",0x00407E40,5
5.0.21,Bixby110Downloader.cpp,bixby110downloader::GetStoveVersion(),0,0x0041BD20,"bixby110io::readreg(unsigned char, unsigned char)",0x00408ED0,5
5.0.21,Bixby110Downloader.cpp,bixby110downloader::GetStoveVersion(),0,0x0041BD20,bixby110io::getCMDbuf(unsigned char),0x00408F40,5
5.0.21,Bixby110Downloader.cpp,bixby110downloader::GetStoveVersion(),0,0x0041BD20,bixby110io::CollectResponse(),0x00408FA0,5
5.0.21,Bixby110Downloader.cpp,bixby110downloader::GetStoveVersion(),0,0x0041BD20,edit::Settext(char const*),0x0041FF20,2
5.0.21,Bixby110Downloader.cpp,bixby110downloader::GetStoveVersion(),0,0x0041BD20,sprintf,0x0042F380,2
5.0.21,Bixby110Downloader.cpp,bixby110downloader::AttemptStoveReset(),0,0x0041BF40,"bixby110io::writereg(unsigned char, unsigned char, unsigned char)",0x00408E90,1
5.0.21,Bixby110Downloader.cpp,bixby110downloader::SendDone(),0,0x0041BF80,bixby110io::write_char(char),0x00409840,1
5.0.21,Bixby110Downloader.cpp,bixby110downloader::SendDone(),0,0x0041BF80,bixby110io::status_read_char(unsigned char*),0x004098B0,1
5.0.21,Bixby110Downloader.cpp,bixby110downloader::SendDone(),0,0x0041BF80,exit,0x0042F420,1
5.0.21,Bixby110Downloader.cpp,bixby110downloader::SendDone(),0,0x0041BF80,MessageBoxA@16,0x0042F570,1
5.0.21,Bixby110Downloader.cpp,"ReadFile_fgets(char*, int, void*)",0,0x0041C020,ReadFile@20,0x0042F840,1
5.0.21,Bixby110Downloader.cpp,bixby110downloader::LoadHex_Open(char*),0,0x0041C0E0,edit::Settext(char const*),0x0041FF20,1
5.0.21,Bixby110Downloader.cpp,bixby110downloader::LoadHex_Open(char*),0,0x0041C0E0,sprintf,0x0042F380,2
5.0.21,Bixby110Downloader.cpp,bixby110downloader::LoadHex_Open(char*),0,0x0041C0E0,strlen,0x0042F3A0,1
5.0.21,Bixby110Downloader.cpp,bixby110downloader::LoadHex_Open(char*),0,0x0041C0E0,fopen,0x0042F430,1
5.0.21,Bixby110Downloader.cpp,bixby110downloader::LoadHex_Open(char*),0,0x0041C0E0,MessageBoxA@16,0x0042F570,2
5.0.21,Bixby110Downloader.cpp,bixby110downloader::LoadHex_Open(char*),0,0x0041C0E0,CreateFileA@28,0x0042F7C0,1
5.0.21,Bixby110Downloader.cpp,bixby110downloader::LoadHex_Open(char*),0,0x0041C0E0,GetLastError@0,0x0042F8D0,1
5.0.21,Bixby110Downloader.cpp,bixby110downloader::LoadHex_Open(char*),0,0x0041C0E0,FormatMessageA@28,0x0042F8E0,1
5.0.21,Bixby110Downloader.cpp,bixby110downloader::LoadHex_Open(char*),0,0x0041C0E0,LocalFree@4,0x0042F8F0,1
5.0.21,Bixby110Downloader.cpp,bixby110downloader::LoadHex_Read(),0,0x0041C2D0,"hextoval(char, char)",0x00407C10,1
5.0.21,Bixby110Downloader.cpp,bixby110downloader::LoadHex_Read(),0,0x0041C2D0,fgets,0x0042F410,1
5.0.21,Bixby110Downloader.cpp,bixby110downloader::LoadHex_Read(),0,0x0041C2D0,ReadFile@20,0x0042F840,1
5.0.21,Bixby110Downloader.cpp,bixby110downloader::LoadHex_Close(),0,0x0041C460,fclose,0x0042F400,1
5.0.21,Bixby110Downloader.cpp,bixby110downloader::LoadHex_Close(),0,0x0041C460,CloseHandle@4,0x0042F7F0,1
5.0.21,Bixby110Downloader.cpp,bixby110downloader::LoadHex(char*),0,0x0041C4C0,bixby110downloader::LoadHex_Open(char*),0x0041C0E0,1
5.0.21,Bixby110Downloader.cpp,bixby110downloader::LoadHex(char*),0,0x0041C4C0,bixby110downloader::LoadHex_Read(),0x0041C2D0,1
5.0.21,Bixby110Downloader.cpp,bixby110downloader::LoadHex(char*),0,0x0041C4C0,edit::Settext(char const*),0x0041FF20,2
5.0.21,Bixby110Downloader.cpp,bixby110downloader::LoadHex(char*),0,0x0041C4C0,sprintf,0x0042F380,2
5.0.21,Bixby110Downloader.cpp,bixby110downloader::LoadHex(char*),0,0x0041C4C0,fclose,0x0042F400,3
5.0.21,Bixby110Downloader.cpp,bixby110downloader::LoadHex(char*),0,0x0041C4C0,MessageBoxA@16,0x0042F570,1
5.0.21,Bixby110Downloader.cpp,bixby110downloader::LoadHex(char*),0,0x0041C4C0,CloseHandle@4,0x0042F7F0,2
5.0.21,Bixby110Downloader.cpp,bixby110downloader::DownLoad(),0,0x0041CB30,"TimeDelay(HWND__*, unsigned int)",0x00407E40,2
5.0.21,Bixby110Downloader.cpp,bixby110downloader::DownLoad(),0,0x0041CB30,bixby110io::write_char(char),0x00409840,6
5.0.21,Bixby110Downloader.cpp,bixby110downloader::DownLoad(),0,0x0041CB30,bixby110io::status_read_char(unsigned char*),0x004098B0,3
5.0.21,Bixby110Downloader.cpp,bixby110downloader::DownLoad(),0,0x0041CB30,manual3checkbox::IsChecked(),0x0041F450,1
5.0.21,Bixby110Downloader.cpp,bixby110downloader::DownLoad(),0,0x0041CB30,pushbutton::WasPushed(),0x0041FA80,1
5.0.21,Bixby110Downloader.cpp,bixby110downloader::DownLoad(),0,0x0041CB30,edit::Settext(char const*),0x0041FF20,6
5.0.21,Bixby110Downloader.cpp,bixby110downloader::DownLoad(),0,0x0041CB30,sprintf,0x0042F380,6
5.0.21,Bixby110Downloader.cpp,bixby110downloader::DownLoad(),0,0x0041CB30,strcat,0x0042F3E0,1
5.0.21,Bixby110Downloader.cpp,bixby110downloader::DownLoad(),0,0x0041CB30,Beep@8,0x0042F860,2
5.0.21,Bixby110Downloader.cpp,bixby110downloader::Identify(),0,0x0041D030,"TimeDelay(HWND__*, unsigned int)",0x00407E40,3
5.0.21,Bixby110Downloader.cpp,bixby110downloader::Identify(),0,0x0041D030,bixby110io::write_char(char),0x00409840,1
5.0.21,Bixby110Downloader.cpp,bixby110downloader::Identify(),0,0x0041D030,bixby110io::status_read_char(unsigned char*),0x004098B0,1
5.0.21,Bixby110Downloader.cpp,bixby110downloader::Identify(),0,0x0041D030,PeekMessageA@20,0x0042F690,1
5.0.21,Bixby110Downloader.cpp,bixby110downloader::Identify(),0,0x0041D030,Beep@8,0x0042F860,2
5.0.21,Bixby110Downloader.cpp,"bixby110downloader::Bixby110Downloader(HINSTANCE__*, int, char*)",0,0x0041D160,bixby110io::getrs232port(unsigned char),0x00408430,1
5.0.21,Bixby110Downloader.cpp,"bixby110downloader::Bixby110Downloader(HINSTANCE__*, int, char*)",0,0x0041D160,bixby110io::freers232port(),0x00408520,2
5.0.21,Bixby110Downloader.cpp,"bixby110downloader::Bixby110Downloader(HINSTANCE__*, int, char*)",0,0x0041D160,bixby110io::getrs232portstatus(),0x00408540,1
5.0.21,Bixby110Downloader.cpp,"bixby110downloader::Bixby110Downloader(HINSTANCE__*, int, char*)",0,0x0041D160,"bixby110io::writereg(unsigned char, unsigned char, unsigned char)",0x00408E90,1
5.0.21,Bixby110Downloader.cpp,"bixby110downloader::Bixby110Downloader(HINSTANCE__*, int, char*)",0,0x0041D160,bixby110io::write_char(char),0x00409840,1
5.0.21,Bixby110Downloader.cpp,"bixby110downloader::Bixby110Downloader(HINSTANCE__*, int, char*)",0,0x0041D160,bixby110io::status_read_char(unsigned char*),0x004098B0,1
5.0.21,Bixby110Downloader.cpp,"bixby110downloader::Bixby110Downloader(HINSTANCE__*, int, char*)",0,0x0041D160,bixby110downloader::GetStoveVersion(),0x0041BD20,2
5.0.21,Bixby110Downloader.cpp,"bixby110downloader::Bixby110Downloader(HINSTANCE__*, int, char*)",0,0x0041D160,bixby110downloader::LoadHex(char*),0x0041C4C0,1
5.0.21,Bixby110Downloader.cpp,"bixby110downloader::Bixby110Downloader(HINSTANCE__*, int, char*)",0,0x0041D160,bixby110downloader::DownLoad(),0x0041CB30,1
5.0.21,Bixby110Downloader.cpp,"bixby110downloader::Bixby110Downloader(HINSTANCE__*, int, char*)",0,0x0041D160,bixby110downloader::Identify(),0x0041D030,1
5.0.21,Bixby110Downloader.cpp,"bixby110downloader::Bixby110Downloader(HINSTANCE__*, int, char*)",0,0x0041D160,dlgmsgrouter::RemoveMessageRoute(HWND__*),0x0041ED00,1
5.0.21,Bixby110Downloader.cpp,"bixby110downloader::Bixby110Downloader(HINSTANCE__*, int, char*)",0,0x0041D160,manual3checkbox::IsChecked(),0x0041F450,1
5.0.21,Bixby110Downloader.cpp,"bixby110downloader::Bixby110Downloader(HINSTANCE__*, int, char*)",0,0x0041D160,manual3checkbox::SetChecked(),0x0041F550,1
5.0.21,Bixby110Downloader.cpp,"bixby110downloader::Bixby110Downloader(HINSTANCE__*, int, char*)",0,0x0041D160,manual3checkbox::SetUnchecked(),0x0041F590,1
5.0.21,Bixby110Downloader.cpp,"bixby110downloader::Bixby110Downloader(HINSTANCE__*, int, char*)",0,0x0041D160,manual3checkbox::WasPushed(),0x0041F680,2
5.0.21,Bixby110Downloader.cpp,"bixby110downloader::Bixby110Downloader(HINSTANCE__*, int, char*)",0,0x0041D160,"pushbutton::CreatePushbutton(char const*, int, int, HWND__*, HINSTANCE__*)",0x0041F930,4
5.0.21,Bixby110Downloader.cpp,"bixby110downloader::Bixby110Downloader(HINSTANCE__*, int, char*)",0,0x0041D160,pushbutton::WasPushed(),0x0041FA80,6
5.0.21,Bixby110Downloader.cpp,"bixby110downloader::Bixby110Downloader(HINSTANCE__*, int, char*)",0,0x0041D160,"edit::CreateEdit(char const*, int, int, int, int, HWND__*, HINSTANCE__*, unsigned long)",0x0041FE20,12
5.0.21,Bixby110Downloader.cpp,"bixby110downloader::Bixby110Downloader(HINSTANCE__*, int, char*)",0,0x0041D160,edit::Gettext(),0x0041FEE0,4
5.0.21,Bixby110Downloader.cpp,"bixby110downloader::Bixby110Downloader(HINSTANCE__*, int, char*)",0,0x0041D160,edit::Settext(char const*),0x0041FF20,13
5.0.21,Bixby110Downloader.cpp,"bixby110downloader::Bixby110Downloader(HINSTANCE__*, int, char*)",0,0x0041D160,"statictext::CreateStatictext(char const*, int, int, int, int, HWND__*, HINSTANCE__*)",0x00420300,11
5.0.21,Bixby110Downloader.cpp,"bixby110downloader::Bixby110Downloader(HINSTANCE__*, int, char*)",0,0x0041D160,"dlgbox::CreateDialogBox(char const*, unsigned long, char const*)",0x004206B0,1
5.0.21,Bixby110Downloader.cpp,"bixby110downloader::Bixby110Downloader(HINSTANCE__*, int, char*)",0,0x0041D160,sprintf,0x0042F380,5
5.0.21,Bixby110Downloader.cpp,"bixby110downloader::Bixby110Downloader(HINSTANCE__*, int, char*)",0,0x0041D160,strlen,0x0042F3A0,1
5.0.21,Bixby110Downloader.cpp,"bixby110downloader::Bixby110Downloader(HINSTANCE__*, int, char*)",0,0x0041D160,strcpy,0x0042F3B0,2
5.0.21,Bixby110Downloader.cpp,"bixby110downloader::Bixby110Downloader(HINSTANCE__*, int, char*)",0,0x0041D160,atoi,0x0042F3C0,4
5.0.21,Bixby110Downloader.cpp,"bixby110downloader::Bixby110Downloader(HINSTANCE__*, int, char*)",0,0x0041D160,strcat,0x0042F3E0,1
5.0.21,Bixby110Downloader.cpp,"bixby110downloader::Bixby110Downloader(HINSTANCE__*, int, char*)",0,0x0041D160,exit,0x0042F420,1
5.0.21,Bixby110Downloader.cpp,"bixby110downloader::Bixby110Downloader(HINSTANCE__*, int, char*)",0,0x0041D160,GetSaveFileNameA@4,0x0042F560,1
5.0.21,Bixby110Downloader.cpp,"bixby110downloader::Bixby110Downloader(HINSTANCE__*, int, char*)",0,0x0041D160,MessageBoxA@16,0x0042F570,1
5.0.21,Bixby110Downloader.cpp,"bixby110downloader::Bixby110Downloader(HINSTANCE__*, int, char*)",0,0x0041D160,SetWindowTextA@8,0x0042F580,1
5.0.21,Bixby110Downloader.cpp,"bixby110downloader::Bixby110Downloader(HINSTANCE__*, int, char*)",0,0x0041D160,DispatchMessageA@4,0x0042F5C0,1
5.0.21,Bixby110Downloader.cpp,"bixby110downloader::Bixby110Downloader(HINSTANCE__*, int, char*)",0,0x0041D160,GetMessageA@16,0x0042F5D0,1
5.0.21,Bixby110Downloader.cpp,"bixby110downloader::Bixby110Downloader(HINSTANCE__*, int, char*)",0,0x0041D160,TranslateMessage@4,0x0042F5E0,1
5.0.21,Bixby110Downloader.cpp,"bixby110downloader::Bixby110Downloader(HINSTANCE__*, int, char*)",0,0x0041D160,ShowWindow@8,0x0042F5F0,2
5.0.21,Bixby110Downloader.cpp,"bixby110downloader::Bixby110Downloader(HINSTANCE__*, int, char*)",0,0x0041D160,KillTimer@8,0x0042F600,1
5.0.21,Bixby110Downloader.cpp,"bixby110downloader::Bixby110Downloader(HINSTANCE__*, int, char*)",0,0x0041D160,DestroyWindow@4,0x0042F610,27
5.0.21,dlgctrl.cpp,CLinkedList::~CLinkedList(),0,0x0041E3A0,operator delete(void*),0x004296A0,1
5.0.21,dlgctrl.cpp,CLinkedList::~CLinkedList(),1,0x0041E3D0,operator delete(void*),0x004296A0,1
5.0.21,dlgctrl.cpp,CLinkedList::NewAddNode(void*),0,0x0041E400,operator new(unsigned int),0x004296C0,1
5.0.21,dlgctrl.cpp,CLinkedList::NewDeleteNode(void*),0,0x0041E440,operator delete(void*),0x004296A0,1
5.0.21,dlgctrl.cpp,dlgmsgrouter::dlgmsgrouter(),0,0x0041E4C0,CreateBrushIndirect@4,0x0042F510,1
5.0.21,dlgctrl.cpp,dlgmsgrouter::dlgmsgrouter(),0,0x0041E4C0,MessageBoxA@16,0x0042F570,1
5.0.21,dlgctrl.cpp,dlgmsgrouter::dlgmsgrouter(),1,0x0041E540,CreateBrushIndirect@4,0x0042F510,1
5.0.21,dlgctrl.cpp,dlgmsgrouter::dlgmsgrouter(),1,0x0041E540,MessageBoxA@16,0x0042F570,1
5.0.21,dlgctrl.cpp,dlgmsgrouter::~dlgmsgrouter(),0,0x0041E5C0,DeleteObject@4,0x0042F520,1
5.0.21,dlgctrl.cpp,dlgmsgrouter::~dlgmsgrouter(),1,0x0041E5E0,DeleteObject@4,0x0042F520,1
5.0.21,dlgctrl.cpp,"dlgmsgrouter::DialogMessageProc(HWND__*, unsigned int, unsigned int, long)",0,0x0041E600,sprintf,0x0042F380,3
5.0.21,dlgctrl.cpp,"dlgmsgrouter::DialogMessageProc(HWND__*, unsigned int, unsigned int, long)",0,0x0041E600,SetBkColor@8,0x0042F530,6
5.0.21,dlgctrl.cpp,"dlgmsgrouter::DialogMessageProc(HWND__*, unsigned int, unsigned int, long)",0,0x0041E600,SetBkMode@8,0x0042F540,2
5.0.21,dlgctrl.cpp,"dlgmsgrouter::DialogMessageProc(HWND__*, unsigned int, unsigned int, long)",0,0x0041E600,MessageBoxA@16,0x0042F570,3
5.0.21,dlgctrl.cpp,"dlgmsgrouter::DialogMessageProc(HWND__*, unsigned int, unsigned int, long)",0,0x0041E600,GetDC@4,0x0042F590,3
5.0.21,dlgctrl.cpp,"dlgmsgrouter::DialogMessageProc(HWND__*, unsigned int, unsigned int, long)",0,0x0041E600,ReleaseDC@8,0x0042F5A0,3
5.0.21,dlgctrl.cpp,"dlgmsgrouter::DialogMessageProc(HWND__*, unsigned int, unsigned int, long)",0,0x0041E600,GetSysColor@4,0x0042F640,1
5.0.21,dlgctrl.cpp,"dlgmsgrouter::DialogMessageProc(HWND__*, unsigned int, unsigned int, long)",0,0x0041E600,RedrawWindow@16,0x0042F660,2
5.0.21,dlgctrl.cpp,"dlgmsgrouter::DialogMessageProc(HWND__*, unsigned int, unsigned int, long)",0,0x0041E600,GetScrollInfo@12,0x0042F6A0,1
5.0.21,dlgctrl.cpp,"dlgmsgrouter::DialogMessageProc(HWND__*, unsigned int, unsigned int, long)",0,0x0041E600,SetScrollInfo@16,0x0042F6B0,1
5.0.21,dlgctrl.cpp,"dlgmsgrouter::DialogMessageProc(HWND__*, unsigned int, unsigned int, long)",0,0x0041E600,GetActiveWindow@0,0x0042F6C0,1
5.0.21,dlgctrl.cpp,"dlgmsgrouter::AddMessageRoute(DlgMsgNode*, int, HWND__*, void*, unsigned int*, unsigned int*, long*)",0,0x0041EC80,operator new(unsigned int),0x004296C0,1
5.0.21,dlgctrl.cpp,dlgmsgrouter::RemoveMessageRoute(HWND__*),0,0x0041ED00,operator delete(void*),0x004296A0,1
5.0.21,dlgctrl.cpp,"dlgelement::CreateDialogElement(char const*, unsigned long, char const*, void*)",0,0x0041EE40,operator new(unsigned int),0x004296C0,1
5.0.21,dlgctrl.cpp,"dlgelement::CreateDialogElement(char const*, unsigned long, char const*, void*)",0,0x0041EE40,GetStockObject@4,0x0042F4F0,2
5.0.21,dlgctrl.cpp,"dlgelement::CreateDialogElement(char const*, unsigned long, char const*, void*)",0,0x0041EE40,SelectObject@8,0x0042F500,1
5.0.21,dlgctrl.cpp,"dlgelement::CreateDialogElement(char const*, unsigned long, char const*, void*)",0,0x0041EE40,MessageBoxA@16,0x0042F570,1
5.0.21,dlgctrl.cpp,"dlgelement::CreateDialogElement(char const*, unsigned long, char const*, void*)",0,0x0041EE40,GetDC@4,0x0042F590,1
5.0.21,dlgctrl.cpp,"dlgelement::CreateDialogElement(char const*, unsigned long, char const*, void*)",0,0x0041EE40,ReleaseDC@8,0x0042F5A0,1
5.0.21,dlgctrl.cpp,"dlgelement::CreateDialogElement(char const*, unsigned long, char const*, void*)",0,0x0041EE40,ShowWindow@8,0x0042F5F0,1
5.0.21,dlgctrl.cpp,"dlgelement::CreateDialogElement(char const*, unsigned long, char const*, void*)",0,0x0041EE40,CreateWindowExA@48,0x0042F620,1
5.0.21,dlgctrl.cpp,"dlgelement::CreateDialogElement(char const*, unsigned long, char const*, void*)",0,0x0041EE40,SendMessageA@16,0x0042F630,1
5.0.21,dlgctrl.cpp,"dlgelement::CreateDialogElementEx(char const*, unsigned long, char const*, void*)",0,0x0041EFF0,operator new(unsigned int),0x004296C0,1
5.0.21,dlgctrl.cpp,"dlgelement::CreateDialogElementEx(char const*, unsigned long, char const*, void*)",0,0x0041EFF0,GetStockObject@4,0x0042F4F0,2
5.0.21,dlgctrl.cpp,"dlgelement::CreateDialogElementEx(char const*, unsigned long, char const*, void*)",0,0x0041EFF0,SelectObject@8,0x0042F500,1
5.0.21,dlgctrl.cpp,"dlgelement::CreateDialogElementEx(char const*, unsigned long, char const*, void*)",0,0x0041EFF0,MessageBoxA@16,0x0042F570,1
5.0.21,dlgctrl.cpp,"dlgelement::CreateDialogElementEx(char const*, unsigned long, char const*, void*)",0,0x0041EFF0,GetDC@4,0x0042F590,1
5.0.21,dlgctrl.cpp,"dlgelement::CreateDialogElementEx(char const*, unsigned long, char const*, void*)",0,0x0041EFF0,ReleaseDC@8,0x0042F5A0,1
5.0.21,dlgctrl.cpp,"dlgelement::CreateDialogElementEx(char const*, unsigned long, char const*, void*)",0,0x0041EFF0,ShowWindow@8,0x0042F5F0,1
5.0.21,dlgctrl.cpp,"dlgelement::CreateDialogElementEx(char const*, unsigned long, char const*, void*)",0,0x0041EFF0,CreateWindowExA@48,0x0042F620,1
5.0.21,dlgctrl.cpp,"dlgelement::CreateDialogElementEx(char const*, unsigned long, char const*, void*)",0,0x0041EFF0,SendMessageA@16,0x0042F630,1
5.0.21,dlgctrl.cpp,"dlgelement::CreateDialogElement(char const*, unsigned long, char const*)",0,0x0041F1A0,"dlgelement::CreateDialogElement(char const*, unsigned long, char const*, void*)",0x0041EE40,1
5.0.21,dlgctrl.cpp,"autocheckbox::CreateAutocheckbox(char const*, int, int, HWND__*, HINSTANCE__*)",0,0x0041F1D0,"dlgelement::CreateDialogElement(char const*, unsigned long, char const*, void*)",0x0041EE40,1
5.0.21,dlgctrl.cpp,"autocheckbox::CreateAutocheckbox(char const*, int, int, HWND__*, HINSTANCE__*)",0,0x0041F1D0,strlen,0x0042F3A0,1
5.0.21,dlgctrl.cpp,"autocheckbox::CreateAutocheckbox(char const*, int, int, HWND__*, HINSTANCE__*)",0,0x0041F1D0,GetTextExtentPoint32A@16,0x0042F4E0,1
5.0.21,dlgctrl.cpp,"autocheckbox::CreateAutocheckbox(char const*, int, int, HWND__*, HINSTANCE__*)",0,0x0041F1D0,GetDC@4,0x0042F590,1
5.0.21,dlgctrl.cpp,"autocheckbox::CreateAutocheckbox(char const*, int, int, HWND__*, HINSTANCE__*)",0,0x0041F1D0,ReleaseDC@8,0x0042F5A0,1
5.0.21,dlgctrl.cpp,autocheckbox::IsChecked(),0,0x0041F280,SendMessageA@16,0x0042F630,1
5.0.21,dlgctrl.cpp,"auto3checkbox::CreateAuto3checkbox(char const*, int, int, HWND__*, HINSTANCE__*)",0,0x0041F2B0,"dlgelement::CreateDialogElement(char const*, unsigned long, char const*, void*)",0x0041EE40,1
5.0.21,dlgctrl.cpp,"auto3checkbox::CreateAuto3checkbox(char const*, int, int, HWND__*, HINSTANCE__*)",0,0x0041F2B0,strlen,0x0042F3A0,1
5.0.21,dlgctrl.cpp,"auto3checkbox::CreateAuto3checkbox(char const*, int, int, HWND__*, HINSTANCE__*)",0,0x0041F2B0,GetTextExtentPoint32A@16,0x0042F4E0,1
5.0.21,dlgctrl.cpp,"auto3checkbox::CreateAuto3checkbox(char const*, int, int, HWND__*, HINSTANCE__*)",0,0x0041F2B0,GetDC@4,0x0042F590,1
5.0.21,dlgctrl.cpp,"auto3checkbox::CreateAuto3checkbox(char const*, int, int, HWND__*, HINSTANCE__*)",0,0x0041F2B0,ReleaseDC@8,0x0042F5A0,1
5.0.21,dlgctrl.cpp,auto3checkbox::IsChecked(),0,0x0041F360,SendMessageA@16,0x0042F630,1
5.0.21,dlgctrl.cpp,"manual3checkbox::CreateManual3checkbox(char const*, int, int, HWND__*, HINSTANCE__*)",0,0x0041F390,"dlgelement::CreateDialogElement(char const*, unsigned long, char const*, void*)",0x0041EE40,1
5.0.21,dlgctrl.cpp,"manual3checkbox::CreateManual3checkbox(char const*, int, int, HWND__*, HINSTANCE__*)",0,0x0041F390,strlen,0x0042F3A0,1
5.0.21,dlgctrl.cpp,"manual3checkbox::CreateManual3checkbox(char const*, int, int, HWND__*, HINSTANCE__*)",0,0x0041F390,GetTextExtentPoint32A@16,0x0042F4E0,1
5.0.21,dlgctrl.cpp,"manual3checkbox::CreateManual3checkbox(char const*, int, int, HWND__*, HINSTANCE__*)",0,0x0041F390,GetDC@4,0x0042F590,1
5.0.21,dlgctrl.cpp,"manual3checkbox::CreateManual3checkbox(char const*, int, int, HWND__*, HINSTANCE__*)",0,0x0041F390,ReleaseDC@8,0x0042F5A0,1
5.0.21,dlgctrl.cpp,"manual3checkbox::CreateManual3checkbox(char const*, int, int, HWND__*, HINSTANCE__*)",0,0x0041F390,GetSysColor@4,0x0042F640,1
5.0.21,dlgctrl.cpp,manual3checkbox::IsChecked(),0,0x0041F450,SendMessageA@16,0x0042F630,1
5.0.21,dlgctrl.cpp,manual3checkbox::IsUnchecked(),0,0x0041F490,SendMessageA@16,0x0042F630,1
5.0.21,dlgctrl.cpp,manual3checkbox::IsIndeterminate(),0,0x0041F4D0,SendMessageA@16,0x0042F630,1
5.0.21,dlgctrl.cpp,manual3checkbox::Set(unsigned int),0,0x0041F510,SendMessageA@16,0x0042F630,1
5.0.21,dlgctrl.cpp,manual3checkbox::SetChecked(),0,0x0041F550,SendMessageA@16,0x0042F630,1
5.0.21,dlgctrl.cpp,manual3checkbox::SetUnchecked(),0,0x0041F590,SendMessageA@16,0x0042F630,1
5.0.21,dlgctrl.cpp,manual3checkbox::SetIndeterminate(),0,0x0041F5D0,SendMessageA@16,0x0042F630,1
5.0.21,dlgctrl.cpp,"SetBackColor(HDC__*, unsigned long)",0,0x0041F620,SetBkColor@8,0x0042F530,1
5.0.21,dlgctrl.cpp,manual3checkbox::SetBkColor(unsigned long),0,0x0041F640,RedrawWindow@16,0x0042F660,1
5.0.21,dlgctrl.cpp,"manualradiobutton::CreateManualRadiobutton(char const*, int, int, HWND__*, HINSTANCE__*)",0,0x0041F6A0,"dlgelement::CreateDialogElement(char const*, unsigned long, char const*, void*)",0x0041EE40,1
5.0.21,dlgctrl.cpp,"manualradiobutton::CreateManualRadiobutton(char const*, int, int, HWND__*, HINSTANCE__*)",0,0x0041F6A0,strlen,0x0042F3A0,1
5.0.21,dlgctrl.cpp,"manualradiobutton::CreateManualRadiobutton(char const*, int, int, HWND__*, HINSTANCE__*)",0,0x0041F6A0,GetTextExtentPoint32A@16,0x0042F4E0,1
5.0.21,dlgctrl.cpp,"manualradiobutton::CreateManualRadiobutton(char const*, int, int, HWND__*, HINSTANCE__*)",0,0x0041F6A0,GetStockObject@4,0x0042F4F0,1
5.0.21,dlgctrl.cpp,"manualradiobutton::CreateManualRadiobutton(char const*, int, int, HWND__*, HINSTANCE__*)",0,0x0041F6A0,SelectObject@8,0x0042F500,1
5.0.21,dlgctrl.cpp,"manualradiobutton::CreateManualRadiobutton(char const*, int, int, HWND__*, HINSTANCE__*)",0,0x0041F6A0,GetDC@4,0x0042F590,1
5.0.21,dlgctrl.cpp,"manualradiobutton::CreateManualRadiobutton(char const*, int, int, HWND__*, HINSTANCE__*)",0,0x0041F6A0,ReleaseDC@8,0x0042F5A0,1
5.0.21,dlgctrl.cpp,"manualradiobutton::CreateManualRadiobutton(char const*, int, int, HWND__*, HINSTANCE__*)",0,0x0041F6A0,GetSysColor@4,0x0042F640,1
5.0.21,dlgctrl.cpp,manualradiobutton::IsChecked(),0,0x0041F7A0,SendMessageA@16,0x0042F630,1
5.0.21,dlgctrl.cpp,manualradiobutton::Set(unsigned int),0,0x0041F7D0,SendMessageA@16,0x0042F630,1
5.0.21,dlgctrl.cpp,manualradiobutton::SetChecked(),0,0x0041F810,SendMessageA@16,0x0042F630,1
5.0.21,dlgctrl.cpp,manualradiobutton::SetUnchecked(),0,0x0041F850,SendMessageA@16,0x0042F630,1
5.0.21,dlgctrl.cpp,"pushbutton::CreatePushbutton(char const*, int, int, int, int, HWND__*, HINSTANCE__*)",0,0x0041F8B0,"dlgelement::CreateDialogElement(char const*, unsigned long, char const*, void*)",0x0041EE40,1
5.0.21,dlgctrl.cpp,"pushbutton::CreatePushbutton(char const*, int, int, int, int, HWND__*, HINSTANCE__*)",0,0x0041F8B0,GetSysColor@4,0x0042F640,1
5.0.21,dlgctrl.cpp,"pushbutton::CreatePushbutton(char const*, int, int, HWND__*, HINSTANCE__*)",0,0x0041F930,"dlgelement::CreateDialogElement(char const*, unsigned long, char const*, void*)",0x0041EE40,1
5.0.21,dlgctrl.cpp,"pushbutton::CreatePushbutton(char const*, int, int, HWND__*, HINSTANCE__*)",0,0x0041F930,strlen,0x0042F3A0,2
5.0.21,dlgctrl.cpp,"pushbutton::CreatePushbutton(char const*, int, int, HWND__*, HINSTANCE__*)",0,0x0041F930,GetTextExtentPoint32A@16,0x0042F4E0,1
5.0.21,dlgctrl.cpp,"pushbutton::CreatePushbutton(char const*, int, int, HWND__*, HINSTANCE__*)",0,0x0041F930,GetStockObject@4,0x0042F4F0,1
5.0.21,dlgctrl.cpp,"pushbutton::CreatePushbutton(char const*, int, int, HWND__*, HINSTANCE__*)",0,0x0041F930,SelectObject@8,0x0042F500,1
5.0.21,dlgctrl.cpp,"pushbutton::CreatePushbutton(char const*, int, int, HWND__*, HINSTANCE__*)",0,0x0041F930,GetDC@4,0x0042F590,2
5.0.21,dlgctrl.cpp,"pushbutton::CreatePushbutton(char const*, int, int, HWND__*, HINSTANCE__*)",0,0x0041F930,ReleaseDC@8,0x0042F5A0,2
5.0.21,dlgctrl.cpp,"pushbutton::CreatePushbutton(char const*, int, int, HWND__*, HINSTANCE__*)",0,0x0041F930,GetSysColor@4,0x0042F640,1
5.0.21,dlgctrl.cpp,pushbutton::SetBkColor(unsigned long),0,0x0041FAC0,RedrawWindow@16,0x0042F660,1
5.0.21,dlgctrl.cpp,pushbutton::SetBkColor(unsigned long),0,0x0041FAC0,UpdateWindow@4,0x0042F6D0,1
5.0.21,dlgctrl.cpp,"listbox::CreateListbox(char const*, int, int, int, int, HWND__*, HINSTANCE__*)",0,0x0041FB10,"dlgelement::CreateDialogElement(char const*, unsigned long, char const*, void*)",0x0041EE40,1
5.0.21,dlgctrl.cpp,"listbox::CreateListbox(char const*, int, int, int, int, HWND__*, HINSTANCE__*)",0,0x0041FB10,strlen,0x0042F3A0,1
5.0.21,dlgctrl.cpp,"listbox::CreateListbox(char const*, int, int, int, int, HWND__*, HINSTANCE__*)",0,0x0041FB10,GetTextExtentPoint32A@16,0x0042F4E0,1
5.0.21,dlgctrl.cpp,"listbox::CreateListbox(char const*, int, int, int, int, HWND__*, HINSTANCE__*)",0,0x0041FB10,GetDC@4,0x0042F590,1
5.0.21,dlgctrl.cpp,"listbox::CreateListbox(char const*, int, int, int, int, HWND__*, HINSTANCE__*)",0,0x0041FB10,ReleaseDC@8,0x0042F5A0,1
5.0.21,dlgctrl.cpp,listbox::Addstring(char const*),0,0x0041FBB0,SendMessageA@16,0x0042F630,1
5.0.21,dlgctrl.cpp,"listbox::Insertstring(char const*, int)",0,0x0041FBE0,SendMessageA@16,0x0042F630,1
5.0.21,dlgctrl.cpp,listbox::Deletestring(int),0,0x0041FC10,SendMessageA@16,0x0042F630,1
5.0.21,dlgctrl.cpp,listbox::Getcursel(),0,0x0041FC40,SendMessageA@16,0x0042F630,1
5.0.21,dlgctrl.cpp,listbox::Setcursel(int),0,0x0041FC70,SendMessageA@16,0x0042F630,1
5.0.21,dlgctrl.cpp,"listbox::Gettext(char const*, int)",0,0x0041FCA0,SendMessageA@16,0x0042F630,1
5.0.21,dlgctrl.cpp,listbox::Resetcontent(),0,0x0041FCD0,SendMessageA@16,0x0042F630,1
5.0.21,dlgctrl.cpp,listbox::WasPushed(),0,0x0041FD00,sprintf,0x0042F380,2
5.0.21,dlgctrl.cpp,listbox::WasPushed(),0,0x0041FD00,MessageBoxA@16,0x0042F570,2
5.0.21,dlgctrl.cpp,"edit::CreateEdit(char const*, int, int, int, int, HWND__*, HINSTANCE__*, unsigned long)",0,0x0041FE20,"dlgelement::CreateDialogElement(char const*, unsigned long, char const*, void*)",0x0041EE40,1
5.0.21,dlgctrl.cpp,"edit::CreateEdit(char const*, int, int, int, int, HWND__*, HINSTANCE__*, unsigned long)",0,0x0041FE20,strlen,0x0042F3A0,1
5.0.21,dlgctrl.cpp,"edit::CreateEdit(char const*, int, int, int, int, HWND__*, HINSTANCE__*, unsigned long)",0,0x0041FE20,GetTextExtentPoint32A@16,0x0042F4E0,1
5.0.21,dlgctrl.cpp,"edit::CreateEdit(char const*, int, int, int, int, HWND__*, HINSTANCE__*, unsigned long)",0,0x0041FE20,GetDC@4,0x0042F590,1
5.0.21,dlgctrl.cpp,"edit::CreateEdit(char const*, int, int, int, int, HWND__*, HINSTANCE__*, unsigned long)",0,0x0041FE20,ReleaseDC@8,0x0042F5A0,1
5.0.21,dlgctrl.cpp,edit::Gettext(),0,0x0041FEE0,SendMessageA@16,0x0042F630,1
5.0.21,dlgctrl.cpp,edit::Settext(char const*),0,0x0041FF20,strcpy,0x0042F3B0,1
5.0.21,dlgctrl.cpp,edit::Settext(char const*),0,0x0041FF20,SendMessageA@16,0x0042F630,1
5.0.21,dlgctrl.cpp,edit::Settext(char const*),0,0x0041FF20,RedrawWindow@16,0x0042F660,1
5.0.21,dlgctrl.cpp,edit::Settext(char const*),0,0x0041FF20,UpdateWindow@4,0x0042F6D0,1
5.0.21,dlgctrl.cpp,edit::SetBkColor(unsigned long),0,0x0041FFB0,RedrawWindow@16,0x0042F660,1
5.0.21,dlgctrl.cpp,edit::SetBkColor(unsigned long),0,0x0041FFB0,UpdateWindow@4,0x0042F6D0,1
5.0.21,dlgctrl.cpp,"editex::CreateEditEx(char const*, int, int, int, int, HWND__*, HINSTANCE__*, unsigned long)",0,0x00420000,"dlgelement::CreateDialogElementEx(char const*, unsigned long, char const*, void*)",0x0041EFF0,1
5.0.21,dlgctrl.cpp,"editex::CreateEditEx(char const*, int, int, int, int, HWND__*, HINSTANCE__*, unsigned long)",0,0x00420000,strlen,0x0042F3A0,1
5.0.21,dlgctrl.cpp,"editex::CreateEditEx(char const*, int, int, int, int, HWND__*, HINSTANCE__*, unsigned long)",0,0x00420000,GetTextExtentPoint32A@16,0x0042F4E0,1
5.0.21,dlgctrl.cpp,"editex::CreateEditEx(char const*, int, int, int, int, HWND__*, HINSTANCE__*, unsigned long)",0,0x00420000,GetDC@4,0x0042F590,1
5.0.21,dlgctrl.cpp,"editex::CreateEditEx(char const*, int, int, int, int, HWND__*, HINSTANCE__*, unsigned long)",0,0x00420000,ReleaseDC@8,0x0042F5A0,1
5.0.21,dlgctrl.cpp,editex::Gettext(),0,0x004200B0,SendMessageA@16,0x0042F630,1
5.0.21,dlgctrl.cpp,editex::Settext(char const*),0,0x004200F0,strcpy,0x0042F3B0,1
5.0.21,dlgctrl.cpp,editex::Settext(char const*),0,0x004200F0,SendMessageA@16,0x0042F630,1
5.0.21,dlgctrl.cpp,"scrollbar::CreateScrollbar(char const*, int, int, int, int, HWND__*, HINSTANCE__*)",0,0x00420140,"dlgelement::CreateDialogElement(char const*, unsigned long, char const*, void*)",0x0041EE40,1
5.0.21,dlgctrl.cpp,scrollbar::SetInfo(),0,0x004201B0,SetScrollInfo@16,0x0042F6B0,1
5.0.21,dlgctrl.cpp,scrollbar::GetInfo(),0,0x004201F0,GetScrollInfo@12,0x0042F6A0,1
5.0.21,dlgctrl.cpp,"scrollbar::SetRange(int, int)",0,0x00420220,SetScrollRange@20,0x0042F6E0,1
5.0.21,dlgctrl.cpp,scrollbar::SetPos(int),0,0x00420260,SetScrollPos@16,0x0042F6F0,1
5.0.21,dlgctrl.cpp,scrollbar::GetPos(),0,0x004202A0,GetScrollPos@8,0x0042F700,1
5.0.21,dlgctrl.cpp,"statictext::CreateStatictext(char const*, int, int, int, int, HWND__*, HINSTANCE__*)",0,0x00420300,"dlgelement::CreateDialogElement(char const*, unsigned long, char const*, void*)",0x0041EE40,1
5.0.21,dlgctrl.cpp,"statictext::CreateStatictext(char const*, int, int, int, int, HWND__*, HINSTANCE__*)",0,0x00420300,SetBkColor@8,0x0042F530,1
5.0.21,dlgctrl.cpp,"statictext::CreateStatictext(char const*, int, int, int, int, HWND__*, HINSTANCE__*)",0,0x00420300,SetBkMode@8,0x0042F540,1
5.0.21,dlgctrl.cpp,"statictext::CreateStatictext(char const*, int, int, int, int, HWND__*, HINSTANCE__*)",0,0x00420300,MessageBoxA@16,0x0042F570,1
5.0.21,dlgctrl.cpp,"statictext::CreateStatictext(char const*, int, int, int, int, HWND__*, HINSTANCE__*)",0,0x00420300,GetDC@4,0x0042F590,1
5.0.21,dlgctrl.cpp,"statictext::CreateStatictext(char const*, int, int, int, int, HWND__*, HINSTANCE__*)",0,0x00420300,ReleaseDC@8,0x0042F5A0,1
5.0.21,dlgctrl.cpp,"statictext::CreateStatictext(char const*, int, int, int, int, HWND__*, HINSTANCE__*)",0,0x00420300,GetSysColor@4,0x0042F640,1
5.0.21,dlgctrl.cpp,"staticborder::CreateStaticborder(char const*, int, int, int, int, HWND__*, HINSTANCE__*)",0,0x00420410,"dlgelement::CreateDialogElement(char const*, unsigned long, char const*, void*)",0x0041EE40,1
5.0.21,dlgctrl.cpp,"DlgWindowProcedure(HWND__*, unsigned int, unsigned int, long)@16",0,0x00420470,"dlgmsgrouter::DialogMessageProc(HWND__*, unsigned int, unsigned int, long)",0x0041E600,2
5.0.21,dlgctrl.cpp,"DlgWindowProcedure(HWND__*, unsigned int, unsigned int, long)@16",0,0x00420470,RedrawWindow@16,0x0042F660,1
5.0.21,dlgctrl.cpp,"DlgWindowProcedure(HWND__*, unsigned int, unsigned int, long)@16",0,0x00420470,DefWindowProcA@16,0x0042F710,1
5.0.21,dlgctrl.cpp,"DlgWindowProcedure(HWND__*, unsigned int, unsigned int, long)@16",0,0x00420470,PostMessageA@16,0x0042F720,1
5.0.21,dlgctrl.cpp,dlgbox::RegisterClassA(),0,0x00420590,GetClassInfoExA@12,0x0042F730,1
5.0.21,dlgctrl.cpp,dlgbox::RegisterClassA(),0,0x00420590,LoadIconA@8,0x0042F740,2
5.0.21,dlgctrl.cpp,dlgbox::RegisterClassA(),0,0x00420590,LoadCursorA@8,0x0042F750,1
5.0.21,dlgctrl.cpp,dlgbox::RegisterClassA(),0,0x00420590,RegisterClassExA@4,0x0042F760,1
5.0.21,dlgctrl.cpp,dlgbox::UnRegisterClass(),0,0x00420680,UnregisterClassA@8,0x0042F770,1
5.0.21,dlgctrl.cpp,"dlgbox::CreateDialogBox(char const*, unsigned long, char const*)",0,0x004206B0,GetStockObject@4,0x0042F4F0,2
5.0.21,dlgctrl.cpp,"dlgbox::CreateDialogBox(char const*, unsigned long, char const*)",0,0x004206B0,SelectObject@8,0x0042F500,1
5.0.21,dlgctrl.cpp,"dlgbox::CreateDialogBox(char const*, unsigned long, char const*)",0,0x004206B0,MessageBoxA@16,0x0042F570,2
5.0.21,dlgctrl.cpp,"dlgbox::CreateDialogBox(char const*, unsigned long, char const*)",0,0x004206B0,GetDC@4,0x0042F590,1
5.0.21,dlgctrl.cpp,"dlgbox::CreateDialogBox(char const*, unsigned long, char const*)",0,0x004206B0,ReleaseDC@8,0x0042F5A0,1
5.0.21,dlgctrl.cpp,"dlgbox::CreateDialogBox(char const*, unsigned long, char const*)",0,0x004206B0,ShowWindow@8,0x0042F5F0,1
5.0.21,dlgctrl.cpp,"dlgbox::CreateDialogBox(char const*, unsigned long, char const*)",0,0x004206B0,CreateWindowExA@48,0x0042F620,1
5.0.21,dlgctrl.cpp,"dlgbox::CreateDialogBox(char const*, unsigned long, char const*)",0,0x004206B0,SendMessageA@16,0x0042F630,1
5.0.21,dlgctrl.cpp,"dlgbox::CreateDialogBox(char const*, unsigned long, char const*)",0,0x004206B0,GetClassInfoExA@12,0x0042F730,1
5.0.21,dlgctrl.cpp,"dlgbox::CreateDialogBox(char const*, unsigned long, char const*)",0,0x004206B0,LoadIconA@8,0x0042F740,2
5.0.21,dlgctrl.cpp,"dlgbox::CreateDialogBox(char const*, unsigned long, char const*)",0,0x004206B0,LoadCursorA@8,0x0042F750,1
5.0.21,dlgctrl.cpp,"dlgbox::CreateDialogBox(char const*, unsigned long, char const*)",0,0x004206B0,RegisterClassExA@4,0x0042F760,1
5.0.21,dlgctrl.cpp,filerequester::filerequester(),0,0x004208D0,operator new(unsigned int),0x004296C0,10
5.0.21,dlgctrl.cpp,filerequester::filerequester(),1,0x004209C0,operator new(unsigned int),0x004296C0,10
5.0.21,dlgctrl.cpp,filerequester::~filerequester(),0,0x00420AB0,operator delete(void*),0x004296A0,9
5.0.21,dlgctrl.cpp,filerequester::~filerequester(),1,0x00420BB0,operator delete(void*),0x004296A0,9
5.0.21,dlgctrl.cpp,filerequester::GoUpOneLevel(char*),0,0x00420CB0,strlen,0x0042F3A0,1
5.0.21,dlgctrl.cpp,filerequester::AddExtraBackslashes(char*),0,0x00420D00,strlen,0x0042F3A0,1
5.0.21,dlgctrl.cpp,"filerequester::GetVInfo(char*, char*)",0,0x00420DA0,strcpy,0x0042F3B0,1
5.0.21,dlgctrl.cpp,"filerequester::GetVInfo(char*, char*)",0,0x00420DA0,GetVolumeInformationA@32,0x0042F900,1
5.0.21,dlgctrl.cpp,filerequester::ParseDriveStrings(),0,0x00420E20,sprintf,0x0042F380,1
5.0.21,dlgctrl.cpp,filerequester::ParseDriveStrings(),0,0x00420E20,strcpy,0x0042F3B0,1
5.0.21,dlgctrl.cpp,filerequester::ParseDriveStrings(),0,0x00420E20,SendMessageA@16,0x0042F630,3
5.0.21,dlgctrl.cpp,filerequester::ParseDriveStrings(),0,0x00420E20,GetVolumeInformationA@32,0x0042F900,1
5.0.21,dlgctrl.cpp,filerequester::ParseDriveStrings(),0,0x00420E20,GetLogicalDrives@0,0x0042F910,1
5.0.21,dlgctrl.cpp,filerequester::ParseDriveStrings(),0,0x00420E20,GetDriveTypeA@4,0x0042F920,1
5.0.21,dlgctrl.cpp,"filerequester::FileRequest(HINSTANCE__*, char*)",0,0x00421070,"dlgelement::CreateDialogElement(char const*, unsigned long, char const*, void*)",0x0041EE40,4
5.0.21,dlgctrl.cpp,"filerequester::FileRequest(HINSTANCE__*, char*)",0,0x00421070,"pushbutton::CreatePushbutton(char const*, int, int, HWND__*, HINSTANCE__*)",0x0041F930,2
5.0.21,dlgctrl.cpp,"filerequester::FileRequest(HINSTANCE__*, char*)",0,0x00421070,"dlgbox::CreateDialogBox(char const*, unsigned long, char const*)",0x004206B0,1
5.0.21,dlgctrl.cpp,"filerequester::FileRequest(HINSTANCE__*, char*)",0,0x00421070,filerequester::ParseDriveStrings(),0x00420E20,1
5.0.21,dlgctrl.cpp,"filerequester::FileRequest(HINSTANCE__*, char*)",0,0x00421070,"FindFile::combinePath(std::string, std::string)",0x00423690,1
5.0.21,dlgctrl.cpp,"filerequester::FileRequest(HINSTANCE__*, char*)",0,0x00421070,FindFile::FindFile(FindFileOptions_t&),0x00423CD0,1
5.0.21,dlgctrl.cpp,"filerequester::FileRequest(HINSTANCE__*, char*)",0,0x00421070,FindFile::clear(),0x00424830,1
5.0.21,dlgctrl.cpp,"filerequester::FileRequest(HINSTANCE__*, char*)",0,0x00421070,FindFile::~FindFile(),0x00424870,2
5.0.21,dlgctrl.cpp,"filerequester::FileRequest(HINSTANCE__*, char*)",0,0x00421070,FindFile::scanPath(std::string),0x00425AD0,1
5.0.21,dlgctrl.cpp,"filerequester::FileRequest(HINSTANCE__*, char*)",0,0x00421070,operator delete(void*),0x004296A0,1
5.0.21,dlgctrl.cpp,"filerequester::FileRequest(HINSTANCE__*, char*)",0,0x00421070,"__gnu_cxx::__exchange_and_add(int volatile*, int)",0x0042A2D0,14
5.0.21,dlgctrl.cpp,"filerequester::FileRequest(HINSTANCE__*, char*)",0,0x00421070,_Unwind_SjLj_Register,0x0042E5B0,1
5.0.21,dlgctrl.cpp,"filerequester::FileRequest(HINSTANCE__*, char*)",0,0x00421070,_Unwind_SjLj_Unregister,0x0042E690,1
5.0.21,dlgctrl.cpp,"filerequester::FileRequest(HINSTANCE__*, char*)",0,0x00421070,_Unwind_SjLj_Resume,0x0042EC70,1
5.0.21,dlgctrl.cpp,"filerequester::FileRequest(HINSTANCE__*, char*)",0,0x00421070,sprintf,0x0042F380,1
5.0.21,dlgctrl.cpp,"filerequester::FileRequest(HINSTANCE__*, char*)",0,0x00421070,strlen,0x0042F3A0,16
5.0.21,dlgctrl.cpp,"filerequester::FileRequest(HINSTANCE__*, char*)",0,0x00421070,strcpy,0x0042F3B0,8
5.0.21,dlgctrl.cpp,"filerequester::FileRequest(HINSTANCE__*, char*)",0,0x00421070,strcmp,0x0042F3D0,1
5.0.21,dlgctrl.cpp,"filerequester::FileRequest(HINSTANCE__*, char*)",0,0x00421070,strcat,0x0042F3E0,2
5.0.21,dlgctrl.cpp,"filerequester::FileRequest(HINSTANCE__*, char*)",0,0x00421070,GetTextExtentPoint32A@16,0x0042F4E0,4
5.0.21,dlgctrl.cpp,"filerequester::FileRequest(HINSTANCE__*, char*)",0,0x00421070,SetWindowTextA@8,0x0042F580,1
5.0.21,dlgctrl.cpp,"filerequester::FileRequest(HINSTANCE__*, char*)",0,0x00421070,GetDC@4,0x0042F590,4
5.0.21,dlgctrl.cpp,"filerequester::FileRequest(HINSTANCE__*, char*)",0,0x00421070,ReleaseDC@8,0x0042F5A0,4
5.0.21,dlgctrl.cpp,"filerequester::FileRequest(HINSTANCE__*, char*)",0,0x00421070,DispatchMessageA@4,0x0042F5C0,1
5.0.21,dlgctrl.cpp,"filerequester::FileRequest(HINSTANCE__*, char*)",0,0x00421070,GetMessageA@16,0x0042F5D0,1
5.0.21,dlgctrl.cpp,"filerequester::FileRequest(HINSTANCE__*, char*)",0,0x00421070,TranslateMessage@4,0x0042F5E0,1
5.0.21,dlgctrl.cpp,"filerequester::FileRequest(HINSTANCE__*, char*)",0,0x00421070,ShowWindow@8,0x0042F5F0,4
5.0.21,dlgctrl.cpp,"filerequester::FileRequest(HINSTANCE__*, char*)",0,0x00421070,DestroyWindow@4,0x0042F610,6
5.0.21,dlgctrl.cpp,"filerequester::FileRequest(HINSTANCE__*, char*)",0,0x00421070,SendMessageA@16,0x0042F630,31
5.0.21,dlgctrl.cpp,"filerequester::FileRequest(HINSTANCE__*, char*)",0,0x00421070,RedrawWindow@16,0x0042F660,4
5.0.21,dlgctrl.cpp,"filerequester::FileRequest(HINSTANCE__*, char*)",0,0x00421070,UpdateWindow@4,0x0042F6D0,4
5.0.21,dlgctrl.cpp,"filerequester::FileRequest(HINSTANCE__*, char*)",0,0x00421070,GetFileAttributesA@4,0x0042F8C0,5
5.0.21,dlgctrl.cpp,"filerequester::FileRequest(HINSTANCE__*, char*)",0,0x00421070,std::string::_Rep::_M_destroy(std::allocator<char,0x00430CF0,14
5.0.21,dlgctrl.cpp,"filerequester::FileRequest(HINSTANCE__*, char*)",0,0x00421070,"std::string::assign(char const*, unsigned int)",0x00431770,9
5.0.21,dlgctrl.cpp,"filerequester::FileRequest(HINSTANCE__*, char*)",0,0x00421070,"std::basic_string<char, std::char_traits<char",0x00432EE0,1
5.0.21,dlgctrl.cpp,"filerequester::FileRequest(HINSTANCE__*, char*)",0,0x00421070,"std::basic_string<char, std::char_traits<char",0x00432F90,2
5.0.21,dlgctrl.cpp,"filerequester::FileRequest(HINSTANCE__*, char*)",0,0x00421070,"std::basic_string<char, std::char_traits<char",0x00433700,7
5.0.21,dlgctrl.cpp,"__static_initialization_and_destruction_0(int, int)",1,0x00422D90,operator delete(void*),0x004296A0,2
5.0.21,dlgctrl.cpp,"__static_initialization_and_destruction_0(int, int)",1,0x00422D90,operator new(unsigned int),0x004296C0,1
5.0.21,dlgctrl.cpp,"__static_initialization_and_destruction_0(int, int)",1,0x00422D90,_Unwind_SjLj_Register,0x0042E5B0,1
5.0.21,dlgctrl.cpp,"__static_initialization_and_destruction_0(int, int)",1,0x00422D90,_Unwind_SjLj_Unregister,0x0042E690,1
5.0.21,dlgctrl.cpp,"__static_initialization_and_destruction_0(int, int)",1,0x00422D90,_Unwind_SjLj_Resume,0x0042EC70,1
5.0.21,dlgctrl.cpp,"__static_initialization_and_destruction_0(int, int)",1,0x00422D90,CreateBrushIndirect@4,0x0042F510,1
5.0.21,dlgctrl.cpp,"__static_initialization_and_destruction_0(int, int)",1,0x00422D90,MessageBoxA@16,0x0042F570,1
5.0.21,FindFile.cpp,FindFile::matchCriteria(_WIN32_FIND_DATAA&),0,0x00422F30,"wildcard::match(std::string, std::string)",0x00428C50,3
5.0.21,FindFile.cpp,FindFile::matchCriteria(_WIN32_FIND_DATAA&),0,0x00422F30,"__gnu_cxx::__exchange_and_add(int volatile*, int)",0x0042A2D0,12
5.0.21,FindFile.cpp,FindFile::matchCriteria(_WIN32_FIND_DATAA&),0,0x00422F30,_Unwind_SjLj_Register,0x0042E5B0,1
5.0.21,FindFile.cpp,FindFile::matchCriteria(_WIN32_FIND_DATAA&),0,0x00422F30,_Unwind_SjLj_Unregister,0x0042E690,2
5.0.21,FindFile.cpp,FindFile::matchCriteria(_WIN32_FIND_DATAA&),0,0x00422F30,_Unwind_SjLj_Resume,0x0042EC70,1
5.0.21,FindFile.cpp,FindFile::matchCriteria(_WIN32_FIND_DATAA&),0,0x00422F30,std::string::_Rep::_M_destroy(std::allocator<char,0x00430CF0,12
5.0.21,FindFile.cpp,FindFile::matchCriteria(_WIN32_FIND_DATAA&),0,0x00422F30,"std::basic_string<char, std::char_traits<char",0x00432EE0,3
5.0.21,FindFile.cpp,FindFile::matchCriteria(_WIN32_FIND_DATAA&),0,0x00422F30,"std::basic_string<char, std::char_traits<char",0x00432F90,3
5.0.21,FindFile.cpp,"FindFile::combinePath(std::string, std::string)",0,0x00423690,strlen,0x0042F3A0,2
5.0.21,FindFile.cpp,"FindFile::combinePath(std::string, std::string)",0,0x00423690,"std::string::find_last_of(char const*, unsigned int, unsigned int) const",0x0042FB00,1
5.0.21,FindFile.cpp,"FindFile::combinePath(std::string, std::string)",0,0x00423690,std::string::compare(char const*) const,0x004303A0,1
5.0.21,FindFile.cpp,"FindFile::combinePath(std::string, std::string)",0,0x00423690,"std::string::append(char const*, unsigned int)",0x004313D0,1
5.0.21,FindFile.cpp,"FindFile::combinePath(std::string, std::string)",0,0x00423690,std::string::append(std::string const&),0x004314A0,1
5.0.21,FindFile.cpp,"FindFile::combinePath(std::string, std::string)",0,0x00423690,"std::basic_string<char, std::char_traits<char",0x00432F90,1
5.0.21,FindFile.cpp,"FindFile::getFiles(void*&, _WIN32_FIND_DATAA&, std::string)",0,0x00423750,"FindFile::combinePath(std::string, std::string)",0x00423690,1
5.0.21,FindFile.cpp,"FindFile::getFiles(void*&, _WIN32_FIND_DATAA&, std::string)",0,0x00423750,"__gnu_cxx::__exchange_and_add(int volatile*, int)",0x0042A2D0,8
5.0.21,FindFile.cpp,"FindFile::getFiles(void*&, _WIN32_FIND_DATAA&, std::string)",0,0x00423750,_Unwind_SjLj_Register,0x0042E5B0,1
5.0.21,FindFile.cpp,"FindFile::getFiles(void*&, _WIN32_FIND_DATAA&, std::string)",0,0x00423750,_Unwind_SjLj_Unregister,0x0042E690,1
5.0.21,FindFile.cpp,"FindFile::getFiles(void*&, _WIN32_FIND_DATAA&, std::string)",0,0x00423750,_Unwind_SjLj_Resume,0x0042EC70,1
5.0.21,FindFile.cpp,"FindFile::getFiles(void*&, _WIN32_FIND_DATAA&, std::string)",0,0x00423750,strcmpi,0x0042F300,4
5.0.21,FindFile.cpp,"FindFile::getFiles(void*&, _WIN32_FIND_DATAA&, std::string)",0,0x00423750,FindNextFileA@8,0x0042F930,1
5.0.21,FindFile.cpp,"FindFile::getFiles(void*&, _WIN32_FIND_DATAA&, std::string)",0,0x00423750,FindFirstFileA@8,0x0042F940,1
5.0.21,FindFile.cpp,"FindFile::getFiles(void*&, _WIN32_FIND_DATAA&, std::string)",0,0x00423750,FindClose@4,0x0042F950,1
5.0.21,FindFile.cpp,"FindFile::getFiles(void*&, _WIN32_FIND_DATAA&, std::string)",0,0x00423750,std::string::_Rep::_M_destroy(std::allocator<char,0x00430CF0,7
5.0.21,FindFile.cpp,"FindFile::getFiles(void*&, _WIN32_FIND_DATAA&, std::string)",0,0x00423750,"std::basic_string<char, std::char_traits<char",0x00432EE0,1
5.0.21,FindFile.cpp,"FindFile::getFiles(void*&, _WIN32_FIND_DATAA&, std::string)",0,0x00423750,"std::basic_string<char, std::char_traits<char",0x00432F90,1
5.0.21,FindFile.cpp,FindFile::FindFile(FindFileOptions_t&),0,0x00423CD0,operator delete(void*),0x004296A0,2
5.0.21,FindFile.cpp,FindFile::FindFile(FindFileOptions_t&),0,0x00423CD0,"__gnu_cxx::__exchange_and_add(int volatile*, int)",0x0042A2D0,9
5.0.21,FindFile.cpp,FindFile::FindFile(FindFileOptions_t&),0,0x00423CD0,_Unwind_SjLj_Register,0x0042E5B0,1
5.0.21,FindFile.cpp,FindFile::FindFile(FindFileOptions_t&),0,0x00423CD0,_Unwind_SjLj_Unregister,0x0042E690,1
5.0.21,FindFile.cpp,FindFile::FindFile(FindFileOptions_t&),0,0x00423CD0,_Unwind_SjLj_Resume,0x0042EC70,1
5.0.21,FindFile.cpp,FindFile::FindFile(FindFileOptions_t&),0,0x00423CD0,std::string::_Rep::_M_destroy(std::allocator<char,0x00430CF0,9
5.0.21,FindFile.cpp,FindFile::FindFile(FindFileOptions_t&),0,0x00423CD0,std::string::assign(std::string const&),0x00431880,4
5.0.21,FindFile.cpp,FindFile::FindFile(FindFileOptions_t&),1,0x00424280,operator delete(void*),0x004296A0,2
5.0.21,FindFile.cpp,FindFile::FindFile(FindFileOptions_t&),1,0x00424280,"__gnu_cxx::__exchange_and_add(int volatile*, int)",0x0042A2D0,9
5.0.21,FindFile.cpp,FindFile::FindFile(FindFileOptions_t&),1,0x00424280,_Unwind_SjLj_Register,0x0042E5B0,1
5.0.21,FindFile.cpp,FindFile::FindFile(FindFileOptions_t&),1,0x00424280,_Unwind_SjLj_Unregister,0x0042E690,1
5.0.21,FindFile.cpp,FindFile::FindFile(FindFileOptions_t&),1,0x00424280,_Unwind_SjLj_Resume,0x0042EC70,1
5.0.21,FindFile.cpp,FindFile::FindFile(FindFileOptions_t&),1,0x00424280,std::string::_Rep::_M_destroy(std::allocator<char,0x00430CF0,9
5.0.21,FindFile.cpp,FindFile::FindFile(FindFileOptions_t&),1,0x00424280,std::string::assign(std::string const&),0x00431880,4
5.0.21,FindFile.cpp,FindFile::~FindFile(),0,0x00424870,operator delete(void*),0x004296A0,4
5.0.21,FindFile.cpp,FindFile::~FindFile(),0,0x00424870,"__gnu_cxx::__exchange_and_add(int volatile*, int)",0x0042A2D0,18
5.0.21,FindFile.cpp,FindFile::~FindFile(),0,0x00424870,_Unwind_SjLj_Register,0x0042E5B0,1
5.0.21,FindFile.cpp,FindFile::~FindFile(),0,0x00424870,_Unwind_SjLj_Unregister,0x0042E690,1
5.0.21,FindFile.cpp,FindFile::~FindFile(),0,0x00424870,_Unwind_SjLj_Resume,0x0042EC70,1
5.0.21,FindFile.cpp,FindFile::~FindFile(),0,0x00424870,std::string::_Rep::_M_destroy(std::allocator<char,0x00430CF0,18
5.0.21,FindFile.cpp,FindFile::~FindFile(),0,0x00424870,"std::vector<FileInformation, std::allocator<FileInformation",0x004345B0,1
5.0.21,FindFile.cpp,FindFile::~FindFile(),1,0x004251A0,operator delete(void*),0x004296A0,4
5.0.21,FindFile.cpp,FindFile::~FindFile(),1,0x004251A0,"__gnu_cxx::__exchange_and_add(int volatile*, int)",0x0042A2D0,18
5.0.21,FindFile.cpp,FindFile::~FindFile(),1,0x004251A0,_Unwind_SjLj_Register,0x0042E5B0,1
5.0.21,FindFile.cpp,FindFile::~FindFile(),1,0x004251A0,_Unwind_SjLj_Unregister,0x0042E690,1
5.0.21,FindFile.cpp,FindFile::~FindFile(),1,0x004251A0,_Unwind_SjLj_Resume,0x0042EC70,1
5.0.21,FindFile.cpp,FindFile::~FindFile(),1,0x004251A0,std::string::_Rep::_M_destroy(std::allocator<char,0x00430CF0,18
5.0.21,FindFile.cpp,FindFile::~FindFile(),1,0x004251A0,"std::vector<FileInformation, std::allocator<FileInformation",0x004345B0,1
5.0.21,FindFile.cpp,FindFile::search(),0,0x00426290,FindFile::scanPath(std::string),0x00425AD0,1
5.0.21,FindFile.cpp,FindFile::search(),0,0x00426290,"__gnu_cxx::__exchange_and_add(int volatile*, int)",0x0042A2D0,2
5.0.21,FindFile.cpp,FindFile::search(),0,0x00426290,_Unwind_SjLj_Register,0x0042E5B0,1
5.0.21,FindFile.cpp,FindFile::search(),0,0x00426290,_Unwind_SjLj_Unregister,0x0042E690,1
5.0.21,FindFile.cpp,FindFile::search(),0,0x00426290,_Unwind_SjLj_Resume,0x0042EC70,1
5.0.21,FindFile.cpp,FindFile::search(),0,0x00426290,std::string::_Rep::_M_destroy(std::allocator<char,0x00430CF0,2
5.0.21,FindFile.cpp,FindFile::search(),0,0x00426290,"std::basic_string<char, std::char_traits<char",0x00432F90,1
5.0.21,FindFile.cpp,FindFile::search(),0,0x00426290,"std::vector<FileInformation, std::allocator<FileInformation",0x004345B0,1
5.0.21,FindFile.cpp,"std::vector<FileInformation, std::allocator<FileInformation> >::_M_insert_aux(__gnu_cxx::__normal_iterator<FileInformation*, std::vector<FileInformation, std::allocator<FileInformation> > >, FileInformation const&)",0,0x00433C40,operator delete(void*),0x004296A0,2
5.0.21,FindFile.cpp,"std::vector<FileInformation, std::allocator<FileInformation> >::_M_insert_aux(__gnu_cxx::__normal_iterator<FileInformation*, std::vector<FileInformation, std::allocator<FileInformation> > >, FileInformation const&)",0,0x00433C40,operator new(unsigned int),0x004296C0,1
5.0.21,FindFile.cpp,"std::vector<FileInformation, std::allocator<FileInformation> >::_M_insert_aux(__gnu_cxx::__normal_iterator<FileInformation*, std::vector<FileInformation, std::allocator<FileInformation> > >, FileInformation const&)",0,0x00433C40,"__gnu_cxx::__exchange_and_add(int volatile*, int)",0x0042A2D0,6
5.0.21,FindFile.cpp,"std::vector<FileInformation, std::allocator<FileInformation> >::_M_insert_aux(__gnu_cxx::__normal_iterator<FileInformation*, std::vector<FileInformation, std::allocator<FileInformation> > >, FileInformation const&)",0,0x00433C40,__cxa_rethrow,0x0042A3B0,3
5.0.21,FindFile.cpp,"std::vector<FileInformation, std::allocator<FileInformation> >::_M_insert_aux(__gnu_cxx::__normal_iterator<FileInformation*, std::vector<FileInformation, std::allocator<FileInformation> > >, FileInformation const&)",0,0x00433C40,__cxa_begin_catch,0x0042A410,3
5.0.21,FindFile.cpp,"std::vector<FileInformation, std::allocator<FileInformation> >::_M_insert_aux(__gnu_cxx::__normal_iterator<FileInformation*, std::vector<FileInformation, std::allocator<FileInformation> > >, FileInformation const&)",0,0x00433C40,__cxa_end_catch,0x0042A520,2
5.0.21,FindFile.cpp,"std::vector<FileInformation, std::allocator<FileInformation> >::_M_insert_aux(__gnu_cxx::__normal_iterator<FileInformation*, std::vector<FileInformation, std::allocator<FileInformation> > >, FileInformation const&)",0,0x00433C40,_Unwind_SjLj_Register,0x0042E5B0,1
5.0.21,FindFile.cpp,"std::vector<FileInformation, std::allocator<FileInformation> >::_M_insert_aux(__gnu_cxx::__normal_iterator<FileInformation*, std::vector<FileInformation, std::allocator<FileInformation> > >, FileInformation const&)",0,0x00433C40,_Unwind_SjLj_Unregister,0x0042E690,1
5.0.21,FindFile.cpp,"std::vector<FileInformation, std::allocator<FileInformation> >::_M_insert_aux(__gnu_cxx::__normal_iterator<FileInformation*, std::vector<FileInformation, std::allocator<FileInformation> > >, FileInformation const&)",0,0x00433C40,_Unwind_SjLj_Resume,0x0042EC70,1
5.0.21,FindFile.cpp,"std::vector<FileInformation, std::allocator<FileInformation> >::_M_insert_aux(__gnu_cxx::__normal_iterator<FileInformation*, std::vector<FileInformation, std::allocator<FileInformation> > >, FileInformation const&)",0,0x00433C40,memcpy,0x0042F390,7
5.0.21,FindFile.cpp,"std::vector<FileInformation, std::allocator<FileInformation> >::_M_insert_aux(__gnu_cxx::__normal_iterator<FileInformation*, std::vector<FileInformation, std::allocator<FileInformation> > >, FileInformation const&)",0,0x00433C40,std::string::_Rep::_M_destroy(std::allocator<char,0x00430CF0,6
5.0.21,FindFile.cpp,"std::vector<FileInformation, std::allocator<FileInformation> >::_M_insert_aux(__gnu_cxx::__normal_iterator<FileInformation*, std::vector<FileInformation, std::allocator<FileInformation> > >, FileInformation const&)",0,0x00433C40,std::string::assign(std::string const&),0x00431880,2
5.0.21,FindFile.cpp,"std::vector<FileInformation, std::allocator<FileInformation> >::_M_insert_aux(__gnu_cxx::__normal_iterator<FileInformation*, std::vector<FileInformation, std::allocator<FileInformation> > >, FileInformation const&)",0,0x00433C40,"std::basic_string<char, std::char_traits<char",0x00432F90,5
5.0.21,FindFile.cpp,"std::vector<FileInformation, std::allocator<FileInformation> >::erase(__gnu_cxx::__normal_iterator<FileInformation*, std::vector<FileInformation, std::allocator<FileInformation> > >, __gnu_cxx::__normal_iterator<FileInformation*, std::vector<FileInformation, std::allocator<FileInformation> > >)",0,0x004345B0,"__gnu_cxx::__exchange_and_add(int volatile*, int)",0x0042A2D0,1
5.0.21,FindFile.cpp,"std::vector<FileInformation, std::allocator<FileInformation> >::erase(__gnu_cxx::__normal_iterator<FileInformation*, std::vector<FileInformation, std::allocator<FileInformation> > >, __gnu_cxx::__normal_iterator<FileInformation*, std::vector<FileInformation, std::allocator<FileInformation> > >)",0,0x004345B0,_Unwind_SjLj_Register,0x0042E5B0,1
5.0.21,FindFile.cpp,"std::vector<FileInformation, std::allocator<FileInformation> >::erase(__gnu_cxx::__normal_iterator<FileInformation*, std::vector<FileInformation, std::allocator<FileInformation> > >, __gnu_cxx::__normal_iterator<FileInformation*, std::vector<FileInformation, std::allocator<FileInformation> > >)",0,0x004345B0,_Unwind_SjLj_Unregister,0x0042E690,1
5.0.21,FindFile.cpp,"std::vector<FileInformation, std::allocator<FileInformation> >::erase(__gnu_cxx::__normal_iterator<FileInformation*, std::vector<FileInformation, std::allocator<FileInformation> > >, __gnu_cxx::__normal_iterator<FileInformation*, std::vector<FileInformation, std::allocator<FileInformation> > >)",0,0x004345B0,_Unwind_SjLj_Resume,0x0042EC70,1
5.0.21,FindFile.cpp,"std::vector<FileInformation, std::allocator<FileInformation> >::erase(__gnu_cxx::__normal_iterator<FileInformation*, std::vector<FileInformation, std::allocator<FileInformation> > >, __gnu_cxx::__normal_iterator<FileInformation*, std::vector<FileInformation, std::allocator<FileInformation> > >)",0,0x004345B0,memcpy,0x0042F390,1
5.0.21,FindFile.cpp,"std::vector<FileInformation, std::allocator<FileInformation> >::erase(__gnu_cxx::__normal_iterator<FileInformation*, std::vector<FileInformation, std::allocator<FileInformation> > >, __gnu_cxx::__normal_iterator<FileInformation*, std::vector<FileInformation, std::allocator<FileInformation> > >)",0,0x004345B0,std::string::_Rep::_M_destroy(std::allocator<char,0x00430CF0,1
5.0.21,FindFile.cpp,"std::vector<FileInformation, std::allocator<FileInformation> >::erase(__gnu_cxx::__normal_iterator<FileInformation*, std::vector<FileInformation, std::allocator<FileInformation> > >, __gnu_cxx::__normal_iterator<FileInformation*, std::vector<FileInformation, std::allocator<FileInformation> > >)",0,0x004345B0,std::string::assign(std::string const&),0x00431880,1
5.0.21,FindFile.cpp,FindFile::scanPath(std::string),0,0x00425AD0,FindFile::matchCriteria(_WIN32_FIND_DATAA&),0x00422F30,1
5.0.21,FindFile.cpp,FindFile::scanPath(std::string),0,0x00425AD0,"FindFile::combinePath(std::string, std::string)",0x00423690,1
5.0.21,FindFile.cpp,FindFile::scanPath(std::string),0,0x00425AD0,"FindFile::getFiles(void*&, _WIN32_FIND_DATAA&, std::string)",0x00423750,1
5.0.21,FindFile.cpp,FindFile::scanPath(std::string),0,0x00425AD0,FindFile::scanPath(std::string),0x00425AD0,1
5.0.21,FindFile.cpp,FindFile::scanPath(std::string),0,0x00425AD0,"__gnu_cxx::__exchange_and_add(int volatile*, int)",0x0042A2D0,10
5.0.21,FindFile.cpp,FindFile::scanPath(std::string),0,0x00425AD0,_Unwind_SjLj_Register,0x0042E5B0,1
5.0.21,FindFile.cpp,FindFile::scanPath(std::string),0,0x00425AD0,_Unwind_SjLj_Unregister,0x0042E690,1
5.0.21,FindFile.cpp,FindFile::scanPath(std::string),0,0x00425AD0,_Unwind_SjLj_Resume,0x0042EC70,2
5.0.21,FindFile.cpp,FindFile::scanPath(std::string),0,0x00425AD0,memcpy,0x0042F390,2
5.0.21,FindFile.cpp,FindFile::scanPath(std::string),0,0x00425AD0,std::string::_Rep::_M_destroy(std::allocator<char,0x00430CF0,10
5.0.21,FindFile.cpp,FindFile::scanPath(std::string),0,0x00425AD0,std::string::assign(std::string const&),0x00431880,1
5.0.21,FindFile.cpp,FindFile::scanPath(std::string),0,0x00425AD0,"std::basic_string<char, std::char_traits<char",0x00432EE0,1
5.0.21,FindFile.cpp,FindFile::scanPath(std::string),0,0x00425AD0,"std::basic_string<char, std::char_traits<char",0x00432F90,3
5.0.21,FindFile.cpp,FindFile::scanPath(std::string),0,0x00425AD0,"std::vector<FileInformation, std::allocator<FileInformation",0x00433C40,1
5.0.21,FindFile.cpp,FindFile::clear(),0,0x00424830,"std::vector<FileInformation, std::allocator<FileInformation",0x004345B0,1
5.0.21,main.cpp,GetComPort(),0,0x00426410,listbox::Getcursel(),0x0041FC40,1
5.0.21,main.cpp,GetComPort(),0,0x00426410,"listbox::Gettext(char const*, int)",0x0041FCA0,1
5.0.21,main.cpp,GetComPort(),0,0x00426410,atol,0x0042F440,1
5.0.21,main.cpp,"GetTextExtentCharSum(HDC__*, char const*, int, tagSIZE*)",0,0x00426450,GetTextExtentPoint32A@16,0x0042F4E0,1
5.0.21,main.cpp,WinMain@16,0,0x004264C0,bixby110checkout::bixby110checkout(),0x00402070,1
5.0.21,main.cpp,WinMain@16,0,0x004264C0,bixby110checkout::~bixby110checkout(),0x00402B60,1
5.0.21,main.cpp,WinMain@16,0,0x004264C0,"bixby110checkout::Bixby110Checkout(HINSTANCE__*, int)",0x004063E0,1
5.0.21,main.cpp,WinMain@16,0,0x004264C0,bixby110io::bixby110io(),0x00408400,1
5.0.21,main.cpp,WinMain@16,0,0x004264C0,bixby110io::~bixby110io(),0x00408420,3
5.0.21,main.cpp,WinMain@16,0,0x004264C0,bixby110io::getrs232port(unsigned char),0x00408430,1
5.0.21,main.cpp,WinMain@16,0,0x004264C0,bixby110io::freers232port(),0x00408520,1
5.0.21,main.cpp,WinMain@16,0,0x004264C0,bixby110io::getrs232portstatus(),0x00408540,1
5.0.21,main.cpp,WinMain@16,0,0x004264C0,bixby110control::bixby110control(),0x0040B250,1
5.0.21,main.cpp,WinMain@16,0,0x004264C0,bixby110control::~bixby110control(),0x0040DBD0,1
5.0.21,main.cpp,WinMain@16,0,0x004264C0,"bixby110control::Bixby110Dialog(HINSTANCE__*, int, unsigned char)",0x004160D0,2
5.0.21,main.cpp,WinMain@16,0,0x004264C0,bixby110downloader::bixby110downloader(),0x0041A3C0,1
5.0.21,main.cpp,WinMain@16,0,0x004264C0,"bixby110downloader::Bixby110Downloader(HINSTANCE__*, int, char*)",0x0041D160,1
5.0.21,main.cpp,WinMain@16,0,0x004264C0,dlgelement::~dlgelement(),0x0041EE20,8
5.0.21,main.cpp,WinMain@16,0,0x004264C0,"pushbutton::CreatePushbutton(char const*, int, int, int, int, HWND__*, HINSTANCE__*)",0x0041F8B0,1
5.0.21,main.cpp,WinMain@16,0,0x004264C0,"pushbutton::CreatePushbutton(char const*, int, int, HWND__*, HINSTANCE__*)",0x0041F930,4
5.0.21,main.cpp,WinMain@16,0,0x004264C0,pushbutton::WasPushed(),0x0041FA80,6
5.0.21,main.cpp,WinMain@16,0,0x004264C0,"listbox::CreateListbox(char const*, int, int, int, int, HWND__*, HINSTANCE__*)",0x0041FB10,1
5.0.21,main.cpp,WinMain@16,0,0x004264C0,listbox::Addstring(char const*),0x0041FBB0,1
5.0.21,main.cpp,WinMain@16,0,0x004264C0,listbox::Getcursel(),0x0041FC40,4
5.0.21,main.cpp,WinMain@16,0,0x004264C0,listbox::Setcursel(int),0x0041FC70,1
5.0.21,main.cpp,WinMain@16,0,0x004264C0,"listbox::Gettext(char const*, int)",0x0041FCA0,3
5.0.21,main.cpp,WinMain@16,0,0x004264C0,filerequester::~filerequester(),0x00420BB0,1
5.0.21,main.cpp,WinMain@16,0,0x004264C0,pocketcalculatorcontrol::pocketcalculatorcontrol(),0x004279D0,1
5.0.21,main.cpp,WinMain@16,0,0x004264C0,pocketcalculatorcontrol::PocketCalculator(HINSTANCE__*),0x00427C50,1
5.0.21,main.cpp,WinMain@16,0,0x004264C0,operator delete(void*),0x004296A0,12
5.0.21,main.cpp,WinMain@16,0,0x004264C0,operator new(unsigned int),0x004296C0,4
5.0.21,main.cpp,WinMain@16,0,0x004264C0,_Unwind_SjLj_Register,0x0042E5B0,1
5.0.21,main.cpp,WinMain@16,0,0x004264C0,_Unwind_SjLj_Unregister,0x0042E690,1
5.0.21,main.cpp,WinMain@16,0,0x004264C0,_Unwind_SjLj_Resume,0x0042EC70,1
5.0.21,main.cpp,WinMain@16,0,0x004264C0,sprintf,0x0042F380,1
5.0.21,main.cpp,WinMain@16,0,0x004264C0,atol,0x0042F440,3
5.0.21,main.cpp,WinMain@16,0,0x004264C0,GetStockObject@4,0x0042F4F0,2
5.0.21,main.cpp,WinMain@16,0,0x004264C0,SelectObject@8,0x0042F500,2
5.0.21,main.cpp,WinMain@16,0,0x004264C0,CreateFontA@56,0x0042F550,1
5.0.21,main.cpp,WinMain@16,0,0x004264C0,MessageBoxA@16,0x0042F570,7
5.0.21,main.cpp,WinMain@16,0,0x004264C0,GetDC@4,0x0042F590,2
5.0.21,main.cpp,WinMain@16,0,0x004264C0,ReleaseDC@8,0x0042F5A0,2
5.0.21,main.cpp,WinMain@16,0,0x004264C0,DispatchMessageA@4,0x0042F5C0,1
5.0.21,main.cpp,WinMain@16,0,0x004264C0,GetMessageA@16,0x0042F5D0,1
5.0.21,main.cpp,WinMain@16,0,0x004264C0,TranslateMessage@4,0x0042F5E0,1
5.0.21,main.cpp,WinMain@16,0,0x004264C0,ShowWindow@8,0x0042F5F0,7
5.0.21,main.cpp,WinMain@16,0,0x004264C0,CreateWindowExA@48,0x0042F620,1
5.0.21,main.cpp,WinMain@16,0,0x004264C0,SendMessageA@16,0x0042F630,1
5.0.21,main.cpp,WinMain@16,0,0x004264C0,LoadIconA@8,0x0042F740,2
5.0.21,main.cpp,WinMain@16,0,0x004264C0,LoadCursorA@8,0x0042F750,1
5.0.21,main.cpp,WinMain@16,0,0x004264C0,RegisterClassExA@4,0x0042F760,1
5.0.21,main.cpp,"WindowProcedure(HWND__*, unsigned int, unsigned int, long)@16",0,0x00427320,"dlgmsgrouter::DialogMessageProc(HWND__*, unsigned int, unsigned int, long)",0x0041E600,1
5.0.21,main.cpp,"WindowProcedure(HWND__*, unsigned int, unsigned int, long)@16",0,0x00427320,RedrawWindow@16,0x0042F660,1
5.0.21,main.cpp,"WindowProcedure(HWND__*, unsigned int, unsigned int, long)@16",0,0x00427320,DefWindowProcA@16,0x0042F710,1
5.0.21,main.cpp,"WindowProcedure(HWND__*, unsigned int, unsigned int, long)@16",0,0x00427320,PostQuitMessage@4,0x0042F780,1
5.0.21,main.cpp,global constructors keyed to szClassName,0,0x00427420,dlgelement::dlgelement(),0x0041EE00,10
5.0.21,main.cpp,global constructors keyed to szClassName,0,0x00427420,filerequester::filerequester(),0x004209C0,1
5.0.21,main.cpp,global constructors keyed to szClassName,0,0x00427420,operator delete(void*),0x004296A0,2
5.0.21,main.cpp,global constructors keyed to szClassName,0,0x00427420,operator new(unsigned int),0x004296C0,11
5.0.21,main.cpp,global constructors keyed to szClassName,0,0x00427420,_Unwind_SjLj_Register,0x0042E5B0,1
5.0.21,main.cpp,global constructors keyed to szClassName,0,0x00427420,_Unwind_SjLj_Unregister,0x0042E690,1
5.0.21,main.cpp,global constructors keyed to szClassName,0,0x00427420,_Unwind_SjLj_Resume,0x0042EC70,1
5.0.21,PocketCalculator.cpp,pocketcalculatorcontrol::pocketcalculatorcontrol(),0,0x004278B0,dlgelement::dlgelement(),0x0041EE00,2
5.0.21,PocketCalculator.cpp,pocketcalculatorcontrol::pocketcalculatorcontrol(),0,0x004278B0,operator delete(void*),0x004296A0,2
5.0.21,PocketCalculator.cpp,pocketcalculatorcontrol::pocketcalculatorcontrol(),0,0x004278B0,operator new(unsigned int),0x004296C0,2
5.0.21,PocketCalculator.cpp,pocketcalculatorcontrol::pocketcalculatorcontrol(),0,0x004278B0,_Unwind_SjLj_Register,0x0042E5B0,1
5.0.21,PocketCalculator.cpp,pocketcalculatorcontrol::pocketcalculatorcontrol(),0,0x004278B0,_Unwind_SjLj_Unregister,0x0042E690,1
5.0.21,PocketCalculator.cpp,pocketcalculatorcontrol::pocketcalculatorcontrol(),0,0x004278B0,_Unwind_SjLj_Resume,0x0042EC70,1
5.0.21,PocketCalculator.cpp,pocketcalculatorcontrol::pocketcalculatorcontrol(),1,0x004279D0,dlgelement::dlgelement(),0x0041EE00,2
5.0.21,PocketCalculator.cpp,pocketcalculatorcontrol::pocketcalculatorcontrol(),1,0x004279D0,operator delete(void*),0x004296A0,2
5.0.21,PocketCalculator.cpp,pocketcalculatorcontrol::pocketcalculatorcontrol(),1,0x004279D0,operator new(unsigned int),0x004296C0,2
5.0.21,PocketCalculator.cpp,pocketcalculatorcontrol::pocketcalculatorcontrol(),1,0x004279D0,_Unwind_SjLj_Register,0x0042E5B0,1
5.0.21,PocketCalculator.cpp,pocketcalculatorcontrol::pocketcalculatorcontrol(),1,0x004279D0,_Unwind_SjLj_Unregister,0x0042E690,1
5.0.21,PocketCalculator.cpp,pocketcalculatorcontrol::pocketcalculatorcontrol(),1,0x004279D0,_Unwind_SjLj_Resume,0x0042EC70,1
5.0.21,PocketCalculator.cpp,pocketcalculatorcontrol::~pocketcalculatorcontrol(),0,0x00427AF0,dlgelement::~dlgelement(),0x0041EE20,2
5.0.21,PocketCalculator.cpp,pocketcalculatorcontrol::~pocketcalculatorcontrol(),0,0x00427AF0,operator delete(void*),0x004296A0,2
5.0.21,PocketCalculator.cpp,pocketcalculatorcontrol::~pocketcalculatorcontrol(),1,0x00427B50,dlgelement::~dlgelement(),0x0041EE20,2
5.0.21,PocketCalculator.cpp,pocketcalculatorcontrol::~pocketcalculatorcontrol(),1,0x00427B50,operator delete(void*),0x004296A0,2
5.0.21,PocketCalculator.cpp,pocketcalculatorcontrol::CalculateEquals(),0,0x00427BB0,sqrt,0x0042F450,1
5.0.21,PocketCalculator.cpp,pocketcalculatorcontrol::PocketCalculator(HINSTANCE__*),0,0x00427C50,dlgmsgrouter::RemoveMessageRoute(HWND__*),0x0041ED00,1
5.0.21,PocketCalculator.cpp,pocketcalculatorcontrol::PocketCalculator(HINSTANCE__*),0,0x00427C50,"pushbutton::CreatePushbutton(char const*, int, int, int, int, HWND__*, HINSTANCE__*)",0x0041F8B0,3
5.0.21,PocketCalculator.cpp,pocketcalculatorcontrol::PocketCalculator(HINSTANCE__*),0,0x00427C50,pushbutton::WasPushed(),0x0041FA80,1
5.0.21,PocketCalculator.cpp,pocketcalculatorcontrol::PocketCalculator(HINSTANCE__*),0,0x00427C50,"edit::CreateEdit(char const*, int, int, int, int, HWND__*, HINSTANCE__*, unsigned long)",0x0041FE20,1
5.0.21,PocketCalculator.cpp,pocketcalculatorcontrol::PocketCalculator(HINSTANCE__*),0,0x00427C50,edit::Settext(char const*),0x0041FF20,2
5.0.21,PocketCalculator.cpp,pocketcalculatorcontrol::PocketCalculator(HINSTANCE__*),0,0x00427C50,"dlgbox::CreateDialogBox(char const*, unsigned long, char const*)",0x004206B0,1
5.0.21,PocketCalculator.cpp,pocketcalculatorcontrol::PocketCalculator(HINSTANCE__*),0,0x00427C50,sprintf,0x0042F380,1
5.0.21,PocketCalculator.cpp,pocketcalculatorcontrol::PocketCalculator(HINSTANCE__*),0,0x00427C50,sqrt,0x0042F450,6
5.0.21,PocketCalculator.cpp,pocketcalculatorcontrol::PocketCalculator(HINSTANCE__*),0,0x00427C50,DispatchMessageA@4,0x0042F5C0,1
5.0.21,PocketCalculator.cpp,pocketcalculatorcontrol::PocketCalculator(HINSTANCE__*),0,0x00427C50,GetMessageA@16,0x0042F5D0,2
5.0.21,PocketCalculator.cpp,pocketcalculatorcontrol::PocketCalculator(HINSTANCE__*),0,0x00427C50,TranslateMessage@4,0x0042F5E0,1
5.0.21,PocketCalculator.cpp,pocketcalculatorcontrol::PocketCalculator(HINSTANCE__*),0,0x00427C50,ShowWindow@8,0x0042F5F0,2
5.0.21,PocketCalculator.cpp,pocketcalculatorcontrol::PocketCalculator(HINSTANCE__*),0,0x00427C50,DestroyWindow@4,0x0042F610,2
5.0.21,PocketCalculator.cpp,pocketcalculatorcontrol::PocketCalculator(HINSTANCE__*),0,0x00427C50,Beep@8,0x0042F860,5
5.0.21,wildcard.cpp,"wildcard::match(std::string, std::string)",0,0x00428C50,"wildcard::wildcmp(std::string, std::string)",0x00428910,2
5.0.21,wildcard.cpp,"wildcard::match(std::string, std::string)",0,0x00428C50,"__gnu_cxx::__exchange_and_add(int volatile*, int)",0x0042A2D0,18
5.0.21,wildcard.cpp,"wildcard::match(std::string, std::string)",0,0x00428C50,_Unwind_SjLj_Register,0x0042E5B0,1
5.0.21,wildcard.cpp,"wildcard::match(std::string, std::string)",0,0x00428C50,_Unwind_SjLj_Unregister,0x0042E690,1
5.0.21,wildcard.cpp,"wildcard::match(std::string, std::string)",0,0x00428C50,_Unwind_SjLj_Resume,0x0042EC70,1
5.0.21,wildcard.cpp,"wildcard::match(std::string, std::string)",0,0x00428C50,strlen,0x0042F3A0,3
5.0.21,wildcard.cpp,"wildcard::match(std::string, std::string)",0,0x00428C50,"std::string::find(char const*, unsigned int, unsigned int) const",0x00430030,3
5.0.21,wildcard.cpp,"wildcard::match(std::string, std::string)",0,0x00428C50,std::string::compare(char const*) const,0x004303A0,1
5.0.21,wildcard.cpp,"wildcard::match(std::string, std::string)",0,0x00428C50,std::string::_Rep::_M_destroy(std::allocator<char,0x00430CF0,18
5.0.21,wildcard.cpp,"wildcard::match(std::string, std::string)",0,0x00428C50,std::string::assign(std::string const&),0x00431880,1
5.0.21,wildcard.cpp,"wildcard::match(std::string, std::string)",0,0x00428C50,"std::string::_M_mutate(unsigned int, unsigned int, unsigned int)",0x00432C70,1
5.0.21,wildcard.cpp,"wildcard::match(std::string, std::string)",0,0x00428C50,"std::basic_string<char, std::char_traits<char",0x00432F90,5
5.0.21,wildcard.cpp,"wildcard::match(std::string, std::string)",0,0x00428C50,"std::basic_string<char, std::char_traits<char",0x004330B0,1
5.0.21,wildcard.cpp,"wildcard::find(char const*, char const*)",0,0x00428820,strlen,0x0042F3A0,2
5.0.21,wildcard.cpp,"wildcard::EndCmp(char*, char const*)",0,0x00428760,strlen,0x0042F3A0,2
5.0.21,wildcard.cpp,"wildcard::StartCmp(char*, char const*)",0,0x004288A0,strlen,0x0042F3A0,2
5.0.21,wildcard.cpp,"wildcard::StartCmp(char*, char const*)",0,0x004288A0,strncpy,0x0042F3F0,1
5.0.21,wildcard.cpp,"wildcard::wildcmp(std::string, std::string)",0,0x00428910,operator delete[](void*),0x0042A5D0,3
5.0.21,wildcard.cpp,"wildcard::wildcmp(std::string, std::string)",0,0x00428910,operator new[](unsigned int),0x0042A5E0,2
5.0.21,wildcard.cpp,"wildcard::wildcmp(std::string, std::string)",0,0x00428910,strlen,0x0042F3A0,7
5.0.21,wildcard.cpp,"wildcard::wildcmp(std::string, std::string)",0,0x00428910,strcpy,0x0042F3B0,3
5.0.21,wildcard.cpp,"wildcard::wildcmp(std::string, std::string)",0,0x00428910,strncpy,0x0042F3F0,1
5.0.21,del_op.cc,operator delete(void*),0,0x004296A0,free,0x0042F460,1
5.0.21,new_op.cc,operator new(unsigned int),0,0x004296C0,__cxa_call_unexpected,0x0042A140,1
5.0.21,new_op.cc,operator new(unsigned int),0,0x004296C0,__cxa_throw,0x0042A340,1
5.0.21,new_op.cc,operator new(unsigned int),0,0x004296C0,__cxa_allocate_exception,0x0042B6E0,1
5.0.21,new_op.cc,operator new(unsigned int),0,0x004296C0,_Unwind_SjLj_Register,0x0042E5B0,1
5.0.21,new_op.cc,operator new(unsigned int),0,0x004296C0,_Unwind_SjLj_Unregister,0x0042E690,1
5.0.21,new_op.cc,operator new(unsigned int),0,0x004296C0,_Unwind_SjLj_Resume,0x0042EC70,1
5.0.21,new_op.cc,operator new(unsigned int),0,0x004296C0,malloc,0x0042F470,1
5.0.21,eh_personality.cc,"base_of_encoded_value(unsigned char, _Unwind_Context*)",0,0x004297D0,_Unwind_GetRegionStart,0x0042E7C0,1
5.0.21,eh_personality.cc,"base_of_encoded_value(unsigned char, _Unwind_Context*)",0,0x004297D0,_Unwind_GetDataRelBase,0x0042E7E0,1
5.0.21,eh_personality.cc,"base_of_encoded_value(unsigned char, _Unwind_Context*)",0,0x004297D0,_Unwind_GetTextRelBase,0x0042E7F0,1
5.0.21,eh_personality.cc,"base_of_encoded_value(unsigned char, _Unwind_Context*)",0,0x004297D0,abort,0x0042F480,1
5.0.21,eh_personality.cc,"read_encoded_value_with_base(unsigned char, unsigned int, unsigned char const*, unsigned int*)",0,0x00429910,"read_uleb128(unsigned char const*, unsigned int*)",0x00429850,1
5.0.21,eh_personality.cc,"read_encoded_value_with_base(unsigned char, unsigned int, unsigned char const*, unsigned int*)",0,0x00429910,"read_sleb128(unsigned char const*, int*)",0x004298A0,1
5.0.21,eh_personality.cc,"read_encoded_value_with_base(unsigned char, unsigned int, unsigned char const*, unsigned int*)",0,0x00429910,abort,0x0042F480,1
5.0.21,eh_personality.cc,"parse_lsda_header(_Unwind_Context*, unsigned char const*, lsda_header_info*)",0,0x004299E0,"base_of_encoded_value(unsigned char, _Unwind_Context*)",0x004297D0,1
5.0.21,eh_personality.cc,"parse_lsda_header(_Unwind_Context*, unsigned char const*, lsda_header_info*)",0,0x004299E0,"read_uleb128(unsigned char const*, unsigned int*)",0x00429850,2
5.0.21,eh_personality.cc,"parse_lsda_header(_Unwind_Context*, unsigned char const*, lsda_header_info*)",0,0x004299E0,"read_encoded_value_with_base(unsigned char, unsigned int, unsigned char const*, unsigned int*)",0x00429910,1
5.0.21,eh_personality.cc,"parse_lsda_header(_Unwind_Context*, unsigned char const*, lsda_header_info*)",0,0x004299E0,_Unwind_GetRegionStart,0x0042E7C0,1
5.0.21,eh_personality.cc,"get_ttype_entry(lsda_header_info*, unsigned int)",0,0x00429AB0,"read_encoded_value_with_base(unsigned char, unsigned int, unsigned char const*, unsigned int*)",0x00429910,1
5.0.21,eh_personality.cc,"get_ttype_entry(lsda_header_info*, unsigned int)",0,0x00429AB0,abort,0x0042F480,1
5.0.21,eh_personality.cc,"check_exception_spec(lsda_header_info*, std::type_info const*, void*, int)",0,0x00429BA0,"read_uleb128(unsigned char const*, unsigned int*)",0x00429850,1
5.0.21,eh_personality.cc,"check_exception_spec(lsda_header_info*, std::type_info const*, void*, int)",0,0x00429BA0,"get_ttype_entry(lsda_header_info*, unsigned int)",0x00429AB0,1
5.0.21,eh_personality.cc,"check_exception_spec(lsda_header_info*, std::type_info const*, void*, int)",0,0x00429BA0,"get_adjusted_ptr(std::type_info const*, std::type_info const*, void**)",0x00429B30,1
5.0.21,eh_personality.cc,__gxx_personality_sj0,0,0x00429C00,"base_of_encoded_value(unsigned char, _Unwind_Context*)",0x004297D0,2
5.0.21,eh_personality.cc,__gxx_personality_sj0,0,0x00429C00,"read_uleb128(unsigned char const*, unsigned int*)",0x00429850,3
5.0.21,eh_personality.cc,__gxx_personality_sj0,0,0x00429C00,"read_sleb128(unsigned char const*, int*)",0x004298A0,2
5.0.21,eh_personality.cc,__gxx_personality_sj0,0,0x00429C00,"parse_lsda_header(_Unwind_Context*, unsigned char const*, lsda_header_info*)",0x004299E0,2
5.0.21,eh_personality.cc,__gxx_personality_sj0,0,0x00429C00,"get_ttype_entry(lsda_header_info*, unsigned int)",0x00429AB0,1
5.0.21,eh_personality.cc,__gxx_personality_sj0,0,0x00429C00,"get_adjusted_ptr(std::type_info const*, std::type_info const*, void**)",0x00429B30,1
5.0.21,eh_personality.cc,__gxx_personality_sj0,0,0x00429C00,"check_exception_spec(lsda_header_info*, std::type_info const*, void*, int)",0x00429BA0,1
5.0.21,eh_personality.cc,__gxx_personality_sj0,0,0x00429C00,__cxa_begin_catch,0x0042A410,2
5.0.21,eh_personality.cc,__gxx_personality_sj0,0,0x00429C00,__cxa_end_catch,0x0042A520,1
5.0.21,eh_personality.cc,__gxx_personality_sj0,0,0x00429C00,__cxxabiv1::__terminate(void (*)()),0x0042BA30,1
5.0.21,eh_personality.cc,__gxx_personality_sj0,0,0x00429C00,std::terminate(),0x0042BA90,2
5.0.21,eh_personality.cc,__gxx_personality_sj0,0,0x00429C00,std::unexpected(),0x0042BAC0,1
5.0.21,eh_personality.cc,__gxx_personality_sj0,0,0x00429C00,_Unwind_SjLj_Register,0x0042E5B0,1
5.0.21,eh_personality.cc,__gxx_personality_sj0,0,0x00429C00,_Unwind_SjLj_Unregister,0x0042E690,2
5.0.21,eh_personality.cc,__gxx_personality_sj0,0,0x00429C00,_Unwind_SetGR,0x0042E760,2
5.0.21,eh_personality.cc,__gxx_personality_sj0,0,0x00429C00,_Unwind_GetIP,0x0042E780,1
5.0.21,eh_personality.cc,__gxx_personality_sj0,0,0x00429C00,_Unwind_SetIP,0x0042E790,1
5.0.21,eh_personality.cc,__gxx_personality_sj0,0,0x00429C00,_Unwind_GetLanguageSpecificData,0x0042E7B0,1
5.0.21,eh_personality.cc,__gxx_personality_sj0,0,0x00429C00,_Unwind_SjLj_Resume,0x0042EC70,1
5.0.21,eh_personality.cc,__cxa_call_unexpected,0,0x0042A140,"parse_lsda_header(_Unwind_Context*, unsigned char const*, lsda_header_info*)",0x004299E0,1
5.0.21,eh_personality.cc,__cxa_call_unexpected,0,0x0042A140,"check_exception_spec(lsda_header_info*, std::type_info const*, void*, int)",0x00429BA0,2
5.0.21,eh_personality.cc,__cxa_call_unexpected,0,0x0042A140,__cxa_throw,0x0042A340,1
5.0.21,eh_personality.cc,__cxa_call_unexpected,0,0x0042A140,__cxa_rethrow,0x0042A3B0,1
5.0.21,eh_personality.cc,__cxa_call_unexpected,0,0x0042A140,__cxa_begin_catch,0x0042A410,2
5.0.21,eh_personality.cc,__cxa_call_unexpected,0,0x0042A140,__cxa_end_catch,0x0042A520,2
5.0.21,eh_personality.cc,__cxa_call_unexpected,0,0x0042A140,__cxa_allocate_exception,0x0042B6E0,1
5.0.21,eh_personality.cc,__cxa_call_unexpected,0,0x0042A140,__cxxabiv1::__terminate(void (*)()),0x0042BA30,1
5.0.21,eh_personality.cc,__cxa_call_unexpected,0,0x0042A140,__cxxabiv1::__unexpected(void (*)()),0x0042BAB0,1
5.0.21,eh_personality.cc,__cxa_call_unexpected,0,0x0042A140,__cxa_get_globals_fast,0x0042BB90,1
5.0.21,eh_personality.cc,__cxa_call_unexpected,0,0x0042A140,_Unwind_SjLj_Register,0x0042E5B0,1
5.0.21,eh_personality.cc,__cxa_call_unexpected,0,0x0042A140,_Unwind_SjLj_Resume,0x0042EC70,1
5.0.21,string-inst.cc,"std::string::_M_check(unsigned int, char const*) const",0,0x004306F0,std::__throw_out_of_range(char const*),0x0042C6E0,1
5.0.21,string-inst.cc,"std::string::_S_copy_chars(char*, __gnu_cxx::__normal_iterator<char*, std::string>, __gnu_cxx::__normal_iterator<char*, std::string>)",0,0x00430A40,memcpy,0x0042F390,1
5.0.21,string-inst.cc,"std::string::_S_copy_chars(char*, __gnu_cxx::__normal_iterator<char const*, std::string>, __gnu_cxx::__normal_iterator<char const*, std::string>)",0,0x00430A10,memcpy,0x0042F390,1
5.0.21,string-inst.cc,std::string::at(unsigned int) const,0,0x0042FEF0,std::__throw_out_of_range(char const*),0x0042C6E0,1
5.0.21,string-inst.cc,"std::string::copy(char*, unsigned int, unsigned int) const",0,0x0042FF70,std::__throw_out_of_range(char const*),0x0042C6E0,1
5.0.21,string-inst.cc,"std::string::copy(char*, unsigned int, unsigned int) const",0,0x0042FF70,memcpy,0x0042F390,1
5.0.21,string-inst.cc,"std::string::find(std::string const&, unsigned int) const",0,0x004300A0,"std::string::find(char const*, unsigned int, unsigned int) const",0x00430030,1
5.0.21,string-inst.cc,"std::string::find(char const*, unsigned int) const",0,0x0042FFF0,strlen,0x0042F3A0,1
5.0.21,string-inst.cc,"std::string::find(char const*, unsigned int) const",0,0x0042FFF0,"std::string::find(char const*, unsigned int, unsigned int) const",0x00430030,1
5.0.21,string-inst.cc,"std::string::find(char, unsigned int) const",0,0x004300D0,memchr,0x0042F4B0,1
5.0.21,string-inst.cc,"std::string::rfind(std::string const&, unsigned int) const",0,0x00430260,"std::string::rfind(char const*, unsigned int, unsigned int) const",0x004301E0,1
5.0.21,string-inst.cc,"std::string::rfind(char const*, unsigned int) const",0,0x004301A0,strlen,0x0042F3A0,1
5.0.21,string-inst.cc,"std::string::rfind(char const*, unsigned int) const",0,0x004301A0,"std::string::rfind(char const*, unsigned int, unsigned int) const",0x004301E0,1
5.0.21,string-inst.cc,"std::string::find_first_of(std::string const&, unsigned int) const",0,0x0042FC80,"std::string::find_first_of(char const*, unsigned int, unsigned int) const",0x0042FC10,1
5.0.21,string-inst.cc,"std::string::find_first_of(char const*, unsigned int) const",0,0x0042FBD0,strlen,0x0042F3A0,1
5.0.21,string-inst.cc,"std::string::find_first_of(char const*, unsigned int) const",0,0x0042FBD0,"std::string::find_first_of(char const*, unsigned int, unsigned int) const",0x0042FC10,1
5.0.21,string-inst.cc,"std::string::find_last_of(std::string const&, unsigned int) const",0,0x0042FB90,"std::string::find_last_of(char const*, unsigned int, unsigned int) const",0x0042FB00,1
5.0.21,string-inst.cc,"std::string::find_last_of(char const*, unsigned int) const",0,0x0042FAC0,strlen,0x0042F3A0,1
5.0.21,string-inst.cc,"std::string::find_last_of(char const*, unsigned int) const",0,0x0042FAC0,"std::string::find_last_of(char const*, unsigned int, unsigned int) const",0x0042FB00,1
5.0.21,string-inst.cc,"std::string::find_first_not_of(std::string const&, unsigned int) const",0,0x0042FE90,"std::string::find_first_not_of(char const*, unsigned int, unsigned int) const",0x0042FE40,1
5.0.21,string-inst.cc,"std::string::find_first_not_of(char const*, unsigned int) const",0,0x0042FE00,strlen,0x0042F3A0,1
5.0.21,string-inst.cc,"std::string::find_first_not_of(char const*, unsigned int) const",0,0x0042FE00,"std::string::find_first_not_of(char const*, unsigned int, unsigned int) const",0x0042FE40,1
5.0.21,string-inst.cc,"std::string::find_last_not_of(std::string const&, unsigned int) const",0,0x0042FD90,"std::string::find_last_not_of(char const*, unsigned int, unsigned int) const",0x0042FD10,1
5.0.21,string-inst.cc,"std::string::find_last_not_of(char const*, unsigned int) const",0,0x0042FCD0,strlen,0x0042F3A0,1
5.0.21,string-inst.cc,"std::string::find_last_not_of(char const*, unsigned int) const",0,0x0042FCD0,"std::string::find_last_not_of(char const*, unsigned int, unsigned int) const",0x0042FD10,1
5.0.21,string-inst.cc,"std::string::compare(unsigned int, unsigned int, std::string const&) const",0,0x00430590,std::__throw_out_of_range(char const*),0x0042C6E0,1
5.0.21,string-inst.cc,"std::string::compare(unsigned int, unsigned int, std::string const&, unsigned int, unsigned int) const",0,0x00430620,std::__throw_out_of_range(char const*),0x0042C6E0,2
5.0.21,string-inst.cc,std::string::compare(char const*) const,0,0x004303A0,strlen,0x0042F3A0,1
5.0.21,string-inst.cc,"std::string::compare(unsigned int, unsigned int, char const*) const",0,0x00430480,std::__throw_out_of_range(char const*),0x0042C6E0,1
5.0.21,string-inst.cc,"std::string::compare(unsigned int, unsigned int, char const*) const",0,0x00430480,strlen,0x0042F3A0,1
5.0.21,string-inst.cc,"std::string::compare(unsigned int, unsigned int, char const*, unsigned int) const",0,0x00430510,std::__throw_out_of_range(char const*),0x0042C6E0,1
5.0.21,string-inst.cc,"std::basic_string<char, std::char_traits<char>, std::allocator<char> >::basic_string(std::string const&)",0,0x00432F90,__cxa_call_unexpected,0x0042A140,1
5.0.21,string-inst.cc,"std::basic_string<char, std::char_traits<char>, std::allocator<char> >::basic_string(std::string const&)",0,0x00432F90,"__gnu_cxx::__atomic_add(int volatile*, int)",0x0042A2E0,1
5.0.21,string-inst.cc,"std::basic_string<char, std::char_traits<char>, std::allocator<char> >::basic_string(std::string const&)",0,0x00432F90,_Unwind_SjLj_Register,0x0042E5B0,1
5.0.21,string-inst.cc,"std::basic_string<char, std::char_traits<char>, std::allocator<char> >::basic_string(std::string const&)",0,0x00432F90,_Unwind_SjLj_Unregister,0x0042E690,2
5.0.21,string-inst.cc,"std::basic_string<char, std::char_traits<char>, std::allocator<char> >::basic_string(std::string const&)",0,0x00432F90,_Unwind_SjLj_Resume,0x0042EC70,1
5.0.21,string-inst.cc,"std::basic_string<char, std::char_traits<char>, std::allocator<char> >::basic_string(std::string const&)",0,0x00432F90,std::string::_Rep::_M_clone(std::allocator<char,0x00430F60,1
5.0.21,string-inst.cc,"std::basic_string<char, std::char_traits<char>, std::allocator<char> >::basic_string(std::string const&)",1,0x004333A0,__cxa_call_unexpected,0x0042A140,1
5.0.21,string-inst.cc,"std::basic_string<char, std::char_traits<char>, std::allocator<char> >::basic_string(std::string const&)",1,0x004333A0,"__gnu_cxx::__atomic_add(int volatile*, int)",0x0042A2E0,1
5.0.21,string-inst.cc,"std::basic_string<char, std::char_traits<char>, std::allocator<char> >::basic_string(std::string const&)",1,0x004333A0,_Unwind_SjLj_Register,0x0042E5B0,1
5.0.21,string-inst.cc,"std::basic_string<char, std::char_traits<char>, std::allocator<char> >::basic_string(std::string const&)",1,0x004333A0,_Unwind_SjLj_Unregister,0x0042E690,2
5.0.21,string-inst.cc,"std::basic_string<char, std::char_traits<char>, std::allocator<char> >::basic_string(std::string const&)",1,0x004333A0,_Unwind_SjLj_Resume,0x0042EC70,1
5.0.21,string-inst.cc,"std::basic_string<char, std::char_traits<char>, std::allocator<char> >::basic_string(std::string const&)",1,0x004333A0,std::string::_Rep::_M_clone(std::allocator<char,0x00430F60,1
5.0.21,string-inst.cc,"std::basic_string<char, std::char_traits<char>, std::allocator<char> >::basic_string(unsigned int, char, std::allocator<char> const&)",0,0x00433210,"std::string::_S_construct(unsigned int, char, std::allocator<char",0x00430800,1
5.0.21,string-inst.cc,"std::basic_string<char, std::char_traits<char>, std::allocator<char> >::basic_string(unsigned int, char, std::allocator<char> const&)",1,0x00433620,"std::string::_S_construct(unsigned int, char, std::allocator<char",0x00430800,1
5.0.21,string-inst.cc,"std::basic_string<char, std::char_traits<char>, std::allocator<char> >::basic_string(std::allocator<char> const&)",0,0x00432F60,"std::string::_S_construct(unsigned int, char, std::allocator<char",0x00430800,1
5.0.21,string-inst.cc,"std::basic_string<char, std::char_traits<char>, std::allocator<char> >::basic_string(std::allocator<char> const&)",1,0x00433370,"std::string::_S_construct(unsigned int, char, std::allocator<char",0x00430800,1
5.0.21,string-inst.cc,std::string::operator=(std::string const&),0,0x004338A0,std::string::assign(std::string const&),0x00431880,1
5.0.21,string-inst.cc,std::string::reserve(unsigned int),0,0x00432B30,"__gnu_cxx::__exchange_and_add(int volatile*, int)",0x0042A2D0,1
5.0.21,string-inst.cc,std::string::reserve(unsigned int),0,0x00432B30,std::__throw_length_error(char const*),0x0042C880,1
5.0.21,string-inst.cc,std::string::reserve(unsigned int),0,0x00432B30,_Unwind_SjLj_Register,0x0042E5B0,1
5.0.21,string-inst.cc,std::string::reserve(unsigned int),0,0x00432B30,_Unwind_SjLj_Unregister,0x0042E690,1
5.0.21,string-inst.cc,std::string::reserve(unsigned int),0,0x00432B30,_Unwind_SjLj_Resume,0x0042EC70,1
5.0.21,string-inst.cc,std::string::reserve(unsigned int),0,0x00432B30,std::string::_Rep::_M_destroy(std::allocator<char,0x00430CF0,1
5.0.21,string-inst.cc,std::string::reserve(unsigned int),0,0x00432B30,std::string::_Rep::_M_clone(std::allocator<char,0x00430F60,1
5.0.21,string-inst.cc,"std::basic_string<char, std::char_traits<char>, std::allocator<char> >::~basic_string()",0,0x00433700,"__gnu_cxx::__exchange_and_add(int volatile*, int)",0x0042A2D0,1
5.0.21,string-inst.cc,"std::basic_string<char, std::char_traits<char>, std::allocator<char> >::~basic_string()",0,0x00433700,_Unwind_SjLj_Register,0x0042E5B0,1
5.0.21,string-inst.cc,"std::basic_string<char, std::char_traits<char>, std::allocator<char> >::~basic_string()",0,0x00433700,_Unwind_SjLj_Unregister,0x0042E690,1
5.0.21,string-inst.cc,"std::basic_string<char, std::char_traits<char>, std::allocator<char> >::~basic_string()",0,0x00433700,_Unwind_SjLj_Resume,0x0042EC70,1
5.0.21,string-inst.cc,"std::basic_string<char, std::char_traits<char>, std::allocator<char> >::~basic_string()",0,0x00433700,std::string::_Rep::_M_destroy(std::allocator<char,0x00430CF0,1
5.0.21,string-inst.cc,"std::basic_string<char, std::char_traits<char>, std::allocator<char> >::~basic_string()",1,0x004337B0,"__gnu_cxx::__exchange_and_add(int volatile*, int)",0x0042A2D0,1
5.0.21,string-inst.cc,"std::basic_string<char, std::char_traits<char>, std::allocator<char> >::~basic_string()",1,0x004337B0,_Unwind_SjLj_Register,0x0042E5B0,1
5.0.21,string-inst.cc,"std::basic_string<char, std::char_traits<char>, std::allocator<char> >::~basic_string()",1,0x004337B0,_Unwind_SjLj_Unregister,0x0042E690,1
5.0.21,string-inst.cc,"std::basic_string<char, std::char_traits<char>, std::allocator<char> >::~basic_string()",1,0x004337B0,_Unwind_SjLj_Resume,0x0042EC70,1
5.0.21,string-inst.cc,"std::basic_string<char, std::char_traits<char>, std::allocator<char> >::~basic_string()",1,0x004337B0,std::string::_Rep::_M_destroy(std::allocator<char,0x00430CF0,1
5.0.21,string-inst.cc,"std::string::_M_mutate(unsigned int, unsigned int, unsigned int)",0,0x00432C70,"__gnu_cxx::__exchange_and_add(int volatile*, int)",0x0042A2D0,1
5.0.21,string-inst.cc,"std::string::_M_mutate(unsigned int, unsigned int, unsigned int)",0,0x00432C70,_Unwind_SjLj_Register,0x0042E5B0,1
5.0.21,string-inst.cc,"std::string::_M_mutate(unsigned int, unsigned int, unsigned int)",0,0x00432C70,_Unwind_SjLj_Unregister,0x0042E690,1
5.0.21,string-inst.cc,"std::string::_M_mutate(unsigned int, unsigned int, unsigned int)",0,0x00432C70,_Unwind_SjLj_Resume,0x0042EC70,1
5.0.21,string-inst.cc,"std::string::_M_mutate(unsigned int, unsigned int, unsigned int)",0,0x00432C70,memcpy,0x0042F390,2
5.0.21,string-inst.cc,"std::string::_M_mutate(unsigned int, unsigned int, unsigned int)",0,0x00432C70,memmove,0x0042F490,1
5.0.21,string-inst.cc,"std::string::_M_mutate(unsigned int, unsigned int, unsigned int)",0,0x00432C70,std::string::_Rep::_M_destroy(std::allocator<char,0x00430CF0,1
5.0.21,string-inst.cc,"std::string::_M_mutate(unsigned int, unsigned int, unsigned int)",0,0x00432C70,"std::string::_Rep::_S_create(unsigned int, unsigned int, std::allocator<char",0x00430FE0,1
5.0.21,string-inst.cc,"std::string::erase(__gnu_cxx::__normal_iterator<char*, std::string>, __gnu_cxx::__normal_iterator<char*, std::string>)",0,0x004312F0,"std::string::_M_mutate(unsigned int, unsigned int, unsigned int)",0x00432C70,1
5.0.21,string-inst.cc,"std::string::erase(__gnu_cxx::__normal_iterator<char*, std::string>)",0,0x004312A0,"std::string::_M_mutate(unsigned int, unsigned int, unsigned int)",0x00432C70,1
5.0.21,string-inst.cc,std::string::operator=(char const*),0,0x00433860,strlen,0x0042F3A0,1
5.0.21,string-inst.cc,std::string::operator=(char const*),0,0x00433860,"std::string::assign(char const*, unsigned int)",0x00431770,1
5.0.21,string-inst.cc,"std::string::assign(std::string const&, unsigned int, unsigned int)",0,0x004319F0,std::__throw_out_of_range(char const*),0x0042C6E0,1
5.0.21,string-inst.cc,"std::string::append(char const*, unsigned int)",0,0x004313D0,memcpy,0x0042F390,1
5.0.21,string-inst.cc,"std::string::append(char const*, unsigned int)",0,0x004313D0,std::string::reserve(unsigned int),0x00432B30,1
5.0.21,string-inst.cc,"std::string::append(char const*, unsigned int)",0,0x004313D0,"std::string::_M_mutate(unsigned int, unsigned int, unsigned int)",0x00432C70,2
5.0.21,string-inst.cc,std::string::operator+=(char const*),0,0x00433960,strlen,0x0042F3A0,1
5.0.21,string-inst.cc,std::string::operator+=(char const*),0,0x00433960,"std::string::append(char const*, unsigned int)",0x004313D0,1
5.0.21,string-inst.cc,"std::string::append(std::string const&, unsigned int, unsigned int)",0,0x00431580,std::__throw_out_of_range(char const*),0x0042C6E0,1
5.0.21,string-inst.cc,"std::string::append(std::string const&, unsigned int, unsigned int)",0,0x00431580,memcpy,0x0042F390,1
5.0.21,string-inst.cc,"std::string::append(std::string const&, unsigned int, unsigned int)",0,0x00431580,std::string::reserve(unsigned int),0x00432B30,1
5.0.21,string-inst.cc,"std::string::append(std::string const&, unsigned int, unsigned int)",0,0x00431580,"std::string::_M_mutate(unsigned int, unsigned int, unsigned int)",0x00432C70,1
5.0.21,string-inst.cc,"std::basic_string<char, std::char_traits<char>, std::allocator<char> > std::operator+<char, std::char_traits<char>, std::allocator<char> >(std::basic_string<char, std::char_traits<char>, std::allocator<char> > const&, std::basic_string<char, std::char_traits<char>, std::allocator<char> > const&)",0,0x00434870,"__gnu_cxx::__exchange_and_add(int volatile*, int)",0x0042A2D0,1
5.0.21,string-inst.cc,"std::basic_string<char, std::char_traits<char>, std::allocator<char> > std::operator+<char, std::char_traits<char>, std::allocator<char> >(std::basic_string<char, std::char_traits<char>, std::allocator<char> > const&, std::basic_string<char, std::char_traits<char>, std::allocator<char> > const&)",0,0x00434870,_Unwind_SjLj_Register,0x0042E5B0,1
5.0.21,string-inst.cc,"std::basic_string<char, std::char_traits<char>, std::allocator<char> > std::operator+<char, std::char_traits<char>, std::allocator<char> >(std::basic_string<char, std::char_traits<char>, std::allocator<char> > const&, std::basic_string<char, std::char_traits<char>, std::allocator<char> > const&)",0,0x00434870,_Unwind_SjLj_Unregister,0x0042E690,1
5.0.21,string-inst.cc,"std::basic_string<char, std::char_traits<char>, std::allocator<char> > std::operator+<char, std::char_traits<char>, std::allocator<char> >(std::basic_string<char, std::char_traits<char>, std::allocator<char> > const&, std::basic_string<char, std::char_traits<char>, std::allocator<char> > const&)",0,0x00434870,_Unwind_SjLj_Resume,0x0042EC70,1
5.0.21,string-inst.cc,"std::basic_string<char, std::char_traits<char>, std::allocator<char> > std::operator+<char, std::char_traits<char>, std::allocator<char> >(std::basic_string<char, std::char_traits<char>, std::allocator<char> > const&, std::basic_string<char, std::char_traits<char>, std::allocator<char> > const&)",0,0x00434870,std::string::_Rep::_M_destroy(std::allocator<char,0x00430CF0,1
5.0.21,string-inst.cc,"std::basic_string<char, std::char_traits<char>, std::allocator<char> > std::operator+<char, std::char_traits<char>, std::allocator<char> >(std::basic_string<char, std::char_traits<char>, std::allocator<char> > const&, std::basic_string<char, std::char_traits<char>, std::allocator<char> > const&)",0,0x00434870,std::string::append(std::string const&),0x004314A0,1
5.0.21,string-inst.cc,"std::basic_string<char, std::char_traits<char>, std::allocator<char> > std::operator+<char, std::char_traits<char>, std::allocator<char> >(std::basic_string<char, std::char_traits<char>, std::allocator<char> > const&, std::basic_string<char, std::char_traits<char>, std::allocator<char> > const&)",0,0x00434870,"std::basic_string<char, std::char_traits<char",0x00432F90,1
5.0.21,string-inst.cc,"std::basic_string<char, std::char_traits<char>, std::allocator<char> > std::operator+<char, std::char_traits<char>, std::allocator<char> >(char const*, std::basic_string<char, std::char_traits<char>, std::allocator<char> > const&)",0,0x00434730,"__gnu_cxx::__exchange_and_add(int volatile*, int)",0x0042A2D0,1
5.0.21,string-inst.cc,"std::basic_string<char, std::char_traits<char>, std::allocator<char> > std::operator+<char, std::char_traits<char>, std::allocator<char> >(char const*, std::basic_string<char, std::char_traits<char>, std::allocator<char> > const&)",0,0x00434730,_Unwind_SjLj_Register,0x0042E5B0,1
5.0.21,string-inst.cc,"std::basic_string<char, std::char_traits<char>, std::allocator<char> > std::operator+<char, std::char_traits<char>, std::allocator<char> >(char const*, std::basic_string<char, std::char_traits<char>, std::allocator<char> > const&)",0,0x00434730,_Unwind_SjLj_Unregister,0x0042E690,1
5.0.21,string-inst.cc,"std::basic_string<char, std::char_traits<char>, std::allocator<char> > std::operator+<char, std::char_traits<char>, std::allocator<char> >(char const*, std::basic_string<char, std::char_traits<char>, std::allocator<char> > const&)",0,0x00434730,_Unwind_SjLj_Resume,0x0042EC70,1
5.0.21,string-inst.cc,"std::basic_string<char, std::char_traits<char>, std::allocator<char> > std::operator+<char, std::char_traits<char>, std::allocator<char> >(char const*, std::basic_string<char, std::char_traits<char>, std::allocator<char> > const&)",0,0x00434730,strlen,0x0042F3A0,1
5.0.21,string-inst.cc,"std::basic_string<char, std::char_traits<char>, std::allocator<char> > std::operator+<char, std::char_traits<char>, std::allocator<char> >(char const*, std::basic_string<char, std::char_traits<char>, std::allocator<char> > const&)",0,0x00434730,std::string::_Rep::_M_destroy(std::allocator<char,0x00430CF0,1
5.0.21,string-inst.cc,"std::basic_string<char, std::char_traits<char>, std::allocator<char> > std::operator+<char, std::char_traits<char>, std::allocator<char> >(char const*, std::basic_string<char, std::char_traits<char>, std::allocator<char> > const&)",0,0x00434730,"std::string::append(char const*, unsigned int)",0x004313D0,1
5.0.21,string-inst.cc,"std::basic_string<char, std::char_traits<char>, std::allocator<char> > std::operator+<char, std::char_traits<char>, std::allocator<char> >(char const*, std::basic_string<char, std::char_traits<char>, std::allocator<char> > const&)",0,0x00434730,std::string::append(std::string const&),0x004314A0,1
5.0.21,string-inst.cc,"std::basic_string<char, std::char_traits<char>, std::allocator<char> > std::operator+<char, std::char_traits<char>, std::allocator<char> >(char const*, std::basic_string<char, std::char_traits<char>, std::allocator<char> > const&)",0,0x00434730,std::string::reserve(unsigned int),0x00432B30,1
5.0.21,string-inst.cc,"std::string::insert(__gnu_cxx::__normal_iterator<char*, std::string>, unsigned int, char)",0,0x00431BC0,std::__throw_length_error(char const*),0x0042C880,1
5.0.21,string-inst.cc,"std::string::insert(__gnu_cxx::__normal_iterator<char*, std::string>, unsigned int, char)",0,0x00431BC0,memset,0x0042F4A0,1
5.0.21,string-inst.cc,"std::string::insert(__gnu_cxx::__normal_iterator<char*, std::string>, unsigned int, char)",0,0x00431BC0,"std::string::_M_mutate(unsigned int, unsigned int, unsigned int)",0x00432C70,2
5.0.21,string-inst.cc,"std::string::replace(unsigned int, unsigned int, unsigned int, char)",0,0x00432A20,std::__throw_out_of_range(char const*),0x0042C6E0,1
5.0.21,string-inst.cc,"std::string::replace(unsigned int, unsigned int, unsigned int, char)",0,0x00432A20,std::__throw_length_error(char const*),0x0042C880,1
5.0.21,string-inst.cc,"std::string::replace(unsigned int, unsigned int, unsigned int, char)",0,0x00432A20,memset,0x0042F4A0,1
5.0.21,string-inst.cc,"std::string::replace(unsigned int, unsigned int, unsigned int, char)",0,0x00432A20,"std::string::_M_mutate(unsigned int, unsigned int, unsigned int)",0x00432C70,2
5.0.21,string-inst.cc,"std::string::insert(__gnu_cxx::__normal_iterator<char*, std::string>, char)",0,0x00431B40,std::__throw_length_error(char const*),0x0042C880,1
5.0.21,string-inst.cc,"std::string::insert(__gnu_cxx::__normal_iterator<char*, std::string>, char)",0,0x00431B40,"std::string::_M_mutate(unsigned int, unsigned int, unsigned int)",0x00432C70,1
5.0.21,string-inst.cc,"std::string::insert(unsigned int, unsigned int, char)",0,0x00431F10,std::__throw_out_of_range(char const*),0x0042C6E0,1
5.0.21,string-inst.cc,"std::string::insert(unsigned int, unsigned int, char)",0,0x00431F10,std::__throw_length_error(char const*),0x0042C880,1
5.0.21,string-inst.cc,"std::string::insert(unsigned int, unsigned int, char)",0,0x00431F10,memset,0x0042F4A0,1
5.0.21,string-inst.cc,"std::string::insert(unsigned int, unsigned int, char)",0,0x00431F10,"std::string::_M_mutate(unsigned int, unsigned int, unsigned int)",0x00432C70,2
5.0.21,string-inst.cc,std::string::operator=(char),0,0x004338D0,"std::string::_M_mutate(unsigned int, unsigned int, unsigned int)",0x00432C70,1
5.0.21,string-inst.cc,std::string::push_back(char),0,0x00432E70,std::__throw_length_error(char const*),0x0042C880,1
5.0.21,string-inst.cc,std::string::push_back(char),0,0x00432E70,"std::string::_M_mutate(unsigned int, unsigned int, unsigned int)",0x00432C70,1
5.0.21,string-inst.cc,"std::basic_string<char, std::char_traits<char>, std::allocator<char> > std::operator+<char, std::char_traits<char>, std::allocator<char> >(char, std::basic_string<char, std::char_traits<char>, std::allocator<char> > const&)",0,0x00434970,"__gnu_cxx::__exchange_and_add(int volatile*, int)",0x0042A2D0,1
5.0.21,string-inst.cc,"std::basic_string<char, std::char_traits<char>, std::allocator<char> > std::operator+<char, std::char_traits<char>, std::allocator<char> >(char, std::basic_string<char, std::char_traits<char>, std::allocator<char> > const&)",0,0x00434970,std::__throw_length_error(char const*),0x0042C880,1
5.0.21,string-inst.cc,"std::basic_string<char, std::char_traits<char>, std::allocator<char> > std::operator+<char, std::char_traits<char>, std::allocator<char> >(char, std::basic_string<char, std::char_traits<char>, std::allocator<char> > const&)",0,0x00434970,_Unwind_SjLj_Register,0x0042E5B0,1
5.0.21,string-inst.cc,"std::basic_string<char, std::char_traits<char>, std::allocator<char> > std::operator+<char, std::char_traits<char>, std::allocator<char> >(char, std::basic_string<char, std::char_traits<char>, std::allocator<char> > const&)",0,0x00434970,_Unwind_SjLj_Unregister,0x0042E690,1
5.0.21,string-inst.cc,"std::basic_string<char, std::char_traits<char>, std::allocator<char> > std::operator+<char, std::char_traits<char>, std::allocator<char> >(char, std::basic_string<char, std::char_traits<char>, std::allocator<char> > const&)",0,0x00434970,_Unwind_SjLj_Resume,0x0042EC70,1
5.0.21,string-inst.cc,"std::basic_string<char, std::char_traits<char>, std::allocator<char> > std::operator+<char, std::char_traits<char>, std::allocator<char> >(char, std::basic_string<char, std::char_traits<char>, std::allocator<char> > const&)",0,0x00434970,std::string::_Rep::_M_destroy(std::allocator<char,0x00430CF0,1
5.0.21,string-inst.cc,"std::basic_string<char, std::char_traits<char>, std::allocator<char> > std::operator+<char, std::char_traits<char>, std::allocator<char> >(char, std::basic_string<char, std::char_traits<char>, std::allocator<char> > const&)",0,0x00434970,std::string::append(std::string const&),0x004314A0,1
5.0.21,string-inst.cc,"std::basic_string<char, std::char_traits<char>, std::allocator<char> > std::operator+<char, std::char_traits<char>, std::allocator<char> >(char, std::basic_string<char, std::char_traits<char>, std::allocator<char> > const&)",0,0x00434970,std::string::reserve(unsigned int),0x00432B30,1
5.0.21,string-inst.cc,"std::basic_string<char, std::char_traits<char>, std::allocator<char> > std::operator+<char, std::char_traits<char>, std::allocator<char> >(char, std::basic_string<char, std::char_traits<char>, std::allocator<char> > const&)",0,0x00434970,"std::string::_M_mutate(unsigned int, unsigned int, unsigned int)",0x00432C70,1
5.0.21,string-inst.cc,std::string::operator+=(char),0,0x004339A0,std::__throw_length_error(char const*),0x0042C880,1
5.0.21,string-inst.cc,std::string::operator+=(char),0,0x004339A0,"std::string::_M_mutate(unsigned int, unsigned int, unsigned int)",0x00432C70,1
5.0.21,string-inst.cc,"std::string::resize(unsigned int, char)",0,0x00432080,std::__throw_length_error(char const*),0x0042C880,2
5.0.21,string-inst.cc,"std::string::resize(unsigned int, char)",0,0x00432080,memset,0x0042F4A0,1
5.0.21,string-inst.cc,"std::string::resize(unsigned int, char)",0,0x00432080,"std::string::_M_mutate(unsigned int, unsigned int, unsigned int)",0x00432C70,3
5.0.21,string-inst.cc,std::string::resize(unsigned int),0,0x00432060,"std::string::resize(unsigned int, char)",0x00432080,1
5.0.21,string-inst.cc,"std::string::insert(unsigned int, char const*)",0,0x00431C90,strlen,0x0042F3A0,1
5.0.21,string-inst.cc,"std::string::insert(unsigned int, char const*)",0,0x00431C90,"std::string::insert(unsigned int, char const*, unsigned int)",0x00431CD0,1
5.0.21,string-inst.cc,"std::string::insert(unsigned int, std::string const&)",0,0x00431E70,"std::string::insert(unsigned int, char const*, unsigned int)",0x00431CD0,1
5.0.21,string-inst.cc,std::string::clear(),0,0x00431270,"std::string::_M_mutate(unsigned int, unsigned int, unsigned int)",0x00432C70,1
5.0.21,string-inst.cc,std::string::at(unsigned int),0,0x00430C40,std::__throw_out_of_range(char const*),0x0042C6E0,1
5.0.21,string-inst.cc,std::string::at(unsigned int),0,0x00430C40,std::string::_M_leak_hard(),0x004307B0,1
5.0.21,string-inst.cc,std::string::operator[](unsigned int),0,0x00433920,std::string::_M_leak_hard(),0x004307B0,1
5.0.21,string-inst.cc,std::string::end(),0,0x00430CB0,std::string::_M_leak_hard(),0x004307B0,1
5.0.21,string-inst.cc,std::string::rbegin(),0,0x00432000,std::string::_M_leak_hard(),0x004307B0,1
5.0.21,string-inst.cc,std::string::begin(),0,0x00431240,std::string::_M_leak_hard(),0x004307B0,1
5.0.21,string-inst.cc,std::string::rend(),0,0x00431120,std::string::_M_leak_hard(),0x004307B0,1
5.0.21,string-inst.cc,"char* std::string::_S_construct<__gnu_cxx::__normal_iterator<char*, std::string> >(__gnu_cxx::__normal_iterator<char*, std::string>, __gnu_cxx::__normal_iterator<char*, std::string>, std::allocator<char> const&, std::forward_iterator_tag)",0,0x00430880,memcpy,0x0042F390,1
5.0.21,string-inst.cc,"char* std::string::_S_construct<__gnu_cxx::__normal_iterator<char*, std::string> >(__gnu_cxx::__normal_iterator<char*, std::string>, __gnu_cxx::__normal_iterator<char*, std::string>, std::allocator<char> const&, std::forward_iterator_tag)",0,0x00430880,"std::string::_Rep::_S_create(unsigned int, unsigned int, std::allocator<char",0x00430FE0,1
5.0.21,string-inst.cc,std::string::swap(std::string&),0,0x00431170,_Unwind_SjLj_Register,0x0042E5B0,1
5.0.21,string-inst.cc,std::string::swap(std::string&),0,0x00431170,_Unwind_SjLj_Unregister,0x0042E690,1
5.0.21,string-inst.cc,"std::basic_string<char, std::char_traits<char>, std::allocator<char> >::basic_string<__gnu_cxx::__normal_iterator<char*, std::string> >(__gnu_cxx::__normal_iterator<char*, std::string>, __gnu_cxx::__normal_iterator<char*, std::string>, std::allocator<char> const&)",0,0x00433670,"char* std::string::_S_construct<__gnu_cxx::__normal_iterator<char*, std::string",0x00430880,1
5.0.21,string-inst.cc,"char* std::string::_S_construct<char*>(char*, char*, std::allocator<char> const&, std::forward_iterator_tag)",0,0x00430980,std::__throw_logic_error(char const*),0x0042CD60,1
5.0.21,string-inst.cc,"char* std::string::_S_construct<char*>(char*, char*, std::allocator<char> const&, std::forward_iterator_tag)",0,0x00430980,memcpy,0x0042F390,1
5.0.21,string-inst.cc,"char* std::string::_S_construct<char*>(char*, char*, std::allocator<char> const&, std::forward_iterator_tag)",0,0x00430980,"std::string::_Rep::_S_create(unsigned int, unsigned int, std::allocator<char",0x00430FE0,1
5.0.21,string-inst.cc,"std::basic_string<char, std::char_traits<char>, std::allocator<char> >::basic_string<char*>(char*, char*, std::allocator<char> const&)",0,0x004332C0,char* std::string::_S_construct<char*,0x00430980,1
5.0.21,string-inst.cc,"std::basic_string<char, std::char_traits<char>, std::allocator<char> >::basic_string<char*>(char*, char*, std::allocator<char> const&)",1,0x004336D0,char* std::string::_S_construct<char*,0x00430980,1
5.0.21,string-inst.cc,"std::basic_string<char, std::char_traits<char>, std::allocator<char> >::basic_string(std::string const&, unsigned int, unsigned int, std::allocator<char> const&)",0,0x004331A0,std::__throw_out_of_range(char const*),0x0042C6E0,1
5.0.21,string-inst.cc,"std::basic_string<char, std::char_traits<char>, std::allocator<char> >::basic_string(std::string const&, unsigned int, unsigned int, std::allocator<char> const&)",0,0x004331A0,char* std::string::_S_construct<char*,0x00430980,1
5.0.21,string-inst.cc,"std::basic_string<char, std::char_traits<char>, std::allocator<char> >::basic_string(std::string const&, unsigned int, unsigned int, std::allocator<char> const&)",1,0x004335B0,std::__throw_out_of_range(char const*),0x0042C6E0,1
5.0.21,string-inst.cc,"std::basic_string<char, std::char_traits<char>, std::allocator<char> >::basic_string(std::string const&, unsigned int, unsigned int, std::allocator<char> const&)",1,0x004335B0,char* std::string::_S_construct<char*,0x00430980,1
5.0.21,string-inst.cc,"std::basic_string<char, std::char_traits<char>, std::allocator<char> >::basic_string(std::string const&, unsigned int, unsigned int)",0,0x004330B0,std::__throw_out_of_range(char const*),0x0042C6E0,1
5.0.21,string-inst.cc,"std::basic_string<char, std::char_traits<char>, std::allocator<char> >::basic_string(std::string const&, unsigned int, unsigned int)",0,0x004330B0,_Unwind_SjLj_Register,0x0042E5B0,1
5.0.21,string-inst.cc,"std::basic_string<char, std::char_traits<char>, std::allocator<char> >::basic_string(std::string const&, unsigned int, unsigned int)",0,0x004330B0,_Unwind_SjLj_Unregister,0x0042E690,1
5.0.21,string-inst.cc,"std::basic_string<char, std::char_traits<char>, std::allocator<char> >::basic_string(std::string const&, unsigned int, unsigned int)",0,0x004330B0,_Unwind_SjLj_Resume,0x0042EC70,1
5.0.21,string-inst.cc,"std::basic_string<char, std::char_traits<char>, std::allocator<char> >::basic_string(std::string const&, unsigned int, unsigned int)",0,0x004330B0,char* std::string::_S_construct<char*,0x00430980,1
5.0.21,string-inst.cc,"std::string::substr(unsigned int, unsigned int) const",0,0x00430320,std::__throw_out_of_range(char const*),0x0042C6E0,1
5.0.21,string-inst.cc,"std::string::substr(unsigned int, unsigned int) const",0,0x00430320,"std::basic_string<char, std::char_traits<char",0x004330B0,1
5.0.21,string-inst.cc,"std::basic_string<char, std::char_traits<char>, std::allocator<char> >::basic_string(std::string const&, unsigned int, unsigned int)",1,0x004334C0,std::__throw_out_of_range(char const*),0x0042C6E0,1
5.0.21,string-inst.cc,"std::basic_string<char, std::char_traits<char>, std::allocator<char> >::basic_string(std::string const&, unsigned int, unsigned int)",1,0x004334C0,_Unwind_SjLj_Register,0x0042E5B0,1
5.0.21,string-inst.cc,"std::basic_string<char, std::char_traits<char>, std::allocator<char> >::basic_string(std::string const&, unsigned int, unsigned int)",1,0x004334C0,_Unwind_SjLj_Unregister,0x0042E690,1
5.0.21,string-inst.cc,"std::basic_string<char, std::char_traits<char>, std::allocator<char> >::basic_string(std::string const&, unsigned int, unsigned int)",1,0x004334C0,_Unwind_SjLj_Resume,0x0042EC70,1
5.0.21,string-inst.cc,"std::basic_string<char, std::char_traits<char>, std::allocator<char> >::basic_string(std::string const&, unsigned int, unsigned int)",1,0x004334C0,char* std::string::_S_construct<char*,0x00430980,1
5.0.21,string-inst.cc,"char* std::string::_S_construct<char const*>(char const*, char const*, std::allocator<char> const&, std::forward_iterator_tag)",0,0x00430900,std::__throw_logic_error(char const*),0x0042CD60,1
5.0.21,string-inst.cc,"char* std::string::_S_construct<char const*>(char const*, char const*, std::allocator<char> const&, std::forward_iterator_tag)",0,0x00430900,memcpy,0x0042F390,1
5.0.21,string-inst.cc,"char* std::string::_S_construct<char const*>(char const*, char const*, std::allocator<char> const&, std::forward_iterator_tag)",0,0x00430900,"std::string::_Rep::_S_create(unsigned int, unsigned int, std::allocator<char",0x00430FE0,1
5.0.21,string-inst.cc,"std::basic_string<char, std::char_traits<char>, std::allocator<char> >::basic_string<char const*>(char const*, char const*, std::allocator<char> const&)",0,0x00433290,char* std::string::_S_construct<char const*,0x00430900,1
5.0.21,string-inst.cc,"std::basic_string<char, std::char_traits<char>, std::allocator<char> >::basic_string<char const*>(char const*, char const*, std::allocator<char> const&)",1,0x004336A0,char* std::string::_S_construct<char const*,0x00430900,1
5.0.21,string-inst.cc,"std::basic_string<char, std::char_traits<char>, std::allocator<char> >::basic_string(char const*, std::allocator<char> const&)",0,0x00432EE0,strlen,0x0042F3A0,1
5.0.21,string-inst.cc,"std::basic_string<char, std::char_traits<char>, std::allocator<char> >::basic_string(char const*, std::allocator<char> const&)",0,0x00432EE0,char* std::string::_S_construct<char const*,0x00430900,1
5.0.21,string-inst.cc,"std::basic_string<char, std::char_traits<char>, std::allocator<char> >::basic_string(char const*, std::allocator<char> const&)",1,0x004332F0,strlen,0x0042F3A0,1
5.0.21,string-inst.cc,"std::basic_string<char, std::char_traits<char>, std::allocator<char> >::basic_string(char const*, std::allocator<char> const&)",1,0x004332F0,char* std::string::_S_construct<char const*,0x00430900,1
5.0.21,string-inst.cc,"std::basic_string<char, std::char_traits<char>, std::allocator<char> >::basic_string(char const*, unsigned int, std::allocator<char> const&)",0,0x00432F30,char* std::string::_S_construct<char const*,0x00430900,1
5.0.21,string-inst.cc,"std::string::replace(__gnu_cxx::__normal_iterator<char*, std::string>, __gnu_cxx::__normal_iterator<char*, std::string>, __gnu_cxx::__normal_iterator<char const*, std::string>, __gnu_cxx::__normal_iterator<char const*, std::string>)",0,0x004321E0,"std::string::replace(unsigned int, unsigned int, char const*, unsigned int)",0x00432540,1
5.0.21,string-inst.cc,"std::string::replace(__gnu_cxx::__normal_iterator<char*, std::string>, __gnu_cxx::__normal_iterator<char*, std::string>, __gnu_cxx::__normal_iterator<char*, std::string>, __gnu_cxx::__normal_iterator<char*, std::string>)",0,0x004323C0,"std::string::replace(unsigned int, unsigned int, char const*, unsigned int)",0x00432540,1
5.0.21,string-inst.cc,"std::string::replace(__gnu_cxx::__normal_iterator<char*, std::string>, __gnu_cxx::__normal_iterator<char*, std::string>, char const*, char const*)",0,0x00432290,"std::string::replace(unsigned int, unsigned int, char const*, unsigned int)",0x00432540,1
5.0.21,string-inst.cc,"std::string::replace(__gnu_cxx::__normal_iterator<char*, std::string>, __gnu_cxx::__normal_iterator<char*, std::string>, char*, char*)",0,0x00432370,"std::string::replace(unsigned int, unsigned int, char const*, unsigned int)",0x00432540,1
5.0.21,string-inst.cc,"std::string::replace(__gnu_cxx::__normal_iterator<char*, std::string>, __gnu_cxx::__normal_iterator<char*, std::string>, char const*)",0,0x00432230,strlen,0x0042F3A0,1
5.0.21,string-inst.cc,"std::string::replace(__gnu_cxx::__normal_iterator<char*, std::string>, __gnu_cxx::__normal_iterator<char*, std::string>, char const*)",0,0x00432230,"std::string::replace(unsigned int, unsigned int, char const*, unsigned int)",0x00432540,1
5.0.21,string-inst.cc,"std::string::replace(__gnu_cxx::__normal_iterator<char*, std::string>, __gnu_cxx::__normal_iterator<char*, std::string>, std::string const&)",0,0x00432320,"std::string::replace(unsigned int, unsigned int, char const*, unsigned int)",0x00432540,1
5.0.21,string-inst.cc,"std::string::replace(unsigned int, unsigned int, char const*)",0,0x00432500,strlen,0x0042F3A0,1
5.0.21,string-inst.cc,"std::string::replace(unsigned int, unsigned int, char const*)",0,0x00432500,"std::string::replace(unsigned int, unsigned int, char const*, unsigned int)",0x00432540,1
5.0.21,string-inst.cc,"std::string::replace(unsigned int, unsigned int, std::string const&, unsigned int, unsigned int)",0,0x004329A0,std::__throw_out_of_range(char const*),0x0042C6E0,1
5.0.21,string-inst.cc,"std::string::replace(unsigned int, unsigned int, std::string const&)",0,0x00432960,"std::string::replace(unsigned int, unsigned int, char const*, unsigned int)",0x00432540,1
5.0.21,string-inst.cc,"std::basic_string<char, std::char_traits<char>, std::allocator<char> >::basic_string(char const*, unsigned int, std::allocator<char> const&)",1,0x00433340,char* std::string::_S_construct<char const*,0x00430900,1
5.0.21,string-inst.cc,std::string::_Rep::_M_destroy(std::allocator<char> const&),0,0x00430CF0,operator delete(void*),0x004296A0,1
5.0.21,string-inst.cc,std::string::_Rep::_M_refcopy(),0,0x00430D60,__cxa_call_unexpected,0x0042A140,1
5.0.21,string-inst.cc,std::string::_Rep::_M_refcopy(),0,0x00430D60,"__gnu_cxx::__atomic_add(int volatile*, int)",0x0042A2E0,1
5.0.21,string-inst.cc,std::string::_Rep::_M_refcopy(),0,0x00430D60,_Unwind_SjLj_Register,0x0042E5B0,1
5.0.21,string-inst.cc,std::string::_Rep::_M_refcopy(),0,0x00430D60,_Unwind_SjLj_Unregister,0x0042E690,1
5.0.21,string-inst.cc,std::string::_Rep::_M_refcopy(),0,0x00430D60,_Unwind_SjLj_Resume,0x0042EC70,1
5.0.21,string-inst.cc,"std::string::find_last_not_of(char const*, unsigned int, unsigned int) const",0,0x0042FD10,memchr,0x0042F4B0,2
5.0.21,string-inst.cc,"std::string::find_first_not_of(char const*, unsigned int, unsigned int) const",0,0x0042FE40,memchr,0x0042F4B0,1
5.0.21,string-inst.cc,"std::string::find_last_of(char const*, unsigned int, unsigned int) const",0,0x0042FB00,memchr,0x0042F4B0,2
5.0.21,string-inst.cc,"std::string::find_first_of(char const*, unsigned int, unsigned int) const",0,0x0042FC10,memchr,0x0042F4B0,1
5.0.21,string-inst.cc,"std::basic_string<char, std::char_traits<char>, std::allocator<char> >::basic_string<__gnu_cxx::__normal_iterator<char*, std::string> >(__gnu_cxx::__normal_iterator<char*, std::string>, __gnu_cxx::__normal_iterator<char*, std::string>, std::allocator<char> const&)",1,0x00433260,"char* std::string::_S_construct<__gnu_cxx::__normal_iterator<char*, std::string",0x00430880,1
5.0.21,string-inst.cc,"std::string::replace(__gnu_cxx::__normal_iterator<char*, std::string>, __gnu_cxx::__normal_iterator<char*, std::string>, char const*, unsigned int)",0,0x004322E0,"std::string::replace(unsigned int, unsigned int, char const*, unsigned int)",0x00432540,1
5.0.21,string-inst.cc,"std::string::replace(unsigned int, unsigned int, char const*, unsigned int)",0,0x00432540,"__gnu_cxx::__exchange_and_add(int volatile*, int)",0x0042A2D0,2
5.0.21,string-inst.cc,"std::string::replace(unsigned int, unsigned int, char const*, unsigned int)",0,0x00432540,std::__throw_out_of_range(char const*),0x0042C6E0,1
5.0.21,string-inst.cc,"std::string::replace(unsigned int, unsigned int, char const*, unsigned int)",0,0x00432540,std::__throw_length_error(char const*),0x0042C880,1
5.0.21,string-inst.cc,"std::string::replace(unsigned int, unsigned int, char const*, unsigned int)",0,0x00432540,_Unwind_SjLj_Register,0x0042E5B0,1
5.0.21,string-inst.cc,"std::string::replace(unsigned int, unsigned int, char const*, unsigned int)",0,0x00432540,_Unwind_SjLj_Unregister,0x0042E690,2
5.0.21,string-inst.cc,"std::string::replace(unsigned int, unsigned int, char const*, unsigned int)",0,0x00432540,_Unwind_SjLj_Resume,0x0042EC70,1
5.0.21,string-inst.cc,"std::string::replace(unsigned int, unsigned int, char const*, unsigned int)",0,0x00432540,memcpy,0x0042F390,3
5.0.21,string-inst.cc,"std::string::replace(unsigned int, unsigned int, char const*, unsigned int)",0,0x00432540,std::string::_Rep::_M_destroy(std::allocator<char,0x00430CF0,2
5.0.21,string-inst.cc,"std::string::replace(unsigned int, unsigned int, char const*, unsigned int)",0,0x00432540,"std::string::_M_mutate(unsigned int, unsigned int, unsigned int)",0x00432C70,3
5.0.21,string-inst.cc,"std::string::replace(unsigned int, unsigned int, char const*, unsigned int)",0,0x00432540,"std::basic_string<char, std::char_traits<char",0x00432F30,1
5.0.21,string-inst.cc,"std::string::insert(unsigned int, char const*, unsigned int)",0,0x00431CD0,std::__throw_out_of_range(char const*),0x0042C6E0,1
5.0.21,string-inst.cc,"std::string::insert(unsigned int, char const*, unsigned int)",0,0x00431CD0,std::__throw_length_error(char const*),0x0042C880,1
5.0.21,string-inst.cc,"std::string::insert(unsigned int, char const*, unsigned int)",0,0x00431CD0,memcpy,0x0042F390,5
5.0.21,string-inst.cc,"std::string::insert(unsigned int, char const*, unsigned int)",0,0x00431CD0,"std::string::_M_mutate(unsigned int, unsigned int, unsigned int)",0x00432C70,2
5.0.21,string-inst.cc,"std::string::insert(unsigned int, std::string const&, unsigned int, unsigned int)",0,0x00431EA0,std::__throw_out_of_range(char const*),0x0042C6E0,1
5.0.21,string-inst.cc,"std::string::replace(__gnu_cxx::__normal_iterator<char*, std::string>, __gnu_cxx::__normal_iterator<char*, std::string>, unsigned int, char)",0,0x00432410,std::__throw_length_error(char const*),0x0042C880,1
5.0.21,string-inst.cc,"std::string::replace(__gnu_cxx::__normal_iterator<char*, std::string>, __gnu_cxx::__normal_iterator<char*, std::string>, unsigned int, char)",0,0x00432410,memset,0x0042F4A0,1
5.0.21,string-inst.cc,"std::string::replace(__gnu_cxx::__normal_iterator<char*, std::string>, __gnu_cxx::__normal_iterator<char*, std::string>, unsigned int, char)",0,0x00432410,"std::string::_M_mutate(unsigned int, unsigned int, unsigned int)",0x00432C70,2
5.0.21,string-inst.cc,"std::string::assign(char const*, unsigned int)",0,0x00431770,std::__throw_length_error(char const*),0x0042C880,1
5.0.21,string-inst.cc,"std::string::assign(char const*, unsigned int)",0,0x00431770,memcpy,0x0042F390,2
5.0.21,string-inst.cc,"std::string::assign(char const*, unsigned int)",0,0x00431770,memmove,0x0042F490,1
5.0.21,string-inst.cc,"std::string::assign(char const*, unsigned int)",0,0x00431770,"std::string::_M_mutate(unsigned int, unsigned int, unsigned int)",0x00432C70,1
5.0.21,string-inst.cc,"std::string::_M_replace_aux(unsigned int, unsigned int, unsigned int, char)",0,0x00430AD0,std::__throw_length_error(char const*),0x0042C880,1
5.0.21,string-inst.cc,"std::string::_M_replace_aux(unsigned int, unsigned int, unsigned int, char)",0,0x00430AD0,memset,0x0042F4A0,1
5.0.21,string-inst.cc,"std::string::_M_replace_aux(unsigned int, unsigned int, unsigned int, char)",0,0x00430AD0,"std::string::_M_mutate(unsigned int, unsigned int, unsigned int)",0x00432C70,2
5.0.21,string-inst.cc,"std::string::_M_replace_safe(unsigned int, unsigned int, char const*, unsigned int)",0,0x00430BB0,memcpy,0x0042F390,1
5.0.21,string-inst.cc,"std::string::_M_replace_safe(unsigned int, unsigned int, char const*, unsigned int)",0,0x00430BB0,"std::string::_M_mutate(unsigned int, unsigned int, unsigned int)",0x00432C70,1
5.0.21,string-inst.cc,std::string::append(char const*),0,0x004313A0,strlen,0x0042F3A0,1
5.0.21,string-inst.cc,std::string::append(char const*),0,0x004313A0,"std::string::append(char const*, unsigned int)",0x004313D0,1
5.0.21,string-inst.cc,std::string::append(std::string const&),0,0x004314A0,memcpy,0x0042F390,1
5.0.21,string-inst.cc,std::string::append(std::string const&),0,0x004314A0,std::string::reserve(unsigned int),0x00432B30,1
5.0.21,string-inst.cc,std::string::append(std::string const&),0,0x004314A0,"std::string::_M_mutate(unsigned int, unsigned int, unsigned int)",0x00432C70,2
5.0.21,string-inst.cc,"std::string::_Rep::_M_clone(std::allocator<char> const&, unsigned int)",0,0x00430F60,memcpy,0x0042F390,1
5.0.21,string-inst.cc,"std::string::_Rep::_M_clone(std::allocator<char> const&, unsigned int)",0,0x00430F60,"std::string::_Rep::_S_create(unsigned int, unsigned int, std::allocator<char",0x00430FE0,1
5.0.21,string-inst.cc,"std::string::erase(unsigned int, unsigned int)",0,0x00431340,std::__throw_out_of_range(char const*),0x0042C6E0,1
5.0.21,string-inst.cc,"std::string::erase(unsigned int, unsigned int)",0,0x00431340,"std::string::_M_mutate(unsigned int, unsigned int, unsigned int)",0x00432C70,1
5.0.21,string-inst.cc,"std::string::append(unsigned int, char)",0,0x00431670,std::__throw_length_error(char const*),0x0042C880,1
5.0.21,string-inst.cc,"std::string::append(unsigned int, char)",0,0x00431670,memset,0x0042F4A0,1
5.0.21,string-inst.cc,"std::string::append(unsigned int, char)",0,0x00431670,"std::string::_M_mutate(unsigned int, unsigned int, unsigned int)",0x00432C70,2
5.0.21,string-inst.cc,"std::string::assign(unsigned int, char)",0,0x00431A70,std::__throw_length_error(char const*),0x0042C880,1
5.0.21,string-inst.cc,"std::string::assign(unsigned int, char)",0,0x00431A70,memset,0x0042F4A0,1
5.0.21,string-inst.cc,"std::string::assign(unsigned int, char)",0,0x00431A70,"std::string::_M_mutate(unsigned int, unsigned int, unsigned int)",0x00432C70,2
5.0.21,string-inst.cc,std::string::assign(char const*),0,0x00431740,strlen,0x0042F3A0,1
5.0.21,string-inst.cc,std::string::assign(char const*),0,0x00431740,"std::string::assign(char const*, unsigned int)",0x00431770,1
5.0.21,string-inst.cc,std::string::assign(std::string const&),0,0x00431880,__cxa_call_unexpected,0x0042A140,1
5.0.21,string-inst.cc,std::string::assign(std::string const&),0,0x00431880,"__gnu_cxx::__exchange_and_add(int volatile*, int)",0x0042A2D0,1
5.0.21,string-inst.cc,std::string::assign(std::string const&),0,0x00431880,"__gnu_cxx::__atomic_add(int volatile*, int)",0x0042A2E0,1
5.0.21,string-inst.cc,std::string::assign(std::string const&),0,0x00431880,_Unwind_SjLj_Register,0x0042E5B0,1
5.0.21,string-inst.cc,std::string::assign(std::string const&),0,0x00431880,_Unwind_SjLj_Unregister,0x0042E690,1
5.0.21,string-inst.cc,std::string::assign(std::string const&),0,0x00431880,_Unwind_SjLj_Resume,0x0042EC70,1
5.0.21,string-inst.cc,std::string::assign(std::string const&),0,0x00431880,std::string::_Rep::_M_destroy(std::allocator<char,0x00430CF0,1
5.0.21,string-inst.cc,std::string::assign(std::string const&),0,0x00431880,std::string::_Rep::_M_clone(std::allocator<char,0x00430F60,1
5.0.21,string-inst.cc,"std::string::_Rep::_M_grab(std::allocator<char> const&, std::allocator<char> const&)",0,0x00430E60,__cxa_call_unexpected,0x0042A140,1
5.0.21,string-inst.cc,"std::string::_Rep::_M_grab(std::allocator<char> const&, std::allocator<char> const&)",0,0x00430E60,"__gnu_cxx::__atomic_add(int volatile*, int)",0x0042A2E0,1
5.0.21,string-inst.cc,"std::string::_Rep::_M_grab(std::allocator<char> const&, std::allocator<char> const&)",0,0x00430E60,_Unwind_SjLj_Register,0x0042E5B0,1
5.0.21,string-inst.cc,"std::string::_Rep::_M_grab(std::allocator<char> const&, std::allocator<char> const&)",0,0x00430E60,_Unwind_SjLj_Unregister,0x0042E690,2
5.0.21,string-inst.cc,"std::string::_Rep::_M_grab(std::allocator<char> const&, std::allocator<char> const&)",0,0x00430E60,_Unwind_SjLj_Resume,0x0042EC70,1
5.0.21,string-inst.cc,"std::string::_Rep::_M_grab(std::allocator<char> const&, std::allocator<char> const&)",0,0x00430E60,std::string::_Rep::_M_clone(std::allocator<char,0x00430F60,1
5.0.21,string-inst.cc,"std::string::_S_construct(unsigned int, char, std::allocator<char> const&)",0,0x00430800,memset,0x0042F4A0,1
5.0.21,string-inst.cc,"std::string::_S_construct(unsigned int, char, std::allocator<char> const&)",0,0x00430800,"std::string::_Rep::_S_create(unsigned int, unsigned int, std::allocator<char",0x00430FE0,1
5.0.21,string-inst.cc,std::string::_Rep::_M_dispose(std::allocator<char> const&),0,0x00430D10,"__gnu_cxx::__exchange_and_add(int volatile*, int)",0x0042A2D0,1
5.0.21,string-inst.cc,"std::string::_Rep::_S_create(unsigned int, unsigned int, std::allocator<char> const&)",0,0x00430FE0,operator new(unsigned int),0x004296C0,1
5.0.21,string-inst.cc,"std::string::_Rep::_S_create(unsigned int, unsigned int, std::allocator<char> const&)",0,0x00430FE0,std::__throw_length_error(char const*),0x0042C880,1
5.0.21,string-inst.cc,"std::string::_Rep::_S_create(unsigned int, unsigned int, std::allocator<char> const&)",0,0x00430FE0,_Unwind_SjLj_Register,0x0042E5B0,1
5.0.21,string-inst.cc,"std::string::_Rep::_S_create(unsigned int, unsigned int, std::allocator<char> const&)",0,0x00430FE0,_Unwind_SjLj_Unregister,0x0042E690,1
5.0.21,string-inst.cc,"std::string::_Rep::_S_create(unsigned int, unsigned int, std::allocator<char> const&)",0,0x00430FE0,_Unwind_SjLj_Resume,0x0042EC70,1
5.0.21,string-inst.cc,"std::string::_S_copy_chars(char*, char const*, char const*)",0,0x00430A70,memcpy,0x0042F390,1
5.0.21,string-inst.cc,"std::string::_S_copy_chars(char*, char*, char*)",0,0x00430AA0,memcpy,0x0042F390,1
5.0.21,string-inst.cc,std::string::_M_leak_hard(),0,0x004307B0,"std::string::_M_mutate(unsigned int, unsigned int, unsigned int)",0x00432C70,1
5.0.21,eh_throw.cc,"__gxx_exception_cleanup(_Unwind_Reason_Code, _Unwind_Exception*)",0,0x0042A2F0,__cxxabiv1::__terminate(void (*)()),0x0042BA30,1
5.0.21,eh_throw.cc,__cxa_throw,0,0x0042A340,__cxa_begin_catch,0x0042A410,1
5.0.21,eh_throw.cc,__cxa_throw,0,0x0042A340,std::terminate(),0x0042BA90,1
5.0.21,eh_throw.cc,__cxa_throw,0,0x0042A340,__cxa_get_globals,0x0042BC60,1
5.0.21,eh_throw.cc,__cxa_throw,0,0x0042A340,_Unwind_SjLj_RaiseException,0x0042E890,1
5.0.21,eh_throw.cc,__cxa_rethrow,0,0x0042A3B0,__cxa_begin_catch,0x0042A410,1
5.0.21,eh_throw.cc,__cxa_rethrow,0,0x0042A3B0,std::terminate(),0x0042BA90,1
5.0.21,eh_throw.cc,__cxa_rethrow,0,0x0042A3B0,__cxa_get_globals,0x0042BC60,1
5.0.21,eh_throw.cc,__cxa_rethrow,0,0x0042A3B0,_Unwind_SjLj_Resume_or_Rethrow,0x0042EDD0,1
5.0.21,eh_catch.cc,__cxa_begin_catch,0,0x0042A410,__cxa_call_unexpected,0x0042A140,1
5.0.21,eh_catch.cc,__cxa_begin_catch,0,0x0042A410,std::terminate(),0x0042BA90,1
5.0.21,eh_catch.cc,__cxa_begin_catch,0,0x0042A410,__cxa_get_globals,0x0042BC60,1
5.0.21,eh_catch.cc,__cxa_begin_catch,0,0x0042A410,_Unwind_SjLj_Register,0x0042E5B0,1
5.0.21,eh_catch.cc,__cxa_begin_catch,0,0x0042A410,_Unwind_SjLj_Unregister,0x0042E690,2
5.0.21,eh_catch.cc,__cxa_begin_catch,0,0x0042A410,_Unwind_SjLj_Resume,0x0042EC70,1
5.0.21,eh_catch.cc,__cxa_end_catch,0,0x0042A520,std::terminate(),0x0042BA90,1
5.0.21,eh_catch.cc,__cxa_end_catch,0,0x0042A520,__cxa_get_globals_fast,0x0042BB90,1
5.0.21,eh_catch.cc,__cxa_end_catch,0,0x0042A520,_Unwind_DeleteException,0x0042EF00,1
5.0.21,eh_catch.cc,std::uncaught_exception(),0,0x0042A5B0,__cxa_get_globals,0x0042BC60,1
5.0.21,new_opv.cc,operator new[](unsigned int),0,0x0042A5E0,operator new(unsigned int),0x004296C0,1
5.0.21,new_opv.cc,operator new[](unsigned int),0,0x0042A5E0,__cxa_call_unexpected,0x0042A140,1
5.0.21,new_opv.cc,operator new[](unsigned int),0,0x0042A5E0,_Unwind_SjLj_Register,0x0042E5B0,1
5.0.21,new_opv.cc,operator new[](unsigned int),0,0x0042A5E0,_Unwind_SjLj_Unregister,0x0042E690,1
5.0.21,new_opv.cc,operator new[](unsigned int),0,0x0042A5E0,_Unwind_SjLj_Resume,0x0042EC70,1
5.0.21,tinfo.cc,std::bad_cast::~bad_cast(),0,0x0042A6E0,std::exception::~exception(),0x0042B970,1
5.0.21,tinfo.cc,std::bad_cast::~bad_cast(),1,0x0042A700,std::exception::~exception(),0x0042B970,1
5.0.21,tinfo.cc,std::bad_cast::~bad_cast(),2,0x0042A720,operator delete(void*),0x004296A0,1
5.0.21,tinfo.cc,std::bad_cast::~bad_cast(),2,0x0042A720,std::exception::~exception(),0x0042B970,1
5.0.21,tinfo.cc,std::bad_typeid::~bad_typeid(),0,0x0042A750,std::exception::~exception(),0x0042B970,1
5.0.21,tinfo.cc,std::bad_typeid::~bad_typeid(),1,0x0042A770,std::exception::~exception(),0x0042B970,1
5.0.21,tinfo.cc,std::bad_typeid::~bad_typeid(),2,0x0042A790,operator delete(void*),0x004296A0,1
5.0.21,tinfo.cc,std::bad_typeid::~bad_typeid(),2,0x0042A790,std::exception::~exception(),0x0042B970,1
5.0.21,tinfo.cc,"std::type_info::__do_catch(std::type_info const*, void**, unsigned int) const",0,0x0042A820,std::type_info::operator==(std::type_info const&) const,0x0042A7C0,1
5.0.21,tinfo.cc,__cxxabiv1::__class_type_info::~__class_type_info(),0,0x0042A850,std::type_info::~type_info(),0x0042A680,1
5.0.21,tinfo.cc,__cxxabiv1::__class_type_info::~__class_type_info(),1,0x0042A870,std::type_info::~type_info(),0x0042A680,1
5.0.21,tinfo.cc,__cxxabiv1::__si_class_type_info::~__si_class_type_info(),0,0x0042A8A0,__cxxabiv1::__class_type_info::~__class_type_info(),0x0042A690,1
5.0.21,tinfo.cc,__cxxabiv1::__si_class_type_info::~__si_class_type_info(),1,0x0042A8C0,__cxxabiv1::__class_type_info::~__class_type_info(),0x0042A690,1
5.0.21,tinfo.cc,__cxxabiv1::__si_class_type_info::~__si_class_type_info(),2,0x0042A8E0,__cxxabiv1::__class_type_info::~__class_type_info(),0x0042A690,1
5.0.21,tinfo.cc,__cxxabiv1::__vmi_class_type_info::~__vmi_class_type_info(),0,0x0042A910,__cxxabiv1::__class_type_info::~__class_type_info(),0x0042A690,1
5.0.21,tinfo.cc,__cxxabiv1::__vmi_class_type_info::~__vmi_class_type_info(),1,0x0042A930,__cxxabiv1::__class_type_info::~__class_type_info(),0x0042A690,1
5.0.21,tinfo.cc,__cxxabiv1::__vmi_class_type_info::~__vmi_class_type_info(),2,0x0042A950,__cxxabiv1::__class_type_info::~__class_type_info(),0x0042A690,1
5.0.21,tinfo.cc,"__cxxabiv1::__class_type_info::__do_catch(std::type_info const*, void**, unsigned int) const",0,0x0042A980,std::type_info::operator==(std::type_info const&) const,0x0042A7C0,1
5.0.21,tinfo.cc,"__cxxabiv1::__si_class_type_info::__do_find_public_src(int, void const*, __cxxabiv1::__class_type_info const*, void const*) const",0,0x0042AA80,std::type_info::operator==(std::type_info const&) const,0x0042A7C0,1
5.0.21,tinfo.cc,"__cxxabiv1::__vmi_class_type_info::__do_find_public_src(int, void const*, __cxxabiv1::__class_type_info const*, void const*) const",0,0x0042AB00,std::type_info::operator==(std::type_info const&) const,0x0042A7C0,1
5.0.21,tinfo.cc,"__cxxabiv1::__class_type_info::__do_dyncast(int, __cxxabiv1::__class_type_info::__sub_kind, __cxxabiv1::__class_type_info const*, void const*, __cxxabiv1::__class_type_info const*, void const*, __cxxabiv1::__class_type_info::__dyncast_result&) const",0,0x0042ABD0,std::type_info::operator==(std::type_info const&) const,0x0042A7C0,2
5.0.21,tinfo.cc,"__cxxabiv1::__si_class_type_info::__do_dyncast(int, __cxxabiv1::__class_type_info::__sub_kind, __cxxabiv1::__class_type_info const*, void const*, __cxxabiv1::__class_type_info const*, void const*, __cxxabiv1::__class_type_info::__dyncast_result&) const",0,0x0042AC40,std::type_info::operator==(std::type_info const&) const,0x0042A7C0,2
5.0.21,tinfo.cc,"__cxxabiv1::__vmi_class_type_info::__do_dyncast(int, __cxxabiv1::__class_type_info::__sub_kind, __cxxabiv1::__class_type_info const*, void const*, __cxxabiv1::__class_type_info const*, void const*, __cxxabiv1::__class_type_info::__dyncast_result&) const",0,0x0042AD30,std::type_info::operator==(std::type_info const&) const,0x0042A7C0,2
5.0.21,tinfo.cc,"__cxxabiv1::__si_class_type_info::__do_upcast(__cxxabiv1::__class_type_info const*, void const*, __cxxabiv1::__class_type_info::__upcast_result&) const",0,0x0042B270,"__cxxabiv1::__class_type_info::__do_upcast(__cxxabiv1::__class_type_info const*, void const*, __cxxabiv1::__class_type_info::__upcast_result&) const",0x0042B220,1
5.0.21,tinfo.cc,"__cxxabiv1::__vmi_class_type_info::__do_upcast(__cxxabiv1::__class_type_info const*, void const*, __cxxabiv1::__class_type_info::__upcast_result&) const",0,0x0042B2F0,std::type_info::operator==(std::type_info const&) const,0x0042A7C0,1
5.0.21,tinfo.cc,"__cxxabiv1::__vmi_class_type_info::__do_upcast(__cxxabiv1::__class_type_info const*, void const*, __cxxabiv1::__class_type_info::__upcast_result&) const",0,0x0042B2F0,"__cxxabiv1::__class_type_info::__do_upcast(__cxxabiv1::__class_type_info const*, void const*, __cxxabiv1::__class_type_info::__upcast_result&) const",0x0042B220,1
5.0.21,tinfo.cc,"__cxxabiv1::__class_type_info::__do_upcast(__cxxabiv1::__class_type_info const*, void const*, __cxxabiv1::__class_type_info::__upcast_result&) const",0,0x0042B220,std::type_info::operator==(std::type_info const&) const,0x0042A7C0,1
5.0.21,tinfo.cc,__cxxabiv1::__class_type_info::~__class_type_info(),2,0x0042A690,std::type_info::~type_info(),0x0042A680,1
5.0.21,tinfo.cc,std::type_info::operator==(std::type_info const&) const,0,0x0042A7C0,strcmp,0x0042F3D0,1
5.0.21,new_handler.cc,std::bad_alloc::~bad_alloc(),0,0x0042B650,std::exception::~exception(),0x0042B970,1
5.0.21,new_handler.cc,std::bad_alloc::~bad_alloc(),1,0x0042B670,std::exception::~exception(),0x0042B970,1
5.0.21,new_handler.cc,std::bad_alloc::~bad_alloc(),2,0x0042B690,operator delete(void*),0x004296A0,1
5.0.21,new_handler.cc,std::bad_alloc::~bad_alloc(),2,0x0042B690,std::exception::~exception(),0x0042B970,1
5.0.21,eh_alloc.cc,emergency_mutex_init(),0,0x0042B6C0,__gthr_win32_mutex_init_function,0x0042F1C0,1
5.0.21,eh_alloc.cc,__cxa_allocate_exception,0,0x0042B6E0,__cxa_call_unexpected,0x0042A140,1
5.0.21,eh_alloc.cc,__cxa_allocate_exception,0,0x0042B6E0,std::terminate(),0x0042BA90,1
5.0.21,eh_alloc.cc,__cxa_allocate_exception,0,0x0042B6E0,_Unwind_SjLj_Register,0x0042E5B0,1
5.0.21,eh_alloc.cc,__cxa_allocate_exception,0,0x0042B6E0,_Unwind_SjLj_Unregister,0x0042E690,1
5.0.21,eh_alloc.cc,__cxa_allocate_exception,0,0x0042B6E0,_Unwind_SjLj_Resume,0x0042EC70,1
5.0.21,eh_alloc.cc,__cxa_allocate_exception,0,0x0042B6E0,__gthr_win32_once,0x0042F050,1
5.0.21,eh_alloc.cc,__cxa_allocate_exception,0,0x0042B6E0,__gthr_win32_mutex_lock,0x0042F200,1
5.0.21,eh_alloc.cc,__cxa_allocate_exception,0,0x0042B6E0,__gthr_win32_mutex_unlock,0x0042F260,1
5.0.21,eh_alloc.cc,__cxa_allocate_exception,0,0x0042B6E0,malloc,0x0042F470,1
5.0.21,eh_alloc.cc,__cxa_allocate_exception,0,0x0042B6E0,memset,0x0042F4A0,1
5.0.21,eh_alloc.cc,__cxa_free_exception,0,0x0042B870,__cxa_call_unexpected,0x0042A140,1
5.0.21,eh_alloc.cc,__cxa_free_exception,0,0x0042B870,_Unwind_SjLj_Register,0x0042E5B0,1
5.0.21,eh_alloc.cc,__cxa_free_exception,0,0x0042B870,_Unwind_SjLj_Unregister,0x0042E690,1
5.0.21,eh_alloc.cc,__cxa_free_exception,0,0x0042B870,_Unwind_SjLj_Resume,0x0042EC70,1
5.0.21,eh_alloc.cc,__cxa_free_exception,0,0x0042B870,__gthr_win32_mutex_lock,0x0042F200,1
5.0.21,eh_alloc.cc,__cxa_free_exception,0,0x0042B870,__gthr_win32_mutex_unlock,0x0042F260,1
5.0.21,eh_alloc.cc,__cxa_free_exception,0,0x0042B870,free,0x0042F460,1
5.0.21,eh_exception.cc,std::exception::~exception(),1,0x0042B990,operator delete(void*),0x004296A0,1
5.0.21,eh_exception.cc,std::bad_exception::~bad_exception(),0,0x0042B9B0,std::exception::~exception(),0x0042B970,1
5.0.21,eh_exception.cc,std::bad_exception::~bad_exception(),1,0x0042B9D0,std::exception::~exception(),0x0042B970,1
5.0.21,eh_exception.cc,std::bad_exception::~bad_exception(),2,0x0042B9F0,operator delete(void*),0x004296A0,1
5.0.21,eh_exception.cc,std::bad_exception::~bad_exception(),2,0x0042B9F0,std::exception::~exception(),0x0042B970,1
5.0.21,eh_terminate.cc,__cxxabiv1::__terminate(void (*)()),0,0x0042BA30,__cxa_begin_catch,0x0042A410,1
5.0.21,eh_terminate.cc,__cxxabiv1::__terminate(void (*)()),0,0x0042BA30,_Unwind_SjLj_Register,0x0042E5B0,1
5.0.21,eh_terminate.cc,__cxxabiv1::__terminate(void (*)()),0,0x0042BA30,abort,0x0042F480,2
5.0.21,eh_terminate.cc,std::terminate(),0,0x0042BA90,__cxxabiv1::__terminate(void (*)()),0x0042BA30,1
5.0.21,eh_terminate.cc,__cxxabiv1::__unexpected(void (*)()),0,0x0042BAB0,std::terminate(),0x0042BA90,1
5.0.21,eh_terminate.cc,std::unexpected(),0,0x0042BAC0,__cxxabiv1::__unexpected(void (*)()),0x0042BAB0,1
5.0.21,eh_globals.cc,get_globals_init(),0,0x0042BB40,__mingwthr_key_dtor,0x0042E090,1
5.0.21,eh_globals.cc,__cxa_get_globals_fast,0,0x0042BB90,__cxa_call_unexpected,0x0042A140,1
5.0.21,eh_globals.cc,__cxa_get_globals_fast,0,0x0042BB90,_Unwind_SjLj_Register,0x0042E5B0,1
5.0.21,eh_globals.cc,__cxa_get_globals_fast,0,0x0042BB90,_Unwind_SjLj_Unregister,0x0042E690,1
5.0.21,eh_globals.cc,__cxa_get_globals_fast,0,0x0042BB90,_Unwind_SjLj_Resume,0x0042EC70,1
5.0.21,eh_globals.cc,__cxa_get_globals,0,0x0042BC60,__cxa_call_unexpected,0x0042A140,1
5.0.21,eh_globals.cc,__cxa_get_globals,0,0x0042BC60,std::terminate(),0x0042BA90,1
5.0.21,eh_globals.cc,__cxa_get_globals,0,0x0042BC60,get_globals_init(),0x0042BB40,1
5.0.21,eh_globals.cc,__cxa_get_globals,0,0x0042BC60,_Unwind_SjLj_Register,0x0042E5B0,1
5.0.21,eh_globals.cc,__cxa_get_globals,0,0x0042BC60,_Unwind_SjLj_Unregister,0x0042E690,1
5.0.21,eh_globals.cc,__cxa_get_globals,0,0x0042BC60,_Unwind_SjLj_Resume,0x0042EC70,1
5.0.21,eh_globals.cc,__cxa_get_globals,0,0x0042BC60,malloc,0x0042F470,1
5.0.21,eh_globals.cc,__cxa_get_globals,0,0x0042BC60,InterlockedIncrement@4,0x0042F990,1
5.0.21,functexcept.cc,std::__throw_bad_exception(),0,0x0042BE60,__cxa_throw,0x0042A340,1
5.0.21,functexcept.cc,std::__throw_bad_exception(),0,0x0042BE60,__cxa_allocate_exception,0x0042B6E0,1
5.0.21,functexcept.cc,std::__throw_bad_alloc(),0,0x0042BEA0,__cxa_throw,0x0042A340,1
5.0.21,functexcept.cc,std::__throw_bad_alloc(),0,0x0042BEA0,__cxa_allocate_exception,0x0042B6E0,1
5.0.21,functexcept.cc,std::__throw_bad_cast(),0,0x0042BEE0,__cxa_throw,0x0042A340,1
5.0.21,functexcept.cc,std::__throw_bad_cast(),0,0x0042BEE0,__cxa_allocate_exception,0x0042B6E0,1
5.0.21,functexcept.cc,std::__throw_bad_typeid(),0,0x0042BF20,__cxa_throw,0x0042A340,1
5.0.21,functexcept.cc,std::__throw_bad_typeid(),0,0x0042BF20,__cxa_allocate_exception,0x0042B6E0,1
5.0.21,functexcept.cc,std::domain_error::~domain_error(),0,0x00433A60,operator delete(void*),0x004296A0,1
5.0.21,functexcept.cc,std::domain_error::~domain_error(),0,0x00433A60,std::logic_error::~logic_error(),0x0042D6A0,1
5.0.21,functexcept.cc,std::invalid_argument::~invalid_argument(),0,0x00433BF0,operator delete(void*),0x004296A0,1
5.0.21,functexcept.cc,std::invalid_argument::~invalid_argument(),0,0x00433BF0,std::logic_error::~logic_error(),0x0042D6A0,1
5.0.21,functexcept.cc,std::length_error::~length_error(),0,0x00433AB0,operator delete(void*),0x004296A0,1
5.0.21,functexcept.cc,std::length_error::~length_error(),0,0x00433AB0,std::logic_error::~logic_error(),0x0042D6A0,1
5.0.21,functexcept.cc,std::out_of_range::~out_of_range(),0,0x00433B00,operator delete(void*),0x004296A0,1
5.0.21,functexcept.cc,std::out_of_range::~out_of_range(),0,0x00433B00,std::logic_error::~logic_error(),0x0042D6A0,1
5.0.21,functexcept.cc,std::range_error::~range_error(),0,0x00433A10,operator delete(void*),0x004296A0,1
5.0.21,functexcept.cc,std::range_error::~range_error(),0,0x00433A10,std::runtime_error::~runtime_error(),0x0042D120,1
5.0.21,functexcept.cc,std::overflow_error::~overflow_error(),0,0x00433B50,operator delete(void*),0x004296A0,1
5.0.21,functexcept.cc,std::overflow_error::~overflow_error(),0,0x00433B50,std::runtime_error::~runtime_error(),0x0042D120,1
5.0.21,functexcept.cc,std::underflow_error::~underflow_error(),0,0x00433BA0,operator delete(void*),0x004296A0,1
5.0.21,functexcept.cc,std::underflow_error::~underflow_error(),0,0x00433BA0,std::runtime_error::~runtime_error(),0x0042D120,1
5.0.21,functexcept.cc,std::__throw_ios_failure(char const*),0,0x0042BF60,"__gnu_cxx::__exchange_and_add(int volatile*, int)",0x0042A2D0,1
5.0.21,functexcept.cc,std::__throw_ios_failure(char const*),0,0x0042BF60,__cxa_throw,0x0042A340,1
5.0.21,functexcept.cc,std::__throw_ios_failure(char const*),0,0x0042BF60,__cxa_allocate_exception,0x0042B6E0,1
5.0.21,functexcept.cc,std::__throw_ios_failure(char const*),0,0x0042BF60,std::ios_base::failure::failure(std::string const&),0x0042DD90,1
5.0.21,functexcept.cc,std::__throw_ios_failure(char const*),0,0x0042BF60,_Unwind_SjLj_Register,0x0042E5B0,1
5.0.21,functexcept.cc,std::__throw_ios_failure(char const*),0,0x0042BF60,_Unwind_SjLj_Resume,0x0042EC70,1
5.0.21,functexcept.cc,std::__throw_ios_failure(char const*),0,0x0042BF60,std::string::_Rep::_M_destroy(std::allocator<char,0x00430CF0,1
5.0.21,functexcept.cc,std::__throw_ios_failure(char const*),0,0x0042BF60,"std::basic_string<char, std::char_traits<char",0x00432EE0,1
5.0.21,functexcept.cc,std::__throw_underflow_error(char const*),0,0x0042C060,"__gnu_cxx::__exchange_and_add(int volatile*, int)",0x0042A2D0,2
5.0.21,functexcept.cc,std::__throw_underflow_error(char const*),0,0x0042C060,__cxa_throw,0x0042A340,1
5.0.21,functexcept.cc,std::__throw_underflow_error(char const*),0,0x0042C060,__cxa_allocate_exception,0x0042B6E0,1
5.0.21,functexcept.cc,std::__throw_underflow_error(char const*),0,0x0042C060,__cxa_free_exception,0x0042B870,1
5.0.21,functexcept.cc,std::__throw_underflow_error(char const*),0,0x0042C060,std::underflow_error::underflow_error(std::string const&),0x0042D380,1
5.0.21,functexcept.cc,std::__throw_underflow_error(char const*),0,0x0042C060,_Unwind_SjLj_Register,0x0042E5B0,1
5.0.21,functexcept.cc,std::__throw_underflow_error(char const*),0,0x0042C060,_Unwind_SjLj_Resume,0x0042EC70,1
5.0.21,functexcept.cc,std::__throw_underflow_error(char const*),0,0x0042C060,std::string::_Rep::_M_destroy(std::allocator<char,0x00430CF0,2
5.0.21,functexcept.cc,std::__throw_underflow_error(char const*),0,0x0042C060,"std::basic_string<char, std::char_traits<char",0x00432EE0,1
5.0.21,functexcept.cc,std::__throw_overflow_error(char const*),0,0x0042C200,"__gnu_cxx::__exchange_and_add(int volatile*, int)",0x0042A2D0,2
5.0.21,functexcept.cc,std::__throw_overflow_error(char const*),0,0x0042C200,__cxa_throw,0x0042A340,1
5.0.21,functexcept.cc,std::__throw_overflow_error(char const*),0,0x0042C200,__cxa_allocate_exception,0x0042B6E0,1
5.0.21,functexcept.cc,std::__throw_overflow_error(char const*),0,0x0042C200,__cxa_free_exception,0x0042B870,1
5.0.21,functexcept.cc,std::__throw_overflow_error(char const*),0,0x0042C200,std::overflow_error::overflow_error(std::string const&),0x0042D3E0,1
5.0.21,functexcept.cc,std::__throw_overflow_error(char const*),0,0x0042C200,_Unwind_SjLj_Register,0x0042E5B0,1
5.0.21,functexcept.cc,std::__throw_overflow_error(char const*),0,0x0042C200,_Unwind_SjLj_Resume,0x0042EC70,1
5.0.21,functexcept.cc,std::__throw_overflow_error(char const*),0,0x0042C200,std::string::_Rep::_M_destroy(std::allocator<char,0x00430CF0,2
5.0.21,functexcept.cc,std::__throw_overflow_error(char const*),0,0x0042C200,"std::basic_string<char, std::char_traits<char",0x00432EE0,1
5.0.21,functexcept.cc,std::__throw_range_error(char const*),0,0x0042C3A0,"__gnu_cxx::__exchange_and_add(int volatile*, int)",0x0042A2D0,2
5.0.21,functexcept.cc,std::__throw_range_error(char const*),0,0x0042C3A0,__cxa_throw,0x0042A340,1
5.0.21,functexcept.cc,std::__throw_range_error(char const*),0,0x0042C3A0,__cxa_allocate_exception,0x0042B6E0,1
5.0.21,functexcept.cc,std::__throw_range_error(char const*),0,0x0042C3A0,__cxa_free_exception,0x0042B870,1
5.0.21,functexcept.cc,std::__throw_range_error(char const*),0,0x0042C3A0,std::range_error::range_error(std::string const&),0x0042D440,1
5.0.21,functexcept.cc,std::__throw_range_error(char const*),0,0x0042C3A0,_Unwind_SjLj_Register,0x0042E5B0,1
5.0.21,functexcept.cc,std::__throw_range_error(char const*),0,0x0042C3A0,_Unwind_SjLj_Resume,0x0042EC70,1
5.0.21,functexcept.cc,std::__throw_range_error(char const*),0,0x0042C3A0,std::string::_Rep::_M_destroy(std::allocator<char,0x00430CF0,2
5.0.21,functexcept.cc,std::__throw_range_error(char const*),0,0x0042C3A0,"std::basic_string<char, std::char_traits<char",0x00432EE0,1
5.0.21,functexcept.cc,std::__throw_runtime_error(char const*),0,0x0042C540,"__gnu_cxx::__exchange_and_add(int volatile*, int)",0x0042A2D0,2
5.0.21,functexcept.cc,std::__throw_runtime_error(char const*),0,0x0042C540,__cxa_throw,0x0042A340,1
5.0.21,functexcept.cc,std::__throw_runtime_error(char const*),0,0x0042C540,__cxa_allocate_exception,0x0042B6E0,1
5.0.21,functexcept.cc,std::__throw_runtime_error(char const*),0,0x0042C540,__cxa_free_exception,0x0042B870,1
5.0.21,functexcept.cc,std::__throw_runtime_error(char const*),0,0x0042C540,std::runtime_error::runtime_error(std::string const&),0x0042D220,1
5.0.21,functexcept.cc,std::__throw_runtime_error(char const*),0,0x0042C540,_Unwind_SjLj_Register,0x0042E5B0,1
5.0.21,functexcept.cc,std::__throw_runtime_error(char const*),0,0x0042C540,_Unwind_SjLj_Resume,0x0042EC70,1
5.0.21,functexcept.cc,std::__throw_runtime_error(char const*),0,0x0042C540,std::string::_Rep::_M_destroy(std::allocator<char,0x00430CF0,2
5.0.21,functexcept.cc,std::__throw_runtime_error(char const*),0,0x0042C540,"std::basic_string<char, std::char_traits<char",0x00432EE0,1
5.0.21,functexcept.cc,std::__throw_out_of_range(char const*),0,0x0042C6E0,"__gnu_cxx::__exchange_and_add(int volatile*, int)",0x0042A2D0,2
5.0.21,functexcept.cc,std::__throw_out_of_range(char const*),0,0x0042C6E0,__cxa_throw,0x0042A340,1
5.0.21,functexcept.cc,std::__throw_out_of_range(char const*),0,0x0042C6E0,__cxa_allocate_exception,0x0042B6E0,1
5.0.21,functexcept.cc,std::__throw_out_of_range(char const*),0,0x0042C6E0,__cxa_free_exception,0x0042B870,1
5.0.21,functexcept.cc,std::__throw_out_of_range(char const*),0,0x0042C6E0,std::out_of_range::out_of_range(std::string const&),0x0042D900,1
5.0.21,functexcept.cc,std::__throw_out_of_range(char const*),0,0x0042C6E0,_Unwind_SjLj_Register,0x0042E5B0,1
5.0.21,functexcept.cc,std::__throw_out_of_range(char const*),0,0x0042C6E0,_Unwind_SjLj_Resume,0x0042EC70,1
5.0.21,functexcept.cc,std::__throw_out_of_range(char const*),0,0x0042C6E0,std::string::_Rep::_M_destroy(std::allocator<char,0x00430CF0,2
5.0.21,functexcept.cc,std::__throw_out_of_range(char const*),0,0x0042C6E0,"std::basic_string<char, std::char_traits<char",0x00432EE0,1
5.0.21,functexcept.cc,std::__throw_length_error(char const*),0,0x0042C880,"__gnu_cxx::__exchange_and_add(int volatile*, int)",0x0042A2D0,2
5.0.21,functexcept.cc,std::__throw_length_error(char const*),0,0x0042C880,__cxa_throw,0x0042A340,1
5.0.21,functexcept.cc,std::__throw_length_error(char const*),0,0x0042C880,__cxa_allocate_exception,0x0042B6E0,1
5.0.21,functexcept.cc,std::__throw_length_error(char const*),0,0x0042C880,__cxa_free_exception,0x0042B870,1
5.0.21,functexcept.cc,std::__throw_length_error(char const*),0,0x0042C880,std::length_error::length_error(std::string const&),0x0042D960,1
5.0.21,functexcept.cc,std::__throw_length_error(char const*),0,0x0042C880,_Unwind_SjLj_Register,0x0042E5B0,1
5.0.21,functexcept.cc,std::__throw_length_error(char const*),0,0x0042C880,_Unwind_SjLj_Resume,0x0042EC70,1
5.0.21,functexcept.cc,std::__throw_length_error(char const*),0,0x0042C880,std::string::_Rep::_M_destroy(std::allocator<char,0x00430CF0,2
5.0.21,functexcept.cc,std::__throw_length_error(char const*),0,0x0042C880,"std::basic_string<char, std::char_traits<char",0x00432EE0,1
5.0.21,functexcept.cc,std::__throw_invalid_argument(char const*),0,0x0042CA20,"__gnu_cxx::__exchange_and_add(int volatile*, int)",0x0042A2D0,2
5.0.21,functexcept.cc,std::__throw_invalid_argument(char const*),0,0x0042CA20,__cxa_throw,0x0042A340,1
5.0.21,functexcept.cc,std::__throw_invalid_argument(char const*),0,0x0042CA20,__cxa_allocate_exception,0x0042B6E0,1
5.0.21,functexcept.cc,std::__throw_invalid_argument(char const*),0,0x0042CA20,__cxa_free_exception,0x0042B870,1
5.0.21,functexcept.cc,std::__throw_invalid_argument(char const*),0,0x0042CA20,std::invalid_argument::invalid_argument(std::string const&),0x0042D9C0,1
5.0.21,functexcept.cc,std::__throw_invalid_argument(char const*),0,0x0042CA20,_Unwind_SjLj_Register,0x0042E5B0,1
5.0.21,functexcept.cc,std::__throw_invalid_argument(char const*),0,0x0042CA20,_Unwind_SjLj_Resume,0x0042EC70,1
5.0.21,functexcept.cc,std::__throw_invalid_argument(char const*),0,0x0042CA20,std::string::_Rep::_M_destroy(std::allocator<char,0x00430CF0,2
5.0.21,functexcept.cc,std::__throw_invalid_argument(char const*),0,0x0042CA20,"std::basic_string<char, std::char_traits<char",0x00432EE0,1
5.0.21,functexcept.cc,std::__throw_domain_error(char const*),0,0x0042CBC0,"__gnu_cxx::__exchange_and_add(int volatile*, int)",0x0042A2D0,2
5.0.21,functexcept.cc,std::__throw_domain_error(char const*),0,0x0042CBC0,__cxa_throw,0x0042A340,1
5.0.21,functexcept.cc,std::__throw_domain_error(char const*),0,0x0042CBC0,__cxa_allocate_exception,0x0042B6E0,1
5.0.21,functexcept.cc,std::__throw_domain_error(char const*),0,0x0042CBC0,__cxa_free_exception,0x0042B870,1
5.0.21,functexcept.cc,std::__throw_domain_error(char const*),0,0x0042CBC0,std::domain_error::domain_error(std::string const&),0x0042DA20,1
5.0.21,functexcept.cc,std::__throw_domain_error(char const*),0,0x0042CBC0,_Unwind_SjLj_Register,0x0042E5B0,1
5.0.21,functexcept.cc,std::__throw_domain_error(char const*),0,0x0042CBC0,_Unwind_SjLj_Resume,0x0042EC70,1
5.0.21,functexcept.cc,std::__throw_domain_error(char const*),0,0x0042CBC0,std::string::_Rep::_M_destroy(std::allocator<char,0x00430CF0,2
5.0.21,functexcept.cc,std::__throw_domain_error(char const*),0,0x0042CBC0,"std::basic_string<char, std::char_traits<char",0x00432EE0,1
5.0.21,functexcept.cc,std::__throw_logic_error(char const*),0,0x0042CD60,"__gnu_cxx::__exchange_and_add(int volatile*, int)",0x0042A2D0,2
5.0.21,functexcept.cc,std::__throw_logic_error(char const*),0,0x0042CD60,__cxa_throw,0x0042A340,1
5.0.21,functexcept.cc,std::__throw_logic_error(char const*),0,0x0042CD60,__cxa_allocate_exception,0x0042B6E0,1
5.0.21,functexcept.cc,std::__throw_logic_error(char const*),0,0x0042CD60,__cxa_free_exception,0x0042B870,1
5.0.21,functexcept.cc,std::__throw_logic_error(char const*),0,0x0042CD60,std::logic_error::logic_error(std::string const&),0x0042D7A0,1
5.0.21,functexcept.cc,std::__throw_logic_error(char const*),0,0x0042CD60,_Unwind_SjLj_Register,0x0042E5B0,1
5.0.21,functexcept.cc,std::__throw_logic_error(char const*),0,0x0042CD60,_Unwind_SjLj_Resume,0x0042EC70,1
5.0.21,functexcept.cc,std::__throw_logic_error(char const*),0,0x0042CD60,std::string::_Rep::_M_destroy(std::allocator<char,0x00430CF0,2
5.0.21,functexcept.cc,std::__throw_logic_error(char const*),0,0x0042CD60,"std::basic_string<char, std::char_traits<char",0x00432EE0,1
5.0.21,functexcept.cc,std::underflow_error::~underflow_error(),1,0x00433BD0,std::runtime_error::~runtime_error(),0x0042D120,1
5.0.21,functexcept.cc,std::overflow_error::~overflow_error(),1,0x00433B80,std::runtime_error::~runtime_error(),0x0042D120,1
5.0.21,functexcept.cc,std::range_error::~range_error(),1,0x00433A40,std::runtime_error::~runtime_error(),0x0042D120,1
5.0.21,functexcept.cc,std::out_of_range::~out_of_range(),1,0x00433B30,std::logic_error::~logic_error(),0x0042D6A0,1
5.0.21,functexcept.cc,std::length_error::~length_error(),1,0x00433AE0,std::logic_error::~logic_error(),0x0042D6A0,1
5.0.21,functexcept.cc,std::invalid_argument::~invalid_argument(),1,0x00433C20,std::logic_error::~logic_error(),0x0042D6A0,1
5.0.21,functexcept.cc,std::domain_error::~domain_error(),1,0x00433A90,std::logic_error::~logic_error(),0x0042D6A0,1
5.0.21,stdexcept.cc,std::runtime_error::~runtime_error(),0,0x0042CF20,operator delete(void*),0x004296A0,1
5.0.21,stdexcept.cc,std::runtime_error::~runtime_error(),0,0x0042CF20,__cxa_call_unexpected,0x0042A140,1
5.0.21,stdexcept.cc,std::runtime_error::~runtime_error(),0,0x0042CF20,"__gnu_cxx::__exchange_and_add(int volatile*, int)",0x0042A2D0,1
5.0.21,stdexcept.cc,std::runtime_error::~runtime_error(),0,0x0042CF20,std::exception::~exception(),0x0042B970,2
5.0.21,stdexcept.cc,std::runtime_error::~runtime_error(),0,0x0042CF20,_Unwind_SjLj_Register,0x0042E5B0,1
5.0.21,stdexcept.cc,std::runtime_error::~runtime_error(),0,0x0042CF20,_Unwind_SjLj_Unregister,0x0042E690,1
5.0.21,stdexcept.cc,std::runtime_error::~runtime_error(),0,0x0042CF20,_Unwind_SjLj_Resume,0x0042EC70,1
5.0.21,stdexcept.cc,std::runtime_error::~runtime_error(),0,0x0042CF20,std::string::_Rep::_M_destroy(std::allocator<char,0x00430CF0,1
5.0.21,stdexcept.cc,std::runtime_error::~runtime_error(),1,0x0042D020,__cxa_call_unexpected,0x0042A140,1
5.0.21,stdexcept.cc,std::runtime_error::~runtime_error(),1,0x0042D020,"__gnu_cxx::__exchange_and_add(int volatile*, int)",0x0042A2D0,1
5.0.21,stdexcept.cc,std::runtime_error::~runtime_error(),1,0x0042D020,std::exception::~exception(),0x0042B970,2
5.0.21,stdexcept.cc,std::runtime_error::~runtime_error(),1,0x0042D020,_Unwind_SjLj_Register,0x0042E5B0,1
5.0.21,stdexcept.cc,std::runtime_error::~runtime_error(),1,0x0042D020,_Unwind_SjLj_Unregister,0x0042E690,1
5.0.21,stdexcept.cc,std::runtime_error::~runtime_error(),1,0x0042D020,_Unwind_SjLj_Resume,0x0042EC70,1
5.0.21,stdexcept.cc,std::runtime_error::~runtime_error(),1,0x0042D020,std::string::_Rep::_M_destroy(std::allocator<char,0x00430CF0,1
5.0.21,stdexcept.cc,std::runtime_error::~runtime_error(),2,0x0042D120,__cxa_call_unexpected,0x0042A140,1
5.0.21,stdexcept.cc,std::runtime_error::~runtime_error(),2,0x0042D120,"__gnu_cxx::__exchange_and_add(int volatile*, int)",0x0042A2D0,1
5.0.21,stdexcept.cc,std::runtime_error::~runtime_error(),2,0x0042D120,std::exception::~exception(),0x0042B970,2
5.0.21,stdexcept.cc,std::runtime_error::~runtime_error(),2,0x0042D120,_Unwind_SjLj_Register,0x0042E5B0,1
5.0.21,stdexcept.cc,std::runtime_error::~runtime_error(),2,0x0042D120,_Unwind_SjLj_Unregister,0x0042E690,1
5.0.21,stdexcept.cc,std::runtime_error::~runtime_error(),2,0x0042D120,_Unwind_SjLj_Resume,0x0042EC70,1
5.0.21,stdexcept.cc,std::runtime_error::~runtime_error(),2,0x0042D120,std::string::_Rep::_M_destroy(std::allocator<char,0x00430CF0,1
5.0.21,stdexcept.cc,std::runtime_error::runtime_error(std::string const&),0,0x0042D220,std::exception::~exception(),0x0042B970,1
5.0.21,stdexcept.cc,std::runtime_error::runtime_error(std::string const&),0,0x0042D220,_Unwind_SjLj_Register,0x0042E5B0,1
5.0.21,stdexcept.cc,std::runtime_error::runtime_error(std::string const&),0,0x0042D220,_Unwind_SjLj_Unregister,0x0042E690,1
5.0.21,stdexcept.cc,std::runtime_error::runtime_error(std::string const&),0,0x0042D220,_Unwind_SjLj_Resume,0x0042EC70,1
5.0.21,stdexcept.cc,std::runtime_error::runtime_error(std::string const&),0,0x0042D220,"std::basic_string<char, std::char_traits<char",0x00432F90,1
5.0.21,stdexcept.cc,std::runtime_error::runtime_error(std::string const&),1,0x0042D2D0,std::exception::~exception(),0x0042B970,1
5.0.21,stdexcept.cc,std::runtime_error::runtime_error(std::string const&),1,0x0042D2D0,_Unwind_SjLj_Register,0x0042E5B0,1
5.0.21,stdexcept.cc,std::runtime_error::runtime_error(std::string const&),1,0x0042D2D0,_Unwind_SjLj_Unregister,0x0042E690,1
5.0.21,stdexcept.cc,std::runtime_error::runtime_error(std::string const&),1,0x0042D2D0,_Unwind_SjLj_Resume,0x0042EC70,1
5.0.21,stdexcept.cc,std::runtime_error::runtime_error(std::string const&),1,0x0042D2D0,"std::basic_string<char, std::char_traits<char",0x00432F90,1
5.0.21,stdexcept.cc,std::underflow_error::underflow_error(std::string const&),0,0x0042D380,std::runtime_error::runtime_error(std::string const&),0x0042D2D0,1
5.0.21,stdexcept.cc,std::underflow_error::underflow_error(std::string const&),1,0x0042D3B0,std::runtime_error::runtime_error(std::string const&),0x0042D2D0,1
5.0.21,stdexcept.cc,std::overflow_error::overflow_error(std::string const&),0,0x0042D3E0,std::runtime_error::runtime_error(std::string const&),0x0042D2D0,1
5.0.21,stdexcept.cc,std::overflow_error::overflow_error(std::string const&),1,0x0042D410,std::runtime_error::runtime_error(std::string const&),0x0042D2D0,1
5.0.21,stdexcept.cc,std::range_error::range_error(std::string const&),0,0x0042D440,std::runtime_error::runtime_error(std::string const&),0x0042D2D0,1
5.0.21,stdexcept.cc,std::range_error::range_error(std::string const&),1,0x0042D470,std::runtime_error::runtime_error(std::string const&),0x0042D2D0,1
5.0.21,stdexcept.cc,std::logic_error::~logic_error(),0,0x0042D4A0,operator delete(void*),0x004296A0,1
5.0.21,stdexcept.cc,std::logic_error::~logic_error(),0,0x0042D4A0,__cxa_call_unexpected,0x0042A140,1
5.0.21,stdexcept.cc,std::logic_error::~logic_error(),0,0x0042D4A0,"__gnu_cxx::__exchange_and_add(int volatile*, int)",0x0042A2D0,1
5.0.21,stdexcept.cc,std::logic_error::~logic_error(),0,0x0042D4A0,std::exception::~exception(),0x0042B970,2
5.0.21,stdexcept.cc,std::logic_error::~logic_error(),0,0x0042D4A0,_Unwind_SjLj_Register,0x0042E5B0,1
5.0.21,stdexcept.cc,std::logic_error::~logic_error(),0,0x0042D4A0,_Unwind_SjLj_Unregister,0x0042E690,1
5.0.21,stdexcept.cc,std::logic_error::~logic_error(),0,0x0042D4A0,_Unwind_SjLj_Resume,0x0042EC70,1
5.0.21,stdexcept.cc,std::logic_error::~logic_error(),0,0x0042D4A0,std::string::_Rep::_M_destroy(std::allocator<char,0x00430CF0,1
5.0.21,stdexcept.cc,std::logic_error::~logic_error(),1,0x0042D5A0,__cxa_call_unexpected,0x0042A140,1
5.0.21,stdexcept.cc,std::logic_error::~logic_error(),1,0x0042D5A0,"__gnu_cxx::__exchange_and_add(int volatile*, int)",0x0042A2D0,1
5.0.21,stdexcept.cc,std::logic_error::~logic_error(),1,0x0042D5A0,std::exception::~exception(),0x0042B970,2
5.0.21,stdexcept.cc,std::logic_error::~logic_error(),1,0x0042D5A0,_Unwind_SjLj_Register,0x0042E5B0,1
5.0.21,stdexcept.cc,std::logic_error::~logic_error(),1,0x0042D5A0,_Unwind_SjLj_Unregister,0x0042E690,1
5.0.21,stdexcept.cc,std::logic_error::~logic_error(),1,0x0042D5A0,_Unwind_SjLj_Resume,0x0042EC70,1
5.0.21,stdexcept.cc,std::logic_error::~logic_error(),1,0x0042D5A0,std::string::_Rep::_M_destroy(std::allocator<char,0x00430CF0,1
5.0.21,stdexcept.cc,std::logic_error::~logic_error(),2,0x0042D6A0,__cxa_call_unexpected,0x0042A140,1
5.0.21,stdexcept.cc,std::logic_error::~logic_error(),2,0x0042D6A0,"__gnu_cxx::__exchange_and_add(int volatile*, int)",0x0042A2D0,1
5.0.21,stdexcept.cc,std::logic_error::~logic_error(),2,0x0042D6A0,std::exception::~exception(),0x0042B970,2
5.0.21,stdexcept.cc,std::logic_error::~logic_error(),2,0x0042D6A0,_Unwind_SjLj_Register,0x0042E5B0,1
5.0.21,stdexcept.cc,std::logic_error::~logic_error(),2,0x0042D6A0,_Unwind_SjLj_Unregister,0x0042E690,1
5.0.21,stdexcept.cc,std::logic_error::~logic_error(),2,0x0042D6A0,_Unwind_SjLj_Resume,0x0042EC70,1
5.0.21,stdexcept.cc,std::logic_error::~logic_error(),2,0x0042D6A0,std::string::_Rep::_M_destroy(std::allocator<char,0x00430CF0,1
5.0.21,stdexcept.cc,std::logic_error::logic_error(std::string const&),0,0x0042D7A0,std::exception::~exception(),0x0042B970,1
5.0.21,stdexcept.cc,std::logic_error::logic_error(std::string const&),0,0x0042D7A0,_Unwind_SjLj_Register,0x0042E5B0,1
5.0.21,stdexcept.cc,std::logic_error::logic_error(std::string const&),0,0x0042D7A0,_Unwind_SjLj_Unregister,0x0042E690,1
5.0.21,stdexcept.cc,std::logic_error::logic_error(std::string const&),0,0x0042D7A0,_Unwind_SjLj_Resume,0x0042EC70,1
5.0.21,stdexcept.cc,std::logic_error::logic_error(std::string const&),0,0x0042D7A0,"std::basic_string<char, std::char_traits<char",0x00432F90,1
5.0.21,stdexcept.cc,std::logic_error::logic_error(std::string const&),1,0x0042D850,std::exception::~exception(),0x0042B970,1
5.0.21,stdexcept.cc,std::logic_error::logic_error(std::string const&),1,0x0042D850,_Unwind_SjLj_Register,0x0042E5B0,1
5.0.21,stdexcept.cc,std::logic_error::logic_error(std::string const&),1,0x0042D850,_Unwind_SjLj_Unregister,0x0042E690,1
5.0.21,stdexcept.cc,std::logic_error::logic_error(std::string const&),1,0x0042D850,_Unwind_SjLj_Resume,0x0042EC70,1
5.0.21,stdexcept.cc,std::logic_error::logic_error(std::string const&),1,0x0042D850,"std::basic_string<char, std::char_traits<char",0x00432F90,1
5.0.21,stdexcept.cc,std::out_of_range::out_of_range(std::string const&),0,0x0042D900,std::logic_error::logic_error(std::string const&),0x0042D850,1
5.0.21,stdexcept.cc,std::out_of_range::out_of_range(std::string const&),1,0x0042D930,std::logic_error::logic_error(std::string const&),0x0042D850,1
5.0.21,stdexcept.cc,std::length_error::length_error(std::string const&),0,0x0042D960,std::logic_error::logic_error(std::string const&),0x0042D850,1
5.0.21,stdexcept.cc,std::length_error::length_error(std::string const&),1,0x0042D990,std::logic_error::logic_error(std::string const&),0x0042D850,1
5.0.21,stdexcept.cc,std::invalid_argument::invalid_argument(std::string const&),0,0x0042D9C0,std::logic_error::logic_error(std::string const&),0x0042D850,1
5.0.21,stdexcept.cc,std::invalid_argument::invalid_argument(std::string const&),1,0x0042D9F0,std::logic_error::logic_error(std::string const&),0x0042D850,1
5.0.21,stdexcept.cc,std::domain_error::domain_error(std::string const&),0,0x0042DA20,std::logic_error::logic_error(std::string const&),0x0042D850,1
5.0.21,stdexcept.cc,std::domain_error::domain_error(std::string const&),1,0x0042DA50,std::logic_error::logic_error(std::string const&),0x0042D850,1
5.0.21,ios_failure.cc,std::ios_base::failure::~failure(),0,0x0042DA90,operator delete(void*),0x004296A0,1
5.0.21,ios_failure.cc,std::ios_base::failure::~failure(),0,0x0042DA90,__cxa_call_unexpected,0x0042A140,1
5.0.21,ios_failure.cc,std::ios_base::failure::~failure(),0,0x0042DA90,"__gnu_cxx::__exchange_and_add(int volatile*, int)",0x0042A2D0,1
5.0.21,ios_failure.cc,std::ios_base::failure::~failure(),0,0x0042DA90,std::exception::~exception(),0x0042B970,2
5.0.21,ios_failure.cc,std::ios_base::failure::~failure(),0,0x0042DA90,_Unwind_SjLj_Register,0x0042E5B0,1
5.0.21,ios_failure.cc,std::ios_base::failure::~failure(),0,0x0042DA90,_Unwind_SjLj_Unregister,0x0042E690,1
5.0.21,ios_failure.cc,std::ios_base::failure::~failure(),0,0x0042DA90,_Unwind_SjLj_Resume,0x0042EC70,1
5.0.21,ios_failure.cc,std::ios_base::failure::~failure(),0,0x0042DA90,std::string::_Rep::_M_destroy(std::allocator<char,0x00430CF0,1
5.0.21,ios_failure.cc,std::ios_base::failure::~failure(),1,0x0042DB90,__cxa_call_unexpected,0x0042A140,1
5.0.21,ios_failure.cc,std::ios_base::failure::~failure(),1,0x0042DB90,"__gnu_cxx::__exchange_and_add(int volatile*, int)",0x0042A2D0,1
5.0.21,ios_failure.cc,std::ios_base::failure::~failure(),1,0x0042DB90,std::exception::~exception(),0x0042B970,2
5.0.21,ios_failure.cc,std::ios_base::failure::~failure(),1,0x0042DB90,_Unwind_SjLj_Register,0x0042E5B0,1
5.0.21,ios_failure.cc,std::ios_base::failure::~failure(),1,0x0042DB90,_Unwind_SjLj_Unregister,0x0042E690,1
5.0.21,ios_failure.cc,std::ios_base::failure::~failure(),1,0x0042DB90,_Unwind_SjLj_Resume,0x0042EC70,1
5.0.21,ios_failure.cc,std::ios_base::failure::~failure(),1,0x0042DB90,std::string::_Rep::_M_destroy(std::allocator<char,0x00430CF0,1
5.0.21,ios_failure.cc,std::ios_base::failure::~failure(),2,0x0042DC90,__cxa_call_unexpected,0x0042A140,1
5.0.21,ios_failure.cc,std::ios_base::failure::~failure(),2,0x0042DC90,"__gnu_cxx::__exchange_and_add(int volatile*, int)",0x0042A2D0,1
5.0.21,ios_failure.cc,std::ios_base::failure::~failure(),2,0x0042DC90,std::exception::~exception(),0x0042B970,2
5.0.21,ios_failure.cc,std::ios_base::failure::~failure(),2,0x0042DC90,_Unwind_SjLj_Register,0x0042E5B0,1
5.0.21,ios_failure.cc,std::ios_base::failure::~failure(),2,0x0042DC90,_Unwind_SjLj_Unregister,0x0042E690,1
5.0.21,ios_failure.cc,std::ios_base::failure::~failure(),2,0x0042DC90,_Unwind_SjLj_Resume,0x0042EC70,1
5.0.21,ios_failure.cc,std::ios_base::failure::~failure(),2,0x0042DC90,std::string::_Rep::_M_destroy(std::allocator<char,0x00430CF0,1
5.0.21,ios_failure.cc,std::ios_base::failure::failure(std::string const&),0,0x0042DD90,__cxa_call_unexpected,0x0042A140,1
5.0.21,ios_failure.cc,std::ios_base::failure::failure(std::string const&),0,0x0042DD90,std::exception::~exception(),0x0042B970,1
5.0.21,ios_failure.cc,std::ios_base::failure::failure(std::string const&),0,0x0042DD90,_Unwind_SjLj_Register,0x0042E5B0,1
5.0.21,ios_failure.cc,std::ios_base::failure::failure(std::string const&),0,0x0042DD90,_Unwind_SjLj_Unregister,0x0042E690,1
5.0.21,ios_failure.cc,std::ios_base::failure::failure(std::string const&),0,0x0042DD90,_Unwind_SjLj_Resume,0x0042EC70,1
5.0.21,ios_failure.cc,std::ios_base::failure::failure(std::string const&),0,0x0042DD90,"std::basic_string<char, std::char_traits<char",0x00432F90,1
5.0.21,ios_failure.cc,std::ios_base::failure::failure(std::string const&),1,0x0042DE60,__cxa_call_unexpected,0x0042A140,1
5.0.21,ios_failure.cc,std::ios_base::failure::failure(std::string const&),1,0x0042DE60,std::exception::~exception(),0x0042B970,1
5.0.21,ios_failure.cc,std::ios_base::failure::failure(std::string const&),1,0x0042DE60,_Unwind_SjLj_Register,0x0042E5B0,1
5.0.21,ios_failure.cc,std::ios_base::failure::failure(std::string const&),1,0x0042DE60,_Unwind_SjLj_Unregister,0x0042E690,1
5.0.21,ios_failure.cc,std::ios_base::failure::failure(std::string const&),1,0x0042DE60,_Unwind_SjLj_Resume,0x0042EC70,1
5.0.21,ios_failure.cc,std::ios_base::failure::failure(std::string const&),1,0x0042DE60,"std::basic_string<char, std::char_traits<char",0x00432F90,1
5.0.21,main.c,main,0,0x0042DF30,WinMain@16,0x004264C0,1
5.0.21,main.c,main,0,0x0042DF30,__main,0x0042E140,1
5.0.21,main.c,main,0,0x0042DF30,__chkstk,0x0042F000,1
5.0.21,main.c,main,0,0x0042DF30,GetCommandLineA@0,0x0042F9C0,1
5.0.21,main.c,main,0,0x0042DF30,GetStartupInfoA@4,0x0042F9D0,1
5.0.21,main.c,main,0,0x0042DF30,GetModuleHandleA@4,0x0042F9E0,1
5.0.21,gccmain.c,__do_global_ctors,0,0x0042E0E0,atexit,0x004012B0,1
5.0.21,gccmain.c,__main,0,0x0042E140,atexit,0x004012B0,1
5.0.21,pseudo-reloc-list.c,__w32_sharedptr_get,0,0x0042E1C0,__eprintf,0x0042F2B0,1
5.0.21,pseudo-reloc-list.c,__w32_sharedptr_initialize,0,0x0042E260,__w32_sharedptr_get,0x0042E1C0,2
5.0.21,pseudo-reloc-list.c,__w32_sharedptr_initialize,0,0x0042E260,free,0x0042F460,1
5.0.21,pseudo-reloc-list.c,__w32_sharedptr_initialize,0,0x0042E260,malloc,0x0042F470,1
5.0.21,pseudo-reloc-list.c,__w32_sharedptr_initialize,0,0x0042E260,abort,0x0042F480,1
5.0.21,pseudo-reloc-list.c,fc_key_init,0,0x0042E4A0,__mingwthr_key_dtor,0x0042E090,1
5.0.21,pseudo-reloc-list.c,fc_key_init_once,0,0x0042E500,fc_key_init,0x0042E4A0,1
5.0.21,pseudo-reloc-list.c,fc_key_init_once,0,0x0042E500,InterlockedIncrement@4,0x0042F990,1
5.0.21,pseudo-reloc-list.c,_Unwind_SjLj_Register,0,0x0042E5B0,__w32_sharedptr_initialize,0x0042E260,1
5.0.21,pseudo-reloc-list.c,_Unwind_SjLj_Register,0,0x0042E5B0,fc_key_init_once,0x0042E500,1
5.0.21,pseudo-reloc-list.c,_Unwind_SjLj_Unregister,0,0x0042E690,__w32_sharedptr_initialize,0x0042E260,1
5.0.21,pseudo-reloc-list.c,_Unwind_SjLj_Unregister,0,0x0042E690,fc_key_init_once,0x0042E500,1
5.0.21,pseudo-reloc-list.c,_Unwind_RaiseException_Phase2,0,0x0042E800,abort,0x0042F480,1
5.0.21,pseudo-reloc-list.c,_Unwind_SjLj_RaiseException,0,0x0042E890,__w32_sharedptr_initialize,0x0042E260,2
5.0.21,pseudo-reloc-list.c,_Unwind_SjLj_RaiseException,0,0x0042E890,fc_key_init_once,0x0042E500,2
5.0.21,pseudo-reloc-list.c,_Unwind_SjLj_RaiseException,0,0x0042E890,_Unwind_RaiseException_Phase2,0x0042E800,1
5.0.21,pseudo-reloc-list.c,_Unwind_SjLj_ForcedUnwind,0,0x0042EB10,__w32_sharedptr_initialize,0x0042E260,2
5.0.21,pseudo-reloc-list.c,_Unwind_SjLj_ForcedUnwind,0,0x0042EB10,fc_key_init_once,0x0042E500,2
5.0.21,pseudo-reloc-list.c,_Unwind_SjLj_ForcedUnwind,0,0x0042EB10,_Unwind_ForcedUnwind_Phase2,0x0042EA20,2
5.0.21,pseudo-reloc-list.c,_Unwind_SjLj_Resume,0,0x0042EC70,__w32_sharedptr_initialize,0x0042E260,2
5.0.21,pseudo-reloc-list.c,_Unwind_SjLj_Resume,0,0x0042EC70,fc_key_init_once,0x0042E500,2
5.0.21,pseudo-reloc-list.c,_Unwind_SjLj_Resume,0,0x0042EC70,_Unwind_RaiseException_Phase2,0x0042E800,1
5.0.21,pseudo-reloc-list.c,_Unwind_SjLj_Resume,0,0x0042EC70,_Unwind_ForcedUnwind_Phase2,0x0042EA20,1
5.0.21,pseudo-reloc-list.c,_Unwind_SjLj_Resume,0,0x0042EC70,abort,0x0042F480,1
5.0.21,pseudo-reloc-list.c,_Unwind_SjLj_Resume_or_Rethrow,0,0x0042EDD0,__w32_sharedptr_initialize,0x0042E260,2
5.0.21,pseudo-reloc-list.c,_Unwind_SjLj_Resume_or_Rethrow,0,0x0042EDD0,fc_key_init_once,0x0042E500,2
5.0.21,pseudo-reloc-list.c,_Unwind_SjLj_Resume_or_Rethrow,0,0x0042EDD0,_Unwind_SjLj_RaiseException,0x0042E890,1
5.0.21,pseudo-reloc-list.c,_Unwind_SjLj_Resume_or_Rethrow,0,0x0042EDD0,_Unwind_ForcedUnwind_Phase2,0x0042EA20,1
5.0.21,pseudo-reloc-list.c,_Unwind_SjLj_Resume_or_Rethrow,0,0x0042EDD0,abort,0x0042F480,1
5.0.21,pseudo-reloc-list.c,_Unwind_Backtrace,0,0x0042EF30,__w32_sharedptr_initialize,0x0042E260,1
5.0.21,pseudo-reloc-list.c,_Unwind_Backtrace,0,0x0042EF30,fc_key_init_once,0x0042E500,1
5.0.21,pseudo-reloc-list.c,__gthr_win32_mutex_unlock,0,0x0042F260,InterlockedDecrement@4,0x0042FA50,1
5.0.21,pseudo-reloc-list.c,__gthr_win32_mutex_lock,0,0x0042F200,InterlockedIncrement@4,0x0042F990,1
5.0.21,pseudo-reloc-list.c,__gthr_win32_mutex_lock,0,0x0042F200,InterlockedDecrement@4,0x0042FA50,1
5.0.21,pseudo-reloc-list.c,__gthr_win32_key_create,0,0x0042F0D0,__mingwthr_key_dtor,0x0042E090,1
5.0.21,pseudo-reloc-list.c,__gthr_win32_once,0,0x0042F050,InterlockedIncrement@4,0x0042F990,1
5.0.21,pseudo-reloc-list.c,__eprintf,0,0x0042F2B0,abort,0x0042F480,1
5.0.21,pseudo-reloc-list.c,__eprintf,0,0x0042F2B0,fflush,0x0042F4C0,1
5.0.21,pseudo-reloc-list.c,__eprintf,0,0x0042F2B0,fprintf,0x0042F4D0,1
