version,source,name,occurrence,section,section_offset,rva,va,size,instruction_count,raw_sha256,normalized_sha256
5.0.21,crt1.c,_gnu_exception_handler@4,0,1,0x00000000,0x00001000,0x00401000,336,92,122190f966de6bf36271cdd0cfc3c3dac55ee29a2b04099284cb0439350adbf0,ef3934e7fb8c841fe579b29fcca73afa5f9368e0b39697ab02bf707c57a17520
5.0.21,crt1.c,__mingw_CRTStartup,0,1,0x00000150,0x00001150,0x00401150,288,69,d6dfe58e58884c4ce82660224bcd9774f66979b8ad051ae7143945044f49b87a,40db609dfb6ac73c5190e11792bf77b1f647c7dd0b74613bae4a8168f301ebd4
5.0.21,crt1.c,mainCRTStartup,0,1,0x00000270,0x00001270,0x00401270,32,8,25781adab570f08c1f20d828e7366fdfaaad948083138e9aefb872c25f70afdd,eb6a1ccfd9d2322b784fb1f68e0a291068504e79e45bec421e814643901bba9b
5.0.21,crt1.c,WinMainCRTStartup,0,1,0x00000290,0x00001290,0x00401290,32,8,bcb46ca3a2da4a14d2ab59a11d936036a57958665b24d5335acd5c8a9faa7265,b4f4551845c10fd1383485881daaa97e6eb23de0c98b6774b9e93b66c7d3735f
5.0.21,crt1.c,atexit,0,1,0x000002B0,0x000012B0,0x004012B0,16,6,5b0b5f509a4042874369ff28082226b5a1376b08717a16a7ec5ceb5d0b20d0d3,2ee47750e2d1b312b324a603442bff10cf13e5bdf0cc491a22bbba93ad55d89c
5.0.21,crt1.c,_onexit,0,1,0x000002C0,0x000012C0,0x004012C0,16,9,047fef35c689bcdde4f53614ac00a5ad8b3365950146bac799c729fab297a990,2a2fc2d9502d2f434002421a225939e878ebf1e2317d3064fec0f3c3af5d4444
5.0.21,crtstuff.c,__do_sjlj_init,0,1,0x000002D0,0x000012D0,0x004012D0,16,11,4b34399d39dcc1b5c3fe9f7ca675d1423c7b769d27f8da7d41acb023e5e7e5e5,76d726ed3c25d66696d71609ec733fc3dfe73bc7a6f768a36b5619eebd5dcd68
5.0.21,async.cpp,async::set_timeout(long),0,1,0x000002E0,0x000012E0,0x004012E0,80,23,622deb106b79b08dcaa6fd0cf793dfa2da888aff8da0468eab96aebd91243767,6bf3f5e535c98f072530faf01588becf48c852f9a9305c119809d586586f5b10
5.0.21,async.cpp,"async::async(int, long, long, int, int)",0,1,0x00000330,0x00001330,0x00401330,496,146,a6350363adbd5086ab4bd3a9d2f44352b722e988a8c51c8a6ecb4675a388eb47,a9f5b7386459727f37f3b1020ae2218441baa6c289ad317cd221a858aa8faf98
5.0.21,async.cpp,"async::async(int, long, long, int, int)",1,1,0x00000520,0x00001520,0x00401520,496,146,2e78a48bbac96ac111d5505ae2d31fc7f13f02bfb1592669e8c076b87043656c,a9f5b7386459727f37f3b1020ae2218441baa6c289ad317cd221a858aa8faf98
5.0.21,async.cpp,async::~async(),0,1,0x00000710,0x00001710,0x00401710,64,26,b530065ebe91e025c901bb2bf47716dc425304a0993d2561453963a77c9ac0e2,d1f3615b1ac1b8698b60280e314b60811c053a1c69ffeac4e4d4a8be77ac1be7
5.0.21,async.cpp,async::~async(),1,1,0x00000750,0x00001750,0x00401750,64,26,8d730058974ea9344d4494a0442b3bcb80ae0a0f4494134dbf344288bf2bfec6,d1f3615b1ac1b8698b60280e314b60811c053a1c69ffeac4e4d4a8be77ac1be7
5.0.21,async.cpp,async::close(),0,1,0x00000790,0x00001790,0x00401790,48,17,ee1013176455d3b5b650bd199c8ed118cc8c7bb425fa95566e0e3a30db19b4e1,71fe8d1732a08d5a649749868bc8ef5f61c6c46b11776b2118972de03da8c97d
5.0.21,async.cpp,async::flush_buffer(),0,1,0x000007C0,0x000017C0,0x004017C0,48,16,48bc4302139b1d5b87a14c2adb327236016a83808b1a084f301b8a55832b944f,9d61d2942724d27f6f2054ab69322b24a090b7b81428cd514b59145481011b38
5.0.21,async.cpp,"async::write(char*, int)",0,1,0x000007F0,0x000017F0,0x004017F0,112,38,acc8e9a86b390bf88f8062ef99da46d17d0312453d090c2c01b7aba29abc53fe,5a85f3ab347b7eece7d40650538a29da9454d713986b6d757aa12ade3363ba76
5.0.21,async.cpp,async::read_char(char*),0,1,0x00000860,0x00001860,0x00401860,160,55,ab0cc1df2dcbe1a9bc0773e361fe00a786f3af0550a464ae0234035bd7700fc8,af0044713948b2e97b3456ed909d82906cb070d66c9f06cc8a3fd627859dc0c9
5.0.21,async.cpp,async::read_string(char*),0,1,0x00000900,0x00001900,0x00401900,336,119,98f91e815727d077d45075210dfcaa668cf285214d994f3d149e408514be774b,f2620add75cbaa7c431457dcb25fb5b322ad20b7a5b1b1641e5e96b2c8ebb3c0
5.0.21,async.cpp,async::get_read_string_buf_count(),0,1,0x00000A50,0x00001A50,0x00401A50,16,7,8c8387e60d8cba010cd1e6f36bf5838aa232e10653e7b3801ca66d53cef3d568,86087ce727d4133db282c7ea05a1cda8ae26c5db349bc56ae75ce6b4785f1d99
5.0.21,Bixby110chkdlg.cpp,bixby110checkout::bixby110checkout(),0,1,0x00000A60,0x00001A60,0x00401A60,1552,354,faeffb84921d0be41f0ffa850f1c90950bf49d6ee294c984c84ade1fea39e40c,824e3fe991c53cb348d82f7dedc564908deb7bed5b7ee3e73f4391327c6ea32e
5.0.21,Bixby110chkdlg.cpp,bixby110checkout::bixby110checkout(),1,1,0x00001070,0x00002070,0x00402070,1552,354,70d9cf4fed0bf5efb6d6caef242ef88c0d95473f3e36fb6bcc8de987944266d6,824e3fe991c53cb348d82f7dedc564908deb7bed5b7ee3e73f4391327c6ea32e
5.0.21,Bixby110chkdlg.cpp,bixby110checkout::~bixby110checkout(),0,1,0x00001680,0x00002680,0x00402680,1248,304,e4bedb3bbe6a3ea1cfdd0fa7e2f829b56f60b1fc532e0d47b56bc5f2a9c2ecda,c787e9a70c4f63c0c79dc0a06a768be816ec1a2a395070ce0e3385d5a773d7be
5.0.21,Bixby110chkdlg.cpp,bixby110checkout::~bixby110checkout(),1,1,0x00001B60,0x00002B60,0x00402B60,1248,304,28bbc19aacf6e6887a272748f88ad6bfe34dd705ae2cb19c6659451100a847b6,c787e9a70c4f63c0c79dc0a06a768be816ec1a2a395070ce0e3385d5a773d7be
5.0.21,Bixby110chkdlg.cpp,bixby110checkout::ChkStop(),0,1,0x00002040,0x00003040,0x00403040,48,18,ba1cf063802c3336b13825e5553acf1d12da23e5145f71ef72f094095445546b,a2c31f10d4bbe7cbce7a6630b6347e861cddb55d425576014452eb0b104125b1
5.0.21,Bixby110chkdlg.cpp,bixby110checkout::SendInteractiveAction(int),0,1,0x00002070,0x00003070,0x00403070,512,137,d2cbc1c0f74b989868697c3cf4fc4c830efd3eb8103e65f59c640ef0c1468408,825eb6f8b5231107baf76402c3e014ba722061014029fdcf37a1900d289ed824
5.0.21,Bixby110chkdlg.cpp,bixby110checkout::ReadInteractiveResult(int),0,1,0x00002270,0x00003270,0x00403270,208,58,923fbeb282a52189a83ea88956a70251cb4c08e069f7170340a3d2eccdbc76d8,d1e035da65bc17b6a6a2fd6bf6232c47ee0efbf429ccc4132914866d6b32a980
5.0.21,Bixby110chkdlg.cpp,bixby110checkout::AnalyzeInteractiveResult(int),0,1,0x00002340,0x00003340,0x00403340,1296,293,3b203307b52702cc2d49795d87bcf1ccb9d34eb8f06b4b38997446010490f236,b9b830082cedc62f631d0325c4860a35b4d0782138029ddd22ce33631e41f50d
5.0.21,Bixby110chkdlg.cpp,bixby110checkout::SendAutomaticAction(int),0,1,0x00002850,0x00003850,0x00403850,256,71,005901f467594d4dbaac7e11f29406bac0e04c7c44be6fdca4ca855dd8335bcc,837efe3c5085efc4bfd7b504539c1bdf65db03e2df0172047a868f492a21dd20
5.0.21,Bixby110chkdlg.cpp,"bixby110checkout::IterativeRead(unsigned int, unsigned char, unsigned char)",0,1,0x00002950,0x00003950,0x00403950,496,139,93ed94479a5c101ef1f2d90702b3f36d8dd6d1c495a214ffddfdd2b148a839ad,c5e70d1274aef76e83a325d64452641301f637545af30ad1d91e8797003afe0f
5.0.21,Bixby110chkdlg.cpp,"bixby110checkout::IterativeScan(unsigned int, unsigned char, unsigned int)",0,1,0x00002B40,0x00003B40,0x00403B40,288,91,98aeefe0318b8d6ca9fdb4bf5ed3583d2f221fdd56062ccc314d4dc5607b2b86,3fbab9f997a1975c124beaf4db3f7b5ad894448c522dba444df421622f23c54d
5.0.21,Bixby110chkdlg.cpp,bixby110checkout::ReadAutomaticResult(int),0,1,0x00002EA0,0x00003EA0,0x00403EA0,1376,354,fbf887f307a394ff78c8b54cd84ff8a7d655a58409787cf52b2d62b099801fa4,5a378b52111634db68ff1c0004ceb88089c54ed659f915c36a6028d147564fac
5.0.21,Bixby110chkdlg.cpp,"bixby110checkout::writeln(void*, char*)",0,1,0x00003400,0x00004400,0x00404400,64,20,9b763b6484fa64c77ed522e940ec62f6f4efc8db079442b8a2d39727ccc65165,540e284d78f3f8680248962074b80a33e838918cef7fd3648001daf285acce0c
5.0.21,Bixby110chkdlg.cpp,bixby110checkout::GenerateReport(),0,1,0x00003440,0x00004440,0x00404440,5056,1165,ffb1d67c5b6986497c575b484b8a02d65286a16835b9844884b6471e8b2f4c01,ea2d0e95c139e0f79712b916d1ec9ef10090c97598adb02812d43dc6a29c2c46
5.0.21,Bixby110chkdlg.cpp,bixby110checkout::Bixby110UpdateData(),0,1,0x00004800,0x00005800,0x00405800,1152,283,8ee88cf2333e77c96411a23eb3e0b9691105fdf55bfd77e02e4e4dc38c6992ae,0dd820d2164f710df607dd53dacacbf96b5d163b8acd4b475063e99d034a70ab
5.0.21,Bixby110chkdlg.cpp,"bixby110checkout::Bixby110SetupCheckoutInteractiveTests(int, int, int, int)",0,1,0x00004C80,0x00005C80,0x00405C80,672,181,af6d8b066ca90ab38e8c93aa9db4e49b73d60658f5993ca718173e76364ca803,b25d5c3b38a38280f22ee39aaf29b15f3acd6b731a73b2966b04c7e4bb25214e
5.0.21,Bixby110chkdlg.cpp,"bixby110checkout::Bixby110SetupCheckoutAutomaticTests(int, int, int, int)",0,1,0x00004F20,0x00005F20,0x00405F20,416,112,90aea4f6cf107965d79957ec64880809cf3e936c2ab35e22834fff4a88c5acac,9e34d91090bc3dc902ff8230c416f4639015a302d1472c1482c64e9aaf8b24b0
5.0.21,Bixby110chkdlg.cpp,"bixby110checkout::Bixby110SetupCheckoutIndividualizationData(int, int, int, int)",0,1,0x000050C0,0x000060C0,0x004060C0,800,204,4a9d54b5c7f2976f75581f82613a6a0d4faf425facfc67a7f901bfb1304d01a6,e37588da66ec51010a81c92c82a6c8fdbbb86a37aa9e4f85c7c7c76434d1c398
5.0.21,Bixby110chkdlg.cpp,"bixby110checkout::Bixby110Checkout(HINSTANCE__*, int)",0,1,0x000053E0,0x000063E0,0x004063E0,5376,1285,ba36c9a258a6a9891a3a72f124131658df89337f195400e0c87d8461f373a93b,0c3f63734a0aab0f926f8dded6ed6155091cd6f96df4709e554547fccd25e426
5.0.21,Bixby110chkdlg.cpp,bixby110checkout::AnalyzeAutomaticResult(int),0,1,0x00002C60,0x00003C60,0x00403C60,576,140,c711eca358c2e4f02bdf733315d7b2763fe4b2d42999a4f1f24f6bb1220d183e,0d48fd15efd880f7270376d6a8e5561fb85a0e449c83c357158bf4e3548ce65a
5.0.21,Bixby110DataElements.cpp,"ISBeep(unsigned long, unsigned long)",0,1,0x000068E0,0x000078E0,0x004078E0,48,18,6ccc1c2a4d9b4c3448033966141d3eaa28824d0ed1843376657e27228d45fe14,56bc1371428508752121109c9743a53d3d7d7a4fb7ba50b94fb1b00a33582f0e
5.0.21,Bixby110DataElements.cpp,"SetupDebugWindow(HWND__*, HINSTANCE__*)",0,1,0x00006910,0x00007910,0x00407910,512,126,995e231b3646b8f26b3fba3d4c15eca0d1fbda9b13b28e495092cfc86a820c42,4e1c72f4fcc43d0ac7de63d652b89cca8fe02524a38c41d804da05c2117bde7a
5.0.21,Bixby110DataElements.cpp,CloseDebugWindow(),0,1,0x00006B10,0x00007B10,0x00407B10,96,30,90f71bc051cc130f3f55ea82af136419156029772bfe4feb08bed4257757b0ec,8275fed5474b3066ddb785d16572c165198e261caae1b69cefabe39fa5ce18fb
5.0.21,Bixby110DataElements.cpp,ShowDebugWindow(),0,1,0x00006B70,0x00007B70,0x00407B70,96,29,8657bc6a12727a2df3463931eee3deb1e007a3dfaad2b8ed664066f76136ce7b,ec14c4f4359b0ef04689dce70d963880daa42591ec3b03d80e24432734fec6c1
5.0.21,Bixby110DataElements.cpp,hexnibtoval(char),0,1,0x00006BD0,0x00007BD0,0x00407BD0,64,26,c5ab1e204873a125359d899f5b2ecefd50a7ad3191f4e896f34b607bdfadc3a5,6c568b247840d9a1e8b3b80cf7fcd775dcd92124ece6cab81b1855aba5c740f9
5.0.21,Bixby110DataElements.cpp,"hextoval(char, char)",0,1,0x00006C10,0x00007C10,0x00407C10,112,50,b28d138406a48d82365845e309124d6fa6ccfddcb9e5a48a1271b0b67a369b03,6dbac5a70de5bec6bdba7fde2d87d5a007f58a9666e7e509b2a66a7364be8b66
5.0.21,Bixby110DataElements.cpp,highhexnib(unsigned char),0,1,0x00006C80,0x00007C80,0x00407C80,32,15,91291b92efe6535b4940b027227cd12a74765db94f9d5cd4d6d4c6a4b327ba79,fa7c8a41e85d0cf26daf92965531b26da0260031047522eff774c5b00b198497
5.0.21,Bixby110DataElements.cpp,lowhexnib(unsigned char),0,1,0x00006CA0,0x00007CA0,0x00407CA0,32,16,b501ef4205851ad8434579c81ca295fdc94bcd8b80e09886de69530e95e60a15,0279473eacb523f67742930696c3652d1d04020318256594c43bce8d532c1dc9
5.0.21,Bixby110DataElements.cpp,"strsearch(char*, char*)",0,1,0x00006CC0,0x00007CC0,0x00407CC0,128,64,9749cef316bff6bce560e678e8ba18dcbd0f69c880981026472cb71dda4a0f8e,59ff38accedb2c3fdd460938604d059a5595589bfdffd088915ed7a9a861c13a
5.0.21,Bixby110DataElements.cpp,"strsearchtail(char*, char*)",0,1,0x00006D40,0x00007D40,0x00407D40,144,69,6a23c92a09ee609eee88da0ff7f566a593e9d953f638b796c49d432ebeabed38,7587cd960560d65d9aa79cb416d18b1296c355e70859ac1f593bda3d83356fe6
5.0.21,Bixby110DataElements.cpp,"strchrsearch(char*, char*)",0,1,0x00006DD0,0x00007DD0,0x00407DD0,112,47,1de818538bb0f1222b91dcb823aaf8e52760d513273a414388b849ec2cb49767,52bd715c80e1d8ff7e3b6ec880cf5be83b5f99e425efd8c7aeb7cf3fb0d603b3
5.0.21,Bixby110DataElements.cpp,"TimeDelay(HWND__*, unsigned int)",0,1,0x00006E40,0x00007E40,0x00407E40,192,60,b79ee3ae9c1b30216e753fe7249c88494a42255f789dacbb0dca8307ebc36beb,5a609ca9e410381282693a7b1905d11ece29833f83cf2ee8bf130ff17a93c5f9
5.0.21,Bixby110DataElements.cpp,DelayMicrosecond(unsigned int),0,1,0x00006F00,0x00007F00,0x00407F00,64,25,1bb81295665b7495ad35bc4a6c24c010ea965e038b546de74a00ac08904a6203,54bac773aeadb030f4a059dda23acf443e63f2378384631b75052749e7b46b69
5.0.21,Bixby110DataElements.cpp,CalibrateMicrosecondTimer(HWND__*),0,1,0x00006F40,0x00007F40,0x00407F40,160,45,474327f37cf08fddb61d40c275da0c655002c36f6f92d74dad5a99d3908e5c9a,95b08e77d22c35453257f9734fa4973967b6913896412100d77d8c4b5653b6c9
5.0.21,Bixby110DataElements.cpp,DelayMicrosecond_6E030(unsigned int),0,1,0x00006FE0,0x00007FE0,0x00407FE0,80,24,c9696ff62cebc0b6101c5923ce9ed1620b8101ae2cc0bd7795a3732575bd60b7,c67a17a7fcaacd32afa3577883f580f9374d66f680b91f1a409e5fe614677e65
5.0.21,Bixby110DataElements.cpp,CalibrateMicrosecondTimer_6E030(HWND__*),0,1,0x00007030,0x00008030,0x00408030,160,45,1221796805130b3f5975fc85de2c7e40743d3c59c7f4745bb1dfea6c518203f0,788fbbec485a41353982f756760cde7d6baab4ac6f01083b8bd8a24f671b3068
5.0.21,Bixby110DataElements.cpp,"FormatTime(_SYSTEMTIME*, char*)",0,1,0x000070D0,0x000080D0,0x004080D0,496,113,d4c7a07b272a7cea9c0686435b7e9b5109fa03dc0bdc2b2f4bdd6bf4f87230bb,b1b5f214bb29a3e3ef4a43d001070aefe0c9a8afdde8291678122b3cffe258e2
5.0.21,Bixby110DataElements.cpp,"GetCompressedDate(_SYSTEMTIME*, char*)",0,1,0x000072C0,0x000082C0,0x004082C0,64,19,6e7b577111ee894c50abc98a99d1e060a5cf9ef6bec1621334cf41547c4f82eb,8829aae014a695dff084aeee8c02c1c354c66e2d7332592e91da2ed097d550ae
5.0.21,Bixby110DataElements.cpp,TextBased_0_255_RangeCheck(char*),0,1,0x00007300,0x00008300,0x00408300,240,76,ccd85d3c04e31e49393422d1d83a6e97daa21e833e15863f1f96c7eb39bfd5a0,bf3a9dfa35c3417b3ca31ca1154eca2037b26ad7e622f198afc9c51652bb2a47
5.0.21,Bixby110DataElements.cpp,bixby110io::bixby110io(),0,1,0x000073F0,0x000083F0,0x004083F0,16,7,d010407f23e8bba2abc8caba95cbfa6c1a52611306c505c04001deba9c59bdd2,cc8a85c95ad6254df2d124300dda6c15cbac59bcce0b9cbaa80ee39911cd127e
5.0.21,Bixby110DataElements.cpp,bixby110io::bixby110io(),1,1,0x00007400,0x00008400,0x00408400,16,7,d010407f23e8bba2abc8caba95cbfa6c1a52611306c505c04001deba9c59bdd2,cc8a85c95ad6254df2d124300dda6c15cbac59bcce0b9cbaa80ee39911cd127e
5.0.21,Bixby110DataElements.cpp,bixby110io::~bixby110io(),0,1,0x00007410,0x00008410,0x00408410,16,7,86ba25da29ae2d2673d115a8ef63d98412744633981541574f1ebbe0fa4cc5e0,1958fcd7cbfcc214f3ced41de9f36b355dbc5bd71b16a50b007d398d5a987f0e
5.0.21,Bixby110DataElements.cpp,bixby110io::~bixby110io(),1,1,0x00007420,0x00008420,0x00408420,16,7,86ba25da29ae2d2673d115a8ef63d98412744633981541574f1ebbe0fa4cc5e0,1958fcd7cbfcc214f3ced41de9f36b355dbc5bd71b16a50b007d398d5a987f0e
5.0.21,Bixby110DataElements.cpp,bixby110io::getrs232port(unsigned char),0,1,0x00007430,0x00008430,0x00408430,240,61,73867105729f9003018904d231c6b884aeb8a177e970d32bdfbda588daf54664,570f24024364e03617217044413716b76c5845c9f543b1b567bc7e6c6c1a299b
5.0.21,Bixby110DataElements.cpp,bixby110io::freers232port(),0,1,0x00007520,0x00008520,0x00408520,32,10,a2014f0f7e3b06b7d96b5703ce08826500a2b56e37e7274281b60b6e7450e275,6724ecdd66cc74f8b68633cd5ae2601162cab324ca420cca4bc8705ea5062a2f
5.0.21,Bixby110DataElements.cpp,bixby110io::getrs232portstatus(),0,1,0x00007540,0x00008540,0x00408540,32,12,9a8a3e2395ebc29dc0b085c6bf5f8313e2c42d747e5dd3f013235b49a4086b35,6091cd814b90ad8d17faf872abc44d3c88cada67ff75b6bf9031cf6f74913974
5.0.21,Bixby110DataElements.cpp,bixby110io::sendcommand(char*),0,1,0x00007560,0x00008560,0x00408560,64,20,ecad831a85b2807381d906867a4fe77aa3df081505e559fbe8f812a61d2185fe,03cc99747e7cc41bdeb8d73b336ee7e78ea4388d8bc145a5cf0e80b386e228b1
5.0.21,Bixby110DataElements.cpp,bixby110io::flush_buffer(),0,1,0x000075A0,0x000085A0,0x004085A0,32,10,c5099d3954233fcae6bf16257b166d90831db29fcc6e8d6f0e419e9af69a8431,629500ec78a2ed5d781d0a52109064d72431985190215ce7e90bfaee7306ccee
5.0.21,Bixby110DataElements.cpp,bixby110io::scanio(unsigned char*),0,1,0x000075C0,0x000085C0,0x004085C0,1936,620,b6420ae8fc1236f2570c4e349f5d902809f907ff3210289666fceab70289da7b,334574b85ad5e92a4696276fb8fbaf00ede51d65acb3edcd2079e3219d83da23
5.0.21,Bixby110DataElements.cpp,"bixby110io::regio(unsigned char, unsigned char, unsigned char, unsigned char)",0,1,0x00007D50,0x00008D50,0x00408D50,320,88,21dde3a723388e3d01a709a21c8ff8fc59432cbb734d6dbad459bf5256df1ae6,ff4f2fc77295ce3059aa47359ceea4cd6f0f8bfea1f78c942900b76eed9fc13c
5.0.21,Bixby110DataElements.cpp,"bixby110io::writereg(unsigned char, unsigned char, unsigned char)",0,1,0x00007E90,0x00008E90,0x00408E90,64,18,669c0b5d0a391eec1f4a51de654dbb47e9bbec0c3447fc304aa1d290916870a5,19fe0bc46a3efba625ed65cb67e2899200c5e7afe56863cff05c548c951c63a5
5.0.21,Bixby110DataElements.cpp,"bixby110io::readreg(unsigned char, unsigned char)",0,1,0x00007ED0,0x00008ED0,0x00408ED0,112,32,d9d2585cf3f956f450f630ba7d6d94282922f519b92529ba2e5364fd543240d6,fb8b62182e9a48029bd8562a699cf4fd133a330a4d91726639b3b4395f061912
5.0.21,Bixby110DataElements.cpp,bixby110io::getCMDbuf(unsigned char),0,1,0x00007F40,0x00008F40,0x00408F40,32,10,1230f5aa4d90ac00d25dd36ab4e1bc3e8e9467a54ff53010a7c134c45e791b56,26e8a66b692486ffd9d93c322b7c2407e4dc7c8afeb8f96d1008d9f88b515fec
5.0.21,Bixby110DataElements.cpp,"bixby110io::setCMDbuf(unsigned char, unsigned char)",0,1,0x00007F60,0x00008F60,0x00408F60,32,10,4552c4d928f5db1ee55220994107a1d9b7977b6736ba66aff0fce23fa0985f90,4099cb6a5aa4bc2e6b705b53a86e1990846b63b60aa5184f66a223b2915b8ebe
5.0.21,Bixby110DataElements.cpp,bixby110io::getTelBuf(unsigned char),0,1,0x00007F80,0x00008F80,0x00408F80,32,10,9b9019236c2c0a6ce59f99d07d7424f1e846b82fda39cbe40bbbfbb06e73751d,e15b8ae36b7c50b07d7e08a73f4a76a7b8085867d6e2e8cf79682131124f47cc
5.0.21,Bixby110DataElements.cpp,bixby110io::CollectResponse(),0,1,0x00007FA0,0x00008FA0,0x00408FA0,80,38,024d470446bc1cb291af07568c1551d54041bdbfc7fc9158be4800fe1bc86372,e6a508e0fb89b38ec67aece668dadd5dae2f9aa72af7634f9f75974e06404420
5.0.21,Bixby110DataElements.cpp,"bixby110io::GetEEPROMContents(HWND__*, char)",0,1,0x00007FF0,0x00008FF0,0x00408FF0,1424,450,6d641b5ce8ddd3fd90e2d08911bed8de68dd71d0891724d254c3ae3b004bc287,d366221453f0e3a96f7c8cdc5352c9ef52e2c1f7d35104f87d10aa83799508e4
5.0.21,Bixby110DataElements.cpp,"bixby110io::getUnit0Data(unsigned char, char*)",0,1,0x00008580,0x00009580,0x00409580,432,144,135a64258583d25f8a3f2678836856be5c76ea89f1663d8ac289e565af03045f,17bcb5c98cdf09d88733f1ff08337f4f531f0c32351e4eb0c98a88fc31358573
5.0.21,Bixby110DataElements.cpp,"bixby110io::getCmdData(unsigned char, char*)",0,1,0x00008730,0x00009730,0x00409730,272,87,f9d2d45a100554046f4b9368911452f37135f6e38b12e0063f39c52294f78e12,29cec252196f749b88e18d6b1d2378fa60ca196b4cb5c3bee8c56002189beb62
5.0.21,Bixby110DataElements.cpp,bixby110io::write_char(char),0,1,0x00008840,0x00009840,0x00409840,64,19,c9d83bda770fe6704c5e8f417bd91f6018cb5b4c836a8fbce5e0bfff57c504a8,e2871aa65be4d5a0234f143123cd4bd3a7b3a6cae86497512b1d1a63c465e08a
5.0.21,Bixby110DataElements.cpp,bixby110io::read_char(),0,1,0x00008880,0x00009880,0x00409880,48,14,bc3e2ba0cdfdc13fb4c0f7dde1f5f7204597874f6744c3e0026dfde3241c8617,be77f7a2784f8bad2bfb0443fde907b17caf180bbcf33c8a8ae85046fc85901b
5.0.21,Bixby110DataElements.cpp,bixby110io::status_read_char(unsigned char*),0,1,0x000088B0,0x000098B0,0x004098B0,48,15,1b7a6b1f21103a22b7f50c231d778dd083421b8b88c81ff9aea546ee72766944,dfd0d2c95ce801424fb5b4e2381aea4ba5deb46ca347a77b28b7b261b0cd508c
5.0.21,Bixby110DataElements.cpp,bixby110io::CalculateChecksum(unsigned char),0,1,0x000088E0,0x000098E0,0x004098E0,128,46,147877f3069bd85ca1cfbaebef7642e51fae4f0c45a7aad2983ad09881728b51,16e9af4e9d1ca3f5ad3dedb10efa0179bf2db3c71cf80015ae9532239d945fc4
5.0.21,Bixby110DataElements.cpp,"__static_initialization_and_destruction_0(int, int)",0,1,0x00008960,0x00009960,0x00409960,320,89,3f64d83c5a0b3732382ec4420493cade02c171c84cdf62c3a55217749dfeeb05,d6076843e488e0c152a505710049e2018909c675083e5d153e396c06cc9a6aee
5.0.21,Bixby110DataElements.cpp,global constructors keyed to Bixby110TelemetryData,0,1,0x00008AA0,0x00009AA0,0x00409AA0,32,9,c933a0031bfe3f39c3033fb44b30835bdbc4269aac47057d7d77053737477dc9,fb6380c3769fe354f2d3a491b33dae6014618747c2e1206e75e5e3ebffd0db08
5.0.21,Bixby110DataElements.cpp,global destructors keyed to Bixby110TelemetryData,0,1,0x00008AC0,0x00009AC0,0x00409AC0,16,6,69024818fc91fe544d778a802bd62918f7b703d12532de891062325947349133,6f5b5a16f6da5c61d28a0531ffdbf0eaac9ec8624913b7ecfde657edddd98e2e
5.0.21,Bixby110dlg.cpp,bixby110control::bixby110control(),0,1,0x00008AD0,0x00009AD0,0x00409AD0,6016,1247,30082ffc0b182cbdbb512cd5cadb757d3a32380a818d36ad210023443afa5948,4974f2f9ee21fe6677b3bf847149c7c054ee4022d523fcb5687479c0e2335f89
5.0.21,Bixby110dlg.cpp,bixby110control::bixby110control(),1,1,0x0000A250,0x0000B250,0x0040B250,6016,1247,1d725b125a1a931d3715d368c8bb3f7a36852508ff20b4ee9b05039a829caa04,628814eef93b5abdcbb91b845fbaf6111701074d8fb543436a3cbead5f62f9e6
5.0.21,Bixby110dlg.cpp,bixby110control::~bixby110control(),0,1,0x0000B9D0,0x0000C9D0,0x0040C9D0,4608,990,4a5e1ec342b725e33978bb60817d69c2b2573132a4ad241c1f96ab1eafe045b3,ed79e73769969a1f46059c52c019acdfb93f5bb38fd97c420dc682b31ef52cff
5.0.21,Bixby110dlg.cpp,bixby110control::~bixby110control(),1,1,0x0000CBD0,0x0000DBD0,0x0040DBD0,4608,990,b2a6c644043c4527924afeb7db3bf334a6175b3b1f752fd5f8aa78aeceaeedc2,ed79e73769969a1f46059c52c019acdfb93f5bb38fd97c420dc682b31ef52cff
5.0.21,Bixby110dlg.cpp,bixby110control::BixbyProcessHelpRequest(),0,1,0x0000DDD0,0x0000EDD0,0x0040EDD0,2960,694,eeef4c4f80ae92aef33c34473f632afc8d97b5605c6737f0b5431726176de160,396dbff6271d8bcfd7279bf73e76b8f3c816cb1bc5b7585d000b4a1988d22016
5.0.21,Bixby110dlg.cpp,bixby110control::AppendDataLogLine(char*),0,1,0x0000E960,0x0000F960,0x0040F960,128,38,82aaafe791b08b8b3c01be9d437915f9f94a5356eb3507e3587fd7126df81075,4bdc96482dd4b559e74af1001090143b9e5458beeb89b2e4c971312146f66a48
5.0.21,Bixby110dlg.cpp,bixby110control::WriteDataLogTimeDate(),0,1,0x0000E9E0,0x0000F9E0,0x0040F9E0,192,51,3ef0589621a07c688ac433bec7b605b94c36c7edfdc34869c68ea8fa5989d840,2da9a745ba6f1232eb93ac23b1e31610b5c3fa0bb5773f1ddad1fdf6250b13ea
5.0.21,Bixby110dlg.cpp,bixby110control::WriteDataLogLine(),0,1,0x0000EAA0,0x0000FAA0,0x0040FAA0,352,86,cc60bdb99a0cb91cb7b86fb785af93f19cd11292db22b30459fcf2de2774a7b0,bcbb8aa6f0f0f7aa20d89233cd84ce6b150d4ca184eeea14b012f8670d447679
5.0.21,Bixby110dlg.cpp,bixby110control::WriteDataLogDescription(),0,1,0x0000EC00,0x0000FC00,0x0040FC00,736,172,1de1b17d05e2b60dc811477fa45694fb5cec61b222c05572f3c1330d149a143d,96e8cc2adede915daa7de4b509d715dbaa35da72cfc8273f6954ef6e9bc66d1d
5.0.21,Bixby110dlg.cpp,"bixby110control::Bixby110UpdateData(char, unsigned char)",0,1,0x0000EEE0,0x0000FEE0,0x0040FEE0,11856,2511,fce21a67e5a6db834c8819acf2b70ad109cea7e50b7fec5789396b244ef2bdc0,bfec07484b7a3bc4129f1132617ccfc80c4324c3ed5506293a21828ec3f4e622
5.0.21,Bixby110dlg.cpp,bixby110control::GetSelectedModel(),0,1,0x00011D30,0x00012D30,0x00412D30,80,29,e1e56a8377b2b8fb24de6e75d12f2ee5d926b65e48f7c60dc1fb3ae76de5cd4e,41f153a4a4648fb09bf70c3cb2886c0fddcd21f23053629ff9dbc6b7950cf381
5.0.21,Bixby110dlg.cpp,bixby110control::GetSelectedAltitude(),0,1,0x00011D80,0x00012D80,0x00412D80,96,33,d1dac17e2bc89867328b4ac184b1b83cfdce9219c12b2134a7e6355bc83b96a2,45e67665ff889a2ed2e67081a4440ebe266b4489f65e63921c979794d2345c8a
5.0.21,Bixby110dlg.cpp,bixby110control::GetSelectedFueltypeA(),0,1,0x00011DE0,0x00012DE0,0x00412DE0,80,34,219e578a836fbbb17550e27046e90862598ca40a697ff4329f59df83a6002b14,6284da76fcff483eb1e38dcac9c57ec7c730ec8ca2c1891421b7a3fdf221f26c
5.0.21,Bixby110dlg.cpp,bixby110control::GetSelectedFueltypeB(),0,1,0x00011E30,0x00012E30,0x00412E30,80,32,ca6060371ae7e16017b7a3dc3a0e3e6e0300ee21dd830671438ed2f6df15b8f1,3df4117bebafd64e3095a5d8e9c23505a5fa8d76b09a66696baf5b1d436173a1
5.0.21,Bixby110dlg.cpp,bixby110control::GetSelectedFancurve(),0,1,0x00011E80,0x00012E80,0x00412E80,80,29,60ec5c7832d0dfe962840e178eb839e79001dfed9281d57396f9e5e227886370,23882ce4eb15ab2a87775804209a4afb1eefab0a1e83529a54e6b45e17726b62
5.0.21,Bixby110dlg.cpp,bixby110control::GetSelectedFeedwheel(),0,1,0x00011ED0,0x00012ED0,0x00412ED0,80,29,9b83be3db0ddc5b97b9ef401aee5e9e22d00d17b5a4e995afd61988a4fb7be06,128b5839e6974d6abad14e6f591a71006e222745d6dba9344fb806d307fe79db
5.0.21,Bixby110dlg.cpp,bixby110control::Bixby110TuneAdjustments(unsigned char),0,1,0x00011F20,0x00012F20,0x00412F20,1984,574,ff2ff9b8af6d0e67efe5383a14d6ab460aa7cdedd2324763a5d134334f076864,99635b48eeee67a73c0dccacea670271593b2fd56d25c6dbb57d4f8cec49d32f
5.0.21,Bixby110dlg.cpp,"bixby110control::Bixby110Initialize(unsigned char, unsigned char)",0,1,0x000126E0,0x000136E0,0x004136E0,288,111,1d22fff4a71a68f06b767f16188303b644b776393bc43af3a4527526f9118784,c5489294d0f1d3e2f401ca61ad2c4413781c7335398b466d68734d36694c9a47
5.0.21,Bixby110dlg.cpp,bixby110control::LoadReport(char*),0,1,0x00012800,0x00013800,0x00413800,2304,505,0c9f91a024e19a3dfc345b51ce6b36907de519e433389f3f97f16f35c8d7fc3d,4447665f5e9772ded11c6aa47d4e44f842f4f3a0f47148e5cb2855cfa2100bc3
5.0.21,Bixby110dlg.cpp,"bixby110control::Bixby110DialogSetupTelemetry(int, int, int, int)",0,1,0x00013100,0x00014100,0x00414100,528,144,a84dc543c963a48bed750d9efe42b0bcb974e4771bb188a46d6da6a3851d0f52,66ed65dfb9abfd9b0597040f7ef8db3df5a2e196fcd9d833bdc51f3b4e358280
5.0.21,Bixby110dlg.cpp,"bixby110control::Bixby110DialogSetupIndividualization(int, int, int, int)",0,1,0x00013310,0x00014310,0x00414310,784,196,23c7b77cc4cfbe82cd5c495af2202e3f4039f707bb4c2c32b2f61b412d317f4b,55bdb4649410a9874575b858bee63f3a3ed73e9bd567976e4692cc1f121d1711
5.0.21,Bixby110dlg.cpp,"bixby110control::Bixby110DialogSetupQuickCal(int, int, int, int)",0,1,0x00013620,0x00014620,0x00414620,1200,318,f56ada29380305865928b05d210da829cd8d508e2ee5931b4d4f8890710606b6,0107f4c0769dfcd409344fb4612d6e6a016fbccda7c99a2cbbe6c3af8a0b8346
5.0.21,Bixby110dlg.cpp,"bixby110control::Bixby110DialogSetupDebug(int, int, int, int)",0,1,0x00013AD0,0x00014AD0,0x00414AD0,832,207,5804c196b3b05ef7ea4f33161f9daee9941f74d522cdd89abbe0129466fbf28d,66e51c72d8aaf24d194e68f1f020c73b8a7b07aa9cb22711900a48f82fb33c53
5.0.21,Bixby110dlg.cpp,"bixby110control::Bixby110DialogSetupFlueMonitor(int, int, int, int)",0,1,0x00013E10,0x00014E10,0x00414E10,992,250,9a738ff14f0e922c2365aaf284d76c43b5d64f9cbb0fa6323ea105435dc37d44,d091ff8416b343e57005bbbd061a31bf8260540897faa1c505fe738b22147496
5.0.21,Bixby110dlg.cpp,"bixby110control::Bixby110DialogSetupFuelMonitor(HWND__*, int, int, int, int, int)",0,1,0x000141F0,0x000151F0,0x004151F0,960,262,34e641b365a1f7e0ebf147e2b5a7098bc2fa7befad3210c51e3918f3b5e298d2,caed127d7da791c17f2997482a3047771540a10a211b8d87053b004a1de820c4
5.0.21,Bixby110dlg.cpp,bixby110control::Bixby110DialogSetupUtilityWindows(),0,1,0x000145B0,0x000155B0,0x004155B0,1472,359,cfafb8d6cac6da24842697c2116a7489e88f9d0aab17a528df945dff668bcea0,9b44577e16abde92dddb92aa55afc59f75d402b9ae8f848a7784a8bb3a3be4dd
5.0.21,Bixby110dlg.cpp,"bixby110control::Bixby110DialogSetupButtons(int, int, int, int)",0,1,0x00014B70,0x00015B70,0x00415B70,768,204,8277c284d50dec8c939d01e5b6ba8b2e94d31d5160f3642a6ed68ba63a169e71,d7734efe49525cf768362a287be552ef6de98fa5190571c0c58f96a6513f0b87
5.0.21,Bixby110dlg.cpp,"bixby110control::Bixby110DialogSetupPanel(int, int, int, int)",0,1,0x00014E70,0x00015E70,0x00415E70,368,100,9688aeb5e22537a6096a9c85c274b11ad6730128e00a77d51020ef343b8a34b2,30d08ce75d0fe41fff981870934dfbbac28692da8487190b8aebb61c8ecec11f
5.0.21,Bixby110dlg.cpp,"bixby110control::Bixby110DialogSetupUtilityWindowButtons(int, int, int, int)",0,1,0x00014FE0,0x00015FE0,0x00415FE0,240,68,9206a6aea77b52f21f78557f2abcabff490bf4e54c8aa4eea7c5ac9d90a24969,84c5b323de3d09cc24b299589e2c03866b1290201adada68b5d9152e40fa7019
5.0.21,Bixby110dlg.cpp,"bixby110control::Bixby110Dialog(HINSTANCE__*, int, unsigned char)",0,1,0x000150D0,0x000160D0,0x004160D0,14864,3433,032a7f57918c5a2f817dd03b104d0f7b38da3e7fd950265ffe05e3fffe3a6759,067d7ef1e8bb68294707d439943505ae900a46ee5a1d0e470d7ffb68cc49a825
5.0.21,Bixby110Downloader.cpp,bixby110downloader::bixby110downloader(),0,1,0x00018AE0,0x00019AE0,0x00419AE0,2272,490,9fa4e1533fda3f7fc0e5d430bbab834972661f27fab1f325682b9d234349aa6a,c03a01cf0a76fd1fbf5bdd577376a5d92f712dffb1c53eac4193298bc1fcf486
5.0.21,Bixby110Downloader.cpp,bixby110downloader::bixby110downloader(),1,1,0x000193C0,0x0001A3C0,0x0041A3C0,2272,490,819e05595000d3f67c13937037a7e66e04f277a1c2929e76d58eb5b3559d157b,c03a01cf0a76fd1fbf5bdd577376a5d92f712dffb1c53eac4193298bc1fcf486
5.0.21,Bixby110Downloader.cpp,bixby110downloader::~bixby110downloader(),0,1,0x00019CA0,0x0001ACA0,0x0041ACA0,1744,412,4bb85899e555b2b7adc3e83a284ec45a2a60fb39bd0937d077647a6967e0f3c0,04866ccb1226323cd3999fda9ea4ca289bf4c6958015d21a645561cb958d35ee
5.0.21,Bixby110Downloader.cpp,bixby110downloader::~bixby110downloader(),1,1,0x0001A370,0x0001B370,0x0041B370,1744,412,f823bb2a6ac62e2f14629887fb3220249d6b1cadbe102d316ae312f61b2d9e6b,04866ccb1226323cd3999fda9ea4ca289bf4c6958015d21a645561cb958d35ee
5.0.21,Bixby110Downloader.cpp,bixby110downloader::gx(char),0,1,0x0001AA40,0x0001BA40,0x0041BA40,64,26,75085f72b8dafcfda85831e55af7ed36f8e3d41f58df6a82450461a21258d601,80372ed0b720abc18885fdbea898ea6a25555ef534d03326ddfdff4376f6cc24
5.0.21,Bixby110Downloader.cpp,bixby110downloader::g2x(char*),0,1,0x0001AA80,0x0001BA80,0x0041BA80,144,59,2d50acb29d844c05fe8404fde4855e83385b26a8fdab47803553f18ddf262555,22979bb2702e54311a59e69f168e4cf282b2a30dd40fd5978c1145164ae80447
5.0.21,Bixby110Downloader.cpp,bixby110downloader::g4x(char*),0,1,0x0001AB10,0x0001BB10,0x0041BB10,320,117,0a1a2b127d24712c8ef182e5fe48e7ed940a3382412618d865baa07d34e9f160,dc7c1249900394eb58b90941c1dff8cd013f63a143ca88e516702bf00c83ed15
5.0.21,Bixby110Downloader.cpp,"bixby110downloader::getbyte(unsigned char, unsigned char*)",0,1,0x0001AC50,0x0001BC50,0x0041BC50,80,36,f79c8bdf14820c2c5e7adda2a1b7dd57767fcfa9265ebcd819290931158b4bdc,6f6463e2823deb44614cd268dc49dd77e34b13fd04fbaea708d30a3653bc1f04
5.0.21,Bixby110Downloader.cpp,bixby110downloader::getbyte(unsigned char*),0,1,0x0001ACA0,0x0001BCA0,0x0041BCA0,80,35,cc27780bc83ab5e046cd5ac3cd6cb4844353c04251f1fc85e1e804e2fe37773a,2c21401f197131846a1571e11cf64133fe06f8d674ed0fbcdb3161c8145c82f5
5.0.21,Bixby110Downloader.cpp,bixby110downloader::sendbyte(char),0,1,0x0001ACF0,0x0001BCF0,0x0041BCF0,48,13,f4754f922e64e9cd574aaa242907e1458b900e2a719df1127b783adcae2ed71a,9330dd5c6b79d1871a78cd0466bcb2cd0ff5001096937d4302d91c10bea5dc89
5.0.21,Bixby110Downloader.cpp,bixby110downloader::GetStoveVersion(),0,1,0x0001AD20,0x0001BD20,0x0041BD20,544,134,d2a5a1fe2fcc739b31a53638897731a205d42b9e30499deb9c249a44708afc49,83e1b4b3d9928eb70468a73e7058a3cfb38b6313f916c897572884a38b465416
5.0.21,Bixby110Downloader.cpp,bixby110downloader::AttemptStoveReset(),0,1,0x0001AF40,0x0001BF40,0x0041BF40,64,18,87d66fab3de7aa731d5fd2d8b98eceb58fb4c9238a84120386dcf49237e1946d,010bff78b3d85412fb8e711c08e67b56e28161ad12b06ae68ee1595b2b071048
5.0.21,Bixby110Downloader.cpp,bixby110downloader::SendDone(),0,1,0x0001AF80,0x0001BF80,0x0041BF80,160,50,81eabd2828ac64c09335a06825d33d84e62f5743ee4f700808f4d668927d10c6,5f4c0b22ebde7b1defd9ea351f440199194c31d610e4c8672121f1816b7eb535
5.0.21,Bixby110Downloader.cpp,"ReadFile_fgets(char*, int, void*)",0,1,0x0001B020,0x0001C020,0x0041C020,160,62,eb963b4633b71b3af47ae48f2db3b27ee2c00932139d25eb883346b21834b5f0,756bd78445db9a9f62737474720935dbf79143abd5aba2039c353443ea17a03d
5.0.21,Bixby110Downloader.cpp,bixby110downloader::LoadHex_Open(char*),0,1,0x0001B0E0,0x0001C0E0,0x0041C0E0,496,128,baef2e3e18d4381317aaeb7dec24e680e73a354ea69d65753652e5bc64942a12,fb90cfd07aa4491a7916709c793efb24501e27e750e12b03edccb3b64284b7c5
5.0.21,Bixby110Downloader.cpp,bixby110downloader::LoadHex_Read(),0,1,0x0001B2D0,0x0001C2D0,0x0041C2D0,400,118,56cdebfa958b51da6e44337a92d6f8a88507535c5b5028673fa98e0de6ccc167,3e072fa192a4ee3fdb66ebbb779f178b97a29c3fcfbbd8767980e132a8048f8c
5.0.21,Bixby110Downloader.cpp,bixby110downloader::LoadHex_Close(),0,1,0x0001B460,0x0001C460,0x0041C460,96,31,4fc3cbf8783fcc1f6c3daf32f2d2b1c31fb24516424fa533bd9f7df333f7190c,f7f402c7e5e9a70b6f898b47d6a3d846df81289a40b7c0514c53a306cedfc429
5.0.21,Bixby110Downloader.cpp,bixby110downloader::LoadHex(char*),0,1,0x0001B4C0,0x0001C4C0,0x0041C4C0,1648,452,b4f39ffff48cea59cce28c6c2ce24a8ca6168347e28224b3dfbbcd5ca8f38d5e,9f1f110e4a90de5a2818859d0a5a1e1d1c797e7165c4baac5f92e71d3ca117c4
5.0.21,Bixby110Downloader.cpp,bixby110downloader::DownLoad(),0,1,0x0001BB30,0x0001CB30,0x0041CB30,1280,331,81c220cc90bcf0bccff68f0755f176241deada7928f866d4cf8a0c31211dac2d,215882463ae79b117c91d9428f3a5168d0deea97a01145d2af5ff54d46ffa9a2
5.0.21,Bixby110Downloader.cpp,bixby110downloader::Identify(),0,1,0x0001C030,0x0001D030,0x0041D030,304,89,d45e9e873758a544e8ea9eea221f0f7eb8d1a5c2efe2bf02926982f05a557d97,83631dbe1d228ebef071e62153444a35b73a276652d0325331b61227ed7ee2ad
5.0.21,Bixby110Downloader.cpp,"bixby110downloader::Bixby110Downloader(HINSTANCE__*, int, char*)",0,1,0x0001C160,0x0001D160,0x0041D160,4640,1119,c4b876572a1d9fa5853e6a90033dcfb29000864b2c964e28c8948bf450810e3f,98b34829632c7c8f1da2742628e7bbd9a1a522fa7fcd04f06295cab9dbad0e53
5.0.21,Bixby110Downloader.cpp,bixby110downloader::StatusMessage(char*),0,1,0x0001B0C0,0x0001C0C0,0x0041C0C0,32,9,028dbcbd6b977218374b023b1b2419d855c4e748460cc9d66e3918821fbb2be8,3ca3637ced4859f9bfc6f3dc511ed5164e36e2e307de427dcb3cf3dfa9def41c
5.0.21,dlgctrl.cpp,CLinkedList::CLinkedList(),0,1,0x0001D380,0x0001E380,0x0041E380,16,7,3dc58b3c44448af923b580e4f533c70ad8b17e2d3a27a5961cbdb8f0413dfd87,bbde383eee8f66c1d1e949fe3fb0a12785c821be8d575fb7fd36e6a5ea5285c6
5.0.21,dlgctrl.cpp,CLinkedList::CLinkedList(),1,1,0x0001D390,0x0001E390,0x0041E390,16,7,3dc58b3c44448af923b580e4f533c70ad8b17e2d3a27a5961cbdb8f0413dfd87,bbde383eee8f66c1d1e949fe3fb0a12785c821be8d575fb7fd36e6a5ea5285c6
5.0.21,dlgctrl.cpp,CLinkedList::~CLinkedList(),0,1,0x0001D3A0,0x0001E3A0,0x0041E3A0,48,21,207049bdfda1c7fcb44d53e09e1f4aed4d81aa090d783031e56e65827625069a,7d21ef70a9f00c26042435e80a33ff9229db4cfd1f84c9b365f1bc50af967b1d
5.0.21,dlgctrl.cpp,CLinkedList::~CLinkedList(),1,1,0x0001D3D0,0x0001E3D0,0x0041E3D0,48,21,dbf363fe5a41f9de7c571dd835c0c736d8c9aeff534df6dfdca39ef52dec49da,29294c2fa3d5d93fe99d881f48a7c42db9c2c6442bc6e74b03ebd6d669f2445d
5.0.21,dlgctrl.cpp,CLinkedList::NewAddNode(void*),0,1,0x0001D400,0x0001E400,0x0041E400,64,24,fb8216e194ab29a39e192efce385837d768727d8a885d10c13266e3802b15a6c,abbd1e486d34834257835275d1040e4fc9d99a2176175eb6f781305428b925d9
5.0.21,dlgctrl.cpp,CLinkedList::NewDeleteNode(void*),0,1,0x0001D440,0x0001E440,0x0041E440,80,34,db6b9656dceb0f15647adef34f1c6bce07207bc4362f4b353fac0f377ff7874d,94b138aa21106939a5c09deb52da61d519080ec58b36a0ac69ff31495f70325c
5.0.21,dlgctrl.cpp,CLinkedList::GetFirstNode(),0,1,0x0001D490,0x0001E490,0x0041E490,16,8,017e80baae5d0f23b98f5855b54367a396302d2c837c715309dee505ca743aed,74c8bb1cceca679971de2ec09996585db0ae5dd108b25a5e3cbaf2bcb33f1005
5.0.21,dlgctrl.cpp,CLinkedList::GetNextNode(),0,1,0x0001D4A0,0x0001E4A0,0x0041E4A0,32,15,19f1f03153866c890bcc0bd5375eb4e5abaa83b0530dd177dcb58c4b2f935936,9561361c0c16cb7d79a05c56167028fe53d97bf2dba0ae226f87e9edebbaaeac
5.0.21,dlgctrl.cpp,dlgmsgrouter::dlgmsgrouter(),0,1,0x0001D4C0,0x0001E4C0,0x0041E4C0,128,34,ba1f98c6b98fe3e1aa6b604be79d28833d353971254f3f8abe5dc6948b42a6b9,c5972219127f5577d54b823485b21344b2a712bb2764984101da85140dcef935
5.0.21,dlgctrl.cpp,dlgmsgrouter::dlgmsgrouter(),1,1,0x0001D540,0x0001E540,0x0041E540,128,34,74b008f7e754277b6bc2e6b4b5feff61935cfe964f6b119a1d830da6c18179fe,c5972219127f5577d54b823485b21344b2a712bb2764984101da85140dcef935
5.0.21,dlgctrl.cpp,dlgmsgrouter::~dlgmsgrouter(),0,1,0x0001D5C0,0x0001E5C0,0x0041E5C0,32,12,7ef359b4b712758074643b7cdc2ad3ded093c837220a6148055f21fa396ab2b0,36629c6df91f15c49113285cc5d162e8a5c2de89035c220166d27c30f7342773
5.0.21,dlgctrl.cpp,dlgmsgrouter::~dlgmsgrouter(),1,1,0x0001D5E0,0x0001E5E0,0x0041E5E0,32,12,5aceb78721f635bd3634c27405d0026f68e43b35fb0a9d432820992ee756668c,36629c6df91f15c49113285cc5d162e8a5c2de89035c220166d27c30f7342773
5.0.21,dlgctrl.cpp,"dlgmsgrouter::DialogMessageProc(HWND__*, unsigned int, unsigned int, long)",0,1,0x0001D600,0x0001E600,0x0041E600,1664,397,909a03c4179b3e73b65ebda6342e98fb78f95bc3b586eead6fd8f8344bddeb4d,20c54a4d93a18ab71c5d06ca386f1bc8cfd340c52654ebd460a5e434618b10e8
5.0.21,dlgctrl.cpp,"dlgmsgrouter::AddMessageRoute(DlgMsgNode*, int, HWND__*, void*, unsigned int*, unsigned int*, long*)",0,1,0x0001DC80,0x0001EC80,0x0041EC80,112,38,ed7dac4cfde0adb6012bfab924b608d78a581b7dd709184fdfda4b73355672b0,f5f8e52cb293dd609c69ce21af4e3e3df22c214b512700a0b3239d6cb6801677
5.0.21,dlgctrl.cpp,dlgmsgrouter::RemoveMessageRoute(int),0,1,0x0001DCF0,0x0001ECF0,0x0041ECF0,16,7,86ba25da29ae2d2673d115a8ef63d98412744633981541574f1ebbe0fa4cc5e0,1958fcd7cbfcc214f3ced41de9f36b355dbc5bd71b16a50b007d398d5a987f0e
5.0.21,dlgctrl.cpp,dlgmsgrouter::RemoveMessageRoute(HWND__*),0,1,0x0001DD00,0x0001ED00,0x0041ED00,224,69,52fc2912b5bab7d18e23560cdb4d973cea96259499431e16f129967c06c33f93,617e771ad4a3b3fcf3abe0cd1c36db6cc3d6efd292e4233da0433eb74cee83e3
5.0.21,dlgctrl.cpp,dlgmsgrouter::GetNewDlgCtrlID(),0,1,0x0001DDE0,0x0001EDE0,0x0041EDE0,32,11,787a409315b680e840e170c96e91678d42a4fed0c929c74626f87af68811d85e,3d313c4652ffa2e7ee4acba4c23406b6a9d05d973e27a789e510bd12c238a4c1
5.0.21,dlgctrl.cpp,dlgelement::dlgelement(),0,1,0x0001DE00,0x0001EE00,0x0041EE00,16,7,ad6cf57b3daeea204a74c4599f8862271b74c35b3704fceff884575e56d2ee6d,dfdca2911ac18aa7ef11cae06f6cf0224cd19f354dc115f946d84f4583417f72
5.0.21,dlgctrl.cpp,dlgelement::dlgelement(),1,1,0x0001DE10,0x0001EE10,0x0041EE10,16,7,ad6cf57b3daeea204a74c4599f8862271b74c35b3704fceff884575e56d2ee6d,dfdca2911ac18aa7ef11cae06f6cf0224cd19f354dc115f946d84f4583417f72
5.0.21,dlgctrl.cpp,dlgelement::~dlgelement(),0,1,0x0001DE20,0x0001EE20,0x0041EE20,16,7,86ba25da29ae2d2673d115a8ef63d98412744633981541574f1ebbe0fa4cc5e0,1958fcd7cbfcc214f3ced41de9f36b355dbc5bd71b16a50b007d398d5a987f0e
5.0.21,dlgctrl.cpp,dlgelement::~dlgelement(),1,1,0x0001DE30,0x0001EE30,0x0041EE30,16,7,86ba25da29ae2d2673d115a8ef63d98412744633981541574f1ebbe0fa4cc5e0,1958fcd7cbfcc214f3ced41de9f36b355dbc5bd71b16a50b007d398d5a987f0e
5.0.21,dlgctrl.cpp,"dlgelement::CreateDialogElement(char const*, unsigned long, char const*, void*)",0,1,0x0001DE40,0x0001EE40,0x0041EE40,432,128,d18f307e3033112f96cbaa4fe66e6ace6b40a5733b10c3e4b759ac04c550f091,047788b8e73d02e2c569f8dd86dc9e21cf3792172acdccde4536b007eea4aa04
5.0.21,dlgctrl.cpp,"dlgelement::CreateDialogElementEx(char const*, unsigned long, char const*, void*)",0,1,0x0001DFF0,0x0001EFF0,0x0041EFF0,432,128,d0001913bb12639ecfa791da85440e4dfdd3ab73d00254b7f5890ad5516c77b3,047788b8e73d02e2c569f8dd86dc9e21cf3792172acdccde4536b007eea4aa04
5.0.21,dlgctrl.cpp,"dlgelement::CreateDialogElement(char const*, unsigned long, char const*)",0,1,0x0001E1A0,0x0001F1A0,0x0041F1A0,48,17,3a9de3f66d8bccd839074db4fb8c68ad62842078fb7937c2f0056ee095aa8059,6abd465793587008b06dbd25f639e44b999b3d66a5d1daa6ed42660376d8dd4e
5.0.21,dlgctrl.cpp,"autocheckbox::CreateAutocheckbox(char const*, int, int, HWND__*, HINSTANCE__*)",0,1,0x0001E1D0,0x0001F1D0,0x0041F1D0,176,57,74f86c7eae042c9bd4697cec9cc9dc27f9f0f28e1d48bfa61474cce280b78b3e,fa6e0fa79b365bab5a93b17a4588b266f1b6aad502501e0d0116ff6165af6568
5.0.21,dlgctrl.cpp,autocheckbox::IsChecked(),0,1,0x0001E280,0x0001F280,0x0041F280,48,17,bb20c37111ae0b0a79d3553e60fc34d613dcddee8fd518c8b5798cc762f2380d,ab25d665d1771e38d0c48e2066fe3c68a805f9040435d6509c20ed21973d62ee
5.0.21,dlgctrl.cpp,"auto3checkbox::CreateAuto3checkbox(char const*, int, int, HWND__*, HINSTANCE__*)",0,1,0x0001E2B0,0x0001F2B0,0x0041F2B0,176,57,631f24dc07aacaa44b706396f21ec14bfbe8e54ae4b2bb5be650c2a59a7a19ec,da3bcb2fd9ce7f990e7fff361d8a758e92609e10a5f79e388941d4b27df5e1db
5.0.21,dlgctrl.cpp,auto3checkbox::IsChecked(),0,1,0x0001E360,0x0001F360,0x0041F360,48,17,d447cd7f09da1930d9bfbe4260baea56d02ec36781e840c3926927c636b6fce2,ab25d665d1771e38d0c48e2066fe3c68a805f9040435d6509c20ed21973d62ee
5.0.21,dlgctrl.cpp,"manual3checkbox::CreateManual3checkbox(char const*, int, int, HWND__*, HINSTANCE__*)",0,1,0x0001E390,0x0001F390,0x0041F390,192,61,47dd85e004965fec510d4740335ed17e10e47287818740aea39abe7532a3fdff,2f36a8b60561de9a802012c6a40c7580fd6dd5cbcd9ad2a0df0af285e3aa7c9d
5.0.21,dlgctrl.cpp,manual3checkbox::IsChecked(),0,1,0x0001E450,0x0001F450,0x0041F450,64,21,61a1b653a4a3f4ec1c81c98aff6abe70400ae3eec1084fec083ad4ae1cb8629c,58c4a31fe3fac5484ef5e717ca3b074f422078fdec9c59d9d3ce900c71c56167
5.0.21,dlgctrl.cpp,manual3checkbox::IsUnchecked(),0,1,0x0001E490,0x0001F490,0x0041F490,64,22,4166c62a86e30d55c46a3041efcd0d04fcbd61bb8b86b935ad12f5f284eff05a,41fdb66c97948204ba8e0de541668a901b82658bc95394fa7db27ae1b269949e
5.0.21,dlgctrl.cpp,manual3checkbox::IsIndeterminate(),0,1,0x0001E4D0,0x0001F4D0,0x0041F4D0,64,21,bd8228d82c23ba4e6c00343be096f75e07df3b5bebd2211090fde114034d389f,2ef02ecf432003eeb65afd417c58061c0b3908332678dd4b92a7e84ba9a9bbaa
5.0.21,dlgctrl.cpp,manual3checkbox::Set(unsigned int),0,1,0x0001E510,0x0001F510,0x0041F510,64,21,5c17913109d728ad6c9bc41ada5b5efd054b721ff038fb4c9b7cea18e75062ac,d81dae49de28e687d9eefb24460a4fc3424b19ffdc3ba6ff65877c63256476b7
5.0.21,dlgctrl.cpp,manual3checkbox::SetChecked(),0,1,0x0001E550,0x0001F550,0x0041F550,64,21,ec0d5d8efa4cfccd0eb4a36e07be97a26ffd1fbfb893187b01b37dbb498c7aa0,28066f8bbea94d58f062d765e2aa9a441ca0166ac50f4895d62913a363964c74
5.0.21,dlgctrl.cpp,manual3checkbox::SetUnchecked(),0,1,0x0001E590,0x0001F590,0x0041F590,64,22,b6135a4258bd60304e4505740dca0c232e9617343d77fa2884274aded9c6ba7e,7d415bddcb035a793d1b1121031178da9db133d2edca75bae8c62cb4cb905cbb
5.0.21,dlgctrl.cpp,manual3checkbox::SetIndeterminate(),0,1,0x0001E5D0,0x0001F5D0,0x0041F5D0,64,21,de5308e0600db7b375a1f2bd2f65f82662a109930c43102e1c46461d2aa8d261,4168dd24bdb635d8771f1faf75a9077db89d9f0389a1215c709318e655232347
5.0.21,dlgctrl.cpp,manual3checkbox::SetTextColor(unsigned long),0,1,0x0001E610,0x0001F610,0x0041F610,16,8,d42a2955cf67b01a9b155f535cfd7978bba1fec859d39ca344e03ead2c6b956e,e160e1cefb37221fc7265e22dbae5e24413f742e571c62c7697306ff72f6f1af
5.0.21,dlgctrl.cpp,"SetBackColor(HDC__*, unsigned long)",0,1,0x0001E620,0x0001F620,0x0041F620,32,13,02aba3648207d552aaf10efc40a736996eab2fc03121e6e437640e6c46b4f8de,9f2678bcc579194631a132a23dc986d77fb0eb26fac039d8a09dea018f9941d2
5.0.21,dlgctrl.cpp,manual3checkbox::SetBkColor(unsigned long),0,1,0x0001E640,0x0001F640,0x0041F640,64,21,6f6f695693f9cac1f320fe40bc06672d5e483210f2dd51f0d898cf659be56174,6262aaeaf1d721bc75b88db701c21e64561adc4bd5660fec200d63d4c837de5f
5.0.21,dlgctrl.cpp,manual3checkbox::WasPushed(),0,1,0x0001E680,0x0001F680,0x0041F680,32,13,012c8089d9009bbc640ef6cb25418047a401889a3f0cbc73d244072f0ec7b027,f6b938d578a005a32bc830b518e02f80e48d27066b77f0fcb13965b899555541
5.0.21,dlgctrl.cpp,"manualradiobutton::CreateManualRadiobutton(char const*, int, int, HWND__*, HINSTANCE__*)",0,1,0x0001E6A0,0x0001F6A0,0x0041F6A0,256,73,d34addf1aa8b8827ef4609e90f7f9a6b8b8331f3b2c9bffcf88b1d4e00856152,eb50d2a12e3814ecb5a823bd16d95e44bafca3e1c96d635b9114b60a7f3ae0c0
5.0.21,dlgctrl.cpp,manualradiobutton::IsChecked(),0,1,0x0001E7A0,0x0001F7A0,0x0041F7A0,48,17,36cb101fe87e7559cb7836933969fd6058f6714a2c83097b547deb1c38424948,ab25d665d1771e38d0c48e2066fe3c68a805f9040435d6509c20ed21973d62ee
5.0.21,dlgctrl.cpp,manualradiobutton::Set(unsigned int),0,1,0x0001E7D0,0x0001F7D0,0x0041F7D0,64,21,4c7f6c96dd6aa06578923e2413fbe33a571068ce62a6939b9c23d50acc9a4171,d81dae49de28e687d9eefb24460a4fc3424b19ffdc3ba6ff65877c63256476b7
5.0.21,dlgctrl.cpp,manualradiobutton::SetChecked(),0,1,0x0001E810,0x0001F810,0x0041F810,64,21,3f08cab952a0cdef4f0675067ad7f07acab025b1648e005ad7b4efafc9959972,28066f8bbea94d58f062d765e2aa9a441ca0166ac50f4895d62913a363964c74
5.0.21,dlgctrl.cpp,manualradiobutton::SetUnchecked(),0,1,0x0001E850,0x0001F850,0x0041F850,64,22,2edfd3e34e97e1b99cbe1b948ee64d6aac2f7ff380e28e6ad172f87df60854d0,7d415bddcb035a793d1b1121031178da9db133d2edca75bae8c62cb4cb905cbb
5.0.21,dlgctrl.cpp,manualradiobutton::WasPushed(),0,1,0x0001E890,0x0001F890,0x0041F890,32,13,012c8089d9009bbc640ef6cb25418047a401889a3f0cbc73d244072f0ec7b027,f6b938d578a005a32bc830b518e02f80e48d27066b77f0fcb13965b899555541
5.0.21,dlgctrl.cpp,"pushbutton::CreatePushbutton(char const*, int, int, int, int, HWND__*, HINSTANCE__*)",0,1,0x0001E8B0,0x0001F8B0,0x0041F8B0,128,38,fd1caca08ee86fc5fb18d79b14c85278d3e62cc155342a45250371cceca8a9a1,d7ec0df928b6789ec31be6c36c4f9239692abf8aa6183d670bbf83ed6f2e318d
5.0.21,dlgctrl.cpp,"pushbutton::CreatePushbutton(char const*, int, int, HWND__*, HINSTANCE__*)",0,1,0x0001E930,0x0001F930,0x0041F930,336,97,0453daabab2739b8727d48671afd46851f28ac7b3b2df64436a5e05be1698f90,df4c22352e901472470ebda1a37347d9916f83e90a427fc9d1adadbdfe557711
5.0.21,dlgctrl.cpp,pushbutton::WasPushed(),0,1,0x0001EA80,0x0001FA80,0x0041FA80,32,13,012c8089d9009bbc640ef6cb25418047a401889a3f0cbc73d244072f0ec7b027,f6b938d578a005a32bc830b518e02f80e48d27066b77f0fcb13965b899555541
5.0.21,dlgctrl.cpp,pushbutton::SetSimulatedPush(),0,1,0x0001EAA0,0x0001FAA0,0x0041FAA0,16,7,5ca96926bc17ead5a280af106edf3e984590c8d2ca64b24dd4a6586f89a7812a,d1a6fb2e2659e5235fbfba0e101e0932eb39829b72e01a1fda046cffffa15369
5.0.21,dlgctrl.cpp,pushbutton::SetTextColor(unsigned long),0,1,0x0001EAB0,0x0001FAB0,0x0041FAB0,16,8,d42a2955cf67b01a9b155f535cfd7978bba1fec859d39ca344e03ead2c6b956e,e160e1cefb37221fc7265e22dbae5e24413f742e571c62c7697306ff72f6f1af
5.0.21,dlgctrl.cpp,pushbutton::SetBkColor(unsigned long),0,1,0x0001EAC0,0x0001FAC0,0x0041FAC0,80,26,e97793599d5a92a5b5286bde8534a701b4367e92f7533af347125669ca7054ad,d4b5d1d095971c1d04e20bc5dd2f4db36ed297dd7f93c4017553467e4baad5b6
5.0.21,dlgctrl.cpp,"listbox::CreateListbox(char const*, int, int, int, int, HWND__*, HINSTANCE__*)",0,1,0x0001EB10,0x0001FB10,0x0041FB10,160,53,c48bdc47ed248d60933c896409445ddeb550b71d754b694c34f1e921b6d42c06,194bded613d333cae9ecd1150337c0ad168907988126525e41ad9d3781c757cf
5.0.21,dlgctrl.cpp,listbox::Addstring(char const*),0,1,0x0001EBB0,0x0001FBB0,0x0041FBB0,48,17,d4fffc47125d4eef2915c705623fb3eb2206f5bd8401f43e0c5befe61e3210a9,a787f59c3498d6456abbf7f90dfec30f15c68bb916e9509ebf7a51fb112770a1
5.0.21,dlgctrl.cpp,"listbox::Insertstring(char const*, int)",0,1,0x0001EBE0,0x0001FBE0,0x0041FBE0,48,17,f3343975fce693e5519588bf078a51c7e5982f969eddd59aeeba9d47f22670af,c4f1193d32077ab03a36524c272b8be544638eea7593b71d46cfe3b8567d6bda
5.0.21,dlgctrl.cpp,listbox::Deletestring(int),0,1,0x0001EC10,0x0001FC10,0x0041FC10,48,17,075acebeb061d4f00f0badf9d088b69fc0b4c6cf7125f673662b68981c47c4d7,8c3558b2d2066e2035b6f0fe6af6d060b43140f671a4b8f2a47e42ad88c5b1e6
5.0.21,dlgctrl.cpp,listbox::Getcursel(),0,1,0x0001EC40,0x0001FC40,0x0041FC40,48,18,e2151c37a0e416a5f0415ae64aacff784e297a660fbfb5c6bb5b35af909703b5,2ac23ebbb0eb24b7a5bc552985d2b4697370c9636b06c7d83e8ad020ed4d43d5
5.0.21,dlgctrl.cpp,listbox::Setcursel(int),0,1,0x0001EC70,0x0001FC70,0x0041FC70,48,17,6c5e49c3c4762fde41275adc191c4762e5112f2daf019dea628e46a4906e2eae,7bbd3f1442ed6a6340ffaf194c3415538dffd9bf107a04d91ccfae4229eae5b9
5.0.21,dlgctrl.cpp,"listbox::Gettext(char const*, int)",0,1,0x0001ECA0,0x0001FCA0,0x0041FCA0,48,17,af1ffb41746b5665cc62c8ca08e13d4b07362a62f91d09a6ff7cb6e9406d96b7,270a8d875bd2761501c4707e29ee8f4adfab372fe33476b57899a2d14c4c76dc
5.0.21,dlgctrl.cpp,listbox::Resetcontent(),0,1,0x0001ECD0,0x0001FCD0,0x0041FCD0,48,18,5f88557c57f9ecb6489d84bcdc7b33e545877a67081119b745b915d0c283f6c5,b482b6696227e259fa1030100e21da492ae7095dbbe799680fdaf57136c1d458
5.0.21,dlgctrl.cpp,listbox::WasPushed(),0,1,0x0001ED00,0x0001FD00,0x0041FD00,192,52,107615911d37dc6e903964fd6ad3df9f4cf45fcaf09b16ddc5770c2e3049940c,253f73e10d67f8dd35e0452c96f3fea324185f6340e2343f7ef050d1949a9c1b
5.0.21,dlgctrl.cpp,listbox::WasDoubleclicked(),0,1,0x0001EDC0,0x0001FDC0,0x0041FDC0,48,17,6e2515cc2029ff8190c2f3785f428623c5832a1a59fa134faeca8e7fa5dad3d9,3d64b4325983947bbaf8fb44d7bd5cdb7d721c19b02ac5363f711bdf63666460
5.0.21,dlgctrl.cpp,listbox::WasSingleclicked(),0,1,0x0001EDF0,0x0001FDF0,0x0041FDF0,48,17,755c1678d989e201526b07c18d3a5e526a1a3659b43ab94719f303dd3d03bcea,f26484eb162911157ccb068cbeaee8e9bdbd78398ac52dc75ca704d68779b30e
5.0.21,dlgctrl.cpp,"edit::CreateEdit(char const*, int, int, int, int, HWND__*, HINSTANCE__*, unsigned long)",0,1,0x0001EE20,0x0001FE20,0x0041FE20,192,60,8226db2c03f8230f0fac2c5b8055acb0fc4cb5c77c6e4aa77de57fbe9c20e5d3,8ee3e0fe76df4e0a18d4c2d5b077b3d4d7d53dd248ff92b68313b00d3eac33d4
5.0.21,dlgctrl.cpp,edit::Gettext(),0,1,0x0001EEE0,0x0001FEE0,0x0041FEE0,64,19,4f093af26c125670bbe9d65af7347e7489bffa4c1ad26f9fba7aa5031ed541ff,599622286fb989b8e201df73cf8cc90c633b959d42949d0d9dacd6919d984753
5.0.21,dlgctrl.cpp,edit::Settext(char const*),0,1,0x0001EF20,0x0001FF20,0x0041FF20,128,42,a5038d27af50880a5514ee4efde09e89f5a39fa07918908f44144832b105697d,998b705b2b8a9e43ad806222f8fae012a4438541f10f2938be4be5c87b4539e7
5.0.21,dlgctrl.cpp,edit::SetTextColor(unsigned long),0,1,0x0001EFA0,0x0001FFA0,0x0041FFA0,16,8,d42a2955cf67b01a9b155f535cfd7978bba1fec859d39ca344e03ead2c6b956e,e160e1cefb37221fc7265e22dbae5e24413f742e571c62c7697306ff72f6f1af
5.0.21,dlgctrl.cpp,edit::SetBkColor(unsigned long),0,1,0x0001EFB0,0x0001FFB0,0x0041FFB0,80,26,47d0de957ad9bea6fa7ade42d2f13582b0ed2aa77714f17c79dd496ddaeaa00f,d4b5d1d095971c1d04e20bc5dd2f4db36ed297dd7f93c4017553467e4baad5b6
5.0.21,dlgctrl.cpp,"editex::CreateEditEx(char const*, int, int, int, int, HWND__*, HINSTANCE__*, unsigned long)",0,1,0x0001F000,0x00020000,0x00420000,176,59,a4dfc53be0db59515e87dc1461bc764c9bd8f837c6968c2da2cb2cb1e83c27d2,6c3988749a7622e1ab76553ea8aabcde7dcb1b861521600c0b04bf6317dd3254
5.0.21,dlgctrl.cpp,editex::Gettext(),0,1,0x0001F0B0,0x000200B0,0x004200B0,64,19,0df50883e567f4a1103b2af3f33c89f867136c21dd5dc66f426711af89c17057,599622286fb989b8e201df73cf8cc90c633b959d42949d0d9dacd6919d984753
5.0.21,dlgctrl.cpp,editex::Settext(char const*),0,1,0x0001F0F0,0x000200F0,0x004200F0,80,27,2c223805edd565bde817562bb05b4fbd2fc08ea6958a55f4aa5cbb022ec5815c,c5fc29345f1297e722fa3e201f909d8b7fa9adaa1791e8b1e0de1eaa5c022542
5.0.21,dlgctrl.cpp,"scrollbar::CreateScrollbar(char const*, int, int, int, int, HWND__*, HINSTANCE__*)",0,1,0x0001F140,0x00020140,0x00420140,112,32,02ea1aadeda244174f247ac9389d8cee3111d74f0ddb0d96c24b7ae99a2fd678,2858b250d3163240bbeff92fb7263af71144b70f6e883fddbe46c277194965dc
5.0.21,dlgctrl.cpp,scrollbar::SetInfo(),0,1,0x0001F1B0,0x000201B0,0x004201B0,64,19,17c090c3840186864e0840be92fe6431fbfb7759279f77f372027d2f80ffcb14,318ec9e4f2d0d8de22f08ca2d3fbc76cf1d54ab28a3428f71bc495d505eeef67
5.0.21,dlgctrl.cpp,scrollbar::GetInfo(),0,1,0x0001F1F0,0x000201F0,0x004201F0,48,16,e186cc6f334ac266bb2be683d058870b47bb2779902504b34f371cc8498f1987,409f9cd97bd588b4fbeadf56c9ea473f2bca5bc0d6f9dfacdc83950ff1810e86
5.0.21,dlgctrl.cpp,"scrollbar::SetRange(int, int)",0,1,0x0001F220,0x00020220,0x00420220,64,20,e3e2ce92657446fe64a59617259a3436ce56f49ba800a5de6d4e99e90e17dd4b,5f5a7485f1d3805a5712b2965f2e0e6652863cb8835745e5dfc91e6230227ec5
5.0.21,dlgctrl.cpp,scrollbar::SetPos(int),0,1,0x0001F260,0x00020260,0x00420260,64,19,6e569f0de8a4b19a938a14e5c3a2f5b9d4c2f696e9e03badfd3263a2ff1ab54a,b900b4d2c6510adcbb82350afa3f9fd4f3ef1423ce88afad810101be4bd3ac98
5.0.21,dlgctrl.cpp,scrollbar::GetPos(),0,1,0x0001F2A0,0x000202A0,0x004202A0,48,15,d5f8da77a8d23697af8fcf7e7bcfe24e6d1d6b69ac7375da0dd9105d2ff43e6a,5d8b5c7b8bdd5f59411c38e4e92bca8c7d3ced117e079e162a33314f45b3ff39
5.0.21,dlgctrl.cpp,scrollbar::WasMoved(),0,1,0x0001F2D0,0x000202D0,0x004202D0,48,15,33e33de46c84c803a4ee2730eaf493ce12c64d08dd719be24ecebe13b07ef860,7bc5754180e28ce06fbfcf67973d693036e3dadd9b1c7adb3e78ba172eb97d54
5.0.21,dlgctrl.cpp,"statictext::CreateStatictext(char const*, int, int, int, int, HWND__*, HINSTANCE__*)",0,1,0x0001F300,0x00020300,0x00420300,240,75,f80a219463c58284334b49b649284c9a91d8b744faf7949a147cde7004e31ec7,99c92f744aec298b63e6d2145c5c57c6f4d0a88723d89373fabc808d4b2ca354
5.0.21,dlgctrl.cpp,statictext::WasPushed(),0,1,0x0001F3F0,0x000203F0,0x004203F0,32,13,012c8089d9009bbc640ef6cb25418047a401889a3f0cbc73d244072f0ec7b027,f6b938d578a005a32bc830b518e02f80e48d27066b77f0fcb13965b899555541
5.0.21,dlgctrl.cpp,"staticborder::CreateStaticborder(char const*, int, int, int, int, HWND__*, HINSTANCE__*)",0,1,0x0001F410,0x00020410,0x00420410,96,30,0658b3060ab30759a66012f3af9e0ce13dfad63edb9ab2bbaa2e7cecd4edbc6f,f746e608de175f1fb36dffff4730c081f656e618e461617d6595feb6ffd96d26
5.0.21,dlgctrl.cpp,"DlgWindowProcedure(HWND__*, unsigned int, unsigned int, long)@16",0,1,0x0001F470,0x00020470,0x00420470,288,86,24ea6a9f24af0ca2427459d57a8b4cdd63aa8c0bbaf1d5d755e5ddef4dc0122e,bde92c0ca8c46712f85f1037680b5da009b8c44e1b7fe7b720f4ef9344618c7c
5.0.21,dlgctrl.cpp,dlgbox::RegisterClassA(),0,1,0x0001F590,0x00020590,0x00420590,240,62,5cf0a18d5695826ab7e6a19e321d44618b28643ba4ee7eb519ea5b637a701fa1,f3d9b5eeaadd47fbfc2f97d098cf5e6413a3712639d58e2e6b6a0428c61b2230
5.0.21,dlgctrl.cpp,dlgbox::UnRegisterClass(),0,1,0x0001F680,0x00020680,0x00420680,48,14,5a4a643a80ddf85cd4caf77d0123bddadfaf86e99b9360a03833d65b375eccf6,e7654455c37f4389c331ee2e0591a2edb867efcf59a215a6b7542c34b33ad65c
5.0.21,dlgctrl.cpp,"dlgbox::CreateDialogBox(char const*, unsigned long, char const*)",0,1,0x0001F6B0,0x000206B0,0x004206B0,544,146,9ab0d4f82925f859758402f1de85ae28e12165a32a133a02cfee39f0cf9553e1,e760d33a15a8c700e91f7ada61de03e07909691a4736e59f2e370f12942c1d9f
5.0.21,dlgctrl.cpp,filerequester::filerequester(),0,1,0x0001F8D0,0x000208D0,0x004208D0,240,50,513db7411e3f185bf6b2bdd86bd39ea7b318415fb48c6c4855dec9010ae95fc3,e0009204936157e9a9ed1dd0e2176e4742a088935875ff52a94cc783f2ecb4bb
5.0.21,dlgctrl.cpp,filerequester::filerequester(),1,1,0x0001F9C0,0x000209C0,0x004209C0,240,50,06c5564c43e93a32bb0674139e284cd6fef4bf935a2d7f57febf1ca0a4fa02ea,e0009204936157e9a9ed1dd0e2176e4742a088935875ff52a94cc783f2ecb4bb
5.0.21,dlgctrl.cpp,filerequester::~filerequester(),0,1,0x0001FAB0,0x00020AB0,0x00420AB0,256,82,43f4d9677d2b30e6434723b10a01069de32478c350b1b3be76cee75396fed1e0,7db96744b211bebd7143d3ac6aa26f972ae6e0dae8f30213c43ef62bc53ad62f
5.0.21,dlgctrl.cpp,filerequester::~filerequester(),1,1,0x0001FBB0,0x00020BB0,0x00420BB0,256,82,b4a1cf3904387e6bd13fa5e0ee6535fca0be1460a5d3b00739db7adf253ed435,e4605415b8a9467489a0b2e5b3697963d7d32fd9d6b91460471dbe7d1a357a65
5.0.21,dlgctrl.cpp,filerequester::GoUpOneLevel(char*),0,1,0x0001FCB0,0x00020CB0,0x00420CB0,80,28,83b9c622a428cc443936bf6901e18db37820001dfdac1ea6c21197670668f6fe,c3a7c0bf7f3cd6f4f7559cce0d8d869f80d5cbaaccd84bdefd18bdcfbe0af1e3
5.0.21,dlgctrl.cpp,filerequester::AddExtraBackslashes(char*),0,1,0x0001FD00,0x00020D00,0x00420D00,112,49,9041c948479efe47c6c10d3aab64b3b7fd98136d955b61e301d27cc2b8719475,3031f0367d4fb8bb1a167fc9628cc266cd2f49cb2d4cb946add96893a01389f2
5.0.21,dlgctrl.cpp,filerequester::ReplaceWithForwardslashes(char*),0,1,0x0001FD70,0x00020D70,0x00420D70,48,23,4c2f666cea0bdff582515c7b1fb1a7ed9f788f40d719fb5c7454a99f507d6e86,957b4f35651124946f28d69fa6640d49a8274eff182f3f1adb8aaa40f7b17b16
5.0.21,dlgctrl.cpp,"filerequester::GetVInfo(char*, char*)",0,1,0x0001FDA0,0x00020DA0,0x00420DA0,128,36,ef4fb42150124ed98014f2a07bcfa341ff3c8394364a37a93187bfce3daba3fb,a0a1a8457f36a72909d21a52d7f5a0d78b232ee9d0e9915204544892d7216ec7
5.0.21,dlgctrl.cpp,filerequester::ParseDriveStrings(),0,1,0x0001FE20,0x00020E20,0x00420E20,592,139,659322aaf2c39aa78b1f6ca35726065f439b1bee9c2defcf3aa3c3dca8662542,dacf89eec7725271acb937bc430a653c0e7cbd22e58943e6e4166019b8d1bddd
5.0.21,dlgctrl.cpp,"filerequester::FileRequest(HINSTANCE__*, char*)",0,1,0x00020070,0x00021070,0x00421070,7456,1744,91ace875d92521147906ebf9d0b491c47e0471e30183959fdc2e5f9ac08a0213,79244e9eac22443d86bd3f52c4b49c4844789a151b99544d214b5c186b444e2f
5.0.21,dlgctrl.cpp,"__static_initialization_and_destruction_0(int, int)",1,1,0x00021D90,0x00022D90,0x00422D90,368,96,62c5f69828b45cb79b7235f37263db57208aa7320ff67f9954928a996ff8d979,099c6e31ee496c5401398e20bfbadb3317ab3d45cd4d40e272f03e88e9164cd0
5.0.21,dlgctrl.cpp,global constructors keyed to CLinkedList::CLinkedList(),0,1,0x00021F00,0x00022F00,0x00422F00,32,9,ae653eeffe54a4939e37963646f6ea90c5d26003d951e2be6763063856bbb191,fb6380c3769fe354f2d3a491b33dae6014618747c2e1206e75e5e3ebffd0db08
5.0.21,dlgctrl.cpp,global destructors keyed to CLinkedList::CLinkedList(),0,1,0x00021F20,0x00022F20,0x00422F20,16,6,b404a5d1aa07c8943c1c35899aeb3bc128e173e24b77cfeac264431a06974f69,6f5b5a16f6da5c61d28a0531ffdbf0eaac9ec8624913b7ecfde657edddd98e2e
5.0.21,FindFile.cpp,FindFile::matchCriteria(_WIN32_FIND_DATAA&),0,1,0x00021F30,0x00022F30,0x00422F30,1888,440,0572657ee7d6caf920544e7b0fc0a9758af81e0ecef8ae59f7aaf1d86e2663ac,20dbe379b775e1d1fe3c12579e248396ab2a0c56c6c146584e9a8663fc8e6e13
5.0.21,FindFile.cpp,"FindFile::combinePath(std::string, std::string)",0,1,0x00022690,0x00023690,0x00423690,192,54,107d82cc064783853012dbe5e69bc6e961dd0585881e37956559f9dd518e09ea,b78b5221fb734518a441c8a75d994686f1323a5a0a0d6e4cbb2b15134379c63e
5.0.21,FindFile.cpp,"FindFile::getFiles(void*&, _WIN32_FIND_DATAA&, std::string)",0,1,0x00022750,0x00023750,0x00423750,1408,333,8979dc03348b6ec8c0e2d87499d5feaed0ea205c4c8a1c96552e8cd5cb2045bc,0774777caca7653bf37e45fc42ed7d96e3196ba9c0423e935478dc809c4a90a6
5.0.21,FindFile.cpp,FindFile::FindFile(FindFileOptions_t&),0,1,0x00022CD0,0x00023CD0,0x00423CD0,1456,347,8f56530fc3a75688bcfd73eac7f1fdbe0a0c1b35b86ffddb10687ca8478dd4e2,8d519619add0f1b66f933ba45f0b38702d9bf60981d5db714f30810b90113f1e
5.0.21,FindFile.cpp,FindFile::FindFile(FindFileOptions_t&),1,1,0x00023280,0x00024280,0x00424280,1456,347,980111896ccf1a6479a822f2dbb35464e40999c9a37d687a76bcd64bd528158d,8d519619add0f1b66f933ba45f0b38702d9bf60981d5db714f30810b90113f1e
5.0.21,FindFile.cpp,FindFile::~FindFile(),0,1,0x00023870,0x00024870,0x00424870,2352,556,128434f6f89bbe9d93aa331c03ba5e9399fb165b367b2437ce325b72bad7f058,7baf611e64dc19ae394941240a080653c010aab1e81168200c7f36fe44ee89dc
5.0.21,FindFile.cpp,FindFile::~FindFile(),1,1,0x000241A0,0x000251A0,0x004251A0,2352,556,2f34bc613bf61bead14748344aef9db164e216857a7f20b438dff9747757407f,7baf611e64dc19ae394941240a080653c010aab1e81168200c7f36fe44ee89dc
5.0.21,FindFile.cpp,FindFile::search(),0,1,0x00025290,0x00026290,0x00426290,368,101,040bdd8771c868b8f870f4187e98ef628247c3a8dd96095e4312fa1d8ef4dc7d,46d366a29c33cd4c4750e8abf6fcc6c3d661d9e0bc687a80a2879e1da1bc5491
5.0.21,FindFile.cpp,"std::vector<FileInformation, std::allocator<FileInformation> >::_M_insert_aux(__gnu_cxx::__normal_iterator<FileInformation*, std::vector<FileInformation, std::allocator<FileInformation> > >, FileInformation const&)",0,1,0x00032C40,0x00033C40,0x00433C40,2416,530,e3092f568ae96e53f32356a0951c6ae0aa29928df50a24034ede7943337047f4,a88d38e861eed4d924dc5d06bb5faab057931a049aeffb965efdb738e3d87079
5.0.21,FindFile.cpp,"std::vector<FileInformation, std::allocator<FileInformation> >::erase(__gnu_cxx::__normal_iterator<FileInformation*, std::vector<FileInformation, std::allocator<FileInformation> > >, __gnu_cxx::__normal_iterator<FileInformation*, std::vector<FileInformation, std::allocator<FileInformation> > >)",0,1,0x000335B0,0x000345B0,0x004345B0,384,112,406837902ca093aa77e320351ee9f2b98f18a5432ed348ab12bd418844b6d077,f4d0b877420349334fe8c41da56dccebd561154fb3775cd6f9f2651f88b2d038
5.0.21,FindFile.cpp,FindFile::scanPath(std::string),0,1,0x00024AD0,0x00025AD0,0x00425AD0,1984,429,733aef821a368336f5c6d21ebabb1bbd0731d9d35618c19ba6a090346989ccc8,6bf16db48c95b780fac3f7de326df413f645f9a7ca69550b46896f6d83be3b5c
5.0.21,FindFile.cpp,FindFile::clear(),0,1,0x00023830,0x00024830,0x00424830,64,20,fc4874406249eca77d3ac5c9f5f247ad108604893d762c1f7f91e140752ba4b9,619051b6a6c78594e91510a3453c90ef916b346395b660b208bf0f3dfae86b06
5.0.21,main.cpp,Redraw(),0,1,0x00025400,0x00026400,0x00426400,16,7,53689520ba907921fb6c15d9f1c9f6a1752624943f92a30bf2609123e0dcfb82,e45140c1c067de5bd3d61622fb5ed7a4654f3163693b3ee22bd153b085a2ab3b
5.0.21,main.cpp,GetComPort(),0,1,0x00025410,0x00026410,0x00426410,64,19,eaa3366ec8bdcb77e4072306caba310564f767ead765b27f065695281d5353ae,92e145e74687f40e5b55e1a64626e906f89859e9445abadf64c59f115b60e4a0
5.0.21,main.cpp,"GetTextExtentCharSum(HDC__*, char const*, int, tagSIZE*)",0,1,0x00025450,0x00026450,0x00426450,112,40,7a4ae7c8d103d616935b47be47d93066625afec5cb70fbae1007bf8755e088b6,4a6dd3aebe0acf58cdeab70cb18b4d87cf4adc708fcfe03a54931bd28b5ab53c
5.0.21,main.cpp,WinMain@16,0,1,0x000254C0,0x000264C0,0x004264C0,3680,818,b6364ec9df8b723e1325833626b7be340ad57072e4edb32d49b88cb3cb12afb9,d317a32132ff219e3ac7c9c2bfc9c057a1ecec1ac970a8f9d0440d22ccf5f250
5.0.21,main.cpp,"WindowProcedure(HWND__*, unsigned int, unsigned int, long)@16",0,1,0x00026320,0x00027320,0x00427320,256,72,e9aad3607082ea345d2e39871e7b8525c51120c3b483567b61f0f901ffc53c51,4e5ac75cef3fe2ac1ed788bda0db9ea6703ea1d0b327759d5e78defc0c72e303
5.0.21,main.cpp,global constructors keyed to szClassName,0,1,0x00026420,0x00027420,0x00427420,1168,282,b0762ae7d4d54eb704d2f2f98bb214cd50f1f5480885167cf9f32944e6a32685,30ed796b2eefc1abb7abb1474e79062b3d782d18b9e8e2c120b3bdadc7a19807
5.0.21,PocketCalculator.cpp,pocketcalculatorcontrol::pocketcalculatorcontrol(),0,1,0x000268B0,0x000278B0,0x004278B0,288,76,d362a3b196ace0aa78a0123a826e44aeb9feb9f294ebfab9680c090a0e607f3f,eea7673ad9cfa5f983b57ac5d88fcc0ceb1fca56a688fc3bca3873f4b3eb05fe
5.0.21,PocketCalculator.cpp,pocketcalculatorcontrol::pocketcalculatorcontrol(),1,1,0x000269D0,0x000279D0,0x004279D0,288,76,faf8006436260d34eeb46f62ad0b99d5a534b5ef9728786898b362e2a648103d,eea7673ad9cfa5f983b57ac5d88fcc0ceb1fca56a688fc3bca3873f4b3eb05fe
5.0.21,PocketCalculator.cpp,pocketcalculatorcontrol::~pocketcalculatorcontrol(),0,1,0x00026AF0,0x00027AF0,0x00427AF0,96,38,4fb32fef618988c6326bbb0e8bf3a210a52662bfad4618470174bcfd69a898ba,4a31df2e5e29b854337f4c8ff78005c8e61f5908d84840d32afab9a8594c0dce
5.0.21,PocketCalculator.cpp,pocketcalculatorcontrol::~pocketcalculatorcontrol(),1,1,0x00026B50,0x00027B50,0x00427B50,96,38,0bf3b4bd7630de142291fbc0c6404fc302abc353faf5646ffda243fae447ca7a,4a31df2e5e29b854337f4c8ff78005c8e61f5908d84840d32afab9a8594c0dce
5.0.21,PocketCalculator.cpp,pocketcalculatorcontrol::CalculateEquals(),0,1,0x00026BB0,0x00027BB0,0x00427BB0,160,47,f787356cb85cbb1b57650a286378da5ed5290d7f438d58385373e580683858f1,884cacc4969dc93e9e1305ca8e712fd6fb02f84cf9e4d151d7255a38bf27b49e
5.0.21,PocketCalculator.cpp,pocketcalculatorcontrol::PocketCalculator(HINSTANCE__*),0,1,0x00026C50,0x00027C50,0x00427C50,2832,661,209e84ba60db36773d5f68e64f7a8a76dee46431b72ec8198b299e4443808992,70e8c90f74fe33648a1a5d28cbe841902b54f56cf13d9fba39bca65a15031c24
5.0.21,wildcard.cpp,"wildcard::match(std::string, std::string)",0,1,0x00027C50,0x00028C50,0x00428C50,2640,609,26c9065c3b1de08a4be09675fe0c026774087a097924160fb98e09bb6ce952d2,9e46abc597a2e73e855eeae6ff781a466be0e51b3d7003e56a3a67eedb6c3fb3
5.0.21,wildcard.cpp,"wildcard::wc_cmp(char const*, char const*, int)",0,1,0x000277D0,0x000287D0,0x004287D0,80,33,2d24cce19d2be3c215f9e467cbc62b438cd789f05d66bd8ad5baa2c389ae397d,ee6802f17f454f25a1f1ac9ffa62c19e60f909c846313d32b02f32e252617d64
5.0.21,wildcard.cpp,"wildcard::find(char const*, char const*)",0,1,0x00027820,0x00028820,0x00428820,128,57,b6633a2b8fa67911c2527f5b64a895d5b5249b9c10d1d31e31ee6a32aac05879,f850a95f2c55064e2c58d07ffc0ae3386bff85847feda7311ba818ba930c1ff3
5.0.21,wildcard.cpp,"wildcard::EndCmp(char*, char const*)",0,1,0x00027760,0x00028760,0x00428760,112,47,4dc607ac37e220b44a12d3be6ba83bb0826037c680210f7225b5d2f4ac7c08db,1ef5f773e2e7ded26939babb9697f921f8b4ab50c4cf362ad30dd4f99851e4e5
5.0.21,wildcard.cpp,"wildcard::StartCmp(char*, char const*)",0,1,0x000278A0,0x000288A0,0x004288A0,112,47,f64db39a9706f48f318fcd9fa3b9249a9058b45869434069bdcd759ce191221e,5258cb5bef31f0e046525ba7c74c07485cacad068b3a8c580f4278f908bb2991
5.0.21,wildcard.cpp,"wildcard::wildcmp(std::string, std::string)",0,1,0x00027910,0x00028910,0x00428910,832,227,5aaa43f6e954ed5d45a2525ba5be97ebd9b87432fd124743a32a0009ff600cbb,8ee094ed1bb322d92c13ab161132fa11a9ae57d223ce2f53f4253d67f4e276d8
5.0.21,del_op.cc,operator delete(void*),0,1,0x000286A0,0x000296A0,0x004296A0,32,19,038dde6307f839629358e486599b03ecaad03e3aaf7594e662b4c7c215591042,8cec5f94645f5e4baaf19b3da362b8f450fb2c33ccfe1bb7ff6b417fe3f346cd
5.0.21,new_op.cc,operator new(unsigned int),0,1,0x000286C0,0x000296C0,0x004296C0,272,83,0c484b7c064d2eb587e2521cfbc2dc55865d7471619c53682d557b3de7dacbed,b4bb57c614122bd56bfa7ae888e9f47c78c4af199f2c00cd5e928c637bf52042
5.0.21,eh_personality.cc,"base_of_encoded_value(unsigned char, _Unwind_Context*)",0,1,0x000287D0,0x000297D0,0x004297D0,128,47,8ad80eb69a29ef96ee3862382881b6632b7d941e7eec6ff80133f5f36342de4f,0c362d1cadc7f1a8c20bd55fa5dd1634ed0c7df4aa54b471b6f8e2b09745e141
5.0.21,eh_personality.cc,"read_uleb128(unsigned char const*, unsigned int*)",0,1,0x00028850,0x00029850,0x00429850,80,35,c99a9cc8e99882997e042aefbc041454b8b57544a23ca5a2eef4912abc882d8c,b4b2808b2d43d9715507a08e18adada90c2f7f2050d194de8d8d1e82b25616fb
5.0.21,eh_personality.cc,"read_sleb128(unsigned char const*, int*)",0,1,0x000288A0,0x000298A0,0x004298A0,112,44,7b46b182e3c8a43c1e41fa1111d43e47599caaa32041c99f4bcded0baf67c05b,c0bad11794b7ca5c046a96836c071fc7b006f9f9c4876942c4596ceb8a931dff
5.0.21,eh_personality.cc,"read_encoded_value_with_base(unsigned char, unsigned int, unsigned char const*, unsigned int*)",0,1,0x00028910,0x00029910,0x00429910,208,80,e19716a93544c072bd1e83db21a495bb840fb1f32b67853a90dbe4d39cdc537c,ebaed989bc28654e884fc716a9b2a1e7a1666042689a64c62c5469321aff9dda
5.0.21,eh_personality.cc,"parse_lsda_header(_Unwind_Context*, unsigned char const*, lsda_header_info*)",0,1,0x000289E0,0x000299E0,0x004299E0,208,80,9f22c075986b5ce30296c380c9e0a2049c426c53a3a82124bf6e1931ac70be8a,0ba53f99cf49fab707b918d10a5ab8bc488959122c1ed394e275918e51d5a219
5.0.21,eh_personality.cc,"get_ttype_entry(lsda_header_info*, unsigned int)",0,1,0x00028AB0,0x00029AB0,0x00429AB0,128,45,758915764517b9193a2ab682db552bd468d47adf66ad2524db0d3f302dc94430,df1492dbaa2d5da07169074743c52b30f434c53cc8b70cda2981a0d470611c44
5.0.21,eh_personality.cc,"get_adjusted_ptr(std::type_info const*, std::type_info const*, void**)",0,1,0x00028B30,0x00029B30,0x00429B30,112,42,d06a593a7d0b9b3b2ceb0c74b669e2e7fe1f09597246828c4c0fff80c92d318c,f6676728c2778e1dbf78cb76597e1d1725b198752b0ae5fc7ec6a3faa58c9a0c
5.0.21,eh_personality.cc,"check_exception_spec(lsda_header_info*, std::type_info const*, void*, int)",0,1,0x00028BA0,0x00029BA0,0x00429BA0,96,44,f7212731e96da7d23d2e3f200c8e7ee8c5da4cdde0cd93420135c7cc61917942,9635ae92708f98aa268ac13c3654fe79f6a7e4a578347b60805db284a9d47d86
5.0.21,eh_personality.cc,__gxx_personality_sj0,0,1,0x00028C00,0x00029C00,0x00429C00,1344,326,b05815d663d234843f76b206200b48a74284449e561c32ec2aa1a541f73a0be3,d4e7fbc78b86b147987f44791746735a3afed5e403a4fbbe42ea002a602f6815
5.0.21,eh_personality.cc,__cxa_call_unexpected,0,1,0x00029140,0x0002A140,0x0042A140,400,104,04fee8b2e3fbb554219a79b7d1e0185a0dea4147411bc1a1f8b9c6637bd3cadc,09e47ae60813ec283a7b6ec543827b5003c0e5ee98def0dba01856d0c7c04590
5.0.21,string-inst.cc,std::string::_M_data() const,0,1,0x0002F380,0x00030380,0x00430380,16,12,f227ad5ae0e3235784ae0333e699853b43d64dbae6ec7cbccfeaf517cdd5caed,9134263efb3e60382f8a8aa53b5122d892f23d9c4ecf32cafa700a7ea68b3920
5.0.21,string-inst.cc,std::string::_M_data(char*),0,1,0x000311B0,0x000321B0,0x004321B0,16,10,6308ef278aff4d999fcf3500a49d06dac3158e0d1222a7e4888cc5965884b2d9,c3b3690fe4785965e7407ec1333bc5654c66c757971e0f2ac6adebb6aca2fcd8
5.0.21,string-inst.cc,std::string::_M_rep() const,0,1,0x0002F2E0,0x000302E0,0x004302E0,16,10,9bfab077ee1597f26b2728d608c0b28e0ace3335a7e71eccfbee92b79b90ef1b,cb22e5cd07d75539700035dd4449e7b46be777b8058e15fbe79f40c501c06492
5.0.21,string-inst.cc,std::string::_M_ibegin() const,0,1,0x0002F770,0x00030770,0x00430770,16,12,f227ad5ae0e3235784ae0333e699853b43d64dbae6ec7cbccfeaf517cdd5caed,9134263efb3e60382f8a8aa53b5122d892f23d9c4ecf32cafa700a7ea68b3920
5.0.21,string-inst.cc,std::string::_M_iend() const,0,1,0x0002F390,0x00030390,0x00430390,16,9,6bb6310093b8f20903cd57a50f0601328c30e2327ca6374fbb213bb718cce8a3,5729fae22f50510537bf725022f66643cdd4d1f00129bca3d2f21f6562fce722
5.0.21,string-inst.cc,"std::string::_M_check(unsigned int, char const*) const",0,1,0x0002F6F0,0x000306F0,0x004306F0,64,38,c2cc6476dd787f8b528e96dc8d6cdd4aa4a4bb6b3b226e0b06ba279670a4c764,8e293c9f07ff7cbf65573d9060d4284286a7cb7f71e0320437c3944e5703d7fb
5.0.21,string-inst.cc,"std::string::_M_limit(unsigned int, unsigned int) const",0,1,0x0002F730,0x00030730,0x00430730,32,18,a13b4ea53693390038c8aa092bd6b05fcf6e84b41a8a892025ae6ef1d7f62ffe,f9171733b7ff9b852953e7e6b6690d45a06fe949f976a324c547d81324ef5a9e
5.0.21,string-inst.cc,"std::string::_S_copy_chars(char*, __gnu_cxx::__normal_iterator<char*, std::string>, __gnu_cxx::__normal_iterator<char*, std::string>)",0,1,0x0002FA40,0x00030A40,0x00430A40,48,26,e2802abd8c4c03d673ac29593f62e0280d5341e2d31ded1fccb118a3e9b3a99c,54b5b1280823a526d7f01833680919be1af9b99ee99de18da556cd474704a8ba
5.0.21,string-inst.cc,"std::string::_S_copy_chars(char*, __gnu_cxx::__normal_iterator<char const*, std::string>, __gnu_cxx::__normal_iterator<char const*, std::string>)",0,1,0x0002FA10,0x00030A10,0x00430A10,48,26,871001a080ed4ae8a8fd308743ecc24116c3d2672222bcd1675a334d04760250,54b5b1280823a526d7f01833680919be1af9b99ee99de18da556cd474704a8ba
5.0.21,string-inst.cc,std::string::begin() const,0,1,0x0002F160,0x00030160,0x00430160,16,12,f227ad5ae0e3235784ae0333e699853b43d64dbae6ec7cbccfeaf517cdd5caed,9134263efb3e60382f8a8aa53b5122d892f23d9c4ecf32cafa700a7ea68b3920
5.0.21,string-inst.cc,std::string::end() const,0,1,0x0002EF30,0x0002FF30,0x0042FF30,16,9,6bb6310093b8f20903cd57a50f0601328c30e2327ca6374fbb213bb718cce8a3,5729fae22f50510537bf725022f66643cdd4d1f00129bca3d2f21f6562fce722
5.0.21,string-inst.cc,std::string::length() const,0,1,0x0002F2F0,0x000302F0,0x004302F0,16,10,78e6a35a1ddf3db184d518653ef008414eee278e70af91c5c1c936d48077378c,9ee4fb0a10ab9a81ea70de509dec6db71a039ad467d821570c625adf04666408
5.0.21,string-inst.cc,std::string::max_size() const,0,1,0x0002F760,0x00030760,0x00430760,16,11,e012e6485d563c8696766f5fe5d6e9f3ebd97b7a586272f87162d489580f4241,934b15466a493a98275729a919ccd775eb12c59744d9870576feb0221358facf
5.0.21,string-inst.cc,std::string::empty() const,0,1,0x0002F180,0x00030180,0x00430180,32,21,021ca6830e26ededfcf1283bc22445cae1c4047b678e258ef64ccfbf23d04b1b,aea0e62f861a4e920cafe5c03872e84ba985cd9dfee7c994660dde744ae2fe99
5.0.21,string-inst.cc,std::string::operator[](unsigned int) const,0,1,0x0002F780,0x00030780,0x00430780,16,9,16abe89df095ef8f2c4698e898f2b307dc2f311754271ed17fedc8b41cb418b1,466cbf9cbca1c3e841a7d4f9ee2e74f0ec97eba87f546a30efcbd72682d69cc2
5.0.21,string-inst.cc,std::string::at(unsigned int) const,0,1,0x0002EEF0,0x0002FEF0,0x0042FEF0,64,26,7f76c474c46e99995c9cf9fec184d7d8f9185e74da9624d6e5fe4b69a0f464d3,adf6228ea821d313dd2512341868021ddf6fba394366e2326b1e32ac4c81a205
5.0.21,string-inst.cc,"std::string::copy(char*, unsigned int, unsigned int) const",0,1,0x0002EF70,0x0002FF70,0x0042FF70,112,47,18af402bb2adbd471c0bfcaa41a605a35a700a01cca5194a51d1c6faaec6b6ec,bd62c004363cc73a23e8a9248b35d6bc19019e5b3bb74bf8e5a19a5951fb7c39
5.0.21,string-inst.cc,std::string::c_str() const,0,1,0x0002F170,0x00030170,0x00430170,16,12,f227ad5ae0e3235784ae0333e699853b43d64dbae6ec7cbccfeaf517cdd5caed,9134263efb3e60382f8a8aa53b5122d892f23d9c4ecf32cafa700a7ea68b3920
5.0.21,string-inst.cc,std::string::data() const,0,1,0x0002EFE0,0x0002FFE0,0x0042FFE0,16,12,f227ad5ae0e3235784ae0333e699853b43d64dbae6ec7cbccfeaf517cdd5caed,9134263efb3e60382f8a8aa53b5122d892f23d9c4ecf32cafa700a7ea68b3920
5.0.21,string-inst.cc,"std::string::find(char const*, unsigned int, unsigned int) const",0,1,0x0002F030,0x00030030,0x00430030,112,54,2dceb32eb5cb06aa0fc778ad8994e6feb04200aaf8dc64e3ff190cfb7282850d,ae5c8256e35ebde43bc59a4fc4f26d450c03cfe85b9adfae879e4035e6121ae4
5.0.21,string-inst.cc,"std::string::find(std::string const&, unsigned int) const",0,1,0x0002F0A0,0x000300A0,0x004300A0,48,21,5332061474618a7eb01c2f34a95ad55122dd15c92bce66d4b71397c7cb5a6dcf,840cbed81d20c1608b72ae8bd1cb95de4430e675d949be8f6d336ae82ad5badc
5.0.21,string-inst.cc,"std::string::find(char const*, unsigned int) const",0,1,0x0002EFF0,0x0002FFF0,0x0042FFF0,64,32,fd7c3126d9fbd4400f193e8d5088a8f0edfc66cad4f03c809edc50d4079d820d,d9b432e4e032310fc444a7ccd70ebd8a29f6daa0b2c0ce6538cdaa17c9ee93d0
5.0.21,string-inst.cc,"std::string::find(char, unsigned int) const",0,1,0x0002F0D0,0x000300D0,0x004300D0,96,43,a6aac8c1e0f001d20549f04b63c7060a3ebf90b17936ee2539c74644a5020ed6,591501610147df2adcd55de79a8419c224c6611da162a67c52c279cb9ad0d631
5.0.21,string-inst.cc,"std::string::rfind(std::string const&, unsigned int) const",0,1,0x0002F260,0x00030260,0x00430260,48,21,2c09e0414d9682345f92cfa675dae2fe5ce3f7935a6e5be9a7eb079d4644b9c8,840cbed81d20c1608b72ae8bd1cb95de4430e675d949be8f6d336ae82ad5badc
5.0.21,string-inst.cc,"std::string::rfind(char const*, unsigned int) const",0,1,0x0002F1A0,0x000301A0,0x004301A0,64,32,71bf707a68e100712dda1d29dfea42a733423db5442ce9350cca8158d30badcc,d9b432e4e032310fc444a7ccd70ebd8a29f6daa0b2c0ce6538cdaa17c9ee93d0
5.0.21,string-inst.cc,"std::string::rfind(char, unsigned int) const",0,1,0x0002F290,0x00030290,0x00430290,80,40,17ecfa4578c5f782d3a0aa3d74e9014fe6689dd2a6eb751e62fef87fba727987,14d2ecc0909313a47d7081cb9bfed4aa7ab0d594511da4986127cfbed5b3ce3e
5.0.21,string-inst.cc,"std::string::find_first_of(std::string const&, unsigned int) const",0,1,0x0002EC80,0x0002FC80,0x0042FC80,48,21,5332061474618a7eb01c2f34a95ad55122dd15c92bce66d4b71397c7cb5a6dcf,840cbed81d20c1608b72ae8bd1cb95de4430e675d949be8f6d336ae82ad5badc
5.0.21,string-inst.cc,"std::string::find_first_of(char const*, unsigned int) const",0,1,0x0002EBD0,0x0002FBD0,0x0042FBD0,64,32,2c5572fd1201112e2f573de63c9a759ecfbc9626b3508b70d56c2948b6c173a9,d9b432e4e032310fc444a7ccd70ebd8a29f6daa0b2c0ce6538cdaa17c9ee93d0
5.0.21,string-inst.cc,"std::string::find_first_of(char, unsigned int) const",0,1,0x0002ECB0,0x0002FCB0,0x0042FCB0,16,6,7edd4478b94f0c6ff3c7677737431ff797a0d86a4c08b1af5ad698533e02adc9,2b903ab3aa7dc683c0b876377baa3e72f2923040855b1d639e98425bc96a32f6
5.0.21,string-inst.cc,"std::string::find_last_of(std::string const&, unsigned int) const",0,1,0x0002EB90,0x0002FB90,0x0042FB90,48,21,13e432cd5df9a888806d53122b77a6f60dc62a8b35995e92bba2bb09d7caafc3,840cbed81d20c1608b72ae8bd1cb95de4430e675d949be8f6d336ae82ad5badc
5.0.21,string-inst.cc,"std::string::find_last_of(char const*, unsigned int) const",0,1,0x0002EAC0,0x0002FAC0,0x0042FAC0,64,32,a86ae877db05bae69c5ad89a40df1209aa0e9d94706150705e4c9394ee45161d,d9b432e4e032310fc444a7ccd70ebd8a29f6daa0b2c0ce6538cdaa17c9ee93d0
5.0.21,string-inst.cc,"std::string::find_last_of(char, unsigned int) const",0,1,0x0002EBC0,0x0002FBC0,0x0042FBC0,16,6,ce90fd90e904c0779cafaece2fc5f3f426fcae350b9080cac9deec25affc1818,a669966abf75f2c9c97ec6486ce88864c2bcb787474ca1e86f3894d97c242813
5.0.21,string-inst.cc,"std::string::find_first_not_of(std::string const&, unsigned int) const",0,1,0x0002EE90,0x0002FE90,0x0042FE90,48,21,bda53a10f0f897ce6802d9b900656c236f5ac846bbfa097e2627c6cb37ad2f66,840cbed81d20c1608b72ae8bd1cb95de4430e675d949be8f6d336ae82ad5badc
5.0.21,string-inst.cc,"std::string::find_first_not_of(char const*, unsigned int) const",0,1,0x0002EE00,0x0002FE00,0x0042FE00,64,32,76f507e652c6ee829a07184d2f23a29ffbf1a6694a705a2a8bacf13937475576,d9b432e4e032310fc444a7ccd70ebd8a29f6daa0b2c0ce6538cdaa17c9ee93d0
5.0.21,string-inst.cc,"std::string::find_first_not_of(char, unsigned int) const",0,1,0x0002EEC0,0x0002FEC0,0x0042FEC0,48,26,19ebb8521e179457d69259907415323d737d4c356efa13e1af9445269b93ac2d,da85aabe4adfd1e71c6e6a353cd2bd56b6b4028f24997a25b7c12e339cd31230
5.0.21,string-inst.cc,"std::string::find_last_not_of(std::string const&, unsigned int) const",0,1,0x0002ED90,0x0002FD90,0x0042FD90,48,21,2c09e0414d9682345f92cfa675dae2fe5ce3f7935a6e5be9a7eb079d4644b9c8,840cbed81d20c1608b72ae8bd1cb95de4430e675d949be8f6d336ae82ad5badc
5.0.21,string-inst.cc,"std::string::find_last_not_of(char const*, unsigned int) const",0,1,0x0002ECD0,0x0002FCD0,0x0042FCD0,64,32,36be9ce9464e5e874795aa41cf77a79e4966ef879ed8920d4a93b85b7484aedf,d9b432e4e032310fc444a7ccd70ebd8a29f6daa0b2c0ce6538cdaa17c9ee93d0
5.0.21,string-inst.cc,"std::string::find_last_not_of(char, unsigned int) const",0,1,0x0002EDC0,0x0002FDC0,0x0042FDC0,64,34,ac5a0a5b814de0e8900ec98f45c0bc15616d88faa32bd8663f5b82a0cfd12370,2423dae5f73cc1c8bddb71dee4f31b2ca94c2edf843635df7784a1f2e230a3ae
5.0.21,string-inst.cc,std::string::compare(std::string const&) const,0,1,0x0002F410,0x00030410,0x00430410,112,53,b65135edcb37635d0acf0697a616d59dafdb1390517005028ab4d27e8d231aff,f3c81960d83d714b87dbb7e92651bb59f5a1cd2458a1aca6bbcf7d761bd08e8e
5.0.21,string-inst.cc,"std::string::compare(unsigned int, unsigned int, std::string const&) const",0,1,0x0002F590,0x00030590,0x00430590,144,56,b50d72ae2b6b0265f049fb854ab839e12f89209421159ecb174be25a979a1e74,79193b691544720f764c9a2ba81aee05183bdf2302dce1807e9e399c8b9c25ad
5.0.21,string-inst.cc,"std::string::compare(unsigned int, unsigned int, std::string const&, unsigned int, unsigned int) const",0,1,0x0002F620,0x00030620,0x00430620,208,86,e5045345608b3b129519c1477f9641af57d3280522d3491241d4c8d1fc5b4688,3a04f25ada50206a9d7ee12d308647cb242a421ff9ebac487e3f89da567e2a98
5.0.21,string-inst.cc,std::string::compare(char const*) const,0,1,0x0002F3A0,0x000303A0,0x004303A0,112,48,4832981950d8c44e2ec4f037ca2dbf35586b5678eea5eed9df22c5f70217ae12,9e99d78d03497c3a4ac11ce5f34eb39d991c708043faa9e7df57b81f03b017c8
5.0.21,string-inst.cc,"std::string::compare(unsigned int, unsigned int, char const*) const",0,1,0x0002F480,0x00030480,0x00430480,144,54,f83fd8191570ecc9672c05a0dae87631c065d0629a610c8109f4f069e7f1591d,bbe2cc985692effe9555d5e8dbc8dba3dbf33175f3d944cded9f081f662850ee
5.0.21,string-inst.cc,"std::string::compare(unsigned int, unsigned int, char const*, unsigned int) const",0,1,0x0002F510,0x00030510,0x00430510,128,50,d6c2284f1213e521da09ba276aa428bb14d9154e941cc506ca1f951325febd70,e206c664d12eecd351f0d7bc9d6818145154b4ae2a09f9ab660e5bb73e72ff08
5.0.21,string-inst.cc,"bool __gnu_cxx::operator==<char const*, std::string>(__gnu_cxx::__normal_iterator<char const*, std::string> const&, __gnu_cxx::__normal_iterator<char const*, std::string> const&)",0,1,0x0002EA80,0x0002FA80,0x0042FA80,32,21,2bc1483e47366ff4975547ba5a66c467a8d59a3c1fc1b712209b2286027f2901,c1f91c264723eac2896fcfaedf35fc97c812fe4b2cf95e5fd8638c212629229c
5.0.21,string-inst.cc,"std::string::_Alloc_hider::_Alloc_hider(char*, std::allocator<char> const&)",0,1,0x0002F7A0,0x000307A0,0x004307A0,16,10,af35a3b3e0c1be63b67bd78098044740355498bd3602e164544b151c996e18e3,d6cdf53a9e6993d0db32feafbdca705676df6539bf663a62c484d71cf2c31913
5.0.21,string-inst.cc,"std::basic_string<char, std::char_traits<char>, std::allocator<char> >::basic_string()",0,1,0x00032240,0x00033240,0x00433240,32,22,329615d7bc87efb02a355b6627ca2880889280d26753276dea9aeb05e7aea2db,1090269cddd0031bf81b37b9b6fe13c04edba96c2ed2f3f6b0e6f715d00ba68a
5.0.21,string-inst.cc,"std::basic_string<char, std::char_traits<char>, std::allocator<char> >::basic_string()",1,1,0x00032650,0x00033650,0x00433650,32,22,329615d7bc87efb02a355b6627ca2880889280d26753276dea9aeb05e7aea2db,1090269cddd0031bf81b37b9b6fe13c04edba96c2ed2f3f6b0e6f715d00ba68a
5.0.21,string-inst.cc,std::string::rend() const,0,1,0x0002F130,0x00030130,0x00430130,32,23,ff25e059cf8f3ef0d2a2ba14377885144c7c01fd7f5965f21a8787d47af49b87,604d28f039dd26316911cbf9c614f5ea11a1b7c5bcabcb44fb07981d981f05ca
5.0.21,string-inst.cc,std::string::rbegin() const,0,1,0x0002F300,0x00030300,0x00430300,32,20,573a256b70ee113912b0fbaf473a3623bbbdb0d3f552bce4ec9ad8c3e2f42200,2ac40b4b4a146dff9863fa58e6366efc4e9050c20220cf3c33350742dc52486f
5.0.21,string-inst.cc,"std::basic_string<char, std::char_traits<char>, std::allocator<char> >::basic_string(std::string const&)",0,1,0x00031F90,0x00032F90,0x00432F90,288,84,085933366b75f13b25e5f061daa56cc606f46d6b2b326b95a53b92ecfb4aac73,80b04111991784b9e92fe0357c4dd6ab8669dd8dd24486b7d73e70789c00cff9
5.0.21,string-inst.cc,"std::basic_string<char, std::char_traits<char>, std::allocator<char> >::basic_string(std::string const&)",1,1,0x000323A0,0x000333A0,0x004333A0,288,84,28992d973acc7239d6923996eb62d811d31af8f08acd4e6875cd68c5cc58ef8f,80b04111991784b9e92fe0357c4dd6ab8669dd8dd24486b7d73e70789c00cff9
5.0.21,string-inst.cc,"std::basic_string<char, std::char_traits<char>, std::allocator<char> >::basic_string(unsigned int, char, std::allocator<char> const&)",0,1,0x00032210,0x00033210,0x00433210,48,23,24254297c4c8300d8af5757bbca59f2b8f0d93668eed2007f471f5db61c46bfc,eee6d24dd77a027902ec6d800612238823ea104e6cf76509251a196e755aeea2
5.0.21,string-inst.cc,"std::basic_string<char, std::char_traits<char>, std::allocator<char> >::basic_string(unsigned int, char, std::allocator<char> const&)",1,1,0x00032620,0x00033620,0x00433620,48,23,845ec69b889dcdde6d5b93abdc0485ac6491f27ad7739bcb349f7686bad1d9f1,eee6d24dd77a027902ec6d800612238823ea104e6cf76509251a196e755aeea2
5.0.21,string-inst.cc,"std::basic_string<char, std::char_traits<char>, std::allocator<char> >::basic_string(std::allocator<char> const&)",0,1,0x00031F60,0x00032F60,0x00432F60,48,23,1ca07c9464e5892bcb88d190ef49a078b69b10c0092bc6dc07564f324c17b8d1,f1c53dc85e2adc46cc9eba38d1d43dfb519727b0f3c81af0db0a8988ce7ba322
5.0.21,string-inst.cc,"std::basic_string<char, std::char_traits<char>, std::allocator<char> >::basic_string(std::allocator<char> const&)",1,1,0x00032370,0x00033370,0x00433370,48,23,593332231bb3bc47902bd47a6bfa5aac2c7a53d3d14dadf2e161d91d699601b3,0f26457ba1599699e50245742dd36c25c4e8e249bad2b7fc748fcbdd8a1ef8e7
5.0.21,string-inst.cc,std::string::operator=(std::string const&),0,1,0x000328A0,0x000338A0,0x004338A0,48,29,3c732c9a73efd58b32f4b72c814f0a9a0473dcff27e0c8e7ee5e59820d2f25d8,648417c7bda1011441d907c9f5cdb5e5a7ab0dff1333b2e73e254caab1843908
5.0.21,string-inst.cc,std::string::reserve(unsigned int),0,1,0x00031B30,0x00032B30,0x00432B30,320,89,4f57716f6dd5fcca88d5986f05d9a3ebafcde875fba1c5484790a751c5cf5351,e081cf1d71a2b76cd38d4cf1079b2f8cd91d2cdf3d6cc5dd104d851b658d137e
5.0.21,string-inst.cc,"std::basic_string<char, std::char_traits<char>, std::allocator<char> >::~basic_string()",0,1,0x00032700,0x00033700,0x00433700,176,54,d04fc73a0bacd6a6115016f7761b16467f9bc6f63eeb46465f4960440b8fe001,35c663dd338b20de895b34fbbb2c63c84f920f32da81aeceeaa77638ce5d094a
5.0.21,string-inst.cc,"std::basic_string<char, std::char_traits<char>, std::allocator<char> >::~basic_string()",1,1,0x000327B0,0x000337B0,0x004337B0,176,54,9a05a9db64136bc5abd9bf818f30fcefe7ae88bab6ca70bea5f1b6f970853285,36c711fac7da17c85c5ceb6ad24a103bcb741f7b3c2331892fa5ea249f57c870
5.0.21,string-inst.cc,"std::string::_M_mutate(unsigned int, unsigned int, unsigned int)",0,1,0x00031C70,0x00032C70,0x00432C70,512,153,8dd0e81668ccf1273ee97dc15d013aaa7698029d3d25130a08a316b8b13cfd65,b2a686cec2a2f0c15bb88460ad908f46b3b703703bc4cac8a0da8b478b2b1d4c
5.0.21,string-inst.cc,"std::string::erase(__gnu_cxx::__normal_iterator<char*, std::string>, __gnu_cxx::__normal_iterator<char*, std::string>)",0,1,0x000302F0,0x000312F0,0x004312F0,80,34,09358420f1dc94ba0a1d348d8c900286dbf816732bbd80b2680516daafbb1a30,da707df320d8bcfe95e681fb62f8458dcbc94fbaeed1d087e6d124df5b6d6005
5.0.21,string-inst.cc,"std::string::erase(__gnu_cxx::__normal_iterator<char*, std::string>)",0,1,0x000302A0,0x000312A0,0x004312A0,80,34,117a2b1d11c84bc5a8c94394a3abeba776a34216208dac24f9927e54d9e4c5fb,14c2592c77d9695a142fc1796eaf63db0e93aa11a861904d5841b4871f91fb43
5.0.21,string-inst.cc,std::string::operator=(char const*),0,1,0x00032860,0x00033860,0x00433860,64,29,c8f5a62d649a8350860626129f7496181ba89ba4b96190ae365b2b2eb83e0992,ce705580e2c7c59139e4726b26cc25ab2786a605ddc4fdad9c4f1f4394b27eca
5.0.21,string-inst.cc,"std::string::assign(std::string const&, unsigned int, unsigned int)",0,1,0x000309F0,0x000319F0,0x004319F0,128,47,4e248b128f9500e8a50456a4d1e37e01c02e0de3a297bb5dea8dd91e2e29eb06,40a635fc730a3f5d865fac5417f61818a5dcdf3b3343c9c7d73abd6b7aee8138
5.0.21,string-inst.cc,"std::string::append(char const*, unsigned int)",0,1,0x000303D0,0x000313D0,0x004313D0,208,77,850debc5cdaf0a60b666e28484cdd5823f1df64f6bf99064e236ba0597fd05b1,6b796dacc947dcb230839c6d36216e187ee40b133a9615f88cc51268123dbc16
5.0.21,string-inst.cc,std::string::operator+=(char const*),0,1,0x00032960,0x00033960,0x00433960,48,21,c26625fc76436b6b40bd23782b6227863155051afc497aa9a8503ca36dff4dcf,b72634def2c64a62bfc27540fc1aaed4aeb6f71c7b18a6a3b58370c7832ab12c
5.0.21,string-inst.cc,"std::string::append(std::string const&, unsigned int, unsigned int)",0,1,0x00030580,0x00031580,0x00431580,240,89,169561f4794e233894f2f3fa46eb0dae5a08b9bc783829fbd61a1936866f041b,8b3bf3c86c308b6626fc45a01e13916ea2a03f7f7c090d572d122efded8e5325
5.0.21,string-inst.cc,"std::basic_string<char, std::char_traits<char>, std::allocator<char> > std::operator+<char, std::char_traits<char>, std::allocator<char> >(std::basic_string<char, std::char_traits<char>, std::allocator<char> > const&, std::basic_string<char, std::char_traits<char>, std::allocator<char> > const&)",0,1,0x00033870,0x00034870,0x00434870,256,81,8872205cc32b1509c880d011ccb800fdfe728fb19e5e20f24e8dee3db359bebe,715656c1dcdc5a33b560e43df268e98b85bfdc3774e9952023be1b807ee233cc
5.0.21,string-inst.cc,"std::basic_string<char, std::char_traits<char>, std::allocator<char> > std::operator+<char, std::char_traits<char>, std::allocator<char> >(char const*, std::basic_string<char, std::char_traits<char>, std::allocator<char> > const&)",0,1,0x00033730,0x00034730,0x00434730,320,102,5ea9405fbe72d4a20daabfe2e889995b0d63aada0bc3d7dd5ed4d031692f2839,1c5beac84cd42f7fed710ba5a0bddff330ce8ef70cf2b3bc0d3851a489683fcf
5.0.21,string-inst.cc,std::string::operator+=(std::string const&),0,1,0x00032990,0x00033990,0x00433990,16,11,87c7c268b273370194d358a05e64930ed1cda1b426b27d23e49b71dd2958452d,c9138013faa383def007d93c732076991e2f8dd09556488cb46426882b17c85a
5.0.21,string-inst.cc,"std::string::insert(__gnu_cxx::__normal_iterator<char*, std::string>, unsigned int, char)",0,1,0x00030BC0,0x00031BC0,0x00431BC0,208,79,aaf4acd94f95dc7e6775742935768f285710ca98e91a3b687bf058e0a38703bb,195ec56655056b125dddd3a0511582d5f9f36c46800489bd4b0a715b9a76cee7
5.0.21,string-inst.cc,"std::string::replace(unsigned int, unsigned int, unsigned int, char)",0,1,0x00031A20,0x00032A20,0x00432A20,272,93,633111e8e3ff991620aca0b4880b857253f2a8c76f1989d1c59cebf1df7607da,c7dd057d9918520d894d5c237507415f5e244a6435f222051da0315ee94d760a
5.0.21,string-inst.cc,"std::string::insert(__gnu_cxx::__normal_iterator<char*, std::string>, char)",0,1,0x00030B40,0x00031B40,0x00431B40,128,51,c1fdc12155f982e67b2d502eece997c0491836ce916d62ebe534741a1e68ad0d,f9ee8654ed2bbaaa3a0eb3d2b6840b57edef0bf7b0218ac5981e0835ac2c53bb
5.0.21,string-inst.cc,"std::string::insert(unsigned int, unsigned int, char)",0,1,0x00030F10,0x00031F10,0x00431F10,240,84,b037be926d1cd807ab1f84400f8b670e1c9cf264a28d798525f686372c8fefd6,ae6348e10821b0601a2c2808b3e249e7bb1785f0ffc1a5feb9620009dda88acb
5.0.21,string-inst.cc,std::string::operator=(char),0,1,0x000328D0,0x000338D0,0x004338D0,80,37,dd4173ad249406553f77048f8452cae551240517071d754eb543af09833cf43a,c0345946e98da576c7240f078ca8320d8ab69e15b000fc0ad96078644cbf78f6
5.0.21,string-inst.cc,std::string::push_back(char),0,1,0x00031E70,0x00032E70,0x00432E70,112,46,9f8b9a9d3851349267aaa9b7a24296308c92248439096044b9dfb769b8880fe8,1aab8b32f5f9405dd247d1ba478437e3186b022454566bb0279fbc1503e5b057
5.0.21,string-inst.cc,"std::basic_string<char, std::char_traits<char>, std::allocator<char> > std::operator+<char, std::char_traits<char>, std::allocator<char> >(char, std::basic_string<char, std::char_traits<char>, std::allocator<char> > const&)",0,1,0x00033970,0x00034970,0x00434970,2068,842,07e65a2eeb553bcc635a476a7ca637181aa6829c94f733f7f2922e300f32fbf0,4eaa240d2c1017337e76ee93df9c24884927e46b47795201eb5fc3b99e03c4bd
5.0.21,string-inst.cc,std::string::operator+=(char),0,1,0x000329A0,0x000339A0,0x004339A0,112,45,70d4e328061b470c66bfa736359cdc7002f8de490bf06b4f890e5c4ef1813317,1e80cf53bf26df72549e3d3d210fbeab39d3d6b106c6711e9e7513a6646492c3
5.0.21,string-inst.cc,"std::string::resize(unsigned int, char)",0,1,0x00031080,0x00032080,0x00432080,304,105,2ba8021a5f73be5a1142ba0427bf23d507913b47bf849de14ab96880c1d11a50,7ee0f1f7916d787efde402853191dcbb405e088a40aa8f66dcd66445551659d6
5.0.21,string-inst.cc,std::string::resize(unsigned int),0,1,0x00031060,0x00032060,0x00432060,32,12,c1c06ead5e80e3bbaed93c97b29055efca0a074077218d58640c4748bca63049,0316868b665859e9d5ca8e4241b600160fe080b1f7d78e44dff5ec8dd1aef50c
5.0.21,string-inst.cc,"std::string::insert(unsigned int, char const*)",0,1,0x00030C90,0x00031C90,0x00431C90,64,32,3d2310614f00cc3982732b4d5feb6249964f369e4e42c561b4564e3c7cb455b8,96a7c24b71e017bee61cd894581ff357e50583bacbe807f74988393ea91a7301
5.0.21,string-inst.cc,"std::string::insert(unsigned int, std::string const&)",0,1,0x00030E70,0x00031E70,0x00431E70,48,21,b3e776e006a285d142107c589a453d9e742e84bcaaa00e90fc28f9fb3d53c0ad,57a81cf9907212649cfdc1f6f3d98e17ca6aeb8eec3642958e9bfcbde8f8cd60
5.0.21,string-inst.cc,std::string::clear(),0,1,0x00030270,0x00031270,0x00431270,48,23,5c3f51f265a30b2ee9fb170b76af1ac0868201635d56c74262ec06179f62ce00,98cecda4ebff3724600c121079e374b17428271e57ca4c5e62f074cac6aa5286
5.0.21,string-inst.cc,std::string::_M_leak(),0,1,0x000311C0,0x000321C0,0x004321C0,32,16,0a00330fca451dbfd700a3964825260cf3d51de18bc05c59d8c1b2313b29e540,6895035a7af151ba4cfd95e8e0df8cceab9580eff9ebba70e57ba9ea88374012
5.0.21,string-inst.cc,std::string::at(unsigned int),0,1,0x0002FC40,0x00030C40,0x00430C40,112,47,089e54bcb27f6a5f3445cc4ef8b71c92e469a000afed3146865233fabbf1bf17,631935b50c5f0a037f48a8b29ad7c266950bcc0a87297c8bde87cfec4ecc5240
5.0.21,string-inst.cc,std::string::operator[](unsigned int),0,1,0x00032920,0x00033920,0x00433920,64,37,57258828e91138da1d6d663c13da8437b6309ef611e0209f9c297d161f655dd3,38a4fdc753ce4e207819b5ba2861467dbb26d0fbd390790fe8a8d5f47c37df06
5.0.21,string-inst.cc,std::string::end(),0,1,0x0002FCB0,0x00030CB0,0x00430CB0,64,37,6957c3b5b2cbeee2415d4a16599937d39948f72a3b41c74b4be7b451a4a60930,c88cb35ee9a7df1781eaf7360fdc7bd8303670a56f4b791b056e111dcf670d0e
5.0.21,string-inst.cc,std::string::rbegin(),0,1,0x00031000,0x00032000,0x00432000,96,44,e0549aa567a72610e46926b40244f87ed71cb615e421263ebc3342519b346063,a79e35b4fb95af4fedf4188fb455948cc1d21c94e2e4ba523e29681da6704537
5.0.21,string-inst.cc,std::string::begin(),0,1,0x00030240,0x00031240,0x00431240,48,24,b5c42bef98443fe2f26141a0459f18aa85a1a6d0ea00776481a6456ba2d7c59c,8ac7d7aa883388b9a0b63e2cedf2d7f691978cf57206083fb5fb6f346b69c3bd
5.0.21,string-inst.cc,std::string::rend(),0,1,0x00030120,0x00031120,0x00431120,80,34,45e4c85fd3604313caba3146ccddb5b381105dd3bb71b0bee5884464106ffbcc,c32bd48e50a5e250641e4a725d25ff13211271ad21c00b0a2fd1835023940040
5.0.21,string-inst.cc,"char* std::string::_S_construct<__gnu_cxx::__normal_iterator<char*, std::string> >(__gnu_cxx::__normal_iterator<char*, std::string>, __gnu_cxx::__normal_iterator<char*, std::string>, std::allocator<char> const&, std::forward_iterator_tag)",0,1,0x0002F880,0x00030880,0x00430880,128,49,ea21a4b7b7db17431a3d23d9e4570deab37228612673f0bf9e29f2325cb25b67,736be68ae7afcd6751805afb03064b2a02560f44b15ec5878374ab84181e20e4
5.0.21,string-inst.cc,std::string::swap(std::string&),0,1,0x00030170,0x00031170,0x00431170,208,62,d5a842be19a167213af912f5a153655d7b7efdff0983a40bb1019a58c5bdbdc4,b1d6de2c67f533e69a4cdecbd4b175f79e6a28f511bf21ce9fe0732a34280488
5.0.21,string-inst.cc,"std::basic_string<char, std::char_traits<char>, std::allocator<char> >::basic_string<__gnu_cxx::__normal_iterator<char*, std::string> >(__gnu_cxx::__normal_iterator<char*, std::string>, __gnu_cxx::__normal_iterator<char*, std::string>, std::allocator<char> const&)",0,1,0x00032670,0x00033670,0x00433670,48,20,2e1282bc27de18c269da29ff920c8993c792339e6add95b74e1e09dcc418eb4b,3c508df1354d79a9a677f019a32b57810cfd69acfeaa38a31e69897ae43e513b
5.0.21,string-inst.cc,"char* std::string::_S_construct<char*>(char*, char*, std::allocator<char> const&, std::forward_iterator_tag)",0,1,0x0002F980,0x00030980,0x00430980,128,47,ef9c5c9d17e3f14300c2e2dafc7d44e9143b59ba4f6d7bea701aa8eb5bf139f4,0fe84a09dfc622f043bffe134a645933a64526461f1286b8dd2820edec6231d9
5.0.21,string-inst.cc,"std::basic_string<char, std::char_traits<char>, std::allocator<char> >::basic_string<char*>(char*, char*, std::allocator<char> const&)",0,1,0x000322C0,0x000332C0,0x004332C0,48,20,b1871138713ab00030d67fac5cf6b9b489a65940cfabac293f590a51978ffa9b,4ded94f9aa87ae9bd709084e2f5c9ec1cd7fa6bfcb313cfb8bcbc4b5220b853e
5.0.21,string-inst.cc,"std::basic_string<char, std::char_traits<char>, std::allocator<char> >::basic_string<char*>(char*, char*, std::allocator<char> const&)",1,1,0x000326D0,0x000336D0,0x004336D0,48,20,6ebd9136b3d0a092f6c029c4e87abf4da5ad83230d10ee588a58db174ec8f0e1,4ded94f9aa87ae9bd709084e2f5c9ec1cd7fa6bfcb313cfb8bcbc4b5220b853e
5.0.21,string-inst.cc,"std::basic_string<char, std::char_traits<char>, std::allocator<char> >::basic_string(std::string const&, unsigned int, unsigned int, std::allocator<char> const&)",0,1,0x000321A0,0x000331A0,0x004331A0,112,40,7e3528a72b99d7cbd261eb43d6340d6e721dd8dd76328002e91bff70adfbc475,54c6504d553fd196142a2de6cce4eef773e82c9247327efd42c9ed5fb9d48ae0
5.0.21,string-inst.cc,"std::basic_string<char, std::char_traits<char>, std::allocator<char> >::basic_string(std::string const&, unsigned int, unsigned int, std::allocator<char> const&)",1,1,0x000325B0,0x000335B0,0x004335B0,112,40,3f49c8cc76762f86ce6e1d55fc33b2f14847d3007d049a1cad67d3f7e5db90fe,54c6504d553fd196142a2de6cce4eef773e82c9247327efd42c9ed5fb9d48ae0
5.0.21,string-inst.cc,"std::basic_string<char, std::char_traits<char>, std::allocator<char> >::basic_string(std::string const&, unsigned int, unsigned int)",0,1,0x000320B0,0x000330B0,0x004330B0,240,71,ede22cc390ab7db026c1aca15db7d6d296502dfef995e7548c9d8f761654db5e,bef085720f8da58ffdc220e6f10e09a5edfb0f0760e6c6ba4991cd878424c839
5.0.21,string-inst.cc,"std::string::substr(unsigned int, unsigned int) const",0,1,0x0002F320,0x00030320,0x00430320,96,39,710326b21522e35b671a5587a475c3c1fb9e0dbdce5fc7c3acbcda856dd917d1,5b5ecc26224dc2f948d7db0ab795c349eb775c562d36e1b116d53af93fc081b2
5.0.21,string-inst.cc,"std::basic_string<char, std::char_traits<char>, std::allocator<char> >::basic_string(std::string const&, unsigned int, unsigned int)",1,1,0x000324C0,0x000334C0,0x004334C0,240,71,91ad551f5a183aad2fc1925cbd0c37c2468f83e34998d78fe29c8aaf0b688a7c,bef085720f8da58ffdc220e6f10e09a5edfb0f0760e6c6ba4991cd878424c839
5.0.21,string-inst.cc,"char* std::string::_S_construct<char const*>(char const*, char const*, std::allocator<char> const&, std::forward_iterator_tag)",0,1,0x0002F900,0x00030900,0x00430900,128,47,223965add70fd2ff0afddbf6b61be7d46acc4cf10ecf6a55ca358d31b5ac4a3e,4f656bf19fcfbdd29fe99603363ebc91b114bd81c205752aeb48c6c43d002739
5.0.21,string-inst.cc,"std::basic_string<char, std::char_traits<char>, std::allocator<char> >::basic_string<char const*>(char const*, char const*, std::allocator<char> const&)",0,1,0x00032290,0x00033290,0x00433290,48,20,649016af2b252754877e337d5bd5f839c384bdbc8f7765217f334d746085a693,6551282592ebaff547ffa7a7a7f07d108b269149ac09f5e048ddb06765a1d4fd
5.0.21,string-inst.cc,"std::basic_string<char, std::char_traits<char>, std::allocator<char> >::basic_string<char const*>(char const*, char const*, std::allocator<char> const&)",1,1,0x000326A0,0x000336A0,0x004336A0,48,20,deceebf8d57bcd590e908eed5380a32ac086e3de6bfae145ef15cbfa8c51c396,6551282592ebaff547ffa7a7a7f07d108b269149ac09f5e048ddb06765a1d4fd
5.0.21,string-inst.cc,"std::basic_string<char, std::char_traits<char>, std::allocator<char> >::basic_string(char const*, std::allocator<char> const&)",0,1,0x00031EE0,0x00032EE0,0x00432EE0,80,38,9845942b55f41a712a0272a38eeca91df1d67943812ee6724574ea0ee913aeed,0d1a72ebb5ddc0f1bbac272fa8c1869f66dc98fa627db51dabee00d1c9b27876
5.0.21,string-inst.cc,"std::basic_string<char, std::char_traits<char>, std::allocator<char> >::basic_string(char const*, std::allocator<char> const&)",1,1,0x000322F0,0x000332F0,0x004332F0,80,38,2be14cdc9f51d98995118ca3da18ac4eb483fdbf61f6f2c8af74cc2d247882ec,0d1a72ebb5ddc0f1bbac272fa8c1869f66dc98fa627db51dabee00d1c9b27876
5.0.21,string-inst.cc,"std::basic_string<char, std::char_traits<char>, std::allocator<char> >::basic_string(char const*, unsigned int, std::allocator<char> const&)",0,1,0x00031F30,0x00032F30,0x00432F30,48,18,f5127910cf4b69702e2b8812f1a6748118ec02048aafa3e7c69e946b2321ca3a,ebbb2d0d9fb5715903e6376eb4ae3dd285a43300abe3b955813948aa7140611b
5.0.21,string-inst.cc,"std::string::replace(__gnu_cxx::__normal_iterator<char*, std::string>, __gnu_cxx::__normal_iterator<char*, std::string>, __gnu_cxx::__normal_iterator<char const*, std::string>, __gnu_cxx::__normal_iterator<char const*, std::string>)",0,1,0x000311E0,0x000321E0,0x004321E0,80,37,b3b81d76b9fd1ec657f15f3ec98965289fc4925ca225b9aa9974e85c56c7a56e,37a786cf120edd7f97fa587b412ce612b6ec6151e00335115f5a03b2db8c6346
5.0.21,string-inst.cc,"std::string::replace(__gnu_cxx::__normal_iterator<char*, std::string>, __gnu_cxx::__normal_iterator<char*, std::string>, __gnu_cxx::__normal_iterator<char*, std::string>, __gnu_cxx::__normal_iterator<char*, std::string>)",0,1,0x000313C0,0x000323C0,0x004323C0,80,37,c53fa06232e51a9e80582dc041cec6ae54af26e40745e817b5037168f6f8774d,37a786cf120edd7f97fa587b412ce612b6ec6151e00335115f5a03b2db8c6346
5.0.21,string-inst.cc,"std::string::replace(__gnu_cxx::__normal_iterator<char*, std::string>, __gnu_cxx::__normal_iterator<char*, std::string>, char const*, char const*)",0,1,0x00031290,0x00032290,0x00432290,80,37,423220211b33eb05e141b10bbeed20f1f91344ebd8a0577a5aab9f65bd28a2bd,37a786cf120edd7f97fa587b412ce612b6ec6151e00335115f5a03b2db8c6346
5.0.21,string-inst.cc,"std::string::replace(__gnu_cxx::__normal_iterator<char*, std::string>, __gnu_cxx::__normal_iterator<char*, std::string>, char*, char*)",0,1,0x00031370,0x00032370,0x00432370,80,37,6ace32b38f8b1e6528eb8e466fbc62ec08b75392b8e84657738f9749927ca8b8,37a786cf120edd7f97fa587b412ce612b6ec6151e00335115f5a03b2db8c6346
5.0.21,string-inst.cc,"std::string::replace(__gnu_cxx::__normal_iterator<char*, std::string>, __gnu_cxx::__normal_iterator<char*, std::string>, char const*)",0,1,0x00031230,0x00032230,0x00432230,96,41,bf473d40719eee55995c891d3331d6f296d04ee903ffa1015e854d38647aaeb6,4b9042cbda431e87612cc83ecace2db0507f558b4cf0a029c0c0d3a33b64b7e6
5.0.21,string-inst.cc,"std::string::replace(__gnu_cxx::__normal_iterator<char*, std::string>, __gnu_cxx::__normal_iterator<char*, std::string>, std::string const&)",0,1,0x00031320,0x00032320,0x00432320,80,37,a904c11f64252d495fa9924ea188f354983788cd5a6b4d6d59b74abed2fa8343,894989816f5539ee12568e2891ad8c3d0989762cf5e17364cbebf7f0a453410d
5.0.21,string-inst.cc,"std::string::replace(unsigned int, unsigned int, char const*)",0,1,0x00031500,0x00032500,0x00432500,64,27,b5bc011262a052fcb67eef33b1593cb3d7927f944ea2ddb622d05ae03fdb1d5c,2a45e43f816a6e211b347307322f4b4e4a7736639d321f6f9cfadfb48dfb895f
5.0.21,string-inst.cc,"std::string::replace(unsigned int, unsigned int, std::string const&, unsigned int, unsigned int)",0,1,0x000319A0,0x000329A0,0x004329A0,128,51,35381f1db324031580abcf9ce8f5801f3f1d68fcb89ccfa120f22ad1f8f5b756,6feae680a3729b9f4843b4db90a0aa306668b06d11d9b4e64838cd93063584a5
5.0.21,string-inst.cc,"std::string::replace(unsigned int, unsigned int, std::string const&)",0,1,0x00031960,0x00032960,0x00432960,64,32,e841b1e6e4ebb453bc64f5321742c5c8ba678511dd298a4e02896389134b4b6f,6bb9bf8b2978480c4cb8ec63cb52a9b4161a9159c3e110358f96b1b5595d2ac7
5.0.21,string-inst.cc,"std::basic_string<char, std::char_traits<char>, std::allocator<char> >::basic_string(char const*, unsigned int, std::allocator<char> const&)",1,1,0x00032340,0x00033340,0x00433340,48,18,223f5e51ece4830bb5727b58c2e5bfe5fe4cae0d248c1db7f5bfc160f857f0f2,ebbb2d0d9fb5715903e6376eb4ae3dd285a43300abe3b955813948aa7140611b
5.0.21,string-inst.cc,"bool __gnu_cxx::operator==<char*, std::string>(__gnu_cxx::__normal_iterator<char*, std::string> const&, __gnu_cxx::__normal_iterator<char*, std::string> const&)",0,1,0x0002EAA0,0x0002FAA0,0x0042FAA0,32,21,2bc1483e47366ff4975547ba5a66c467a8d59a3c1fc1b712209b2286027f2901,c1f91c264723eac2896fcfaedf35fc97c812fe4b2cf95e5fd8638c212629229c
5.0.21,string-inst.cc,std::string::_Rep::_M_destroy(std::allocator<char> const&),0,1,0x0002FCF0,0x00030CF0,0x00430CF0,32,16,9f1de99c0285ecaf3120419bce419e3dfb97be731b668c9c8b5396b3dc0c7a29,37f5d6a8029f3b13e3041dc6fca8733b83c83cc66543ee0bb62cae873ea9a7fe
5.0.21,string-inst.cc,std::string::_Rep::_M_refcopy(),0,1,0x0002FD60,0x00030D60,0x00430D60,192,61,d0b7bcb6864424de7cd1d4ff4dd31fd8f086af4d51d55cb970929b29f715489b,343fcdeec847d2dea9dc13351e3601cc6098d4a82b082aa9927b8b872729a4da
5.0.21,string-inst.cc,"std::string::find_last_not_of(char const*, unsigned int, unsigned int) const",0,1,0x0002ED10,0x0002FD10,0x0042FD10,128,61,4dca16d58b43d7181fe13fe46003eb6c9efb2319d057d539df7d92f2db02a393,8eea4a516c0c404a5521f29e82d306b81552437204a07646c28d206ab4325d1b
5.0.21,string-inst.cc,"std::string::find_first_not_of(char const*, unsigned int, unsigned int) const",0,1,0x0002EE40,0x0002FE40,0x0042FE40,80,38,2333c1dcf2ff67db1d7061e8f16950e9113a2c631964d178075f11ae2a1c943d,c6f9e24aa326a50e9958c9294fc0df94a45a7875b59c672e6d0f6e150a5889d9
5.0.21,string-inst.cc,"std::string::find_last_of(char const*, unsigned int, unsigned int) const",0,1,0x0002EB00,0x0002FB00,0x0042FB00,144,66,35081a8b80c5ced396d9799e29c2f348d74957072f7fadf3332fa0dfef4b8cc5,bd298c85eff3383f50e781ea32905cb9de6609d50fe1725995dd76b2548d7dc5
5.0.21,string-inst.cc,"std::string::find_first_of(char const*, unsigned int, unsigned int) const",0,1,0x0002EC10,0x0002FC10,0x0042FC10,112,52,956ea2ddef07cc5f46895eb2c89048e130fc9cff509d5ad9bc433ec8f33fdf11,9d27a3304c48d9b3abdc046700db4b2aecfb2521490f8f73e7f903e3f3a67133
5.0.21,string-inst.cc,"std::string::rfind(char const*, unsigned int, unsigned int) const",0,1,0x0002F1E0,0x000301E0,0x004301E0,128,58,835fb78881519c128ab8e0a7e39bc3b98d41b8290b83e4e81d13cd3be3a3151b,370dd2e06f4785ae7bbe014b51b855fbe8dab99e3a66b041c4e439d05ee3163c
5.0.21,string-inst.cc,"std::basic_string<char, std::char_traits<char>, std::allocator<char> >::basic_string<__gnu_cxx::__normal_iterator<char*, std::string> >(__gnu_cxx::__normal_iterator<char*, std::string>, __gnu_cxx::__normal_iterator<char*, std::string>, std::allocator<char> const&)",1,1,0x00032260,0x00033260,0x00433260,48,20,053dfa71a5b03903d05b7898182d68ef900ac1ee8f639fe67b49bbbfdc0f340b,3c508df1354d79a9a677f019a32b57810cfd69acfeaa38a31e69897ae43e513b
5.0.21,string-inst.cc,"std::string::replace(__gnu_cxx::__normal_iterator<char*, std::string>, __gnu_cxx::__normal_iterator<char*, std::string>, char const*, unsigned int)",0,1,0x000312E0,0x000322E0,0x004322E0,64,28,a71e91e0fba2e429e987db35dae7cdf4de071bf47115306d01566fe87f686281,d395ebdde9f39801a15e97f81d46852ef83d154bf690e4825d0faebfd6c6e76f
5.0.21,string-inst.cc,"std::string::replace(unsigned int, unsigned int, char const*, unsigned int)",0,1,0x00031540,0x00032540,0x00432540,1056,290,bba222a0ac26227a376e81081640b774de25b21d39d77b510693f5a524aadfc1,67b2496bde2d2942d27f3ede1c0f6e26214c540561eefe403220a67e0aa7e966
5.0.21,string-inst.cc,"std::string::insert(unsigned int, char const*, unsigned int)",0,1,0x00030CD0,0x00031CD0,0x00431CD0,416,144,9c24311838ed21d205a854b5c471497738949355ffabc66f9e99f6505ca1cb1c,1f90ebaecb67ac2c912e996c0b8a6bc6941993425ee84f0203f8f0e041b90da0
5.0.21,string-inst.cc,"std::string::insert(unsigned int, std::string const&, unsigned int, unsigned int)",0,1,0x00030EA0,0x00031EA0,0x00431EA0,112,40,b378aaf6a8c2a4570b93eb2b8528bbdb9672e953f2c085683de32f6e94878eae,4d57d6cb61f7f5ec42249e41976f8c5b574db85e44951659b3aca24490c9c589
5.0.21,string-inst.cc,"std::string::replace(__gnu_cxx::__normal_iterator<char*, std::string>, __gnu_cxx::__normal_iterator<char*, std::string>, unsigned int, char)",0,1,0x00031410,0x00032410,0x00432410,240,86,ab28848630f1279ff9727ff9003d56f90b9919c475fe0f519c410dff777ba0b2,037edd8d601c7ad7ab3fbd94ff512d07e8bf39e5beb445d151bb460321f4b50f
5.0.21,string-inst.cc,"std::string::assign(char const*, unsigned int)",0,1,0x00030770,0x00031770,0x00431770,272,100,5ff76da347ef8c2ca0a8c64ff56c72b6992706db84c407e00db55d50ded66850,1c9218200e7ca42bce9098158d1bdbfc536320ac343ba3224b43161c451679a9
5.0.21,string-inst.cc,"std::string::_M_replace_aux(unsigned int, unsigned int, unsigned int, char)",0,1,0x0002FAD0,0x00030AD0,0x00430AD0,224,82,acef0492ab526b958de5156dfb0b62c4b17f152b1db78c6f80d6c3144c53e507,c49fed258582222636cf87893bd9fd0ecea39b0870885143ed9144d3db6ab2ff
5.0.21,string-inst.cc,"std::string::_M_replace_safe(unsigned int, unsigned int, char const*, unsigned int)",0,1,0x0002FBB0,0x00030BB0,0x00430BB0,144,58,73e2544905cd9908b7c88c9ee438b79487cde35a3ad067e9d1a05c156ab2588c,71eb0abe564e78116c5e4d2919f53dcb84c382eba7635c99d3d578a55984beb7
5.0.21,string-inst.cc,std::string::append(char const*),0,1,0x000303A0,0x000313A0,0x004313A0,48,21,84e94761b4a6a716b8588b8d3b1341e060a3e5d01a59f3222262902d2e570b8b,acd660a9f348fe4216c311e299eb746492b0c10beeeaab02cdfdb81a9278dc2a
5.0.21,string-inst.cc,std::string::append(std::string const&),0,1,0x000304A0,0x000314A0,0x004314A0,224,85,c8a18f40298e681bbeb7cf2f5b469bc0d94e18582da10c129be17f5988aec8bb,144e477ebcf1bca62247cc9d0c5dcaeb6bd6fcb41b2be0db3efa240e91ca5cbb
5.0.21,string-inst.cc,"std::string::_Rep::_M_clone(std::allocator<char> const&, unsigned int)",0,1,0x0002FF60,0x00030F60,0x00430F60,128,50,1c15bc6bacb48c88cd19eaf9d6158f1d668ca3e02c9d9b4da6b8143a01fb1eb5,4719c619c6d25fcc35ee8a2188f08502f039d4cf287ebae952d803e35e8a076b
5.0.21,string-inst.cc,"std::string::erase(unsigned int, unsigned int)",0,1,0x00030340,0x00031340,0x00431340,96,36,8179be025c9084a1f2780ea2e5517c174923c6254ba0f0bb46838032ad66cb1f,4e0bee3bc9cb7023dfca3b393fd5ecbee7aa882385d17869aa9498da771f57b2
5.0.21,string-inst.cc,"std::string::append(unsigned int, char)",0,1,0x00030670,0x00031670,0x00431670,208,78,c108e189b5a3ad609406e02d283342c27ca845651732d4dac4c1f84c84604744,4ff3dae91b05a347a0aa70098d97bb10f0b5383472850e4bbd6634ce601ee592
5.0.21,string-inst.cc,"std::string::assign(unsigned int, char)",0,1,0x00030A70,0x00031A70,0x00431A70,208,76,d7253efd9625c2fd8313032e5ba18bb39ddfc3f4bc36c3a178b5496d960d61a5,c05d56357754f62aea64ed436da441aeed5f15af864691c4d1155718cc76cd5a
5.0.21,string-inst.cc,std::string::assign(char const*),0,1,0x00030740,0x00031740,0x00431740,48,21,b3e9ad98b33db623f1c64eda56b2d605b6c8dfc84dcaab8f433b44e37fb3d3f5,acd660a9f348fe4216c311e299eb746492b0c10beeeaab02cdfdb81a9278dc2a
5.0.21,string-inst.cc,std::string::assign(std::string const&),0,1,0x00030880,0x00031880,0x00431880,368,107,48a4b5bf2038f029e2b80c19a9953c345c4016d33ed9caab972e8b1ec4f1857d,6eb1a56f7ae3a210998123a47c32feb63ce55077b5a21a5589a54f44887d527b
5.0.21,string-inst.cc,"std::string::_Rep::_M_grab(std::allocator<char> const&, std::allocator<char> const&)",0,1,0x0002FE60,0x00030E60,0x00430E60,256,77,c71af5a612e9258d2ab9bb1643b1d1524664af572d29b3c6d3ab27e21bd0e78e,76a88058b2d6bd43f22cc5ade2dad694e0dc7b583f83c50b5d4620a4df55f8b4
5.0.21,string-inst.cc,"std::string::_S_construct(unsigned int, char, std::allocator<char> const&)",0,1,0x0002F800,0x00030800,0x00430800,128,54,6e5382919a7afa325eb90d4c0ae575814ee250f5b71270b656362cbdb5b57aee,c6df78a76f4289ce1133918c4b194b311e3cdf31ddb86a5e02e89dd8f1a17f3f
5.0.21,string-inst.cc,"std::string::_Alloc_hider::_Alloc_hider(char*, std::allocator<char> const&)",1,1,0x0002F790,0x00030790,0x00430790,16,10,af35a3b3e0c1be63b67bd78098044740355498bd3602e164544b151c996e18e3,d6cdf53a9e6993d0db32feafbdca705676df6539bf663a62c484d71cf2c31913
5.0.21,string-inst.cc,std::string::_Rep::_S_empty_rep(),0,1,0x0002FE30,0x00030E30,0x00430E30,16,11,ed26252ce7909301985f5065c365b2d81095d5a7a7a7219d40724119d5dfe1b8,934b15466a493a98275729a919ccd775eb12c59744d9870576feb0221358facf
5.0.21,string-inst.cc,std::string::_Rep::_M_set_leaked(),0,1,0x0002FE40,0x00030E40,0x00430E40,16,7,ea33c9c671c3dc4758a8d467cf40fa379a82ac5b197a4d5767fdd930bdde7ee3,e9b34f0c2081a7ea15e840e574ab9660e89956f42c7e2393617970b4b4744888
5.0.21,string-inst.cc,std::string::_Rep::_M_set_sharable(),0,1,0x0002FE50,0x00030E50,0x00430E50,16,7,0a27045c5431af4d001b8a0993ff6b57f00f728fc921f3bed391867d82271ed1,7e6fd93bb79fde5afbc2cfc220b1ec692632ad9136a2ab2959b4a95bfda240c3
5.0.21,string-inst.cc,std::string::_Rep::_M_dispose(std::allocator<char> const&),0,1,0x0002FD10,0x00030D10,0x00430D10,80,28,b4bd8778db04e8bdb257239a5bc3d0c91dff28dee3fa459c61cbff53bdba4a4d,6078471db0b53d85a32fddc9dfe400fa5fbdc22a21795d03ebf578e3d5767183
5.0.21,string-inst.cc,std::string::_Rep::_M_refdata(),0,1,0x0002FE20,0x00030E20,0x00430E20,16,11,1ff40a91308bf73c4c9ca8aeb1a6c1fa6d857000dd507fe2925f8b63e093c666,006a8cc74d2bda59381b93bac16975fed0658d82309e3135e745035aae34783d
5.0.21,string-inst.cc,"std::string::_Rep::_S_create(unsigned int, unsigned int, std::allocator<char> const&)",0,1,0x0002FFE0,0x00030FE0,0x00430FE0,320,87,6a42ec9f7cfd8e6a4c2c444250c333da2c010b8afbcd6258f487a841b79ec7cd,e2e0ba41e5e2ef4ca971fbe9ae90f5f6671777182fc47a5b17f9bdd1466aceef
5.0.21,string-inst.cc,std::string::get_allocator() const,0,1,0x0002ECC0,0x0002FCC0,0x0042FCC0,16,11,02d5d60a8b56a60831358edee7395f035d2f966d02b55c76cf90a649c750746c,bb28bbbacd107f929718704f12a2a5fa5cb6ddbca0678038b013276485cc9d99
5.0.21,string-inst.cc,std::string::_S_empty_rep(),0,1,0x0002FA00,0x00030A00,0x00430A00,16,11,ed26252ce7909301985f5065c365b2d81095d5a7a7a7219d40724119d5dfe1b8,934b15466a493a98275729a919ccd775eb12c59744d9870576feb0221358facf
5.0.21,string-inst.cc,std::string::_Rep::_M_is_shared() const,0,1,0x0002EF50,0x0002FF50,0x0042FF50,32,22,b33c6a3f0f17a360c982695f24d4877150c633eac201af779165dddd0a7e8cb6,36ea651ea75b3b60518484390d42e41fcec3f0c2c6f50794b4bf699c71f30dcd
5.0.21,string-inst.cc,std::string::capacity() const,0,1,0x0002F750,0x00030750,0x00430750,16,8,5098480e660e7f7017aef0954f275d36f69af3be6ebd35bac7a6d75ca667b647,1a86f64fe50c390eac5198ad797a299f634793d87bf0cf651b06ab3666428ac6
5.0.21,string-inst.cc,"std::string::_S_copy_chars(char*, char const*, char const*)",0,1,0x0002FA70,0x00030A70,0x00430A70,48,26,0904a325a38703911363323352e6e2a6b2383ccf00125685a929b36dddf5a046,54b5b1280823a526d7f01833680919be1af9b99ee99de18da556cd474704a8ba
5.0.21,string-inst.cc,"std::string::_S_copy_chars(char*, char*, char*)",0,1,0x0002FAA0,0x00030AA0,0x00430AA0,48,26,ce237f0b3a16dfd1cf1760418a0428af3ea112233b9803ef429d540336af6530,54b5b1280823a526d7f01833680919be1af9b99ee99de18da556cd474704a8ba
5.0.21,string-inst.cc,std::string::_M_leak_hard(),0,1,0x0002F7B0,0x000307B0,0x004307B0,80,31,98511ceb2851e56f593d62f175162545a7eaffc4beb733e1d06f18b04d29010e,8a0be721b675f8805b8a990cb950ffaae26b41ee2b6ab7dd87b419e859ba64b6
5.0.21,string-inst.cc,std::string::_Rep::_M_is_leaked() const,0,1,0x0002EF40,0x0002FF40,0x0042FF40,16,9,30e86aa3e9dec8e305554e89f31b94fa88e8f4ac591c95220ada5f45943299aa,363e34f8a31253489ae23a1cb247b4f9e6ec85727fd0cc0a7459a5cba6511ff9
5.0.21,string-inst.cc,std::string::size() const,0,1,0x0002F150,0x00030150,0x00430150,16,10,78e6a35a1ddf3db184d518653ef008414eee278e70af91c5c1c936d48077378c,9ee4fb0a10ab9a81ea70de509dec6db71a039ad467d821570c625adf04666408
5.0.21,atomicity.cc,"__gnu_cxx::__exchange_and_add(int volatile*, int)",0,1,0x000292D0,0x0002A2D0,0x0042A2D0,16,8,02507ce16d18388c151529674ae08d256d0ff30ed2f07b3aa4cb223090888fd7,bf30d0e7e5b2d0ba21f547db26f5a209ca9e64b2e2f8dade48fa2530a537ca8e
5.0.21,atomicity.cc,"__gnu_cxx::__atomic_add(int volatile*, int)",0,1,0x000292E0,0x0002A2E0,0x0042A2E0,16,9,7dea967e62f162be8d90af40f6ae58509ce3c8298fb66352dd335677d2a5d89d,d24cd1936faa1311ea8b8eea70e58a818c23dcaa723c3415c85b6584d3782961
5.0.21,eh_throw.cc,"__gxx_exception_cleanup(_Unwind_Reason_Code, _Unwind_Exception*)",0,1,0x000292F0,0x0002A2F0,0x0042A2F0,80,30,47f3dde6bb2a958e12d5a7d18ce63cd81daec5e4401a9ea0838c43d509c8b310,f2844e1f1d2e51b91c0926f657eecee08df5300be0b698c18c4b3809efb83a4b
5.0.21,eh_throw.cc,__cxa_throw,0,1,0x00029340,0x0002A340,0x0042A340,112,29,b7bc98f0b37d5fefdcd8d24aa12eb31b97886c7278f29bbd4c8d912c1c4ded35,e156376af3a82f6e52a3ff94d27379d7747dee88c323361cd7c697c24950bab8
5.0.21,eh_throw.cc,__cxa_rethrow,0,1,0x000293B0,0x0002A3B0,0x0042A3B0,96,36,a3ce22874277b060d81b1ec391864beb2aca32e96e21c3d18a33e45cfc2c0d89,fd83a83b35373883c05503d557779f6e6eedb625a0210a27fd54e3fc14fbca00
5.0.21,eh_catch.cc,__cxa_begin_catch,0,1,0x00029410,0x0002A410,0x0042A410,272,83,fcae83b1ed7ae75d51e0275d648646a40dc6b6a0f2da09618513791ad702108c,0b63ee4983cc2a73f886b7170392a81df26d5a3fd65e164af9fc764d93dd371d
5.0.21,eh_catch.cc,__cxa_end_catch,0,1,0x00029520,0x0002A520,0x0042A520,144,55,7ae12998f1e6dab6870654a1a42eb73a18dd08ae8794d3644bb810a331b520c5,3a84ec96a36a1e568386b442339fdda8afdf5910a4ab5835bf6e0bf0602ca706
5.0.21,eh_catch.cc,std::uncaught_exception(),0,1,0x000295B0,0x0002A5B0,0x0042A5B0,32,18,6f487820421f045d93e46ca1040cffd43a45dfa08f40176b30b5cf48285bc0b9,699df32f6e6a9240c36d03e9158034b71c195d22643f2d01bf611f8aa8e70988
5.0.21,del_opv.cc,operator delete[](void*),0,1,0x000295D0,0x0002A5D0,0x0042A5D0,16,11,8c61f99d7ab1413424c2f5f7e151feb9c9129de92a9218ab94603714d4e7c516,4c4c2c7d1a5a48fd6513405ab88125224b6033ecdae2f6d8087a75d7a99408a5
5.0.21,new_opv.cc,operator new[](unsigned int),0,1,0x000295E0,0x0002A5E0,0x0042A5E0,160,54,126eb3429481f9e7edfd5666679641fbdfba676b482a43bd1d16047bafa3a908,84f7a0f67191d9cded0270f979e1ac05ffe540abf641b8f62a0d9dcc22785dbc
5.0.21,tinfo.cc,std::type_info::~type_info(),0,1,0x000296B0,0x0002A6B0,0x0042A6B0,16,7,7d79a0a1747fa288bb8ddce300e1ea714b3e8e7881d9a8bb1d1a65eef093bf3e,ad26934f29cce20e9c71ba99661cf4bdd7043b198b3e80158b58a1428ab76fe7
5.0.21,tinfo.cc,std::type_info::~type_info(),1,1,0x000296C0,0x0002A6C0,0x0042A6C0,32,8,43919d90fecebc16eab255fe1a9c960cd295591161a4346f393537989f2accaf,933055cd7a27552720ea3c56501326dfd90652d6ce0f4c210b19eaff48a86e5a
5.0.21,tinfo.cc,std::bad_cast::~bad_cast(),0,1,0x000296E0,0x0002A6E0,0x0042A6E0,32,11,9f48da72da39520d44b8687b10a83e518d1e455768c5319f215239315a81ed6f,25e9c06881d0b05095a0619e56264adf120cf4bb18cad01e4da3504db3cb1259
5.0.21,tinfo.cc,std::bad_cast::~bad_cast(),1,1,0x00029700,0x0002A700,0x0042A700,32,11,b53770ac6b341c6b3778c239d6e3c5dfa244d20f23c04ab416abaed664c0726c,25e9c06881d0b05095a0619e56264adf120cf4bb18cad01e4da3504db3cb1259
5.0.21,tinfo.cc,std::bad_cast::~bad_cast(),2,1,0x00029720,0x0002A720,0x0042A720,48,16,b3cf5513d054eb010296b08df8e3a70e500b4ead40158103ac1494b538715092,8e15be3fcfe3246518d7b9af0ca1a6854039aec8e63f60e8bb9e94ad7086a2fb
5.0.21,tinfo.cc,std::bad_typeid::~bad_typeid(),0,1,0x00029750,0x0002A750,0x0042A750,32,11,7aed026dd2ce235d1ae404a1a4adda801b7b649c687c30c73c6ae0513e25909c,25e9c06881d0b05095a0619e56264adf120cf4bb18cad01e4da3504db3cb1259
5.0.21,tinfo.cc,std::bad_typeid::~bad_typeid(),1,1,0x00029770,0x0002A770,0x0042A770,32,11,48b1774aeca7a78d9c5446f3a8a457b052e56a3c7271d2c1798e74002d055d8b,25e9c06881d0b05095a0619e56264adf120cf4bb18cad01e4da3504db3cb1259
5.0.21,tinfo.cc,std::bad_typeid::~bad_typeid(),2,1,0x00029790,0x0002A790,0x0042A790,48,16,66c024034806458d1e9575a71905b408ef768aefca6f9a662e13555c8775858e,f1116147cdcdc1667d604fa02c3c7f5b7d0fbfe0f9d663f380439bfe1654b65e
5.0.21,tinfo.cc,std::type_info::__is_pointer_p() const,0,1,0x00029800,0x0002A800,0x0042A800,16,8,d78e7a30a5d35fc828ee9bbdcc8ab81537fade2eb75b8b5cf0fc989c4ca369e6,04fdcbc0bd143c7f3b2905ffcd9a9ab63ca8b9ce0e94be665c82a27e212cdc95
5.0.21,tinfo.cc,std::type_info::__is_function_p() const,0,1,0x00029810,0x0002A810,0x0042A810,16,8,d78e7a30a5d35fc828ee9bbdcc8ab81537fade2eb75b8b5cf0fc989c4ca369e6,04fdcbc0bd143c7f3b2905ffcd9a9ab63ca8b9ce0e94be665c82a27e212cdc95
5.0.21,tinfo.cc,"std::type_info::__do_catch(std::type_info const*, void**, unsigned int) const",0,1,0x00029820,0x0002A820,0x0042A820,32,13,89fb932b1c1271f0b7009a72eee348e3bba163788a315b80e8818f5df7b1c96d,0928b1cef51ad18872770d1bac2909dc611a6028fa4e447ea025df61488154a5
5.0.21,tinfo.cc,"std::type_info::__do_upcast(__cxxabiv1::__class_type_info const*, void**) const",0,1,0x00029840,0x0002A840,0x0042A840,16,8,d78e7a30a5d35fc828ee9bbdcc8ab81537fade2eb75b8b5cf0fc989c4ca369e6,04fdcbc0bd143c7f3b2905ffcd9a9ab63ca8b9ce0e94be665c82a27e212cdc95
5.0.21,tinfo.cc,__cxxabiv1::__class_type_info::~__class_type_info(),0,1,0x00029850,0x0002A850,0x0042A850,32,11,d86f4014de2b9946374728a12f06a02de2812c09e30acc8c8024183fad1919b6,a9c3933d7fbc70a8ca7d000be97fdb71e9bbf7f1dfc301d1d389591dc2d75724
5.0.21,tinfo.cc,__cxxabiv1::__class_type_info::~__class_type_info(),1,1,0x00029870,0x0002A870,0x0042A870,48,16,e9b818ee0a87fb1dd988d9962fcbe6940b37bea29adbcc552c119f2335ea49fe,6b203cebbf1e234d13add3712d60e05e8c24cc1531439c5934ef7d1c222f2ed9
5.0.21,tinfo.cc,__cxxabiv1::__si_class_type_info::~__si_class_type_info(),0,1,0x000298A0,0x0002A8A0,0x0042A8A0,32,11,9094c4ec6abfabb20acc49380608a6f8e6a54af3c3d72f21e779e1ea44ba3072,5722772f0ed92586ef324c31898befa08847ad181e52e208b8cffdecb8bcd097
5.0.21,tinfo.cc,__cxxabiv1::__si_class_type_info::~__si_class_type_info(),1,1,0x000298C0,0x0002A8C0,0x0042A8C0,32,11,f703a55bd7038028863c043a56656f1d8a11a7553a8b15eef370b8c738a20531,5722772f0ed92586ef324c31898befa08847ad181e52e208b8cffdecb8bcd097
5.0.21,tinfo.cc,__cxxabiv1::__si_class_type_info::~__si_class_type_info(),2,1,0x000298E0,0x0002A8E0,0x0042A8E0,48,16,9993233254177abb2866d8a760f3cbf597a4713c9853b14f5165eb012178ec00,f7453f629ebf6a27b7439c1c9c64fd88b9ac26abb1fac9a8512db83879ac59fa
5.0.21,tinfo.cc,__cxxabiv1::__vmi_class_type_info::~__vmi_class_type_info(),0,1,0x00029910,0x0002A910,0x0042A910,32,11,73d3c40f5c0ea7d6946733fa332435920cfbdb3551f1ce780cb1e9b320973274,5722772f0ed92586ef324c31898befa08847ad181e52e208b8cffdecb8bcd097
5.0.21,tinfo.cc,__cxxabiv1::__vmi_class_type_info::~__vmi_class_type_info(),1,1,0x00029930,0x0002A930,0x0042A930,32,11,cfd9fde3806d1a09ff82b2ba0437ded137e3366d676268e9414c586c1b088d37,5722772f0ed92586ef324c31898befa08847ad181e52e208b8cffdecb8bcd097
5.0.21,tinfo.cc,__cxxabiv1::__vmi_class_type_info::~__vmi_class_type_info(),2,1,0x00029950,0x0002A950,0x0042A950,48,16,8b1358cf1735878c825c602049367c9ad6a1a2897cff7569af915f6e8a0ee5b0,c909a2dc4f31f52c174812c29423528da3def0e1deeeccc95f246d057db7ed9b
5.0.21,tinfo.cc,"__cxxabiv1::__class_type_info::__do_catch(std::type_info const*, void**, unsigned int) const",0,1,0x00029980,0x0002A980,0x0042A980,112,39,325392804d7164070780bd6b903bfc5dddc7cb3294f47a93b2484a9d048ac246,926392ad8a5a0569d8ebac370e967a34f6075ad654d7a964cb69509aca2c0ab4
5.0.21,tinfo.cc,"__cxxabiv1::__class_type_info::__do_upcast(__cxxabiv1::__class_type_info const*, void**) const",0,1,0x000299F0,0x0002A9F0,0x0042A9F0,112,34,5072c7742d60451e6e12162e743b882507d61cd707b9f4ff139f0cf12832f951,da13fbb5fd487d62e115867824947f87e7cdc1df59de244a1b55519f80eec76b
5.0.21,tinfo.cc,"__cxxabiv1::__si_class_type_info::__do_find_public_src(int, void const*, __cxxabiv1::__class_type_info const*, void const*) const",0,1,0x00029A80,0x0002AA80,0x0042AA80,128,46,335c4c6ffaa1b1ae65a8f56067e461abcbc641f7b34295e255afba59498cdd8f,5de48751ee2df5a052bbf3cc1b6b42ed60b31e36e9a76d407e6b0c4fd79e6f80
5.0.21,tinfo.cc,"__cxxabiv1::__vmi_class_type_info::__do_find_public_src(int, void const*, __cxxabiv1::__class_type_info const*, void const*) const",0,1,0x00029B00,0x0002AB00,0x0042AB00,208,82,d1ce1547799dee0c056e076815a4cccfa29c544cd92f0f709267d42e5167e8cd,825a68d386b29af0807129dbc7f3da19db8497c12d2ed8225106bb73d80197b7
5.0.21,tinfo.cc,"__cxxabiv1::__class_type_info::__do_dyncast(int, __cxxabiv1::__class_type_info::__sub_kind, __cxxabiv1::__class_type_info const*, void const*, __cxxabiv1::__class_type_info const*, void const*, __cxxabiv1::__class_type_info::__dyncast_result&) const",0,1,0x00029BD0,0x0002ABD0,0x0042ABD0,112,40,0eeb7dec7faf4fcfd7687821c729f77b9289c4bdd693cc3879bbf2fbd8ecd70f,c22c78c64b6af3451a48c50b0b668651163788e5d0749065dcd777b2228e4a42
5.0.21,tinfo.cc,"__cxxabiv1::__si_class_type_info::__do_dyncast(int, __cxxabiv1::__class_type_info::__sub_kind, __cxxabiv1::__class_type_info const*, void const*, __cxxabiv1::__class_type_info const*, void const*, __cxxabiv1::__class_type_info::__dyncast_result&) const",0,1,0x00029C40,0x0002AC40,0x0042AC40,240,77,d0b4a6d04f1f669598cf710d734e39fb320d2cdaacf3945528d6ff33b75f8f93,ccf4151dda6680365d9312833e6992e656672fa51fa153c45d67a9550ce402f3
5.0.21,tinfo.cc,"__cxxabiv1::__vmi_class_type_info::__do_dyncast(int, __cxxabiv1::__class_type_info::__sub_kind, __cxxabiv1::__class_type_info const*, void const*, __cxxabiv1::__class_type_info const*, void const*, __cxxabiv1::__class_type_info::__dyncast_result&) const",0,1,0x00029D30,0x0002AD30,0x0042AD30,1264,385,a86971823db8b9bfa4a083a72f5ab3d79b4f8bfdb6f8fb0232399bf308893341,3d3a8e3bee057b1c3cf660d2b1877d0a2dbfe3a7ac2fdeac0235ba50fe95877f
5.0.21,tinfo.cc,"__cxxabiv1::__si_class_type_info::__do_upcast(__cxxabiv1::__class_type_info const*, void const*, __cxxabiv1::__class_type_info::__upcast_result&) const",0,1,0x0002A270,0x0002B270,0x0042B270,128,44,a6c98603fcdfdf3d8a0dd5a34442c26e2cacf0dc310fa77b53f6894d0c15527d,8ce6f3cb724a497ef5bdecb126cb4eb1d93588bd580a3499323d5220cccb11e4
5.0.21,tinfo.cc,"__cxxabiv1::__vmi_class_type_info::__do_upcast(__cxxabiv1::__class_type_info const*, void const*, __cxxabiv1::__class_type_info::__upcast_result&) const",0,1,0x0002A2F0,0x0002B2F0,0x0042B2F0,528,167,2ebefc3fa1e72c5a2be83f09a928326113d95cf444975d191ceec4220653aaff,f29fee5215e9f9ae768d6b8afeb1c389b3f1bf20fab1238abebc3b8d5e49f0ba
5.0.21,tinfo.cc,__dynamic_cast,0,1,0x0002A500,0x0002B500,0x0042B500,304,107,6f23dfeee613bbcade08b57c808cda2477638a4fffccd6332038cab94e1cdc19,820f93a928ee6b46bb8e28c10b29b3caf305764c1b471008989ed06edd270f48
5.0.21,tinfo.cc,"__cxxabiv1::__class_type_info::__do_find_public_src(int, void const*, __cxxabiv1::__class_type_info const*, void const*) const",0,1,0x00029A60,0x0002AA60,0x0042AA60,32,12,9a3c1c41bc24e4772d3df0c17081fdc36f7f7641aea606bb70951e5f58668e23,43a9f37614142786fa0d6e9ad16f549e75f785c33b90871db6a7b6c90930eeac
5.0.21,tinfo.cc,"__cxxabiv1::__class_type_info::__do_upcast(__cxxabiv1::__class_type_info const*, void const*, __cxxabiv1::__class_type_info::__upcast_result&) const",0,1,0x0002A220,0x0002B220,0x0042B220,80,25,1202e10e592ed44ffade5ebb8b466098c332a7051e6b80245db243b5609b8ace,bcf9e2b1d373a29d2ee2d86c1084409758dd20a89056f3cae7ed9e446ba883b5
5.0.21,tinfo.cc,__cxxabiv1::__class_type_info::~__class_type_info(),2,1,0x00029690,0x0002A690,0x0042A690,32,11,2aef7153b5621ec8c6f4971b4ab2c8d687794724e5225decb848cd065116d986,a9c3933d7fbc70a8ca7d000be97fdb71e9bbf7f1dfc301d1d389591dc2d75724
5.0.21,tinfo.cc,std::type_info::~type_info(),2,1,0x00029680,0x0002A680,0x0042A680,16,7,7d79a0a1747fa288bb8ddce300e1ea714b3e8e7881d9a8bb1d1a65eef093bf3e,ad26934f29cce20e9c71ba99661cf4bdd7043b198b3e80158b58a1428ab76fe7
5.0.21,tinfo.cc,std::type_info::operator==(std::type_info const&) const,0,1,0x000297C0,0x0002A7C0,0x0042A7C0,64,24,3a8a2d3c0591846f7d4b743bafdc509d82668245662f53646251b3fcb6c18ef1,26ae7444a9b9d2cae22f497d6fafce763d24985bccf282dc28af65e975fcf18b
5.0.21,new_handler.cc,std::set_new_handler(void (*)()),0,1,0x0002A630,0x0002B630,0x0042B630,32,10,3fe4e7744d42585acd3ff996cf641d8aedf8b0053c0b0de65acda6290e1a630a,f8d1f5acdc70236b7e66821b9e6300280df1c67a5e27f774dd426bbbf1aac7db
5.0.21,new_handler.cc,std::bad_alloc::~bad_alloc(),0,1,0x0002A650,0x0002B650,0x0042B650,32,11,480390ebf22f6174bab82273e49ae02731ee1647dad725977b89557e658fac3f,25e9c06881d0b05095a0619e56264adf120cf4bb18cad01e4da3504db3cb1259
5.0.21,new_handler.cc,std::bad_alloc::~bad_alloc(),1,1,0x0002A670,0x0002B670,0x0042B670,32,11,01e8b2bc5dcba5a66da37ffccdd1b0e22fe071a3b7dd7a983d6325688f8c346f,25e9c06881d0b05095a0619e56264adf120cf4bb18cad01e4da3504db3cb1259
5.0.21,new_handler.cc,std::bad_alloc::~bad_alloc(),2,1,0x0002A690,0x0002B690,0x0042B690,48,26,c23a871b503240d88f3a54e91472113d0fa7095ffbf3c0b5caa388f7452aa8fa,ccf09be764e50b26c780ddd37f99fd3122581ad877802ff7b0f7689e8a309078
5.0.21,eh_alloc.cc,emergency_mutex_init(),0,1,0x0002A6C0,0x0002B6C0,0x0042B6C0,32,9,42065c5c7ad9460add42590a46079f746a6909c8d0c9e439aefdabb2615ee2de,4fc0d701a8130e236bcf2d32a80e74a7dff8837dc021ffb119486309f007b7e1
5.0.21,eh_alloc.cc,__cxa_allocate_exception,0,1,0x0002A6E0,0x0002B6E0,0x0042B6E0,400,103,96178f08f1096eb61a83eb9001595cd652386155998e2dce94a71d79f56eb5c0,dba8515e8cb425e9de133d298d66637872b0ea19f37042cfff33dddf694413be
5.0.21,eh_alloc.cc,__cxa_free_exception,0,1,0x0002A870,0x0002B870,0x0042B870,256,78,1986efb562ac0ad7d27169c49a760dc2188a03d7706fb913df2caaace2783cc5,e919161cf937bf907012528a2574ee6b79f3eecad72b126a34ace5ccb713c513
5.0.21,eh_exception.cc,std::exception::~exception(),0,1,0x0002A980,0x0002B980,0x0042B980,16,7,d23e6a19024f90375f263538c3186173c2288d43a3d14c8fb95aec8c7534ebef,ad26934f29cce20e9c71ba99661cf4bdd7043b198b3e80158b58a1428ab76fe7
5.0.21,eh_exception.cc,std::exception::~exception(),1,1,0x0002A990,0x0002B990,0x0042B990,32,11,d1509b68ab2922e8dc5e2d49743827d23055876bd7ceb79055802b6c90ca3cee,7b3154dd3269a29a444c73f8fb2a070ad537a20131bae23279fd3c479f7bd594
5.0.21,eh_exception.cc,std::bad_exception::~bad_exception(),0,1,0x0002A9B0,0x0002B9B0,0x0042B9B0,32,11,9d12fb1c1162df4253ab2067ec0e3096f5cff6909e06639b1d36232c099e181d,25e9c06881d0b05095a0619e56264adf120cf4bb18cad01e4da3504db3cb1259
5.0.21,eh_exception.cc,std::bad_exception::~bad_exception(),1,1,0x0002A9D0,0x0002B9D0,0x0042B9D0,32,11,329c293e3d1671288c745c709cbfdd32aaa103bca99088f43429b123838caec4,25e9c06881d0b05095a0619e56264adf120cf4bb18cad01e4da3504db3cb1259
5.0.21,eh_exception.cc,std::bad_exception::~bad_exception(),2,1,0x0002A9F0,0x0002B9F0,0x0042B9F0,48,16,d61fc9ac7c4ca4df14e2db52276f01a5b4a944d689f56ecd92589359b4d0ef3e,8e15be3fcfe3246518d7b9af0ca1a6854039aec8e63f60e8bb9e94ad7086a2fb
5.0.21,eh_exception.cc,std::exception::what() const,0,1,0x0002AA20,0x0002BA20,0x0042BA20,16,8,ae295d6399a4f78d2ba79ed4f6227fbd639d25340b0fe666072cc0076a43f24f,14120ce730daf12568880e038f98fcc0a0172a0730ae0f86142fbb6ede02e4db
5.0.21,eh_exception.cc,std::exception::~exception(),2,1,0x0002A970,0x0002B970,0x0042B970,16,7,d23e6a19024f90375f263538c3186173c2288d43a3d14c8fb95aec8c7534ebef,ad26934f29cce20e9c71ba99661cf4bdd7043b198b3e80158b58a1428ab76fe7
5.0.21,eh_terminate.cc,__cxxabiv1::__terminate(void (*)()),0,1,0x0002AA30,0x0002BA30,0x0042BA30,96,24,b3450a54dd6e40da4c78097668f2b276ee9eaae42da8de20a4d9ce8209ff496c,aa9927b81684a4cc4ce81f78fee8c3cfa2f26cbdf0ec3de37bb32e8461717d65
5.0.21,eh_terminate.cc,std::terminate(),0,1,0x0002AA90,0x0002BA90,0x0042BA90,32,10,7a3696167b55acca82c43071640d1f71c0ecdae93c9d35fc80eb960935c91d54,ee0683d4c102faa1b7df22ae624d8042a07b4e0e069086bc7d085d451ba38b54
5.0.21,eh_terminate.cc,__cxxabiv1::__unexpected(void (*)()),0,1,0x0002AAB0,0x0002BAB0,0x0042BAB0,16,6,27b61d8001d5261fcf58d025b3ac1016bf89e257138a556ef62a4f2fda808c38,edbcb41d4db9b86748e9bc30c9e01b9e8f92f0562772737e4a66b9478941a787
5.0.21,eh_terminate.cc,std::unexpected(),0,1,0x0002AAC0,0x0002BAC0,0x0042BAC0,32,10,20740d0f8cf4b75b929324f0ca5f9327a383e85ffa0eb2187d37d63ec5694324,189f8a9f0a64e3536dc0247f1219e22f00a470147b58eb0378c02f6312f3c975
5.0.21,eh_terminate.cc,std::set_terminate(void (*)()),0,1,0x0002AAE0,0x0002BAE0,0x0042BAE0,32,10,ff8e16ac4b9c6b5cdc1532d74aa2b100fca64d36a3796584dfe3f0b9570947f6,761f4465df7e1a5644ec548e3fd5e0b87d8b663fd087a47208d6aa9926715938
5.0.21,eh_terminate.cc,std::set_unexpected(void (*)()),0,1,0x0002AB00,0x0002BB00,0x0042BB00,32,22,03c7bb3d86d4d5a1e89c02d223d21bd6845427731c5ef624665142d515cb8d85,7e159ec32d4f47fe985b984417e878572d2f261d032a2714582fc5f27861d3b6
5.0.21,eh_globals.cc,get_globals_dtor(void*),0,1,0x0002AB20,0x0002BB20,0x0042BB20,32,11,218009618d0ad9769e380131e86a27d8ab8c2584e1eca0cf06679d2ff5e68fbc,a808d71bf9cc76086724fc375c5fbb6b3e5b3154c3a90397abea21219538391e
5.0.21,eh_globals.cc,get_globals_init(),0,1,0x0002AB40,0x0002BB40,0x0042BB40,80,26,e578a01d0a7e9bc124e47a65e86498d43f9f3527cb0d91bd89da832738b5e52b,e925cd2776557442d38cde543fb1b0db59a9e0a1d6652b6c9b3b329711035eea
5.0.21,eh_globals.cc,__cxa_get_globals_fast,0,1,0x0002AB90,0x0002BB90,0x0042BB90,208,57,365f58386d143fe1221efd6ac8f8a997a05681b9d074f3de40d705cd5bd5a4b7,426cdf32cf7cb1834d0d4b9ea00305411259981ffefaa6aa7782ae2b5dc695a2
5.0.21,eh_globals.cc,__cxa_get_globals,0,1,0x0002AC60,0x0002BC60,0x0042BC60,512,146,29392f46de60cce871491bf5ef05cf7467b1513776749a55a48e4b69bc1efa34,c0c3dedeb78bb43a9101918e388ea93b05b42966d796f6d160fe9bef93cd9fed
5.0.21,functexcept.cc,std::__throw_bad_exception(),0,1,0x0002AE60,0x0002BE60,0x0042BE60,64,14,78acdc4dc3c377543de373c4d24d7e485837a301417c068f7482c0e5a4c8e514,f39dcbbaf5f3cc135e4b2f8e0c6d7d6bf370e4dfb454e5c99d35e5fc899469d7
5.0.21,functexcept.cc,std::__throw_bad_alloc(),0,1,0x0002AEA0,0x0002BEA0,0x0042BEA0,64,14,f7efbb455bce8db8bcd5c144b724157b8e6dadb4401842c20e926df0962dc8c9,f39dcbbaf5f3cc135e4b2f8e0c6d7d6bf370e4dfb454e5c99d35e5fc899469d7
5.0.21,functexcept.cc,std::__throw_bad_cast(),0,1,0x0002AEE0,0x0002BEE0,0x0042BEE0,64,14,10b6667eae52aebf820ca472be3f5c94a8d8d5d9825134e7a67cbddcc9798bac,f39dcbbaf5f3cc135e4b2f8e0c6d7d6bf370e4dfb454e5c99d35e5fc899469d7
5.0.21,functexcept.cc,std::__throw_bad_typeid(),0,1,0x0002AF20,0x0002BF20,0x0042BF20,64,14,cd60ad9ac539c2b234bc19569bcdb315a527a7cf08c0dd5c23b0517710672983,f39dcbbaf5f3cc135e4b2f8e0c6d7d6bf370e4dfb454e5c99d35e5fc899469d7
5.0.21,functexcept.cc,std::domain_error::~domain_error(),0,1,0x00032A60,0x00033A60,0x00433A60,48,26,e83d1a7f6b8eb6ddbc2269234c40f402e3347a147e343d2e4b1ef27a9444d23e,e861baad3ba72c5d74c87a4bbd7724cd2e0b32ae7162c98b9f981784a273a0cb
5.0.21,functexcept.cc,std::invalid_argument::~invalid_argument(),0,1,0x00032BF0,0x00033BF0,0x00433BF0,48,26,dc2e913d0a724070f33251cb35044c0976d69e0702e1135f800b6d31a222bbb0,2ddfb9e600b13b8f989fef187b88b5e43f84d1012bb9014cdff72ebbc859d986
5.0.21,functexcept.cc,std::length_error::~length_error(),0,1,0x00032AB0,0x00033AB0,0x00433AB0,48,26,2fd44b08c317c9d2455851a14628a6f19c9f4c9f3ef29e0bebd6efa4bda8c7da,2ddfb9e600b13b8f989fef187b88b5e43f84d1012bb9014cdff72ebbc859d986
5.0.21,functexcept.cc,std::out_of_range::~out_of_range(),0,1,0x00032B00,0x00033B00,0x00433B00,48,26,eaa394b55432e6856d5e239f90240290d082d73dfe59aefb8d84d5c18242aaae,2ddfb9e600b13b8f989fef187b88b5e43f84d1012bb9014cdff72ebbc859d986
5.0.21,functexcept.cc,std::range_error::~range_error(),0,1,0x00032A10,0x00033A10,0x00433A10,48,26,8f6399994a65ab4c375e75b7a9dc84f81ee69a393f54873ead6c788168dc12dc,5e9e1fd8184aea8ac816d8734a43e8178f001a6b621c9d484f3ab8fcbeacde85
5.0.21,functexcept.cc,std::overflow_error::~overflow_error(),0,1,0x00032B50,0x00033B50,0x00433B50,48,26,7686bb6a859288356b0e6378fbb3ae6121ff20a5238d2e8f39344298c7dfd1f4,5e9e1fd8184aea8ac816d8734a43e8178f001a6b621c9d484f3ab8fcbeacde85
5.0.21,functexcept.cc,std::underflow_error::~underflow_error(),0,1,0x00032BA0,0x00033BA0,0x00433BA0,48,26,be060b52204a8dfca5acf41bb4ae4c335bc5202a38705662d20b584b73dcb5f8,5e9e1fd8184aea8ac816d8734a43e8178f001a6b621c9d484f3ab8fcbeacde85
5.0.21,functexcept.cc,std::__throw_ios_failure(char const*),0,1,0x0002AF60,0x0002BF60,0x0042BF60,256,64,bd90f88c0946a30b1075afe0922879b411e277627c5882728921d3172688eda4,b0dd82dbe054219a611ae46a3957f6084214682e253c0def2d522b0318911d85
5.0.21,functexcept.cc,std::__throw_underflow_error(char const*),0,1,0x0002B060,0x0002C060,0x0042C060,416,100,32cee71428225cef5c7c0ab4a69fb50ce4fc0b22a927c4599b6c3d0f1086a36c,641bb9fca4bf177d022244956ef936a6912d1f7e788b24e5331ddbfc8b8409d8
5.0.21,functexcept.cc,std::__throw_overflow_error(char const*),0,1,0x0002B200,0x0002C200,0x0042C200,416,100,66f90ba39197e56a15f03f578fe25f3fb26de7df94fbc71651a81cd50d8ae287,2e724548850d174b79e9de64809a58acf2b1b060e570abc8b5014be2239bab02
5.0.21,functexcept.cc,std::__throw_range_error(char const*),0,1,0x0002B3A0,0x0002C3A0,0x0042C3A0,416,100,7c0fc1b4035a413b1f98121f5d92b382a9580705ba10e7c0369a2a7d57a8b609,edd0d086786ad8cbd7c1c6d1d5c7f383b7ab91123bdeef8a95d8976c1d7e150e
5.0.21,functexcept.cc,std::__throw_runtime_error(char const*),0,1,0x0002B540,0x0002C540,0x0042C540,416,100,4dd07554367e0d4ca7776bc0b650135ba0842e527eb3cd312fd900b86649469b,52e6c7c0bf142bbcfa759af3141c4bf6caa2079a91408f1eeb48694df968ee6d
5.0.21,functexcept.cc,std::__throw_out_of_range(char const*),0,1,0x0002B6E0,0x0002C6E0,0x0042C6E0,416,100,a542d6697d10b0e9b6856923d817bb532564a2000bda3fa2eedb35a0e872980d,58fdaeff53aeb492effd9b38e7134f4ac091ca28e826246c5dc2888a69cb5692
5.0.21,functexcept.cc,std::__throw_length_error(char const*),0,1,0x0002B880,0x0002C880,0x0042C880,416,100,3846a8a047e56bf74f58544b59a8b3a88e57bb1846237c17617aab87f3bf3b18,53f0e6d0bdf1403834aaf07d1d060a1e24f8be245763c35e73a4b31c19ae8c38
5.0.21,functexcept.cc,std::__throw_invalid_argument(char const*),0,1,0x0002BA20,0x0002CA20,0x0042CA20,416,100,9c6e94d162910438c3c9e12d826dad4081ebff8520f69f35fe6c56f08926dda8,a2f445e464f3d3e469da4e8c282374584d4a958f4650d899bfa74faffc258b11
5.0.21,functexcept.cc,std::__throw_domain_error(char const*),0,1,0x0002BBC0,0x0002CBC0,0x0042CBC0,416,100,4e2800c5183e8e3d04e564266eeac3e9971adbead3b9f9a8113a082b2eca3152,a30a13170349b9d645d60aa772104181065bdae7f84e743b25029eb33f84cf63
5.0.21,functexcept.cc,std::__throw_logic_error(char const*),0,1,0x0002BD60,0x0002CD60,0x0042CD60,416,105,aaead2c7660e58f954e2f31788dbf351fe11fec09f03dba566dabeaf29deaed2,89b9d1200ea73a3070b627f9356be1d8b00d6e10453ed2e1e14eaa7ba30c8808
5.0.21,functexcept.cc,std::underflow_error::~underflow_error(),1,1,0x00032BD0,0x00033BD0,0x00433BD0,32,16,4c4030dd7f9966532a142b48c6cefd34cec173e37f100593ce19a4c09fcf2515,f996f73d447d7c35950aeffa113aa310ef9a93fa3fda7700bcd0fee8c79dbd16
5.0.21,functexcept.cc,std::overflow_error::~overflow_error(),1,1,0x00032B80,0x00033B80,0x00433B80,32,16,3feaf7f84da49ab1232d94695c54a75a755b459581a030264e38de3421550888,f996f73d447d7c35950aeffa113aa310ef9a93fa3fda7700bcd0fee8c79dbd16
5.0.21,functexcept.cc,std::range_error::~range_error(),1,1,0x00032A40,0x00033A40,0x00433A40,32,16,de24a40496777d9ea25815fc5b75580d337a1077668dd3cfdfd174518af77631,f996f73d447d7c35950aeffa113aa310ef9a93fa3fda7700bcd0fee8c79dbd16
5.0.21,functexcept.cc,std::out_of_range::~out_of_range(),1,1,0x00032B30,0x00033B30,0x00433B30,32,16,0e0f3a67e181e30daaee3df07600fcef0f11e4598a1a07418090c2de6ba20aa0,e3ad4fc2684d58948f4a1a9f6272165e3e6d2f227984bb56f8ea095def6c363f
5.0.21,functexcept.cc,std::length_error::~length_error(),1,1,0x00032AE0,0x00033AE0,0x00433AE0,32,16,69acc4e8542979c8012e49cee4e6bbbc896c7651763d82f09b3c628a9a62f46d,e3ad4fc2684d58948f4a1a9f6272165e3e6d2f227984bb56f8ea095def6c363f
5.0.21,functexcept.cc,std::invalid_argument::~invalid_argument(),1,1,0x00032C20,0x00033C20,0x00433C20,32,16,67f9e62d05f136146971122f79d066b645c522045322f13cdf8a9d5bcc7bb8d8,e3ad4fc2684d58948f4a1a9f6272165e3e6d2f227984bb56f8ea095def6c363f
5.0.21,functexcept.cc,std::domain_error::~domain_error(),1,1,0x00032A90,0x00033A90,0x00433A90,32,16,5011d58e67458b1cbb614b3a3ebceb94d07d8ebfce68bae100447b2412d6acbe,e3ad4fc2684d58948f4a1a9f6272165e3e6d2f227984bb56f8ea095def6c363f
5.0.21,stdexcept.cc,std::runtime_error::what() const,0,1,0x0002BF00,0x0002CF00,0x0042CF00,16,8,ff8046fbc8407304dc8252e679b8472bc8c39de40b6e4aaa7e3a156c71c979ac,ad13ee4e5ca4bef480ec2d42f974573c8874f200b2b9bb6d748b5ff1cea2515d
5.0.21,stdexcept.cc,std::logic_error::what() const,0,1,0x0002BF10,0x0002CF10,0x0042CF10,16,8,ff8046fbc8407304dc8252e679b8472bc8c39de40b6e4aaa7e3a156c71c979ac,ad13ee4e5ca4bef480ec2d42f974573c8874f200b2b9bb6d748b5ff1cea2515d
5.0.21,stdexcept.cc,std::runtime_error::~runtime_error(),0,1,0x0002BF20,0x0002CF20,0x0042CF20,256,71,aff5d622740070e21851dacad2fff53621d5113dc9d303af1f2189bbbf6c1d11,f2ffe0d67321e30de556d1d9689280ea93852a6503f6b279940e0aebb5992c8a
5.0.21,stdexcept.cc,std::runtime_error::~runtime_error(),1,1,0x0002C020,0x0002D020,0x0042D020,256,71,460e396d565bbddc70723b4e605bd2add17c8496823cc0ead0eb17e6987fb0d0,1dce823e8cbb3d6bbe56353a2d2df213394d737cd31fdc1e15bcce298c98ef87
5.0.21,stdexcept.cc,std::runtime_error::~runtime_error(),2,1,0x0002C120,0x0002D120,0x0042D120,256,71,4191a16517ca16596f3c3a18978ce7dd7649cba018892b7d740c7b50b0b57d11,5772dfd5f26ce1b455081e264281a80afa321ea0410855ff7e3fb58cabe75afd
5.0.21,stdexcept.cc,std::runtime_error::runtime_error(std::string const&),0,1,0x0002C220,0x0002D220,0x0042D220,176,49,e9dbca0269f700fe43cfc5b101d0cfa7a30eb56887b358e2c3466b43cec491e9,21a7cb7890b826342b848679eb8fde5d29f6c8e294684ae67898a9d144b573fe
5.0.21,stdexcept.cc,std::runtime_error::runtime_error(std::string const&),1,1,0x0002C2D0,0x0002D2D0,0x0042D2D0,176,49,00342e8f35ab453d20e95d06d68c2b4be3f28533d2bd8d223cbed0616deddc6e,21a7cb7890b826342b848679eb8fde5d29f6c8e294684ae67898a9d144b573fe
5.0.21,stdexcept.cc,std::underflow_error::underflow_error(std::string const&),0,1,0x0002C380,0x0002D380,0x0042D380,48,17,4aed1db16e9e125e4076a27f7a4888be48d57bb65fc226a1ae55a8d7215300a1,c8d5c6c99981e467f8cd9a66ec8f1bcdbc1b44757b7dd8a5f8e323c7976dc000
5.0.21,stdexcept.cc,std::underflow_error::underflow_error(std::string const&),1,1,0x0002C3B0,0x0002D3B0,0x0042D3B0,48,17,496885838cb4bb2af8b7a284f8eb47b77dd82c0e3e7a2deaac3e05059e9e8b78,c8d5c6c99981e467f8cd9a66ec8f1bcdbc1b44757b7dd8a5f8e323c7976dc000
5.0.21,stdexcept.cc,std::overflow_error::overflow_error(std::string const&),0,1,0x0002C3E0,0x0002D3E0,0x0042D3E0,48,17,070c188619d9726e41d4f52be11b82732aba7d531454d06fabe7f7a7a613173a,c8d5c6c99981e467f8cd9a66ec8f1bcdbc1b44757b7dd8a5f8e323c7976dc000
5.0.21,stdexcept.cc,std::overflow_error::overflow_error(std::string const&),1,1,0x0002C410,0x0002D410,0x0042D410,48,17,c2da76ce9de6123aad10b49b4c9722a0934266a62e4acada414032d55797426a,c8d5c6c99981e467f8cd9a66ec8f1bcdbc1b44757b7dd8a5f8e323c7976dc000
5.0.21,stdexcept.cc,std::range_error::range_error(std::string const&),0,1,0x0002C440,0x0002D440,0x0042D440,48,17,5170c30981daa43766e37d78e266ec5ae03cdf8cfe55bfad8d3470c7f07160db,c8d5c6c99981e467f8cd9a66ec8f1bcdbc1b44757b7dd8a5f8e323c7976dc000
5.0.21,stdexcept.cc,std::range_error::range_error(std::string const&),1,1,0x0002C470,0x0002D470,0x0042D470,48,17,3fe402ecd49b03cd7a0a6d1ed9b3426e5d5084dfafb7aa017efbef7b02e0132b,c8d5c6c99981e467f8cd9a66ec8f1bcdbc1b44757b7dd8a5f8e323c7976dc000
5.0.21,stdexcept.cc,std::logic_error::~logic_error(),0,1,0x0002C4A0,0x0002D4A0,0x0042D4A0,256,71,b1a1c355a7d1494c94d42122045d28112d3822dbf41fcd1df95d673ba4a9a3de,d18a6b637cbfedfd4f291b1ce55df8b00d2437ca4b55920b15285061cfb8d982
5.0.21,stdexcept.cc,std::logic_error::~logic_error(),1,1,0x0002C5A0,0x0002D5A0,0x0042D5A0,256,71,f67bc42b0d1178b648abcf3d2f02d233b73b919a1c40792bf0a9379df8d60bc5,95e8fb808697c702adb6addc4b6d2a1fb2ec726df92c86d6111499f322cb20da
5.0.21,stdexcept.cc,std::logic_error::~logic_error(),2,1,0x0002C6A0,0x0002D6A0,0x0042D6A0,256,71,583859eeba716a45e05f8d98c54a99d9cc39f0e4e39a6ee81234917f19655e3f,e7e59ffcca5a2d44b8660aa21262c3cd1aa89a242e8d9eb540428ba70742e6a9
5.0.21,stdexcept.cc,std::logic_error::logic_error(std::string const&),0,1,0x0002C7A0,0x0002D7A0,0x0042D7A0,176,49,4f20691c46fcbebc8f0e82ef8863a295d6fce28469e5fc3a6d2fcdfe5983f002,21a7cb7890b826342b848679eb8fde5d29f6c8e294684ae67898a9d144b573fe
5.0.21,stdexcept.cc,std::logic_error::logic_error(std::string const&),1,1,0x0002C850,0x0002D850,0x0042D850,176,49,cd853d0e9ea7d07cb7f3d847301cd956a5fe439ec26a9b20ac592eaa92b3330f,21a7cb7890b826342b848679eb8fde5d29f6c8e294684ae67898a9d144b573fe
5.0.21,stdexcept.cc,std::out_of_range::out_of_range(std::string const&),0,1,0x0002C900,0x0002D900,0x0042D900,48,17,53428b9de65899f886c5ad00401778d40b928d8df37ab55ea80535683c3979d4,e1d02c6a8b139c51df5b85852a50e26c39cf1d23e84dd86a9714e8fd26268948
5.0.21,stdexcept.cc,std::out_of_range::out_of_range(std::string const&),1,1,0x0002C930,0x0002D930,0x0042D930,48,17,94858e80b0f7af4f0240578eb7995a5a0feaefa585997d2233c63a79ba10c2e7,e1d02c6a8b139c51df5b85852a50e26c39cf1d23e84dd86a9714e8fd26268948
5.0.21,stdexcept.cc,std::length_error::length_error(std::string const&),0,1,0x0002C960,0x0002D960,0x0042D960,48,17,8486fb8d4d9728107f253c3c171ce3bf429a24c220cd8e9d71997f9826c5bf94,e1d02c6a8b139c51df5b85852a50e26c39cf1d23e84dd86a9714e8fd26268948
5.0.21,stdexcept.cc,std::length_error::length_error(std::string const&),1,1,0x0002C990,0x0002D990,0x0042D990,48,17,bcb1b88292dbaa7ab107611041aa3795b638f9c09792dfec2ea524963256a69d,e1d02c6a8b139c51df5b85852a50e26c39cf1d23e84dd86a9714e8fd26268948
5.0.21,stdexcept.cc,std::invalid_argument::invalid_argument(std::string const&),0,1,0x0002C9C0,0x0002D9C0,0x0042D9C0,48,17,270718a66c7d146ee04d165a5f8443ccf84c48025590bb4313aec19295364680,e1d02c6a8b139c51df5b85852a50e26c39cf1d23e84dd86a9714e8fd26268948
5.0.21,stdexcept.cc,std::invalid_argument::invalid_argument(std::string const&),1,1,0x0002C9F0,0x0002D9F0,0x0042D9F0,48,17,96cc39ee981a4b923f1667ae8b2ee86697f1f359ef53d556116bedebd82bb3a2,e1d02c6a8b139c51df5b85852a50e26c39cf1d23e84dd86a9714e8fd26268948
5.0.21,stdexcept.cc,std::domain_error::domain_error(std::string const&),0,1,0x0002CA20,0x0002DA20,0x0042DA20,48,17,73a837bae83c80bd2df438e2e67413bac21d52b4654092c61a5a67249a7825c0,e1d02c6a8b139c51df5b85852a50e26c39cf1d23e84dd86a9714e8fd26268948
5.0.21,stdexcept.cc,std::domain_error::domain_error(std::string const&),1,1,0x0002CA50,0x0002DA50,0x0042DA50,48,25,05c05022160faaeb0893297ab647175adb381c3d1ee7ee34fa642dd4b41e73aa,a9271f424f81ce8fa9549286e6a1c5cf5b7a09e20b57fd9032a32108702017d9
5.0.21,ios_failure.cc,std::ios_base::failure::what() const,0,1,0x0002CA80,0x0002DA80,0x0042DA80,16,8,ff8046fbc8407304dc8252e679b8472bc8c39de40b6e4aaa7e3a156c71c979ac,ad13ee4e5ca4bef480ec2d42f974573c8874f200b2b9bb6d748b5ff1cea2515d
5.0.21,ios_failure.cc,std::ios_base::failure::~failure(),0,1,0x0002CA90,0x0002DA90,0x0042DA90,256,71,20493b223ca543819db2487b2309dfa79d5313f2d23637f374083b31050ed90e,f2ffe0d67321e30de556d1d9689280ea93852a6503f6b279940e0aebb5992c8a
5.0.21,ios_failure.cc,std::ios_base::failure::~failure(),1,1,0x0002CB90,0x0002DB90,0x0042DB90,256,71,11f5ef65672d787eb8925ea0ff6fc8e17a7ce25be230cd3e02062e269df26429,1dce823e8cbb3d6bbe56353a2d2df213394d737cd31fdc1e15bcce298c98ef87
5.0.21,ios_failure.cc,std::ios_base::failure::~failure(),2,1,0x0002CC90,0x0002DC90,0x0042DC90,256,71,cac8c8db79e209454d1919ef58e0a347b2e63fc3734709d75026a1a7f4bb685a,5772dfd5f26ce1b455081e264281a80afa321ea0410855ff7e3fb58cabe75afd
5.0.21,ios_failure.cc,std::ios_base::failure::failure(std::string const&),0,1,0x0002CD90,0x0002DD90,0x0042DD90,208,57,e12e58e4aec2a1ae34a0708a16901e5059a25589a0a2b4462a383fefe4950b0e,9eb6c62cf9196dcadd977d355641b51c589183cdbf777106a71db028ca0f13be
5.0.21,ios_failure.cc,std::ios_base::failure::failure(std::string const&),1,1,0x0002CE60,0x0002DE60,0x0042DE60,208,67,3b0a5e8a623df213fe3d85dc7592dfdd3ad7ea92bebb8fbf0b8c3fc2d993e346,4751c1dbd0318d699f277d30281b0b13e36831dc31ab50a502c1a2ba6271ccfe
5.0.21,main.c,main,0,1,0x0002CF30,0x0002DF30,0x0042DF30,288,105,308cde46029fc60b19bcde7d44465bdb4e4a6ad39f3e56061fd223a444d464e4,37e38a55b1c7a79dbb226768c62615b297053d1f8be2db7ee436cb5d76f142ec
5.0.21,pseudo-reloc.c,_pei386_runtime_relocator,0,1,0x0002D050,0x0002E050,0x0042E050,48,21,d269a7ea48331567fa51b9c97342c557c3bf9772fed8e32b47ba54e0d5d32ca2,b8f849128735a1b2be9d8b56d4815a3380e02fe80ad8e2647b864db802366854
5.0.21,CRT_fp10.c,fpreset,0,1,0x0002D080,0x0002E080,0x0042E080,16,14,c3b262831a4f7c9d5f66b7615cd029f7c35732dc78d61e1e2de1e818b6a86357,7f5e7a43303b03c8c6039693f18ba0cf98f4de3ef08266dff18a8967a3993d82
5.0.21,CRT_fp10.c,_fpreset,0,1,0x0002D080,0x0002E080,0x0042E080,16,14,c3b262831a4f7c9d5f66b7615cd029f7c35732dc78d61e1e2de1e818b6a86357,7f5e7a43303b03c8c6039693f18ba0cf98f4de3ef08266dff18a8967a3993d82
5.0.21,mthr_stub.c,__mingwthr_key_dtor,0,1,0x0002D090,0x0002E090,0x0042E090,16,7,7a85c7b09c6987c46ed3859a25d5eaa7cc2f188816a5b14adc9a53e088d7137a,13d9cec815e3f01c27efe9f1ed3c2c32de44ccccbaf2e08a6daa772ce09a5215
5.0.21,mthr_stub.c,__mingwthr_remove_key_dtor,0,1,0x0002D0A0,0x0002E0A0,0x0042E0A0,16,14,1e2d0685879d22fb4d310f1d843b2ff16a23769694a6abd72d35f305c7dc7672,16dd167a6bbb27351c7509008f79ea681c5428c61456484e4ef8939e72cfc1c5
5.0.21,gccmain.c,__do_global_dtors,0,1,0x0002D0B0,0x0002E0B0,0x0042E0B0,48,16,a8630e097e1f6dfdb5a455a1e2995916c5c8bb691bc78e519cfb22ffd6ad7561,4d3fa4e50136b8f299b2f57c6b054d9886af6a9cf8cba994249bdc37de5824b3
5.0.21,gccmain.c,__do_global_ctors,0,1,0x0002D0E0,0x0002E0E0,0x0042E0E0,96,31,cd29944c2c3069200b74323c81db51faf0e97c9ea640a02209b89bb74c574b6f,3012e5b9c49f56c07fea2634af3e1e3b3341d51185952f6307504bf89ea13cc5
5.0.21,gccmain.c,__main,0,1,0x0002D140,0x0002E140,0x0042E140,112,46,96fd8e4575e71afefc51ad62bb88d5a74d8d084dfcf65aa3593e13dc1abfeeba,87351d8360e3cb6229ac8c86e981898474ea88b99db2113f648dc6a5c85d61b4
5.0.21,pseudo-reloc-list.c,__w32_sharedptr_default_unexpected,0,1,0x0002D1B0,0x0002E1B0,0x0042E1B0,16,7,8c930af7057ef1330fa8d6886e5c45e21749e6e6f7f6d08aa5cc8059c660f838,7fd7d65299dee5d18ffc322c2591ef8b6019fbad52c576c00a229a4ed8fd9159
5.0.21,pseudo-reloc-list.c,__w32_sharedptr_get,0,1,0x0002D1C0,0x0002E1C0,0x0042E1C0,160,48,4ba546a294f58cdf62ea3f1a6331bd1a14a85645365d1628a77bd3665c4b52f2,5ecc0f2acbc4c72b1af767f08c762db7ac755aaa9d64beda7620a1a103df17a3
5.0.21,pseudo-reloc-list.c,__w32_sharedptr_initialize,0,1,0x0002D260,0x0002E260,0x0042E260,576,156,6f82d05d61a7587adac00203e9e109a6517e7b3830c9527057aac4981d538d05,5cdaa449db89bb27db4b3900e402493004826ddddf1a9faf93340a8aafa6259e
5.0.21,pseudo-reloc-list.c,fc_key_init,0,1,0x0002D4A0,0x0002E4A0,0x0042E4A0,96,34,7c696459cbbb997b9bb740fda7b4a33bddcc4a19f8d52e0444c1808f5a13d9e0,f9bdcf5383b0bda3307a4742076d94bad99efe33e30a200eb85adaa244244200
5.0.21,pseudo-reloc-list.c,fc_key_init_once,0,1,0x0002D500,0x0002E500,0x0042E500,176,54,7d2069a97cafcb2dd8e34fc02144af0c9a32d48c295f1549c61d2aa94d4cdbb4,b1dabcadeda1873b866716d5a2e4716cf6b18c2596f06422154a6141ee0db7c9
5.0.21,pseudo-reloc-list.c,_Unwind_SjLj_Register,0,1,0x0002D5B0,0x0002E5B0,0x0042E5B0,224,68,c863a98fd05b52fe73915e3e9ba18369642cb5a4f00c0964a771dca21967e192,6efaba991a3f619031c5a4fa2961ea7b55afd35f6001fe667b37540754130b65
5.0.21,pseudo-reloc-list.c,_Unwind_SjLj_Unregister,0,1,0x0002D690,0x0002E690,0x0042E690,160,72,0775d04639423e634a3d75a6cba4b90efd7d127c3370ced6d635819652fadf4e,7fa4ba0448cbc97dde7bf83c54f64d93e072cf419455212ca15bd8ea1998089b
5.0.21,pseudo-reloc-list.c,_Unwind_GetGR,0,1,0x0002D730,0x0002E730,0x0042E730,32,22,bb68b8e55ed64d4912b71c29b157899c2656b395bd37b28dfc11c0e3ff8fd103,b2b9e0f905f0c2e6a103f0c15889a0c0b3203d2fd1c45eb45f6f024eb02c2884
5.0.21,pseudo-reloc-list.c,_Unwind_GetCFA,0,1,0x0002D750,0x0002E750,0x0042E750,16,7,7a85c7b09c6987c46ed3859a25d5eaa7cc2f188816a5b14adc9a53e088d7137a,13d9cec815e3f01c27efe9f1ed3c2c32de44ccccbaf2e08a6daa772ce09a5215
5.0.21,pseudo-reloc-list.c,_Unwind_SetGR,0,1,0x0002D760,0x0002E760,0x0042E760,32,11,034dabc9af4ecd0da54bcc93d7b7cf5658dcc1ad1dc2c920fccb4e4e2113ac85,a0decb3c0eb32ac3c33ed6e8e56651f4c4c5e3e3f851a79953e1a75d83e45d83
5.0.21,pseudo-reloc-list.c,_Unwind_GetIP,0,1,0x0002D780,0x0002E780,0x0042E780,16,9,e306a5c9aa49d72b0082fe58b3ff46ad555c6f287ad640c6c71109c2570ed021,8b8855b2d694b1583578914ccbf816b052fa8048f32b08aba7066b2ee071c068
5.0.21,pseudo-reloc-list.c,_Unwind_SetIP,0,1,0x0002D790,0x0002E790,0x0042E790,32,23,8e678ed342158a3381ba2e19df54295eb5d703dd453aba98252b72c9d62df76f,c75e401ead115b55479f3c6e3d0973d88747479139eb71fad3770872f5761567
5.0.21,pseudo-reloc-list.c,_Unwind_GetLanguageSpecificData,0,1,0x0002D7B0,0x0002E7B0,0x0042E7B0,16,8,7e21b3f1b13b05b013c519b4e9c1559c4d8baf8aa1110f8bdbc0ff84c0db9cdd,a1d35bde657b1e218e9680a1e190fe41380b9efb78b4563059f0d36350c1e8d9
5.0.21,pseudo-reloc-list.c,_Unwind_GetRegionStart,0,1,0x0002D7C0,0x0002E7C0,0x0042E7C0,16,7,7a85c7b09c6987c46ed3859a25d5eaa7cc2f188816a5b14adc9a53e088d7137a,13d9cec815e3f01c27efe9f1ed3c2c32de44ccccbaf2e08a6daa772ce09a5215
5.0.21,pseudo-reloc-list.c,_Unwind_FindEnclosingFunction,0,1,0x0002D7D0,0x0002E7D0,0x0042E7D0,16,7,7a85c7b09c6987c46ed3859a25d5eaa7cc2f188816a5b14adc9a53e088d7137a,13d9cec815e3f01c27efe9f1ed3c2c32de44ccccbaf2e08a6daa772ce09a5215
5.0.21,pseudo-reloc-list.c,_Unwind_GetDataRelBase,0,1,0x0002D7E0,0x0002E7E0,0x0042E7E0,16,7,7a85c7b09c6987c46ed3859a25d5eaa7cc2f188816a5b14adc9a53e088d7137a,13d9cec815e3f01c27efe9f1ed3c2c32de44ccccbaf2e08a6daa772ce09a5215
5.0.21,pseudo-reloc-list.c,_Unwind_GetTextRelBase,0,1,0x0002D7F0,0x0002E7F0,0x0042E7F0,16,7,7a85c7b09c6987c46ed3859a25d5eaa7cc2f188816a5b14adc9a53e088d7137a,13d9cec815e3f01c27efe9f1ed3c2c32de44ccccbaf2e08a6daa772ce09a5215
5.0.21,pseudo-reloc-list.c,_Unwind_RaiseException_Phase2,0,1,0x0002D800,0x0002E800,0x0042E800,144,66,88695bcbcfa0f19085c38f66d4eba187814760a95264923b1180b5999637f89d,a6a6698399a50f7de4226c326cedfdd2b3907f3dd4323f7dcce8ebb60e49ec19
5.0.21,pseudo-reloc-list.c,_Unwind_SjLj_RaiseException,0,1,0x0002D890,0x0002E890,0x0042E890,400,128,4eb2af928a1fc4ac3a7cb5b44c4cc102fc63ff2c25cba4aa103eea4403e92b83,9f2d9965939293efbc2f0c21fb3db37d6660406148ca3f7fd8142b090ab5f59a
5.0.21,pseudo-reloc-list.c,_Unwind_ForcedUnwind_Phase2,0,1,0x0002DA20,0x0002EA20,0x0042EA20,240,87,afb7c4d4eb670cc054590aa079facdf22258f2b4968a3dfab17084cd94bae313,757389825d656def90f11786f4fc6ec60b196afdd5decda1a6b011ac2987f14c
5.0.21,pseudo-reloc-list.c,_Unwind_SjLj_ForcedUnwind,0,1,0x0002DB10,0x0002EB10,0x0042EB10,352,130,1790b4ddbae4cb2621018f340bb85a7ddf24aef4b0a755c7f29324aea985588e,2459179dea398e6cac273b14ba3f499caee714077b3b33486666ed7106c474de
5.0.21,pseudo-reloc-list.c,_Unwind_SjLj_Resume,0,1,0x0002DC70,0x0002EC70,0x0042EC70,352,96,009072f81451796ea99ef193bae0a326283f5b0656bd5afeb79d2c134cc3111a,8074fd473bd548f4df109a136f1aae254fd600a9ccd634d6416b43380e238f66
5.0.21,pseudo-reloc-list.c,_Unwind_SjLj_Resume_or_Rethrow,0,1,0x0002DDD0,0x0002EDD0,0x0042EDD0,304,88,32862f2bddb01eeb9a89ac99014f350045d34ce98c800efb7d866784a2af982b,4feb92749ac03061d7ed7067e0062bf131a1b98cdbd07a9785454c1dd9e67a5d
5.0.21,pseudo-reloc-list.c,_Unwind_DeleteException,0,1,0x0002DF00,0x0002EF00,0x0042EF00,48,28,2c172a02b429e5a2e6257d2bc65859cf9581ceef0aa6ddf6a583eccdd74f49b6,3637ad043d55e213ed5954976ceb5e1ebb6c25af3a5e32a29d0048d09e8c9e9e
5.0.21,pseudo-reloc-list.c,_Unwind_Backtrace,0,1,0x0002DF30,0x0002EF30,0x0042EF30,256,101,9988b1c948dd6fb8f9e0f516d83d948c04eae070cdcfd9b947042f2ee13040ab,10980bd38a004f543af7a0b50414bb35a07c00ca729e2cf91965749cac445652
5.0.21,pseudo-reloc-list.c,__gthr_win32_mutex_unlock,0,1,0x0002E260,0x0002F260,0x0042F260,80,35,40b5b32ac2c731700e162f9acea96b1a16480087db3f4f6dc7bf8e1e4e8e71db,c71b9e258f21cdefaee322c837f23a36e16798856e5ab6d29b6235dc24908308
5.0.21,pseudo-reloc-list.c,__gthr_win32_mutex_trylock,0,1,0x0002E030,0x0002F030,0x0042F030,32,12,f635d198a7b7b98e62408ae2cfdbc790b0adab066008857179f451718f04c2c3,55cc47c96110c22cb70123484c6bc2ccbf07118f76e5ae9e73ab8b82248ed99a
5.0.21,pseudo-reloc-list.c,__gthr_win32_mutex_lock,0,1,0x0002E200,0x0002F200,0x0042F200,96,43,f1edf2dcb1e1ec31f4f37e79870b9ba23b66d6a584be819f987913dafeeacaad,ecefa97d78cc377edcc2e5fee0f58d30064b135b7c1d7846725e6cba18d115ef
5.0.21,pseudo-reloc-list.c,__gthr_win32_mutex_init_function,0,1,0x0002E1C0,0x0002F1C0,0x0042F1C0,64,20,357f807066701aadb11f510dd19f88d333c4e69b93814ff2ced336195a54f30a,2bdfeb983be120bea6f64a3d67de22d4f8b0e327b935f5ae0101f4940e3eca77
5.0.21,pseudo-reloc-list.c,__gthr_win32_setspecific,0,1,0x0002E180,0x0002F180,0x0042F180,64,22,18d3c532c1c0543b9eea34ffc5090fa055cb6e308556d4dc1df2015f9d1f4b55,af9c1cbb6ff3a13afc5ad08321d776a0ffdb076c274184ef98b309bbbc4df0cb
5.0.21,pseudo-reloc-list.c,__gthr_win32_getspecific,0,1,0x0002E140,0x0002F140,0x0042F140,64,22,adbf65f25586fe8fffe06f3bbd35d9b1379013bfefe8ead23ac991158da0492a,f8a61bd73270fa96a4ccc8bc9ea1a3903aae5bda81ebc7665b426020577ea7d9
5.0.21,pseudo-reloc-list.c,__gthr_win32_key_delete,0,1,0x0002E110,0x0002F110,0x0042F110,48,20,92719030e3f3e64492c20dddbfcf16a1cf31ba4331b49233b96f9079619a0623,153219a17033da79c3ced3fb6100fb97c2a67476e1388f6cb4283f5f7673a330
5.0.21,pseudo-reloc-list.c,__gthr_win32_key_create,0,1,0x0002E0D0,0x0002F0D0,0x0042F0D0,64,21,668f561f2d373170d0e9043cfb2e0f5082cb1a523cb73f79db4a9d280df00b89,599ad37f246a58af9810020a04b870d9e68fed2a844baa356eefb55f84d9eb67
5.0.21,pseudo-reloc-list.c,__gthr_win32_once,0,1,0x0002E050,0x0002F050,0x0042F050,128,47,2f2ac29cf03a63d222e0358b631d2ef2dc40e0c4698c760267116a37574a32c1,ed5286e9cda03d8cdccd9e143645d2ea3b7c67f51ac0452e50911ec443ecb502
5.0.21,pseudo-reloc-list.c,__eprintf,0,1,0x0002E2B0,0x0002F2B0,0x0042F2B0,80,29,2d2879d1ca6398c524831b5bb750d0388f5f2c104fd05dd0955f4fdfd589710d,6ed4e653a69830ec7d82b98b4704cd2885b18e47e430811d3c5eb6b2409aa13f
5.0.21,crtstuff.c,__sjlj_init_ctor,0,1,0x0002EA70,0x0002FA70,0x0042FA70,16,11,e95d29f86a8259dfbab731cb822e35f1193133d7f2d08de1144d0e5f970b6c61,e49edca0c59bf3831493084c1ad40daa5ab08ae5956c825ece62899c45568e65
5.0.21,crtstuff.c,_cexit,0,1,0x0002E320,0x0002F320,0x0042F320,16,3,bf3e1bd38abce8f4bced1da769ac5d77d7a90ddc2eee4efd923720b880324cda,850b36cf61f7b7458df1db5fcf7c3cc709b5d06c5a8e21b98d462c1fc71925fa
5.0.21,crtstuff.c,sprintf,0,1,0x0002E380,0x0002F380,0x0042F380,16,3,731804bc3db47f84b3d376de404d626a9eb1b8cb67a6bbf53da31ca3c513fc78,850b36cf61f7b7458df1db5fcf7c3cc709b5d06c5a8e21b98d462c1fc71925fa
5.0.21,crtstuff.c,free,0,1,0x0002E460,0x0002F460,0x0042F460,16,3,ba637dd585f6e7ed9ced308b0f7e97075699f2e736455792e5f52ee57373308c,850b36cf61f7b7458df1db5fcf7c3cc709b5d06c5a8e21b98d462c1fc71925fa
5.0.21,crtstuff.c,strcat,0,1,0x0002E3E0,0x0002F3E0,0x0042F3E0,16,3,4c8d1c1f459a05f078c60cf90537a5f632de18c75c9b0965249a9851da43959d,850b36cf61f7b7458df1db5fcf7c3cc709b5d06c5a8e21b98d462c1fc71925fa
5.0.21,crtstuff.c,strcmp,0,1,0x0002E3D0,0x0002F3D0,0x0042F3D0,16,3,6303b9795ea8164fb6dfe8cfdc92ebacd61bbe3b5a493030d208fa9b48ed4e65,850b36cf61f7b7458df1db5fcf7c3cc709b5d06c5a8e21b98d462c1fc71925fa
5.0.21,crtstuff.c,__p__fmode,0,1,0x0002E350,0x0002F350,0x0042F350,16,3,155dd5982c1dafeafff30dd1bcbb71ddbecc84b5e316f35cc3cb39dda113e9dc,850b36cf61f7b7458df1db5fcf7c3cc709b5d06c5a8e21b98d462c1fc71925fa
5.0.21,crtstuff.c,__p__environ,0,1,0x0002E330,0x0002F330,0x0042F330,16,3,2fd3e42180379829dbb29311921aedb7f2bc0ce6d5716cbba09cd1ac2cd6604f,850b36cf61f7b7458df1db5fcf7c3cc709b5d06c5a8e21b98d462c1fc71925fa
5.0.21,crtstuff.c,strcmpi,0,1,0x0002E300,0x0002F300,0x0042F300,32,6,4f1a05a66386a317e713ba4c407315446d957e98333a07bb5c4830fd0a7c240e,2786d70c5e677fff940a6c8aa65402caacfd92e64741748e324ecdf46550d4fc
5.0.21,crtstuff.c,strncpy,0,1,0x0002E3F0,0x0002F3F0,0x0042F3F0,16,3,d56cc26c0ff1cf8af99ee98d32ea582744c4250026b4dbb98257ab55769d4136,850b36cf61f7b7458df1db5fcf7c3cc709b5d06c5a8e21b98d462c1fc71925fa
5.0.21,crtstuff.c,atoi,0,1,0x0002E3C0,0x0002F3C0,0x0042F3C0,16,3,6bbebf4b309ef9df70a3426ba6011a52e2e39d98d306e223a6dc3935e86800be,850b36cf61f7b7458df1db5fcf7c3cc709b5d06c5a8e21b98d462c1fc71925fa
5.0.21,crtstuff.c,memcpy,0,1,0x0002E390,0x0002F390,0x0042F390,16,3,60d4ecf53837fff6ef3f276631740020e27b876792ebbd69817297a3a621637e,850b36cf61f7b7458df1db5fcf7c3cc709b5d06c5a8e21b98d462c1fc71925fa
5.0.21,crtstuff.c,memset,0,1,0x0002E4A0,0x0002F4A0,0x0042F4A0,16,3,00105cdcdc3ebe8448e6f15345a1a6200ab7550f4493da7b35f27d664a4f7db8,850b36cf61f7b7458df1db5fcf7c3cc709b5d06c5a8e21b98d462c1fc71925fa
5.0.21,crtstuff.c,__getmainargs,0,1,0x0002E370,0x0002F370,0x0042F370,16,3,fefe766e2271b956437868f144bd9c3bf2eefcf31a8d0da9b050d0ae7c8285b1,850b36cf61f7b7458df1db5fcf7c3cc709b5d06c5a8e21b98d462c1fc71925fa
5.0.21,crtstuff.c,fflush,0,1,0x0002E4C0,0x0002F4C0,0x0042F4C0,16,3,89303ad927cfd37ddb57e174e5782a20e859d07eb4bb6a59ac70b03c73103e17,850b36cf61f7b7458df1db5fcf7c3cc709b5d06c5a8e21b98d462c1fc71925fa
5.0.21,crtstuff.c,fprintf,0,1,0x0002E4D0,0x0002F4D0,0x0042F4D0,1440,270,1a396091d52783860c4ac1b7b0b2cf526c70ae8963d9e7b4c63bbc29478afdfb,720984283f183ec7c060f5d0ada76e92a5673c0a094d51e9b8bb571934ba1691
5.0.21,crtstuff.c,fopen,0,1,0x0002E430,0x0002F430,0x0042F430,16,3,13a6f91a54f858949db76724cc9a67fa3365dbc806cf6cd4e92ee42b284d6902,850b36cf61f7b7458df1db5fcf7c3cc709b5d06c5a8e21b98d462c1fc71925fa
5.0.21,crtstuff.c,memchr,0,1,0x0002E4B0,0x0002F4B0,0x0042F4B0,16,3,1bc923fc787f0fdec3cd974e38bda0bb8b0240eb93fb96b13bb8ea09aa504fb6,850b36cf61f7b7458df1db5fcf7c3cc709b5d06c5a8e21b98d462c1fc71925fa
5.0.21,crtstuff.c,signal,0,1,0x0002E340,0x0002F340,0x0042F340,16,3,e9778648dd9041f18e3343575a8e2e3c8f32be90405d0c34e3a87cc629a49488,850b36cf61f7b7458df1db5fcf7c3cc709b5d06c5a8e21b98d462c1fc71925fa
5.0.21,crtstuff.c,malloc,0,1,0x0002E470,0x0002F470,0x0042F470,16,3,9bfbae3b6d1af336194aea4b3f42983ec2faa2a6b282aa8cdeab115a14946a26,850b36cf61f7b7458df1db5fcf7c3cc709b5d06c5a8e21b98d462c1fc71925fa
5.0.21,crtstuff.c,fclose,0,1,0x0002E400,0x0002F400,0x0042F400,16,3,3692b9a3ff71ae7bb6dc39f13e876b64aff268324a21b42d8874ca884857759c,850b36cf61f7b7458df1db5fcf7c3cc709b5d06c5a8e21b98d462c1fc71925fa
5.0.21,crtstuff.c,strcpy,0,1,0x0002E3B0,0x0002F3B0,0x0042F3B0,16,3,7b62c77f59ed9a05ba9db83c780e0cad37cbd6dfedca715f027fb3a46e6b77bb,850b36cf61f7b7458df1db5fcf7c3cc709b5d06c5a8e21b98d462c1fc71925fa
5.0.21,crtstuff.c,sqrt,0,1,0x0002E450,0x0002F450,0x0042F450,16,3,ec4cfd845502b0b1d39aecb6d3e5051382a638004a5ffb3d940e30b1635cb550,850b36cf61f7b7458df1db5fcf7c3cc709b5d06c5a8e21b98d462c1fc71925fa
5.0.21,crtstuff.c,abort,0,1,0x0002E480,0x0002F480,0x0042F480,16,3,ef1715c9155e48eae5beaaeb41db85ec22a5a7f48b5670d332810923f437efea,850b36cf61f7b7458df1db5fcf7c3cc709b5d06c5a8e21b98d462c1fc71925fa
5.0.21,crtstuff.c,_setmode,0,1,0x0002E360,0x0002F360,0x0042F360,16,3,7badc17010ea7f5f809c34ed7b0b1a7908f87ad354d65a84e2a082218e5d6adf,850b36cf61f7b7458df1db5fcf7c3cc709b5d06c5a8e21b98d462c1fc71925fa
5.0.21,crtstuff.c,atol,0,1,0x0002E440,0x0002F440,0x0042F440,16,3,5ffd0dda1b9605452231c368597e44315c43f2855b53e846ecaacba9c75c1ab9,850b36cf61f7b7458df1db5fcf7c3cc709b5d06c5a8e21b98d462c1fc71925fa
5.0.21,crtstuff.c,fgets,0,1,0x0002E410,0x0002F410,0x0042F410,16,3,3798cd62838de6cfc5a6a3dcb5a5cacf5ce302441853e86419703f3cd423b0d1,850b36cf61f7b7458df1db5fcf7c3cc709b5d06c5a8e21b98d462c1fc71925fa
5.0.21,crtstuff.c,strlen,0,1,0x0002E3A0,0x0002F3A0,0x0042F3A0,16,3,fe5db44ecce258b54f87b1a966dc3bcdd1be41c2c10c9940ab773ba3b934be09,850b36cf61f7b7458df1db5fcf7c3cc709b5d06c5a8e21b98d462c1fc71925fa
5.0.21,crtstuff.c,memmove,0,1,0x0002E490,0x0002F490,0x0042F490,16,3,d28b322d789d91f3cce22c6955fa89218d6ee275180b6cd0666b3560e1d51b0e,850b36cf61f7b7458df1db5fcf7c3cc709b5d06c5a8e21b98d462c1fc71925fa
5.0.21,crtstuff.c,exit,0,1,0x0002E420,0x0002F420,0x0042F420,16,3,6a453c720f2b0d54934f33acd5166e0f45106c9407056064fb253305d611c3f2,850b36cf61f7b7458df1db5fcf7c3cc709b5d06c5a8e21b98d462c1fc71925fa
