version,request,address,name,via,count,before_values,after_values,pcs
2.06,CW0000,0x003,STATUS,alu-flag,1,0x38,0x3C,0x1031
2.06,CW0000,0x003,STATUS,direct,1,0x18,0x38,0x1030
2.06,CW0100,0x003,STATUS,alu-flag,1281,0x00 0x04 0x38 0x39 0x3A 0x3B 0x3C 0x3D 0x3E 0x3F 0x58 0x59 0x5B 0x5C 0x5F,0x00 0x04 0x38 0x39 0x3A 0x3B 0x3C 0x3D 0x3E 0x3F 0x58 0x5B 0x5C 0x5D 0x5F,0x0006 0x0008 0x000A 0x000B 0x000D 0x0011 0x0013 0x0029 0x002B 0x002F 0x0031 0x0035 0x06FE 0x0702 0x0703 0x0706 0x070E 0x0711 0x0714 0x0716 0x0718 0x0719 0x071B 0x071E 0x0729 0x072E 0x0731 0x073E 0x0741 0x074E 0x074F 0x103A 0x103D
2.06,CW0100,0x003,STATUS,direct,1075,0x00 0x18 0x19 0x1B 0x1F 0x38 0x39 0x3B 0x3C 0x3D 0x3F 0x58 0x59 0x5B 0x5C 0x5D 0x5F 0x78 0x79 0x7B 0x7C 0x7D 0x7F,0x00 0x18 0x19 0x1B 0x1F 0x38 0x39 0x3A 0x3B 0x3C 0x3D 0x3E 0x3F 0x58 0x59 0x5B 0x5C 0x5F 0x78 0x79 0x7B 0x7C 0x7D 0x7F,0x0006 0x0038 0x06FD 0x0707 0x0708 0x070A 0x070D 0x070F 0x0710 0x0717 0x0720 0x0722 0x0727 0x0728 0x072A 0x072D 0x072F 0x0730 0x0737 0x0738 0x073A 0x073D 0x073F 0x0740 0x0747 0x0748 0x074A 0x074D 0x0758 0x1039 0x103B 0x103C 0x103E 0x103F 0x1041 0x1044 0x1045 0x1049 0x104A 0x1054 0x1055 0x1058 0x105A 0x105B 0x105D 0x105E 0x1060 0x1063 0x1064 0x1068 0x1069 0x1073 0x1074 0x1079
2.06,CW0100,0x004,FSR,direct,44,0x8C 0xA8,0x8C 0xA8,0x001E 0x002A
2.06,CW0100,0x00A,PCLATH,direct,48,0x00 0x02 0x12,0x00 0x02 0x12,0x000A 0x0036 0x1036 0x1038 0x1076 0x1078
2.06,CW0100,0x00B,INTCON,direct,4,0x54 0xD4,0x54 0xD4,0x1048 0x1056 0x1067 0x1075
2.06,CW0100,0x00C,PIR1,direct,22,0x5B,0x59,0x01B6
2.06,CW0100,0x020,RAM_0x020,direct,2,0x02 0x08,0x02 0x12,0x0009
2.06,CW0100,0x021,RAM_0x021,direct,16,0x83 0x91 0x93 0x95 0x97 0xB3 0xB5 0xB7 0xC3,0x83 0x87 0x91 0x93 0x95 0x97 0xB3 0xB5 0xB7 0xC3,0x0007
2.06,CW0100,0x024,RAM_0x024,direct,1,0x30,0x00,0x0010
2.06,CW0100,0x031,RAM_0x031,direct,22,0xD2 0xD3 0xD4 0xD5 0xD6 0xD7 0xD8 0xD9 0xDA 0xDB 0xDC 0xDD 0xDE 0xDF 0xE0 0xE1 0xE2 0xE3 0xE4 0xE5 0xE6 0xE7,0xD3 0xD4 0xD5 0xD6 0xD7 0xD8 0xD9 0xDA 0xDB 0xDC 0xDD 0xDE 0xDF 0xE0 0xE1 0xE2 0xE3 0xE4 0xE5 0xE6 0xE7 0xE8,0x01A7
2.06,CW0100,0x077,RAM_0x077,direct,1,0x00,0xD4,0x1047
2.06,CW0100,0x07F,RAM_0x07F,direct,40,0x00 0x01 0x03 0x10 0x15 0x17 0x1C 0x23 0x27 0x30 0x32 0x36 0x3E 0x51 0x55 0x57 0x63 0x64 0x68 0x6A 0x6C 0x6F 0x71 0x72 0x75 0x78 0x7F 0x86 0x87 0x90 0xA6 0xBB 0xBE 0xC1 0xC6 0xE3 0xEB 0xF6 0xF7,0x00 0x01 0x03 0x10 0x15 0x17 0x1C 0x23 0x27 0x30 0x32 0x36 0x3E 0x46 0x51 0x55 0x57 0x63 0x64 0x68 0x6A 0x6C 0x6F 0x71 0x72 0x75 0x78 0x7F 0x86 0x87 0xA6 0xBB 0xBE 0xC1 0xC6 0xE3 0xEB 0xF6 0xF7,0x0004 0x0039
2.06,CW0100,0x0C3,RAM_0x0C3,direct,375,0x00 0x01 0x02 0x03 0x04 0x05 0x06 0x07 0x08 0x09 0x0A 0x0B 0x0C 0x0E 0x0F 0x10 0x12 0x13 0x14 0x15 0x19 0x1C 0x1D 0x1E 0x20 0x21 0x23 0x24 0x25 0x26 0x27 0x29 0x2A 0x2B 0x2C 0x2E 0x31 0x32 0x33 0x34 0x35 0x36 0x3A 0x3B 0x3C 0x3D 0x3E 0x41 0x42 0x43 0x44 0x45 0x46 0x48 0x49 0x4A 0x4B 0x4C 0x4D 0x4F 0x50 0x52 0x53 0x54 0x55 0x56 0x57 0x58 0x5A 0x5B 0x5C 0x5E 0x61 0x62 0x63 0x64 0x65 0x66 0x68 0x69 0x6A 0x6B 0x6C 0x6D 0x6E 0x72 0x73 0x74 0x75 0x76 0x77 0x78 0x79 0x7A 0x7B 0x7C 0x7D 0x7E 0x80 0x81 0x82 0x83 0x84 0x85 0x86 0x87 0x88 0x8A 0x8B 0x8C 0x8D 0x8E 0x90 0x92 0x93 0x95 0x96 0x97 0x9A 0x9C 0x9D 0x9E 0xA0 0xA1 0xA2 0xA3 0xA4 0xA5 0xA6 0xA7 0xA8 0xAA 0xAB 0xAC 0xAD 0xAE 0xAF 0xB0 0xB2 0xB4 0xB5 0xB6 0xB7 0xB8 0xB9 0xBC 0xBD 0xC0 0xC1 0xC2 0xC3 0xC4 0xC6 0xC8 0xCA 0xCB 0xCC 0xCD 0xCE 0xD0 0xD1 0xD2 0xD3 0xD4 0xD6 0xD7 0xD9 0xDA 0xDB 0xDC 0xDD 0xDE 0xE6 0xE7 0xE8 0xE9 0xEA 0xEB 0xEF 0xF2 0xF3 0xF5 0xF6 0xF7 0xF8 0xF9 0xFB 0xFC 0xFD 0xFE 0xFF,0x00 0x01 0x02 0x03 0x04 0x05 0x06 0x07 0x08 0x09 0x0A 0x0B 0x0C 0x0E 0x0F 0x10 0x12 0x13 0x14 0x15 0x19 0x1C 0x1D 0x1E 0x20 0x21 0x23 0x24 0x25 0x26 0x27 0x29 0x2A 0x2B 0x2C 0x2E 0x31 0x32 0x33 0x34 0x35 0x36 0x3A 0x3B 0x3C 0x3D 0x3E 0x41 0x42 0x43 0x44 0x45 0x46 0x48 0x49 0x4A 0x4B 0x4C 0x4D 0x4F 0x50 0x52 0x53 0x54 0x55 0x56 0x57 0x58 0x5A 0x5B 0x5C 0x5E 0x61 0x62 0x63 0x64 0x65 0x66 0x68 0x69 0x6A 0x6B 0x6C 0x6D 0x6E 0x72 0x73 0x74 0x75 0x76 0x77 0x78 0x79 0x7A 0x7B 0x7C 0x7D 0x7E 0x80 0x81 0x82 0x83 0x84 0x85 0x86 0x87 0x88 0x8A 0x8B 0x8C 0x8D 0x8E 0x90 0x92 0x93 0x95 0x96 0x97 0x9A 0x9C 0x9D 0x9E 0xA0 0xA1 0xA2 0xA3 0xA4 0xA5 0xA6 0xA7 0xA8 0xAA 0xAB 0xAC 0xAD 0xAE 0xAF 0xB0 0xB2 0xB4 0xB5 0xB6 0xB7 0xB8 0xB9 0xBC 0xBD 0xC0 0xC1 0xC2 0xC3 0xC4 0xC6 0xC8 0xCA 0xCB 0xCC 0xCD 0xCE 0xD0 0xD1 0xD2 0xD3 0xD4 0xD6 0xD7 0xD9 0xDA 0xDB 0xDC 0xDD 0xDE 0xE6 0xE7 0xE8 0xE9 0xEA 0xEB 0xEF 0xF2 0xF3 0xF5 0xF6 0xF7 0xF8 0xF9 0xFB 0xFC 0xFD 0xFE 0xFF,0x06FF 0x0711 0x0718 0x071B
2.06,CW0100,0x0C4,RAM_0x0C4,direct,220,0x00 0x01 0x02 0x03 0x04 0x05 0x08 0x09 0x0A 0x0B 0x0C 0x0D 0x10 0x11 0x12 0x14 0x15 0x16 0x18 0x19 0x1A 0x1B 0x1C 0x20 0x21 0x22 0x23 0x24 0x25 0x28 0x29 0x2A 0x2B 0x2C 0x2D 0x2F 0x30 0x31 0x32 0x33 0x34 0x35 0x36 0x37 0x38 0x3A 0x3B 0x41 0x42 0x45 0x47 0x48 0x4A 0x4B 0x4C 0x52 0x56 0x58 0x5A 0x5B 0x5C 0x60 0x61 0x62 0x63 0x64 0x65 0x66 0x67 0x68 0x69 0x6A 0x6B 0x6C 0x6D 0x6E 0x6F 0x70 0x71 0x75 0x76 0x77 0x7B 0x81 0x82 0x84 0x85 0x86 0x89 0x8A 0x8B 0x8C 0x8D 0x8F 0x90 0x91 0x95 0x96 0x97 0x98 0x99 0x9A 0x9C 0x9D 0xA4 0xA5 0xAC 0xAD 0xAE 0xB0 0xB1 0xB2 0xB5 0xB6 0xB7 0xB9 0xBA 0xBD 0xC0 0xC1 0xC2 0xC3 0xC4 0xC5 0xC6 0xC7 0xC8 0xCA 0xCB 0xCC 0xCE 0xD2 0xD6 0xD7 0xD8 0xD9 0xDA 0xDD 0xDE 0xDF 0xE0 0xE1 0xE2 0xE3 0xE4 0xEA 0xEB 0xEE 0xEF 0xF0 0xF7 0xF8,0x00 0x01 0x02 0x03 0x04 0x05 0x08 0x09 0x0A 0x0B 0x0C 0x0D 0x10 0x11 0x12 0x14 0x15 0x16 0x18 0x19 0x1A 0x1B 0x1C 0x20 0x21 0x22 0x23 0x24 0x25 0x28 0x29 0x2A 0x2B 0x2C 0x2D 0x2F 0x30 0x31 0x32 0x33 0x34 0x35 0x36 0x37 0x38 0x3A 0x3B 0x41 0x42 0x45 0x47 0x48 0x4A 0x4B 0x4C 0x52 0x56 0x58 0x5A 0x5B 0x5C 0x60 0x61 0x62 0x63 0x64 0x65 0x66 0x67 0x68 0x69 0x6A 0x6B 0x6C 0x6D 0x6E 0x6F 0x70 0x71 0x75 0x76 0x77 0x7B 0x81 0x82 0x84 0x85 0x86 0x89 0x8A 0x8B 0x8C 0x8D 0x8F 0x90 0x91 0x95 0x96 0x97 0x98 0x99 0x9A 0x9C 0x9D 0xA4 0xA5 0xAC 0xAD 0xAE 0xB0 0xB1 0xB2 0xB5 0xB6 0xB7 0xB9 0xBA 0xBD 0xC0 0xC1 0xC2 0xC3 0xC4 0xC5 0xC6 0xC7 0xC8 0xCA 0xCB 0xCC 0xCE 0xD2 0xD6 0xD7 0xD8 0xD9 0xDA 0xDD 0xDE 0xDF 0xE0 0xE1 0xE2 0xE3 0xE4 0xEA 0xEB 0xEE 0xEF 0xF0 0xF7 0xF8,0x06FE 0x0713 0x0719
2.06,CW0100,0x0D0,RAM_0x0D0,direct,154,0x00 0x02 0x03 0x04 0x05 0x06 0x07 0x08 0x09 0x0A 0x0B 0x0C 0x0D 0x0E 0x0F 0x10 0x11 0x12 0x13 0x14 0x15 0x16 0x17 0x18 0x19 0x1A 0x1B 0x1C 0x1D 0x1E 0x1F 0x20 0x21 0x22 0x23 0x24 0x25 0x26 0x27 0x28 0x29 0x2A 0x2B 0x2C 0x2D 0x2E 0x2F 0x30 0x31 0x32 0x33 0x34 0x35 0x36 0x37 0x38 0x39 0x3A 0x3B 0x3C 0x3D 0x3E 0x3F 0x40 0x41 0x42 0x43 0x44 0x45 0x46 0x47 0x48 0x49 0x4A 0x4B 0x4C 0x4D 0x4E 0x4F 0x50 0x51 0x52 0x53 0x54 0x55 0x56 0x57 0x58 0x59 0x5A 0x5B 0x5C 0x5D 0x5E 0x5F 0x60 0x61 0x62 0x63 0x64 0x65 0x66 0x67 0x68 0x69 0x6A 0x6B 0x6C 0x6D 0x6E 0x6F 0x70 0x71 0x72 0x73 0x74 0x75 0x76 0x77 0x78 0x79 0x7A 0x7B 0x7C 0x7D 0x7E 0x7F 0x80 0x81 0x82 0x83 0x84 0x85 0x86 0x87 0x88 0x89 0x8A 0x8B 0x8C 0x8D 0x8E 0x8F 0x90 0x91 0x92 0x93 0x94 0x95 0x96 0x97 0x98 0x99 0x9A,0x02 0x03 0x04 0x05 0x06 0x07 0x08 0x09 0x0A 0x0B 0x0C 0x0D 0x0E 0x0F 0x10 0x11 0x12 0x13 0x14 0x15 0x16 0x17 0x18 0x19 0x1A 0x1B 0x1C 0x1D 0x1E 0x1F 0x20 0x21 0x22 0x23 0x24 0x25 0x26 0x27 0x28 0x29 0x2A 0x2B 0x2C 0x2D 0x2E 0x2F 0x30 0x31 0x32 0x33 0x34 0x35 0x36 0x37 0x38 0x39 0x3A 0x3B 0x3C 0x3D 0x3E 0x3F 0x40 0x41 0x42 0x43 0x44 0x45 0x46 0x47 0x48 0x49 0x4A 0x4B 0x4C 0x4D 0x4E 0x4F 0x50 0x51 0x52 0x53 0x54 0x55 0x56 0x57 0x58 0x59 0x5A 0x5B 0x5C 0x5D 0x5E 0x5F 0x60 0x61 0x62 0x63 0x64 0x65 0x66 0x67 0x68 0x69 0x6A 0x6B 0x6C 0x6D 0x6E 0x6F 0x70 0x71 0x72 0x73 0x74 0x75 0x76 0x77 0x78 0x79 0x7A 0x7B 0x7C 0x7D 0x7E 0x7F 0x80 0x81 0x82 0x83 0x84 0x85 0x86 0x87 0x88 0x89 0x8A 0x8B 0x8C 0x8D 0x8E 0x8F 0x90 0x91 0x92 0x93 0x94 0x95 0x96 0x97 0x98 0x99 0x9A 0x9B,0x0701 0x071E
2.06,CW0100,0x0D1,RAM_0x0D1,direct,138,0x00 0x01 0x30,0x00 0x01,0x0714 0x0716
2.06,CW0100,0x10C,EEDATA,direct,2,0x64 0x9C,0x3D 0x64,0x1040 0x105F
2.06,CW0100,0x10D,EEADR,direct,158,0x00 0x01 0x02 0x03 0x04 0x05 0x06 0x07 0x08 0x09 0x0A 0x0B 0x0C 0x0D 0x0E 0x0F 0x10 0x11 0x12 0x13 0x14 0x15 0x16 0x17 0x18 0x19 0x1A 0x1B 0x1C 0x1D 0x1E 0x1F 0x20 0x21 0x22 0x23 0x24 0x25 0x26 0x27 0x28 0x29 0x2A 0x2B 0x2C 0x2D 0x2E 0x2F 0x30 0x31 0x32 0x33 0x34 0x35 0x36 0x37 0x38 0x39 0x3A 0x3B 0x3C 0x3D 0x3E 0x3F 0x40 0x41 0x42 0x43 0x44 0x45 0x46 0x47 0x48 0x49 0x4A 0x4B 0x4C 0x4D 0x4E 0x4F 0x50 0x51 0x52 0x53 0x54 0x55 0x56 0x57 0x58 0x59 0x5A 0x5B 0x5C 0x5D 0x5E 0x5F 0x60 0x61 0x62 0x63 0x64 0x65 0x66 0x67 0x68 0x69 0x6A 0x6B 0x6C 0x6D 0x6E 0x6F 0x70 0x71 0x72 0x73 0x74 0x75 0x76 0x77 0x78 0x79 0x7A 0x7B 0x7C 0x7D 0x7E 0x7F 0x80 0x81 0x82 0x83 0x84 0x85 0x86 0x87 0x88 0x89 0x8A 0x8B 0x8C 0x8D 0x8E 0x8F 0x90 0x91 0x92 0x93 0x94 0x95 0x96 0x97 0x98 0x99 0x9A,0x00 0x01 0x02 0x03 0x04 0x05 0x06 0x07 0x08 0x09 0x0A 0x0B 0x0C 0x0D 0x0E 0x0F 0x10 0x11 0x12 0x13 0x14 0x15 0x16 0x17 0x18 0x19 0x1A 0x1B 0x1C 0x1D 0x1E 0x1F 0x20 0x21 0x22 0x23 0x24 0x25 0x26 0x27 0x28 0x29 0x2A 0x2B 0x2C 0x2D 0x2E 0x2F 0x30 0x31 0x32 0x33 0x34 0x35 0x36 0x37 0x38 0x39 0x3A 0x3B 0x3C 0x3D 0x3E 0x3F 0x40 0x41 0x42 0x43 0x44 0x45 0x46 0x47 0x48 0x49 0x4A 0x4B 0x4C 0x4D 0x4E 0x4F 0x50 0x51 0x52 0x53 0x54 0x55 0x56 0x57 0x58 0x59 0x5A 0x5B 0x5C 0x5D 0x5E 0x5F 0x60 0x61 0x62 0x63 0x64 0x65 0x66 0x67 0x68 0x69 0x6A 0x6B 0x6C 0x6D 0x6E 0x6F 0x70 0x71 0x72 0x73 0x74 0x75 0x76 0x77 0x78 0x79 0x7A 0x7B 0x7C 0x7D 0x7E 0x7F 0x80 0x81 0x82 0x83 0x84 0x85 0x86 0x87 0x88 0x89 0x8A 0x8B 0x8C 0x8D 0x8E 0x8F 0x90 0x91 0x92 0x93 0x94 0x95 0x96 0x97 0x98 0x99 0x9A,0x0709 0x0729 0x0739 0x0749 0x103A 0x1059
2.06,CW0100,0x18C,EECON1,direct,4,0x00 0x04,0x00 0x04,0x1043 0x1052 0x1062 0x1071
2.06,CW0100,0x18D,EECON2,direct,4,0x00 0x55 0xAA,0x55 0xAA,0x104C 0x104E 0x106B 0x106D
2.06,CW0200,0x003,STATUS,direct,1,0x18,0x38,0x107D
2.06,CW0200,0x051,RAM_0x051,direct,1,0x00,0x08,0x107B
2.06,CW0200,0x0C2,RAM_0x0C2,direct,1,0x00,0x78,0x107E
2.06,CW0300,0x003,STATUS,alu-flag,1,0x18,0x1C,0x1081
2.06,CW0300,0x003,STATUS,direct,1,0x1C,0x3C,0x1083
2.06,CW04A5,0x003,STATUS,alu-flag,24,0x00 0x04 0x18 0x19 0x1C 0x1D,0x00 0x04 0x18 0x19 0x1C 0x1D,0x0006 0x0008 0x000A 0x000B 0x000D 0x000F 0x0013 0x0029 0x002B 0x002D 0x0031 0x0035 0x01C3 0x01C8 0x01CF 0x01D1 0x01D4
2.06,CW04A5,0x003,STATUS,direct,6,0x00 0x18 0x19 0x38,0x00 0x18 0x19 0x38 0x39,0x0006 0x0038 0x01D0 0x1085 0x1087 0x108C
2.06,CW04A5,0x004,FSR,direct,2,0x8C 0xA8,0x8C 0xA8,0x001E 0x002A
2.06,CW04A5,0x007,PORTC,direct,23,0x00 0x04 0x20 0x24,0x00 0x04 0x20 0x24,0x01C6 0x01CB 0x01CC 0x01CD
2.06,CW04A5,0x008,PORTD,direct,8,0x04 0x24 0x44 0x64 0x84 0xA4 0xC4 0xE4,0x04 0x24 0x44 0x64 0x84 0xA4 0xC4 0xE4,0x01CF
2.06,CW04A5,0x00A,PCLATH,direct,4,0x00 0x02 0x12,0x00 0x02 0x12,0x000A 0x0036 0x1089 0x108B
2.06,CW04A5,0x00B,INTCON,direct,3,0x14 0x94 0xD4,0x14 0x94 0xD4,0x01BD 0x01BE 0x01D4
2.06,CW04A5,0x00C,PIR1,direct,1,0x5B,0x59,0x01B6
2.06,CW04A5,0x020,RAM_0x020,direct,1,0x08,0x02,0x0009
2.06,CW04A5,0x021,RAM_0x021,direct,1,0xA3,0x91,0x0007
2.06,CW04A5,0x024,RAM_0x024,direct,1,0x35,0xA5,0x0010
2.06,CW04A5,0x031,RAM_0x031,direct,1,0xD2,0xD3,0x01A7
2.06,CW04A5,0x048,RAM_0x048,direct,1,0x00,0xA5,0x1088
2.06,CW04A5,0x075,RAM_0x075,direct,9,0x00 0x01 0x02 0x04 0x08 0x10 0x20 0x40 0x80,0x00 0x01 0x02 0x04 0x08 0x10 0x20 0x40 0x80,0x01BC 0x01D1
2.06,CW04A5,0x07F,RAM_0x07F,direct,2,0x8F 0xC0,0x0C 0xC0,0x0004 0x0039
2.06,CW0500,0x003,STATUS,alu-flag,8842,0x00 0x04 0x18 0x19 0x1A 0x1B 0x1C 0x1D 0x1E 0x1F 0x38 0x39 0x3A 0x3B 0x3C 0x3D 0x3E 0x3F,0x00 0x04 0x18 0x19 0x1A 0x1B 0x1C 0x1D 0x1E 0x1F 0x38 0x39 0x3A 0x3B 0x3C 0x3D 0x3E 0x3F,0x0006 0x0008 0x000A 0x000B 0x000D 0x000F 0x0011 0x0013 0x0029 0x002B 0x002D 0x002F 0x0031 0x0035 0x01C2 0x01C3 0x01C7 0x01CF 0x01D1 0x01D4 0x0417 0x041E 0x0421 0x0422 0x0424 0x0425 0x042A 0x042B 0x042E 0x042F 0x0430 0x0432 0x0433 0x0438 0x043A 0x043C 0x043D 0x043E 0x043F 0x0448 0x067B 0x0686 0x0687 0x068E 0x068F 0x069C 0x06A3 0x06A7 0x06BF 0x06C9 0x06D0 0x06D7 0x0800 0x0809 0x0819 0x0830 0x0832 0x0862 0x0864 0x0EE4 0x0EEC 0x0EF1 0x0EF3
2.06,CW0500,0x003,STATUS,direct,2426,0x00 0x18 0x19 0x1B 0x1C 0x1D 0x1F 0x38 0x39 0x3A 0x3B 0x3C 0x3D 0x3F,0x00 0x18 0x19 0x1B 0x1C 0x1D 0x1F 0x38 0x3A 0x3B 0x3C 0x3D 0x3E 0x3F,0x0006 0x0038 0x01D0 0x0416 0x043B 0x0447 0x044F 0x0676 0x067E 0x0681 0x0685 0x0688 0x0691 0x0694 0x069F 0x06A2 0x06AC 0x06B2 0x06B4 0x06B6 0x06B8 0x06E9 0x06EB 0x06ED 0x06EF 0x06F4 0x06FA 0x0801 0x0803 0x0863 0x0875 0x0EDD 0x0EDF 0x0EE1 0x0EE3 0x0EE5 0x0EE9 0x0EEB 0x0EF2 0x0EF8 0x0EF9 0x0EFB 0x0F1B 0x0F1D
2.06,CW0500,0x004,FSR,direct,384,0x8C 0xA8,0x8C 0xA8,0x001E 0x002A
2.06,CW0500,0x007,PORTC,direct,2868,0x20 0x24,0x20 0x24,0x01CC 0x01CD
2.06,CW0500,0x008,PORTD,direct,1434,0x04 0x24 0x44 0x64 0x84 0xA4 0xC4 0xE4,0x04 0x24 0x44 0x64 0x84 0xA4 0xC4 0xE4,0x01CF
2.06,CW0500,0x00A,PCLATH,direct,747,0x00 0x02 0x0A 0x12,0x00 0x02 0x0A,0x000A 0x0036 0x085F 0x0861 0x0F17 0x0F19 0x108E 0x108F
2.06,CW0500,0x00B,INTCON,direct,542,0x14 0x94 0xD4,0x14 0x94 0xD4,0x01BD 0x01BE 0x01D4 0x06F0 0x06F1 0x06FB
2.06,CW0500,0x00C,PIR1,direct,192,0x5B,0x59,0x01B6
2.06,CW0500,0x020,RAM_0x020,direct,16,0x02 0x08 0x0A,0x02 0x0A,0x0009
2.06,CW0500,0x021,RAM_0x021,direct,58,0x81 0x83 0x91 0xA3 0xB1 0xB3 0xC1 0xC3 0xD1 0xD3 0xF1 0xF3,0x81 0x83 0x91 0xA3 0xB1 0xB3 0xC1 0xC3 0xD1 0xD3 0xF1 0xF3,0x0007
2.06,CW0500,0x023,RAM_0x023,direct,2,0x00 0x04,0x00 0x04,0x000E
2.06,CW0500,0x024,RAM_0x024,direct,4,0x00 0x30 0x59 0x9E,0x00 0x2C 0x59 0x9E,0x0010
2.06,CW0500,0x025,RAM_0x025,direct,3,0x08 0x10 0x24,0x08 0x10 0x24,0x0012
2.06,CW0500,0x031,RAM_0x031,direct,192,0x00 0x01 0x02 0x03 0x04 0x05 0x06 0x07 0x08 0x09 0x0A 0x0B 0x0C 0x0D 0x0E 0x0F 0x10 0x11 0x12 0x13 0x14 0x15 0x16 0x17 0x18 0x19 0x1A 0x1B 0x1C 0x1D 0x1E 0x1F 0x20 0x21 0x22 0x23 0x24 0x25 0x26 0x27 0x28 0x29 0x2A 0x2B 0x2C 0x2D 0x2E 0x2F 0x30 0x31 0x32 0x33 0x34 0x35 0x36 0x37 0x38 0x39 0x3A 0x3B 0x3C 0x3D 0x3E 0x3F 0x40 0x41 0x42 0x43 0x44 0x45 0x46 0x47 0x48 0x49 0x4A 0x4B 0x4C 0x4D 0x4E 0x4F 0x50 0x51 0x52 0x53 0x54 0x55 0x56 0x57 0x58 0x59 0x5A 0x5B 0x5C 0x5D 0x5E 0x5F 0x60 0x61 0x62 0x63 0x64 0x65 0x66 0x67 0x68 0x69 0x6A 0x6B 0x6C 0x6D 0x6E 0x6F 0x70 0x71 0x72 0x73 0x74 0x75 0x76 0x77 0x78 0x79 0x7A 0x7B 0x7C 0x7D 0x7E 0x7F 0x80 0x81 0x82 0x83 0x84 0x85 0x86 0x87 0x88 0x89 0x8A 0x8B 0x8C 0x8D 0x8E 0x8F 0x90 0x91 0xD2 0xD3 0xD4 0xD5 0xD6 0xD7 0xD8 0xD9 0xDA 0xDB 0xDC 0xDD 0xDE 0xDF 0xE0 0xE1 0xE2 0xE3 0xE4 0xE5 0xE6 0xE7 0xE8 0xE9 0xEA 0xEB 0xEC 0xED 0xEE 0xEF 0xF0 0xF1 0xF2 0xF3 0xF4 0xF5 0xF6 0xF7 0xF8 0xF9 0xFA 0xFB 0xFC 0xFD 0xFE 0xFF,0x00 0x01 0x02 0x03 0x04 0x05 0x06 0x07 0x08 0x09 0x0A 0x0B 0x0C 0x0D 0x0E 0x0F 0x10 0x11 0x12 0x13 0x14 0x15 0x16 0x17 0x18 0x19 0x1A 0x1B 0x1C 0x1D 0x1E 0x1F 0x20 0x21 0x22 0x23 0x24 0x25 0x26 0x27 0x28 0x29 0x2A 0x2B 0x2C 0x2D 0x2E 0x2F 0x30 0x31 0x32 0x33 0x34 0x35 0x36 0x37 0x38 0x39 0x3A 0x3B 0x3C 0x3D 0x3E 0x3F 0x40 0x41 0x42 0x43 0x44 0x45 0x46 0x47 0x48 0x49 0x4A 0x4B 0x4C 0x4D 0x4E 0x4F 0x50 0x51 0x52 0x53 0x54 0x55 0x56 0x57 0x58 0x59 0x5A 0x5B 0x5C 0x5D 0x5E 0x5F 0x60 0x61 0x62 0x63 0x64 0x65 0x66 0x67 0x68 0x69 0x6A 0x6B 0x6C 0x6D 0x6E 0x6F 0x70 0x71 0x72 0x73 0x74 0x75 0x76 0x77 0x78 0x79 0x7A 0x7B 0x7C 0x7D 0x7E 0x7F 0x80 0x81 0x82 0x83 0x84 0x85 0x86 0x87 0x88 0x89 0x8A 0x8B 0x8C 0x8D 0x8E 0x8F 0x90 0x91 0x92 0xD3 0xD4 0xD5 0xD6 0xD7 0xD8 0xD9 0xDA 0xDB 0xDC 0xDD 0xDE 0xDF 0xE0 0xE1 0xE2 0xE3 0xE4 0xE5 0xE6 0xE7 0xE8 0xE9 0xEA 0xEB 0xEC 0xED 0xEE 0xEF 0xF0 0xF1 0xF2 0xF3 0xF4 0xF5 0xF6 0xF7 0xF8 0xF9 0xFA 0xFB 0xFC 0xFD 0xFE 0xFF,0x01A7
2.06,CW0500,0x032,RAM_0x032,direct,1,0x03,0x04,0x01AA
2.06,CW0500,0x03E,RAM_0x03E,direct,2,0x1F 0x24,0x1F 0x24,0x06CC 0x06D0
2.06,CW0500,0x075,RAM_0x075,direct,1613,0x00 0x01 0x02 0x04 0x08 0x10 0x20 0x40 0x80,0x00 0x01 0x02 0x04 0x08 0x10 0x20 0x40 0x80,0x01BC 0x01D1
2.06,CW0500,0x077,RAM_0x077,direct,31,0x00 0x01 0x02 0x04 0x08 0x10 0x20 0x40 0x80,0x00 0x01 0x02 0x04 0x08 0x10 0x20 0x40 0x80,0x0423 0x0431
2.06,CW0500,0x078,RAM_0x078,direct,4,0x00 0x59 0x8E 0x9E,0x2C 0x59 0x8E 0x9E,0x044C 0x06A9
2.06,CW0500,0x079,RAM_0x079,direct,4,0x08 0x10 0x13 0x24,0x08 0x10 0x13 0x24,0x044E 0x06AB
2.06,CW0500,0x07F,RAM_0x07F,direct,320,0x00 0x01 0x04 0x06 0x08 0x0C 0x10 0x12 0x21 0x2F 0x40 0x60 0x80 0x90 0xAF 0xC0 0xF2 0xFA 0xFF,0x00 0x01 0x04 0x06 0x08 0x0C 0x10 0x12 0x21 0x2F 0x40 0x60 0x80 0xAF 0xC0 0xF2 0xFA 0xFF,0x0004 0x0039
2.06,CW0500,0x0D2,RAM_0x0D2,direct,3,0x18 0x20 0x30,0x06 0x18 0x20,0x06B7 0x06EE 0x0F1C
2.06,CW0500,0x0D3,RAM_0x0D3,direct,3,0x1C 0x1F 0x30,0x06 0x1C 0x1F,0x06B3 0x06EA 0x0EE2
2.06,CW0500,0x0D4,RAM_0x0D4,direct,4,0x00 0x2C 0x59 0x9E,0x00 0x2C 0x59 0x9E,0x0684 0x0697 0x06A3 0x0EE6
2.06,CW0500,0x0D5,RAM_0x0D5,direct,4,0x00 0x08 0x10 0x24,0x00 0x08 0x10 0x24,0x0682 0x0695 0x06A7 0x0802
2.06,CW0500,0x0D6,RAM_0x0D6,direct,1,0x01,0xFF,0x0689
2.06,CW0500,0x0DC,RAM_0x0DC,direct,27,0x08 0x0B 0x10 0x16 0x1C 0x20 0x21 0x2C 0x38 0x42 0x59 0x70 0x84 0x85 0xC2 0xE1,0x08 0x0B 0x10 0x16 0x1C 0x20 0x21 0x2C 0x38 0x42 0x59 0x70 0x84 0x85 0xC2 0xE1,0x043D 0x067A 0x068D 0x069B
2.06,CW0500,0x0DD,RAM_0x0DD,direct,17,0x00 0x01 0x02 0x03 0x04 0x07 0x08 0x0E 0x1C,0x00 0x01 0x02 0x03 0x04 0x07 0x08 0x0E 0x1C,0x043C 0x0678 0x068B 0x0699
2.06,CW0500,0x0DE,RAM_0x0DE,direct,3,0x26 0x59 0xFF,0x26 0x59 0xFF,0x067D 0x0690 0x069E
2.06,CW0500,0x0E0,RAM_0x0E0,direct,18,0x00 0x08 0x10 0x2B 0x56 0x59 0x6D 0x85 0x8E 0x94 0x9B 0x9E 0xA6 0xE9,0x00 0x08 0x10 0x2B 0x56 0x59 0x6D 0x85 0x8E 0x94 0x9B 0x9E 0xA6 0xE9,0x0419 0x042A
2.06,CW0500,0x0E1,RAM_0x0E1,direct,13,0x00 0x07 0x08 0x0C 0x0E 0x0F 0x10 0x11 0x13,0x00 0x07 0x08 0x0C 0x0E 0x0F 0x10 0x11 0x13,0x0418 0x042E
2.06,CW0500,0x0E2,RAM_0x0E2,direct,27,0x00 0x01 0x02 0x04 0x08 0x10 0x20 0x40 0x80,0x00 0x01 0x02 0x04 0x08 0x10 0x20 0x40 0x80,0x041B 0x0448
2.06,CW0500,0x0E3,RAM_0x0E3,direct,15,0x00 0x04 0x08 0x10 0x20 0x28 0x30 0x32 0x34 0x80,0x00 0x04 0x08 0x10 0x20 0x28 0x30 0x32 0x34 0x80,0x0417 0x0438 0x043A
2.06,CW0500,0x0E4,RAM_0x0E4,direct,27,0x00 0x01 0x02 0x03 0x04 0x05 0x06 0x07 0x08,0x00 0x01 0x02 0x03 0x04 0x05 0x06 0x07 0x08,0x041C 0x0449
2.06,CW0600,0x003,STATUS,alu-flag,28,0x00 0x04 0x18 0x1C 0x1D 0x38 0x39,0x00 0x04 0x18 0x19 0x39 0x3C 0x3D,0x0006 0x0008 0x000A 0x000B 0x000D 0x0011 0x0013 0x0029 0x002B 0x002F 0x0031 0x0035 0x0207 0x020E 0x0218 0x021B 0x021F
2.06,CW0600,0x003,STATUS,direct,42,0x00 0x18 0x19 0x38 0x3C 0x3D,0x00 0x18 0x19 0x1C 0x1D 0x38 0x39,0x0006 0x0038 0x0205 0x020A 0x020D 0x0211 0x0213 0x0214 0x0219 0x021A 0x021E 0x1098
2.06,CW0600,0x004,FSR,direct,2,0x8C 0xA8,0x8C 0xA8,0x001E 0x002A
2.06,CW0600,0x007,PORTC,direct,4,0x04 0x24,0x04 0x24,0x020B 0x0212
2.06,CW0600,0x008,PORTD,direct,24,0x00 0x04 0x20 0x24 0x40 0x44 0x60 0x64 0x80 0x84 0xA0 0xA4 0xC0 0xC4 0xE0 0xE4,0x00 0x04 0x20 0x24 0x40 0x44 0x60 0x64 0x80 0x84 0xA0 0xA4 0xC0 0xC4 0xE0 0xE4,0x0215 0x0216 0x0218
2.06,CW0600,0x00A,PCLATH,direct,4,0x00 0x02 0x12,0x00 0x02 0x12,0x000A 0x0036 0x1095 0x1097
2.06,CW0600,0x00B,INTCON,direct,3,0x14 0x94 0xD4,0x14 0x94 0xD4,0x01FE 0x01FF 0x021F
2.06,CW0600,0x00C,PIR1,direct,1,0x5B,0x59,0x01B6
2.06,CW0600,0x020,RAM_0x020,direct,1,0x08,0x02,0x0009
2.06,CW0600,0x021,RAM_0x021,direct,1,0xB3,0x91,0x0007
2.06,CW0600,0x024,RAM_0x024,direct,1,0x30,0x00,0x0010
2.06,CW0600,0x031,RAM_0x031,direct,1,0xD2,0xD3,0x01A7
2.06,CW0600,0x056,RAM_0x056,direct,1,0x80,0xA0,0x028F
2.06,CW0600,0x07F,RAM_0x07F,direct,2,0x90 0xC0,0x0C 0xC0,0x0004 0x0039
2.06,CW0600,0x0D7,RAM_0x0D7,direct,9,0x00 0x01 0x02 0x04 0x08 0x10 0x20 0x40 0x80,0x00 0x01 0x02 0x04 0x08 0x10 0x20 0x40 0x80,0x0206 0x021B
2.06,CW0700,0x003,STATUS,alu-flag,38,0x00 0x04 0x18 0x1C 0x1D 0x1E 0x1F 0x38 0x39 0x3B,0x00 0x04 0x18 0x19 0x1B 0x1C 0x1D 0x1E 0x1F 0x39 0x3C 0x3D 0x3F,0x0006 0x0008 0x000A 0x000B 0x000D 0x0011 0x0013 0x0029 0x002B 0x002F 0x0031 0x0035 0x0203 0x0207 0x020E 0x0218 0x021B 0x021F 0x02B4 0x0F93 0x0F94
2.06,CW0700,0x003,STATUS,direct,48,0x00 0x18 0x19 0x1B 0x1F 0x38 0x3B 0x3C 0x3D 0x3F,0x00 0x18 0x19 0x1B 0x1C 0x1D 0x1F 0x38 0x39 0x3B 0x3F,0x0006 0x0038 0x0205 0x020A 0x020D 0x0211 0x0213 0x0214 0x0219 0x021A 0x021E 0x0292 0x029F 0x02A2 0x02AF 0x02B3 0x02B5 0x02B7 0x02B9 0x109F
2.06,CW0700,0x004,FSR,direct,2,0x8C 0xA8,0x8C 0xA8,0x001E 0x002A
2.06,CW0700,0x007,PORTC,direct,2,0x04 0x24,0x04 0x24,0x020B 0x0212
2.06,CW0700,0x008,PORTD,direct,24,0x00 0x04 0x20 0x24 0x40 0x44 0x60 0x64 0x80 0x84 0xA0 0xA4 0xC0 0xC4 0xE0 0xE4,0x00 0x04 0x20 0x24 0x40 0x44 0x60 0x64 0x80 0x84 0xA0 0xA4 0xC0 0xC4 0xE0 0xE4,0x0215 0x0216 0x0218
2.06,CW0700,0x00A,PCLATH,direct,10,0x00 0x02 0x0A 0x12 0x1A,0x00 0x02 0x0A 0x12 0x1A,0x000A 0x0036 0x0F97 0x0F99 0x0F9B 0x0F9D 0x109A 0x109B 0x109D 0x109E
2.06,CW0700,0x00B,INTCON,direct,3,0x14 0x94 0xD4,0x14 0x94 0xD4,0x01FE 0x01FF 0x021F
2.06,CW0700,0x00C,PIR1,direct,1,0x5B,0x59,0x01B6
2.06,CW0700,0x020,RAM_0x020,direct,1,0x08,0x02,0x0009
2.06,CW0700,0x021,RAM_0x021,direct,1,0xB3,0x91,0x0007
2.06,CW0700,0x024,RAM_0x024,direct,1,0x30,0x00,0x0010
2.06,CW0700,0x031,RAM_0x031,direct,1,0xD2,0xD3,0x01A7
2.06,CW0700,0x07F,RAM_0x07F,direct,2,0x90 0xC0,0x0C 0xC0,0x0004 0x0039
2.06,CW0700,0x0D7,RAM_0x0D7,direct,9,0x00 0x01 0x02 0x04 0x08 0x10 0x20 0x40 0x80,0x00 0x01 0x02 0x04 0x08 0x10 0x20 0x40 0x80,0x0206 0x021B
2.06,CW0832,0x003,STATUS,direct,3,0x18 0x38,0x18 0x38,0x10A1 0x10A3 0x10A5
2.06,CW0832,0x029,RAM_0x029,direct,1,0x19,0x32,0x10A4
2.06,CW0940,0x003,STATUS,alu-flag,157,0x00 0x04 0x18 0x1C 0x38 0x39 0x3A 0x3B 0x3C 0x3D 0x3E 0x3F,0x00 0x04 0x18 0x1C 0x38 0x39 0x3A 0x3B 0x3C 0x3D 0x3E 0x3F,0x0006 0x0008 0x000A 0x000B 0x000D 0x000F 0x0013 0x0029 0x002B 0x002D 0x0031 0x0035 0x03ED 0x03EE 0x03F1 0x03F2 0x03F5 0x03F8 0x03F9 0x03FA 0x04D9 0x04E0 0x04E1 0x04E3 0x04E4 0x04E7 0x04E8 0x04EB 0x04EC 0x04F2 0x0534 0x0536 0x053D 0x0540 0x0542 0x0543 0x0549 0x10A8 0x10A9 0x10AB 0x10AD 0x10AF 0x10B6 0x10B9 0x10BB 0x10BD
2.06,CW0940,0x003,STATUS,direct,21,0x00 0x18 0x1A 0x1B 0x1C 0x1E 0x38 0x3B 0x3C 0x3D 0x3E,0x00 0x18 0x1B 0x1C 0x1E 0x38 0x3A 0x3B 0x3C 0x3D 0x3E,0x0006 0x0038 0x03E9 0x03FD 0x04D5 0x04F7 0x0533 0x053B 0x053E 0x054A 0x0553 0x0555 0x0559 0x055A 0x10A7 0x10B3 0x10B7 0x10C0 0x10C3
2.06,CW0940,0x004,FSR,direct,4,0x8C 0xA8,0x8C 0xA8,0x001E 0x002A
2.06,CW0940,0x00A,PCLATH,direct,8,0x00 0x02 0x12,0x00 0x02 0x12,0x000A 0x0036 0x10B2 0x10B5 0x10BF 0x10C2
2.06,CW0940,0x00C,PIR1,direct,2,0x5B,0x59,0x01B6
2.06,CW0940,0x020,RAM_0x020,direct,1,0x08,0x02,0x0009
2.06,CW0940,0x021,RAM_0x021,direct,2,0xB3 0xD3,0x83 0xD3,0x0007
2.06,CW0940,0x023,RAM_0x023,direct,1,0x00,0x01,0x000E
2.06,CW0940,0x024,RAM_0x024,direct,2,0x09 0x30,0x00 0x09,0x0010
2.06,CW0940,0x025,RAM_0x025,direct,2,0x24 0x80,0x00 0x80,0x0012
2.06,CW0940,0x031,RAM_0x031,direct,2,0xD2 0xD3,0xD3 0xD4,0x01A7
2.06,CW0940,0x033,RAM_0x033,direct,1,0x57,0x40,0x0556
2.06,CW0940,0x077,RAM_0x077,direct,12,0x00 0x01 0x03 0x06 0x0C 0x18,0x00 0x01 0x03 0x06 0x0C 0x18,0x03F2 0x03F8 0x04E1 0x04EC
2.06,CW0940,0x078,RAM_0x078,direct,21,0x00 0x01 0x02 0x04 0x08 0x09 0x10 0x12 0x20 0x22 0x24 0x40 0x44 0x48 0x88 0x91,0x00 0x01 0x02 0x04 0x08 0x09 0x10 0x12 0x20 0x22 0x24 0x40 0x44 0x48 0x88 0x91,0x03FA 0x04F2
2.06,CW0940,0x079,RAM_0x079,direct,14,0x00 0x01 0x02 0x04 0x06 0x09 0x0C 0x12 0x18 0x24 0x30 0x60 0x80 0xC0,0x00 0x01 0x02 0x04 0x06 0x09 0x0C 0x12 0x18 0x30 0x60 0x80 0xC0,0x03F9 0x04D2
2.06,CW0940,0x07F,RAM_0x07F,direct,3,0x00 0x50 0xE9,0x00 0x9E 0xE9,0x0004 0x0039
2.06,CW0940,0x0CE,RAM_0x0CE,direct,1,0x98,0x40,0x10AA
2.06,CW0940,0x0CF,RAM_0x0CF,direct,1,0x99,0x00,0x10A8
2.06,CW0940,0x0D0,RAM_0x0D0,direct,1,0x40,0x00,0x10BA
2.06,CW0940,0x0D1,RAM_0x0D1,direct,1,0x34,0x06,0x10B8
2.06,CW0940,0x0D4,RAM_0x0D4,direct,1,0x00,0x40,0x0541
2.06,CW0940,0x0D5,RAM_0x0D5,direct,2,0x00 0x06,0x00 0x06,0x053F 0x10BC
2.06,CW0940,0x0D6,RAM_0x0D6,direct,10,0x00 0x01 0x02 0x04 0x08 0x10 0x20 0x40 0x80,0x00 0x01 0x02 0x04 0x08 0x10 0x20 0x40 0x80,0x03EE 0x0537 0x10AE
2.06,CW0940,0x0D7,RAM_0x0D7,direct,17,0x00 0x06 0x0C 0x10 0x18 0x20 0x22 0x30 0x40 0x44 0x48 0x60 0x80 0x88 0x91 0xC0,0x00 0x06 0x0C 0x10 0x18 0x20 0x22 0x30 0x40 0x44 0x48 0x60 0x80 0x88 0x91 0xC0,0x03ED 0x04E0 0x0535
2.06,CW0940,0x0DA,RAM_0x0DA,direct,34,0x00 0x01 0x02 0x03 0x04 0x05 0x06 0x07 0x08 0x09 0x0A 0x0B 0x0C 0x0D 0x0E 0x0F 0x10,0x00 0x01 0x02 0x03 0x04 0x05 0x06 0x07 0x08 0x09 0x0A 0x0B 0x0C 0x0D 0x0E 0x0F 0x10,0x03EA 0x03FB 0x04DD 0x04F4
2.06,CW0A00,0x003,STATUS,alu-flag,8746,0x00 0x04 0x18 0x19 0x1A 0x1B 0x1C 0x1D 0x1E 0x1F 0x38 0x39 0x3A 0x3C 0x3D 0x3F,0x00 0x04 0x18 0x19 0x1A 0x1B 0x1C 0x1D 0x1E 0x1F 0x39 0x3B 0x3C 0x3D 0x3E 0x3F,0x0006 0x0008 0x000A 0x000B 0x000D 0x0011 0x0013 0x0029 0x002B 0x002F 0x0031 0x0035 0x01C2 0x01C3 0x01C7 0x01CF 0x01D1 0x01D4 0x0207 0x020E 0x0218 0x021B 0x021F 0x0800 0x0809 0x0819 0x0830 0x0832 0x0862 0x0864 0x0EE0 0x0EE4 0x0EEC 0x0EF1 0x0EF3
2.06,CW0A00,0x003,STATUS,direct,2450,0x00 0x18 0x19 0x1A 0x1B 0x1C 0x1D 0x1F 0x38 0x39 0x3A 0x3B 0x3C 0x3D 0x3E 0x3F,0x00 0x18 0x19 0x1A 0x1B 0x1C 0x1D 0x1E 0x1F 0x38 0x39 0x3A 0x3B 0x3C 0x3D 0x3F,0x0006 0x0038 0x01D0 0x0205 0x020A 0x020D 0x0211 0x0213 0x0214 0x0219 0x021A 0x021E 0x0801 0x0803 0x0863 0x0875 0x0EDD 0x0EDF 0x0EE1 0x0EE3 0x0EE5 0x0EE9 0x0EEB 0x0EF2 0x0EF8 0x0EF9 0x0EFB 0x0FA5 0x0FA7
2.06,CW0A00,0x004,FSR,direct,384,0x8C 0xA8,0x8C 0xA8,0x001E 0x002A
2.06,CW0A00,0x007,PORTC,direct,2936,0x04 0x20 0x24,0x04 0x20 0x24,0x01CC 0x01CD 0x020B 0x0212
2.06,CW0A00,0x008,PORTD,direct,1489,0x00 0x04 0x20 0x24 0x40 0x44 0x60 0x64 0x80 0x84 0xA0 0xA4 0xC0 0xC4 0xE0 0xE4,0x00 0x04 0x20 0x24 0x40 0x44 0x60 0x64 0x80 0x84 0xA0 0xA4 0xC0 0xC4 0xE0 0xE4,0x01CF 0x0215 0x0216 0x0218
2.06,CW0A00,0x00A,PCLATH,direct,755,0x00 0x02 0x0A 0x12,0x00 0x02 0x0A,0x000A 0x0036 0x085F 0x0861 0x0FA1 0x0FA3 0x10C5 0x10C6
2.06,CW0A00,0x00B,INTCON,direct,554,0x14 0x94 0xD4,0x14 0x94 0xD4,0x01BD 0x01BE 0x01D4 0x01FE 0x01FF 0x021F
2.06,CW0A00,0x00C,PIR1,direct,192,0x5B,0x59,0x01B6
2.06,CW0A00,0x020,RAM_0x020,direct,16,0x02 0x08 0x0A,0x02 0x0A,0x0009
2.06,CW0A00,0x021,RAM_0x021,direct,60,0x81 0x83 0x91 0xB1 0xB3 0xC1 0xC3 0xD3 0xF1 0xF3,0x81 0x91 0xB1 0xB3 0xC1 0xC3 0xD3 0xF1 0xF3,0x0007
2.06,CW0A00,0x024,RAM_0x024,direct,1,0x30,0x00,0x0010
2.06,CW0A00,0x031,RAM_0x031,direct,192,0x00 0x01 0x02 0x03 0x04 0x05 0x06 0x07 0x08 0x09 0x0A 0x0B 0x0C 0x0D 0x0E 0x0F 0x10 0x11 0x12 0x13 0x14 0x15 0x16 0x17 0x18 0x19 0x1A 0x1B 0x1C 0x1D 0x1E 0x1F 0x20 0x21 0x22 0x23 0x24 0x25 0x26 0x27 0x28 0x29 0x2A 0x2B 0x2C 0x2D 0x2E 0x2F 0x30 0x31 0x32 0x33 0x34 0x35 0x36 0x37 0x38 0x39 0x3A 0x3B 0x3C 0x3D 0x3E 0x3F 0x40 0x41 0x42 0x43 0x44 0x45 0x46 0x47 0x48 0x49 0x4A 0x4B 0x4C 0x4D 0x4E 0x4F 0x50 0x51 0x52 0x53 0x54 0x55 0x56 0x57 0x58 0x59 0x5A 0x5B 0x5C 0x5D 0x5E 0x5F 0x60 0x61 0x62 0x63 0x64 0x65 0x66 0x67 0x68 0x69 0x6A 0x6B 0x6C 0x6D 0x6E 0x6F 0x70 0x71 0x72 0x73 0x74 0x75 0x76 0x77 0x78 0x79 0x7A 0x7B 0x7C 0x7D 0x7E 0x7F 0x80 0x81 0x82 0x83 0x84 0x85 0x86 0x87 0x88 0x89 0x8A 0x8B 0x8C 0x8D 0x8E 0x8F 0x90 0x91 0xD2 0xD3 0xD4 0xD5 0xD6 0xD7 0xD8 0xD9 0xDA 0xDB 0xDC 0xDD 0xDE 0xDF 0xE0 0xE1 0xE2 0xE3 0xE4 0xE5 0xE6 0xE7 0xE8 0xE9 0xEA 0xEB 0xEC 0xED 0xEE 0xEF 0xF0 0xF1 0xF2 0xF3 0xF4 0xF5 0xF6 0xF7 0xF8 0xF9 0xFA 0xFB 0xFC 0xFD 0xFE 0xFF,0x00 0x01 0x02 0x03 0x04 0x05 0x06 0x07 0x08 0x09 0x0A 0x0B 0x0C 0x0D 0x0E 0x0F 0x10 0x11 0x12 0x13 0x14 0x15 0x16 0x17 0x18 0x19 0x1A 0x1B 0x1C 0x1D 0x1E 0x1F 0x20 0x21 0x22 0x23 0x24 0x25 0x26 0x27 0x28 0x29 0x2A 0x2B 0x2C 0x2D 0x2E 0x2F 0x30 0x31 0x32 0x33 0x34 0x35 0x36 0x37 0x38 0x39 0x3A 0x3B 0x3C 0x3D 0x3E 0x3F 0x40 0x41 0x42 0x43 0x44 0x45 0x46 0x47 0x48 0x49 0x4A 0x4B 0x4C 0x4D 0x4E 0x4F 0x50 0x51 0x52 0x53 0x54 0x55 0x56 0x57 0x58 0x59 0x5A 0x5B 0x5C 0x5D 0x5E 0x5F 0x60 0x61 0x62 0x63 0x64 0x65 0x66 0x67 0x68 0x69 0x6A 0x6B 0x6C 0x6D 0x6E 0x6F 0x70 0x71 0x72 0x73 0x74 0x75 0x76 0x77 0x78 0x79 0x7A 0x7B 0x7C 0x7D 0x7E 0x7F 0x80 0x81 0x82 0x83 0x84 0x85 0x86 0x87 0x88 0x89 0x8A 0x8B 0x8C 0x8D 0x8E 0x8F 0x90 0x91 0x92 0xD3 0xD4 0xD5 0xD6 0xD7 0xD8 0xD9 0xDA 0xDB 0xDC 0xDD 0xDE 0xDF 0xE0 0xE1 0xE2 0xE3 0xE4 0xE5 0xE6 0xE7 0xE8 0xE9 0xEA 0xEB 0xEC 0xED 0xEE 0xEF 0xF0 0xF1 0xF2 0xF3 0xF4 0xF5 0xF6 0xF7 0xF8 0xF9 0xFA 0xFB 0xFC 0xFD 0xFE 0xFF,0x01A7
2.06,CW0A00,0x032,RAM_0x032,direct,1,0x03,0x04,0x01AA
2.06,CW0A00,0x056,RAM_0x056,direct,1,0x80,0xA0,0x028F
2.06,CW0A00,0x075,RAM_0x075,direct,1649,0x00 0x01 0x02 0x04 0x08 0x10 0x20 0x40 0x80,0x00 0x01 0x02 0x04 0x08 0x10 0x20 0x40 0x80,0x01BC 0x01D1
2.06,CW0A00,0x07F,RAM_0x07F,direct,312,0x00 0x01 0x03 0x0C 0x10 0x12 0x21 0x2F 0xC0 0xEE 0xF2,0x00 0x01 0x0C 0x10 0x12 0x21 0x2F 0xC0 0xEE 0xF2,0x0004 0x0039
2.06,CW0A00,0x0D2,RAM_0x0D2,direct,1,0x30,0x12,0x0FA6
2.06,CW0A00,0x0D3,RAM_0x0D3,direct,1,0x30,0x12,0x0EE2
2.06,CW0A00,0x0D7,RAM_0x0D7,direct,9,0x00 0x01 0x02 0x04 0x08 0x10 0x20 0x40 0x80,0x00 0x01 0x02 0x04 0x08 0x10 0x20 0x40 0x80,0x0206 0x021B
2.06,CW0B20,0x003,STATUS,alu-flag,11,0x18 0x19 0x1A 0x1B 0x1E 0x38 0x3A 0x3C 0x3D 0x3F,0x18 0x19 0x1A 0x1B 0x3B 0x3C 0x3D 0x3E 0x3F,0x063B 0x063D 0x0641 0x0642 0x0653 0x066E 0x10D5
2.06,CW0B20,0x003,STATUS,direct,15,0x18 0x1A 0x1B 0x38 0x3B 0x3E,0x18 0x1B 0x1E 0x38 0x3A 0x3B,0x0640 0x064F 0x0650 0x0652 0x065C 0x065E 0x0660 0x0662 0x0664 0x0666 0x0668 0x066A 0x10D1 0x10DA 0x10DD
2.06,CW0B20,0x00A,PCLATH,direct,2,0x02 0x12,0x02 0x12,0x10D9 0x10DC
2.06,CW0B20,0x03F,RAM_0x03F,direct,1,0x2C,0x68,0x0663
2.06,CW0B20,0x040,RAM_0x040,direct,1,0x24,0x01,0x065F
2.06,CW0B20,0x041,RAM_0x041,direct,1,0x20,0x68,0x066B
2.06,CW0B20,0x042,RAM_0x042,direct,1,0x1C,0x01,0x0667
2.06,CW0B20,0x043,RAM_0x043,direct,1,0x21,0x01,0x066C
2.06,CW0B20,0x0D0,RAM_0x0D0,direct,2,0x02 0x20,0x00 0x02,0x10D3 0x10D5
2.06,CW0B20,0x0D4,RAM_0x0D4,direct,1,0x00,0x68,0x064E
2.06,CW0B20,0x0D5,RAM_0x0D5,direct,1,0x00,0x01,0x064C
2.06,CW0C00,0x003,STATUS,alu-flag,312,0x00 0x04 0x18 0x19 0x1B 0x1C 0x1D 0x1F 0x38 0x39 0x3A 0x3B 0x3C 0x3D 0x3E 0x3F,0x00 0x04 0x18 0x19 0x1B 0x1C 0x1D 0x1F 0x38 0x39 0x3A 0x3B 0x3C 0x3D 0x3E 0x3F,0x0006 0x0008 0x000A 0x000B 0x000D 0x000F 0x0011 0x0013 0x0029 0x002B 0x002D 0x002F 0x0031 0x0035 0x0417 0x041E 0x0421 0x0422 0x0424 0x0425 0x042A 0x042B 0x042E 0x042F 0x0430 0x0432 0x0433 0x0438 0x043A 0x043C 0x043D 0x043E 0x043F 0x0448 0x067B 0x0686 0x0687 0x068E 0x068F 0x069C 0x06A3 0x06A7 0x06BF 0x06C9 0x06D0 0x06D7
2.06,CW0C00,0x003,STATUS,direct,70,0x00 0x18 0x1A 0x1B 0x1C 0x1E 0x38 0x39 0x3A 0x3B 0x3C 0x3D 0x3E 0x3F,0x00 0x18 0x1A 0x1B 0x1C 0x1E 0x38 0x3A 0x3B 0x3C 0x3E 0x3F,0x0006 0x0038 0x0416 0x043B 0x0447 0x044F 0x0676 0x067E 0x0681 0x0685 0x0688 0x0691 0x0694 0x069F 0x06A2 0x06AC 0x06B2 0x06B4 0x06B6 0x06B8 0x06E9 0x06EB 0x06ED 0x06EF 0x06F4 0x06FA 0x10EB
2.06,CW0C00,0x004,FSR,direct,10,0x8C 0xA8,0x8C 0xA8,0x001E 0x002A
2.06,CW0C00,0x00A,PCLATH,direct,14,0x00 0x02 0x12,0x00 0x02 0x12,0x000A 0x0036 0x10DF 0x10E1 0x10E8 0x10EA
2.06,CW0C00,0x00B,INTCON,direct,3,0x14 0x94 0xD4,0x14 0x94 0xD4,0x06F0 0x06F1 0x06FB
2.06,CW0C00,0x00C,PIR1,direct,5,0x5B,0x59,0x01B6
2.06,CW0C00,0x020,RAM_0x020,direct,1,0x08,0x02,0x0009
2.06,CW0C00,0x021,RAM_0x021,direct,5,0x83 0xA3 0xB3 0xF3,0xA3 0xB3 0xC3 0xF3,0x0007
2.06,CW0C00,0x023,RAM_0x023,direct,2,0x00 0x04,0x00 0x04,0x000E
2.06,CW0C00,0x024,RAM_0x024,direct,3,0x00 0x30 0x59,0x00 0x59 0x9E,0x0010
2.06,CW0C00,0x025,RAM_0x025,direct,2,0x08 0x24,0x08 0x10,0x0012
2.06,CW0C00,0x031,RAM_0x031,direct,5,0xD2 0xD3 0xD4 0xD5 0xD6,0xD3 0xD4 0xD5 0xD6 0xD7,0x01A7
2.06,CW0C00,0x03E,RAM_0x03E,direct,2,0x1F 0x24,0x1F 0x24,0x06CC 0x06D0
2.06,CW0C00,0x077,RAM_0x077,direct,31,0x00 0x01 0x02 0x04 0x08 0x10 0x20 0x40 0x80,0x00 0x01 0x02 0x04 0x08 0x10 0x20 0x40 0x80,0x0423 0x0431
2.06,CW0C00,0x078,RAM_0x078,direct,4,0x00 0x59 0x8E 0x9E,0x2C 0x59 0x8E 0x9E,0x044C 0x06A9
2.06,CW0C00,0x079,RAM_0x079,direct,4,0x08 0x10 0x13 0x24,0x08 0x10 0x13 0x24,0x044E 0x06AB
2.06,CW0C00,0x07F,RAM_0x07F,direct,8,0x03 0x04 0x08 0x40 0x80 0xFF,0x00 0x04 0x08 0x40 0x80 0xFF,0x0004 0x0039
2.06,CW0C00,0x0D2,RAM_0x0D2,direct,2,0x20 0x30,0x18 0x20,0x06B7 0x06EE
2.06,CW0C00,0x0D3,RAM_0x0D3,direct,2,0x1C 0x30,0x1C 0x1F,0x06B3 0x06EA
2.06,CW0C00,0x0D4,RAM_0x0D4,direct,3,0x00 0x59 0x9E,0x2C 0x59 0x9E,0x0684 0x0697 0x06A3
2.06,CW0C00,0x0D5,RAM_0x0D5,direct,3,0x00 0x08 0x10,0x08 0x10 0x24,0x0682 0x0695 0x06A7
2.06,CW0C00,0x0D6,RAM_0x0D6,direct,1,0x01,0xFF,0x0689
2.06,CW0C00,0x0DC,RAM_0x0DC,direct,27,0x08 0x0B 0x10 0x16 0x1C 0x20 0x21 0x2C 0x38 0x42 0x59 0x70 0x84 0x85 0xC2 0xE1,0x08 0x0B 0x10 0x16 0x1C 0x20 0x21 0x2C 0x38 0x42 0x59 0x70 0x84 0x85 0xC2 0xE1,0x043D 0x067A 0x068D 0x069B
2.06,CW0C00,0x0DD,RAM_0x0DD,direct,17,0x00 0x01 0x02 0x03 0x04 0x07 0x08 0x0E 0x1C,0x00 0x01 0x02 0x03 0x04 0x07 0x08 0x0E 0x1C,0x043C 0x0678 0x068B 0x0699
2.06,CW0C00,0x0DE,RAM_0x0DE,direct,3,0x26 0x59 0xFF,0x26 0x59 0xFF,0x067D 0x0690 0x069E
2.06,CW0C00,0x0E0,RAM_0x0E0,direct,18,0x00 0x08 0x10 0x2B 0x56 0x59 0x6D 0x85 0x8E 0x94 0x9B 0x9E 0xA6 0xE9,0x00 0x08 0x10 0x2B 0x56 0x59 0x6D 0x85 0x8E 0x94 0x9B 0x9E 0xA6 0xE9,0x0419 0x042A
2.06,CW0C00,0x0E1,RAM_0x0E1,direct,13,0x00 0x07 0x08 0x0C 0x0E 0x0F 0x10 0x11 0x13,0x00 0x07 0x08 0x0C 0x0E 0x0F 0x10 0x11 0x13,0x0418 0x042E
2.06,CW0C00,0x0E2,RAM_0x0E2,direct,27,0x00 0x01 0x02 0x04 0x08 0x10 0x20 0x40 0x80,0x00 0x01 0x02 0x04 0x08 0x10 0x20 0x40 0x80,0x041B 0x0448
2.06,CW0C00,0x0E3,RAM_0x0E3,direct,15,0x00 0x04 0x08 0x10 0x20 0x28 0x30 0x32 0x34 0x80,0x00 0x04 0x08 0x10 0x20 0x28 0x30 0x32 0x34 0x80,0x0417 0x0438 0x043A
2.06,CW0C00,0x0E4,RAM_0x0E4,direct,27,0x00 0x01 0x02 0x03 0x04 0x05 0x06 0x07 0x08,0x00 0x01 0x02 0x03 0x04 0x05 0x06 0x07 0x08,0x041C 0x0449
2.06,CW0D00,0x003,STATUS,alu-flag,58,0x00 0x04 0x18 0x1C 0x1D 0x1E 0x38 0x39 0x3A,0x00 0x04 0x18 0x19 0x1C 0x39 0x3C 0x3D 0x3E,0x0006 0x0008 0x000A 0x000B 0x000D 0x0011 0x0013 0x0029 0x002B 0x002F 0x0031 0x0035 0x0207 0x020E 0x0218 0x021B 0x021F
2.06,CW0D00,0x003,STATUS,direct,93,0x00 0x18 0x19 0x1A 0x38 0x39 0x3A 0x3C 0x3D 0x3E,0x00 0x18 0x19 0x1A 0x1C 0x1D 0x1E 0x38 0x39 0x3A,0x0006 0x0038 0x0205 0x020A 0x020D 0x0211 0x0213 0x0214 0x0219 0x021A 0x021E 0x0292 0x0296 0x02A2 0x02A6 0x0FE4 0x0FE7 0x0FEB 0x0FEE 0x10F3 0x10F7 0x1102
2.06,CW0D00,0x004,FSR,direct,4,0x8C 0xA8,0x8C 0xA8,0x001E 0x002A
2.06,CW0D00,0x007,PORTC,direct,10,0x04 0x05 0x24 0x25,0x04 0x05 0x24 0x25 0x27,0x020B 0x0212 0x029C 0x02AC
2.06,CW0D00,0x008,PORTD,direct,48,0x00 0x04 0x20 0x24 0x40 0x44 0x60 0x64 0x80 0x84 0xA0 0xA4 0xC0 0xC4 0xE0 0xE4,0x00 0x04 0x20 0x24 0x40 0x44 0x60 0x64 0x80 0x84 0xA0 0xA4 0xC0 0xC4 0xE0 0xE4,0x0215 0x0216 0x0218
2.06,CW0D00,0x00A,PCLATH,direct,12,0x00 0x02 0x0A 0x12 0x1A,0x00 0x02 0x0A 0x12 0x1A,0x000A 0x0036 0x0FE6 0x0FE9 0x0FED 0x0FF0 0x10ED 0x10EE 0x10F0 0x10F1
2.06,CW0D00,0x00B,INTCON,direct,6,0x14 0x94 0xD4,0x14 0x94 0xD4,0x01FE 0x01FF 0x021F
2.06,CW0D00,0x00C,PIR1,direct,2,0x5B,0x59,0x01B6
2.06,CW0D00,0x019,TXREG,direct,2,0x00 0x49,0x0A 0x49,0x10FC 0x1101
2.06,CW0D00,0x020,RAM_0x020,direct,1,0x08,0x02,0x0009
2.06,CW0D00,0x021,RAM_0x021,direct,1,0x83,0x91,0x0007
2.06,CW0D00,0x024,RAM_0x024,direct,1,0x30,0x00,0x0010
2.06,CW0D00,0x02D,RAM_0x02D,direct,1,0x07,0x87,0x0FF7
2.06,CW0D00,0x031,RAM_0x031,direct,2,0xD2 0xD3,0xD3 0xD4,0x01A7
2.06,CW0D00,0x056,RAM_0x056,direct,1,0x80,0xA0,0x028F
2.06,CW0D00,0x07F,RAM_0x07F,direct,4,0x03 0x0C 0xC0,0x0C 0xC0,0x0004 0x0039
2.06,CW0D00,0x0C2,RAM_0x0C2,direct,1,0x00,0x82,0x10F4
2.06,CW0D00,0x0D5,RAM_0x0D5,direct,1,0x00,0x01,0x0FE5
2.06,CW0D00,0x0D7,RAM_0x0D7,direct,18,0x00 0x01 0x02 0x04 0x08 0x10 0x20 0x40 0x80,0x00 0x01 0x02 0x04 0x08 0x10 0x20 0x40 0x80,0x0206 0x021B
2.06,CW0E14,0x003,STATUS,direct,3,0x1A 0x3A,0x1A 0x3A,0x1104 0x1106 0x1109
2.06,CW0E14,0x052,RAM_0x052,direct,1,0x00,0x14,0x1107
2.06,CW0E14,0x05D,RAM_0x05D,direct,1,0x00,0x80,0x1108
2.06,CW0F00,0x003,STATUS,alu-flag,3,0x3A 0x3E 0x3F,0x3B 0x3E 0x3F,0x110C 0x110D
2.06,CW0F00,0x003,STATUS,direct,1,0x1A,0x3A,0x110B
2.70,CW0000,0x003,STATUS,alu-flag,1,0x38,0x3C,0x113B
2.70,CW0000,0x003,STATUS,direct,1,0x18,0x38,0x113A
2.70,CW0100,0x003,STATUS,alu-flag,2748,0x00 0x04 0x38 0x39 0x3A 0x3B 0x3C 0x3D 0x3E 0x3F 0x58 0x5B 0x5C 0x5F,0x00 0x04 0x38 0x39 0x3A 0x3B 0x3C 0x3D 0x3E 0x3F 0x58 0x5B 0x5C 0x5F,0x0006 0x0008 0x000A 0x000B 0x000D 0x000F 0x0011 0x0013 0x0029 0x002B 0x002D 0x002F 0x0031 0x0035 0x06F7 0x06FC 0x06FD 0x0700 0x0708 0x070B 0x070E 0x0710 0x0712 0x0713 0x0715 0x0718 0x071A 0x0723 0x0728 0x072B 0x0738 0x073B 0x0748 0x0749 0x1144 0x1147
2.70,CW0100,0x003,STATUS,direct,1762,0x00 0x18 0x1B 0x1F 0x38 0x39 0x3A 0x3B 0x3C 0x3D 0x3F 0x58 0x5B 0x5C 0x5F 0x78 0x7B 0x7C 0x7F,0x00 0x18 0x1B 0x1F 0x38 0x39 0x3A 0x3B 0x3C 0x3D 0x3E 0x3F 0x58 0x5B 0x5C 0x5F 0x78 0x7B 0x7C 0x7F,0x0006 0x0038 0x06F6 0x0701 0x0702 0x0704 0x0707 0x0709 0x070A 0x0711 0x071C 0x0722 0x0724 0x0727 0x0729 0x072A 0x0731 0x0732 0x0734 0x0737 0x0739 0x073A 0x0741 0x0742 0x0744 0x0747 0x074E 0x1143 0x1145 0x1146 0x1148 0x1149 0x114B 0x114E 0x114F 0x1153 0x1154 0x115E 0x115F 0x1162 0x1164 0x1165 0x1167 0x1168 0x116A 0x116D 0x116E 0x1172 0x1173 0x117D 0x117E 0x1183
2.70,CW0100,0x004,FSR,direct,76,0x8C 0xA8,0x8C 0xA8,0x001E 0x002A
2.70,CW0100,0x00A,PCLATH,direct,80,0x00 0x03 0x13,0x00 0x03 0x13,0x000A 0x0036 0x1140 0x1142 0x1180 0x1182
2.70,CW0100,0x00B,INTCON,direct,4,0x54 0xD4,0x54 0xD4,0x1152 0x1160 0x1171 0x117F
2.70,CW0100,0x00C,PIR1,direct,38,0x5B,0x59,0x019A
2.70,CW0100,0x020,RAM_0x020,direct,1,0x08,0x03,0x0009
2.70,CW0100,0x021,RAM_0x021,direct,34,0x83 0x93 0xA3 0xB1 0xB3 0xB5 0xB7 0xC3 0xD3 0xF3,0x83 0x93 0xA3 0xB1 0xB3 0xB5 0xB7 0xC3 0xD3 0xF3,0x0007
2.70,CW0100,0x023,RAM_0x023,direct,1,0x00,0xD4,0x000E
2.70,CW0100,0x024,RAM_0x024,direct,1,0x30,0x00,0x0010
2.70,CW0100,0x031,RAM_0x031,direct,38,0xD2 0xD3 0xD4 0xD5 0xD6 0xD7 0xD8 0xD9 0xDA 0xDB 0xDC 0xDD 0xDE 0xDF 0xE0 0xE1 0xE2 0xE3 0xE4 0xE5 0xE6 0xE7 0xE8 0xE9 0xEA 0xEB 0xEC 0xED 0xEE 0xEF 0xF0 0xF1 0xF2 0xF3 0xF4 0xF5 0xF6 0xF7,0xD3 0xD4 0xD5 0xD6 0xD7 0xD8 0xD9 0xDA 0xDB 0xDC 0xDD 0xDE 0xDF 0xE0 0xE1 0xE2 0xE3 0xE4 0xE5 0xE6 0xE7 0xE8 0xE9 0xEA 0xEB 0xEC 0xED 0xEE 0xEF 0xF0 0xF1 0xF2 0xF3 0xF4 0xF5 0xF6 0xF7 0xF8,0x018B
2.70,CW0100,0x077,RAM_0x077,direct,1,0x00,0xD4,0x1151
2.70,CW0100,0x07F,RAM_0x07F,direct,64,0x00 0x01 0x03 0x0C 0x10 0x12 0x14 0x15 0x1B 0x21 0x25 0x28 0x2B 0x30 0x3C 0x41 0x44 0x4B 0x51 0x52 0x66 0x6D 0x82 0x88 0x8B 0x8F 0x90 0x9D 0x9E 0xAD 0xB1 0xB2 0xB4 0xB8 0xC0 0xC3 0xCE 0xCF 0xD6 0xD9 0xDA 0xE9 0xEC 0xEF 0xF8 0xFC 0xFE 0xFF,0x00 0x01 0x03 0x0C 0x10 0x12 0x14 0x15 0x1B 0x21 0x25 0x28 0x2B 0x30 0x3C 0x41 0x44 0x4B 0x51 0x52 0x66 0x6D 0x82 0x88 0x8B 0x8F 0x9D 0x9E 0xAD 0xB1 0xB2 0xB4 0xB8 0xC0 0xC3 0xCE 0xCF 0xD6 0xD9 0xDA 0xE9 0xEC 0xEF 0xF8 0xFC 0xFE 0xFF,0x0004 0x0039
2.70,CW0100,0x0C3,RAM_0x0C3,direct,635,0x00 0x01 0x02 0x03 0x04 0x05 0x06 0x07 0x08 0x09 0x0A 0x0B 0x0C 0x0D 0x0E 0x10 0x11 0x12 0x13 0x14 0x15 0x16 0x17 0x18 0x19 0x1C 0x1D 0x1E 0x1F 0x20 0x21 0x22 0x23 0x24 0x25 0x26 0x27 0x28 0x29 0x2A 0x2B 0x2C 0x2D 0x2E 0x2F 0x31 0x32 0x33 0x34 0x36 0x37 0x38 0x39 0x3A 0x3B 0x3C 0x3D 0x3E 0x40 0x41 0x42 0x43 0x44 0x45 0x46 0x49 0x4A 0x4B 0x4C 0x4D 0x4E 0x4F 0x50 0x51 0x52 0x53 0x54 0x55 0x56 0x58 0x5A 0x5B 0x5C 0x5D 0x5E 0x60 0x61 0x62 0x63 0x64 0x65 0x66 0x67 0x68 0x69 0x6A 0x6B 0x6C 0x6D 0x6E 0x6F 0x70 0x71 0x72 0x73 0x74 0x76 0x78 0x79 0x7A 0x7B 0x7C 0x7D 0x7E 0x7F 0x80 0x81 0x82 0x83 0x84 0x85 0x86 0x87 0x88 0x89 0x8A 0x8B 0x8C 0x8D 0x8E 0x8F 0x90 0x92 0x93 0x94 0x95 0x96 0x97 0x98 0x9C 0x9E 0x9F 0xA0 0xA1 0xA2 0xA3 0xA4 0xA5 0xA6 0xA7 0xA8 0xA9 0xAA 0xAB 0xAC 0xAD 0xAE 0xB0 0xB2 0xB3 0xB4 0xB5 0xB6 0xB7 0xB8 0xB9 0xBC 0xBD 0xC0 0xC1 0xC2 0xC3 0xC4 0xC5 0xC6 0xC7 0xC8 0xC9 0xCB 0xCC 0xCD 0xCE 0xCF 0xD0 0xD1 0xD2 0xD3 0xD4 0xD5 0xD6 0xD7 0xD8 0xD9 0xDA 0xDC 0xDD 0xDE 0xE0 0xE1 0xE2 0xE3 0xE4 0xE6 0xE7 0xE8 0xE9 0xEA 0xEB 0xEC 0xED 0xEE 0xEF 0xF0 0xF1 0xF2 0xF3 0xF4 0xF5 0xF6 0xF7 0xF8 0xF9 0xFA 0xFB 0xFC 0xFD 0xFE,0x00 0x01 0x02 0x03 0x04 0x05 0x06 0x07 0x08 0x09 0x0A 0x0B 0x0C 0x0D 0x0E 0x10 0x11 0x12 0x13 0x14 0x15 0x16 0x17 0x18 0x19 0x1C 0x1D 0x1E 0x1F 0x20 0x21 0x22 0x23 0x24 0x25 0x26 0x27 0x28 0x29 0x2A 0x2B 0x2C 0x2D 0x2E 0x2F 0x31 0x32 0x33 0x34 0x36 0x37 0x38 0x39 0x3A 0x3B 0x3C 0x3D 0x3E 0x40 0x41 0x42 0x43 0x44 0x45 0x46 0x49 0x4A 0x4B 0x4C 0x4D 0x4E 0x4F 0x50 0x51 0x52 0x53 0x54 0x55 0x56 0x58 0x5A 0x5B 0x5C 0x5D 0x5E 0x60 0x61 0x62 0x63 0x64 0x65 0x66 0x67 0x68 0x69 0x6A 0x6B 0x6C 0x6D 0x6E 0x6F 0x70 0x71 0x72 0x73 0x74 0x76 0x78 0x79 0x7A 0x7B 0x7C 0x7D 0x7E 0x7F 0x80 0x81 0x82 0x83 0x84 0x85 0x86 0x87 0x88 0x89 0x8A 0x8B 0x8C 0x8D 0x8E 0x8F 0x90 0x92 0x93 0x94 0x95 0x96 0x97 0x98 0x9C 0x9E 0x9F 0xA0 0xA1 0xA2 0xA3 0xA4 0xA5 0xA6 0xA7 0xA8 0xA9 0xAA 0xAB 0xAC 0xAD 0xAE 0xB0 0xB2 0xB3 0xB4 0xB5 0xB6 0xB7 0xB8 0xB9 0xBC 0xBD 0xC0 0xC1 0xC2 0xC3 0xC4 0xC5 0xC6 0xC7 0xC8 0xC9 0xCB 0xCC 0xCD 0xCE 0xCF 0xD0 0xD1 0xD2 0xD3 0xD4 0xD5 0xD6 0xD7 0xD8 0xD9 0xDA 0xDC 0xDD 0xDE 0xE0 0xE1 0xE2 0xE3 0xE4 0xE6 0xE7 0xE8 0xE9 0xEA 0xEB 0xEC 0xED 0xEE 0xEF 0xF0 0xF1 0xF2 0xF3 0xF4 0xF5 0xF6 0xF7 0xF8 0xF9 0xFA 0xFB 0xFC 0xFD 0xFE,0x06F8 0x070B 0x0712 0x0715
2.70,CW0100,0x0C4,RAM_0x0C4,direct,372,0x00 0x01 0x02 0x03 0x04 0x07 0x08 0x09 0x0A 0x0B 0x0C 0x0D 0x0E 0x0F 0x10 0x11 0x12 0x13 0x14 0x15 0x16 0x17 0x18 0x19 0x1A 0x1C 0x1D 0x1E 0x20 0x21 0x22 0x23 0x24 0x25 0x26 0x28 0x29 0x2A 0x2B 0x2C 0x2D 0x2F 0x30 0x31 0x32 0x33 0x34 0x35 0x38 0x39 0x3A 0x3B 0x3D 0x3E 0x40 0x42 0x43 0x44 0x45 0x46 0x47 0x4A 0x4B 0x4C 0x4D 0x4F 0x50 0x51 0x52 0x53 0x56 0x57 0x58 0x59 0x5A 0x5B 0x5C 0x5D 0x5E 0x60 0x61 0x63 0x64 0x65 0x66 0x67 0x68 0x69 0x6A 0x6B 0x6C 0x6D 0x6F 0x70 0x72 0x73 0x75 0x76 0x77 0x78 0x79 0x7C 0x7D 0x81 0x83 0x84 0x85 0x86 0x87 0x88 0x89 0x8A 0x8B 0x8E 0x8F 0x90 0x91 0x93 0x94 0x95 0x96 0x97 0x98 0x99 0x9A 0x9C 0x9D 0xA0 0xA1 0xA3 0xA4 0xA5 0xA6 0xA7 0xA8 0xA9 0xAB 0xAC 0xAD 0xAE 0xB0 0xB1 0xB3 0xB4 0xB5 0xB6 0xB7 0xB9 0xBA 0xBB 0xBC 0xBD 0xBE 0xC1 0xC2 0xC3 0xC7 0xC8 0xC9 0xCA 0xCB 0xCC 0xCE 0xCF 0xD0 0xD1 0xD2 0xD3 0xD4 0xD5 0xD6 0xD7 0xD8 0xD9 0xDA 0xDB 0xDC 0xDD 0xDE 0xDF 0xE0 0xE1 0xE4 0xE5 0xE7 0xE8 0xEB 0xEC 0xEE 0xEF 0xF0 0xF1 0xF2 0xF3 0xF4 0xF5 0xF6 0xF7 0xF8 0xF9 0xFA 0xFB 0xFC,0x00 0x01 0x02 0x03 0x04 0x07 0x08 0x09 0x0A 0x0B 0x0C 0x0D 0x0E 0x0F 0x10 0x11 0x12 0x13 0x14 0x15 0x16 0x17 0x18 0x19 0x1A 0x1C 0x1D 0x1E 0x20 0x21 0x22 0x23 0x24 0x25 0x26 0x28 0x29 0x2A 0x2B 0x2C 0x2D 0x2F 0x30 0x31 0x32 0x33 0x34 0x35 0x38 0x39 0x3A 0x3B 0x3D 0x3E 0x40 0x42 0x43 0x44 0x45 0x46 0x47 0x4A 0x4B 0x4C 0x4D 0x4F 0x50 0x51 0x52 0x53 0x56 0x57 0x58 0x59 0x5A 0x5B 0x5C 0x5D 0x5E 0x60 0x61 0x63 0x64 0x65 0x66 0x67 0x68 0x69 0x6A 0x6B 0x6C 0x6D 0x6F 0x70 0x72 0x73 0x75 0x76 0x77 0x78 0x79 0x7C 0x7D 0x81 0x83 0x84 0x85 0x86 0x87 0x88 0x89 0x8A 0x8B 0x8E 0x8F 0x90 0x91 0x93 0x94 0x95 0x96 0x97 0x98 0x99 0x9A 0x9C 0x9D 0xA0 0xA1 0xA3 0xA4 0xA5 0xA6 0xA7 0xA8 0xA9 0xAB 0xAC 0xAD 0xAE 0xB0 0xB1 0xB3 0xB4 0xB5 0xB6 0xB7 0xB9 0xBA 0xBB 0xBC 0xBD 0xBE 0xC1 0xC2 0xC3 0xC7 0xC8 0xC9 0xCA 0xCB 0xCC 0xCE 0xCF 0xD0 0xD1 0xD2 0xD3 0xD4 0xD5 0xD6 0xD7 0xD8 0xD9 0xDA 0xDB 0xDC 0xDD 0xDE 0xDF 0xE0 0xE1 0xE4 0xE5 0xE7 0xE8 0xEB 0xEC 0xEE 0xEF 0xF0 0xF1 0xF2 0xF3 0xF4 0xF5 0xF6 0xF7 0xF8 0xF9 0xFA 0xFB 0xFC,0x06F7 0x070D 0x0713
2.70,CW0100,0x0CE,RAM_0x0CE,direct,255,0x00 0x02 0x03 0x04 0x05 0x06 0x07 0x08 0x09 0x0A 0x0B 0x0C 0x0D 0x0E 0x0F 0x10 0x11 0x12 0x13 0x14 0x15 0x16 0x17 0x18 0x19 0x1A 0x1B 0x1C 0x1D 0x1E 0x1F 0x20 0x21 0x22 0x23 0x24 0x25 0x26 0x27 0x28 0x29 0x2A 0x2B 0x2C 0x2D 0x2E 0x2F 0x30 0x31 0x32 0x33 0x34 0x35 0x36 0x37 0x38 0x39 0x3A 0x3B 0x3C 0x3D 0x3E 0x3F 0x40 0x41 0x42 0x43 0x44 0x45 0x46 0x47 0x48 0x49 0x4A 0x4B 0x4C 0x4D 0x4E 0x4F 0x50 0x51 0x52 0x53 0x54 0x55 0x56 0x57 0x58 0x59 0x5A 0x5B 0x5C 0x5D 0x5E 0x5F 0x60 0x61 0x62 0x63 0x64 0x65 0x66 0x67 0x68 0x69 0x6A 0x6B 0x6C 0x6D 0x6E 0x6F 0x70 0x71 0x72 0x73 0x74 0x75 0x76 0x77 0x78 0x79 0x7A 0x7B 0x7C 0x7D 0x7E 0x7F 0x80 0x81 0x82 0x83 0x84 0x85 0x86 0x87 0x88 0x89 0x8A 0x8B 0x8C 0x8D 0x8E 0x8F 0x90 0x91 0x92 0x93 0x94 0x95 0x96 0x97 0x98 0x99 0x9A 0x9B 0x9C 0x9D 0x9E 0x9F 0xA0 0xA1 0xA2 0xA3 0xA4 0xA5 0xA6 0xA7 0xA8 0xA9 0xAA 0xAB 0xAC 0xAD 0xAE 0xAF 0xB0 0xB1 0xB2 0xB3 0xB4 0xB5 0xB6 0xB7 0xB8 0xB9 0xBA 0xBB 0xBC 0xBD 0xBE 0xBF 0xC0 0xC1 0xC2 0xC3 0xC4 0xC5 0xC6 0xC7 0xC8 0xC9 0xCA 0xCB 0xCC 0xCD 0xCE 0xCF 0xD0 0xD1 0xD2 0xD3 0xD4 0xD5 0xD6 0xD7 0xD8 0xD9 0xDA 0xDB 0xDC 0xDD 0xDE 0xDF 0xE0 0xE1 0xE2 0xE3 0xE4 0xE5 0xE6 0xE7 0xE8 0xE9 0xEA 0xEB 0xEC 0xED 0xEE 0xEF 0xF0 0xF1 0xF2 0xF3 0xF4 0xF5 0xF6 0xF7 0xF8 0xF9 0xFA 0xFB 0xFC 0xFD 0xFE 0xFF,0x00 0x02 0x03 0x04 0x05 0x06 0x07 0x08 0x09 0x0A 0x0B 0x0C 0x0D 0x0E 0x0F 0x10 0x11 0x12 0x13 0x14 0x15 0x16 0x17 0x18 0x19 0x1A 0x1B 0x1C 0x1D 0x1E 0x1F 0x20 0x21 0x22 0x23 0x24 0x25 0x26 0x27 0x28 0x29 0x2A 0x2B 0x2C 0x2D 0x2E 0x2F 0x30 0x31 0x32 0x33 0x34 0x35 0x36 0x37 0x38 0x39 0x3A 0x3B 0x3C 0x3D 0x3E 0x3F 0x40 0x41 0x42 0x43 0x44 0x45 0x46 0x47 0x48 0x49 0x4A 0x4B 0x4C 0x4D 0x4E 0x4F 0x50 0x51 0x52 0x53 0x54 0x55 0x56 0x57 0x58 0x59 0x5A 0x5B 0x5C 0x5D 0x5E 0x5F 0x60 0x61 0x62 0x63 0x64 0x65 0x66 0x67 0x68 0x69 0x6A 0x6B 0x6C 0x6D 0x6E 0x6F 0x70 0x71 0x72 0x73 0x74 0x75 0x76 0x77 0x78 0x79 0x7A 0x7B 0x7C 0x7D 0x7E 0x7F 0x80 0x81 0x82 0x83 0x84 0x85 0x86 0x87 0x88 0x89 0x8A 0x8B 0x8C 0x8D 0x8E 0x8F 0x90 0x91 0x92 0x93 0x94 0x95 0x96 0x97 0x98 0x99 0x9A 0x9B 0x9C 0x9D 0x9E 0x9F 0xA0 0xA1 0xA2 0xA3 0xA4 0xA5 0xA6 0xA7 0xA8 0xA9 0xAA 0xAB 0xAC 0xAD 0xAE 0xAF 0xB0 0xB1 0xB2 0xB3 0xB4 0xB5 0xB6 0xB7 0xB8 0xB9 0xBA 0xBB 0xBC 0xBD 0xBE 0xBF 0xC0 0xC1 0xC2 0xC3 0xC4 0xC5 0xC6 0xC7 0xC8 0xC9 0xCA 0xCB 0xCC 0xCD 0xCE 0xCF 0xD0 0xD1 0xD2 0xD3 0xD4 0xD5 0xD6 0xD7 0xD8 0xD9 0xDA 0xDB 0xDC 0xDD 0xDE 0xDF 0xE0 0xE1 0xE2 0xE3 0xE4 0xE5 0xE6 0xE7 0xE8 0xE9 0xEA 0xEB 0xEC 0xED 0xEE 0xEF 0xF0 0xF1 0xF2 0xF3 0xF4 0xF5 0xF6 0xF7 0xF8 0xF9 0xFA 0xFB 0xFC 0xFD 0xFE 0xFF,0x06FB 0x0718
2.70,CW0100,0x0CF,RAM_0x0CF,direct,2,0x00 0x30,0x00 0x01,0x06F9 0x071A
2.70,CW0100,0x0D0,RAM_0x0D0,direct,255,0x00 0x01 0x30,0x00 0x01,0x070E 0x0710
2.70,CW0100,0x10C,EEDATA,direct,2,0x35 0x9A,0x9A 0xF4,0x114A 0x1169
2.70,CW0100,0x10D,EEADR,direct,259,0x00 0x01 0x02 0x03 0x04 0x05 0x06 0x07 0x08 0x09 0x0A 0x0B 0x0C 0x0D 0x0E 0x0F 0x10 0x11 0x12 0x13 0x14 0x15 0x16 0x17 0x18 0x19 0x1A 0x1B 0x1C 0x1D 0x1E 0x1F 0x20 0x21 0x22 0x23 0x24 0x25 0x26 0x27 0x28 0x29 0x2A 0x2B 0x2C 0x2D 0x2E 0x2F 0x30 0x31 0x32 0x33 0x34 0x35 0x36 0x37 0x38 0x39 0x3A 0x3B 0x3C 0x3D 0x3E 0x3F 0x40 0x41 0x42 0x43 0x44 0x45 0x46 0x47 0x48 0x49 0x4A 0x4B 0x4C 0x4D 0x4E 0x4F 0x50 0x51 0x52 0x53 0x54 0x55 0x56 0x57 0x58 0x59 0x5A 0x5B 0x5C 0x5D 0x5E 0x5F 0x60 0x61 0x62 0x63 0x64 0x65 0x66 0x67 0x68 0x69 0x6A 0x6B 0x6C 0x6D 0x6E 0x6F 0x70 0x71 0x72 0x73 0x74 0x75 0x76 0x77 0x78 0x79 0x7A 0x7B 0x7C 0x7D 0x7E 0x7F 0x80 0x81 0x82 0x83 0x84 0x85 0x86 0x87 0x88 0x89 0x8A 0x8B 0x8C 0x8D 0x8E 0x8F 0x90 0x91 0x92 0x93 0x94 0x95 0x96 0x97 0x98 0x99 0x9A 0x9B 0x9C 0x9D 0x9E 0x9F 0xA0 0xA1 0xA2 0xA3 0xA4 0xA5 0xA6 0xA7 0xA8 0xA9 0xAA 0xAB 0xAC 0xAD 0xAE 0xAF 0xB0 0xB1 0xB2 0xB3 0xB4 0xB5 0xB6 0xB7 0xB8 0xB9 0xBA 0xBB 0xBC 0xBD 0xBE 0xBF 0xC0 0xC1 0xC2 0xC3 0xC4 0xC5 0xC6 0xC7 0xC8 0xC9 0xCA 0xCB 0xCC 0xCD 0xCE 0xCF 0xD0 0xD1 0xD2 0xD3 0xD4 0xD5 0xD6 0xD7 0xD8 0xD9 0xDA 0xDB 0xDC 0xDD 0xDE 0xDF 0xE0 0xE1 0xE2 0xE3 0xE4 0xE5 0xE6 0xE7 0xE8 0xE9 0xEA 0xEB 0xEC 0xED 0xEE 0xEF 0xF0 0xF1 0xF2 0xF3 0xF4 0xF5 0xF6 0xF7 0xF8 0xF9 0xFA 0xFB 0xFC 0xFD 0xFE 0xFF,0x00 0x01 0x02 0x03 0x04 0x05 0x06 0x07 0x08 0x09 0x0A 0x0B 0x0C 0x0D 0x0E 0x0F 0x10 0x11 0x12 0x13 0x14 0x15 0x16 0x17 0x18 0x19 0x1A 0x1B 0x1C 0x1D 0x1E 0x1F 0x20 0x21 0x22 0x23 0x24 0x25 0x26 0x27 0x28 0x29 0x2A 0x2B 0x2C 0x2D 0x2E 0x2F 0x30 0x31 0x32 0x33 0x34 0x35 0x36 0x37 0x38 0x39 0x3A 0x3B 0x3C 0x3D 0x3E 0x3F 0x40 0x41 0x42 0x43 0x44 0x45 0x46 0x47 0x48 0x49 0x4A 0x4B 0x4C 0x4D 0x4E 0x4F 0x50 0x51 0x52 0x53 0x54 0x55 0x56 0x57 0x58 0x59 0x5A 0x5B 0x5C 0x5D 0x5E 0x5F 0x60 0x61 0x62 0x63 0x64 0x65 0x66 0x67 0x68 0x69 0x6A 0x6B 0x6C 0x6D 0x6E 0x6F 0x70 0x71 0x72 0x73 0x74 0x75 0x76 0x77 0x78 0x79 0x7A 0x7B 0x7C 0x7D 0x7E 0x7F 0x80 0x81 0x82 0x83 0x84 0x85 0x86 0x87 0x88 0x89 0x8A 0x8B 0x8C 0x8D 0x8E 0x8F 0x90 0x91 0x92 0x93 0x94 0x95 0x96 0x97 0x98 0x99 0x9A 0x9B 0x9C 0x9D 0x9E 0x9F 0xA0 0xA1 0xA2 0xA3 0xA4 0xA5 0xA6 0xA7 0xA8 0xA9 0xAA 0xAB 0xAC 0xAD 0xAE 0xAF 0xB0 0xB1 0xB2 0xB3 0xB4 0xB5 0xB6 0xB7 0xB8 0xB9 0xBA 0xBB 0xBC 0xBD 0xBE 0xBF 0xC0 0xC1 0xC2 0xC3 0xC4 0xC5 0xC6 0xC7 0xC8 0xC9 0xCA 0xCB 0xCC 0xCD 0xCE 0xCF 0xD0 0xD1 0xD2 0xD3 0xD4 0xD5 0xD6 0xD7 0xD8 0xD9 0xDA 0xDB 0xDC 0xDD 0xDE 0xDF 0xE0 0xE1 0xE2 0xE3 0xE4 0xE5 0xE6 0xE7 0xE8 0xE9 0xEA 0xEB 0xEC 0xED 0xEE 0xEF 0xF0 0xF1 0xF2 0xF3 0xF4 0xF5 0xF6 0xF7 0xF8 0xF9 0xFA 0xFB 0xFC 0xFD 0xFE 0xFF,0x0703 0x0723 0x0733 0x0743 0x1144 0x1163
2.70,CW0100,0x18C,EECON1,direct,4,0x00 0x04,0x00 0x04,0x114D 0x115C 0x116C 0x117B
2.70,CW0100,0x18D,EECON2,direct,4,0x00 0x55 0xAA,0x55 0xAA,0x1156 0x1158 0x1175 0x1177
2.70,CW0200,0x003,STATUS,direct,1,0x18,0x38,0x1187
2.70,CW0200,0x051,RAM_0x051,direct,1,0x00,0x08,0x1185
2.70,CW0200,0x0C2,RAM_0x0C2,direct,1,0x00,0x78,0x1188
2.70,CW0300,0x003,STATUS,alu-flag,1,0x18,0x1C,0x118B
2.70,CW0300,0x003,STATUS,direct,1,0x1C,0x3C,0x118D
2.70,CW04A5,0x003,STATUS,alu-flag,24,0x00 0x04 0x18 0x19 0x1C 0x1D,0x00 0x04 0x18 0x19 0x1C 0x1D,0x0006 0x0008 0x000A 0x000B 0x000D 0x000F 0x0013 0x0029 0x002B 0x002D 0x0031 0x0035 0x01A6 0x01AB 0x01B2 0x01B4 0x01B7
2.70,CW04A5,0x003,STATUS,direct,6,0x00 0x18 0x19 0x38,0x00 0x18 0x19 0x38 0x39,0x0006 0x0038 0x01B3 0x118F 0x1191 0x1196
2.70,CW04A5,0x004,FSR,direct,2,0x8C 0xA8,0x8C 0xA8,0x001E 0x002A
2.70,CW04A5,0x007,PORTC,direct,23,0x00 0x04 0x20 0x24,0x00 0x04 0x20 0x24,0x01A9 0x01AE 0x01AF 0x01B0
2.70,CW04A5,0x008,PORTD,direct,8,0x04 0x24 0x44 0x64 0x84 0xA4 0xC4 0xE4,0x04 0x24 0x44 0x64 0x84 0xA4 0xC4 0xE4,0x01B2
2.70,CW04A5,0x00A,PCLATH,direct,4,0x00 0x03 0x13,0x00 0x03 0x13,0x000A 0x0036 0x1193 0x1195
2.70,CW04A5,0x00B,INTCON,direct,3,0x14 0x94 0xD4,0x14 0x94 0xD4,0x01A0 0x01A1 0x01B7
2.70,CW04A5,0x00C,PIR1,direct,1,0x5B,0x59,0x019A
2.70,CW04A5,0x020,RAM_0x020,direct,1,0x08,0x03,0x0009
2.70,CW04A5,0x021,RAM_0x021,direct,1,0xA3,0x91,0x0007
2.70,CW04A5,0x024,RAM_0x024,direct,1,0x35,0xA5,0x0010
2.70,CW04A5,0x031,RAM_0x031,direct,1,0xD2,0xD3,0x018B
2.70,CW04A5,0x048,RAM_0x048,direct,1,0x00,0xA5,0x1192
2.70,CW04A5,0x074,RAM_0x074,direct,9,0x00 0x01 0x02 0x04 0x08 0x10 0x20 0x40 0x80,0x00 0x01 0x02 0x04 0x08 0x10 0x20 0x40 0x80,0x019F 0x01B4
2.70,CW04A5,0x07F,RAM_0x07F,direct,2,0x8F 0xC0,0x0C 0xC0,0x0004 0x0039
2.70,CW0500,0x003,STATUS,alu-flag,8898,0x00 0x04 0x18 0x19 0x1A 0x1B 0x1C 0x1D 0x1E 0x1F 0x38 0x39 0x3A 0x3B 0x3C 0x3D 0x3E 0x3F,0x00 0x04 0x18 0x19 0x1A 0x1B 0x1C 0x1D 0x1E 0x1F 0x38 0x39 0x3A 0x3B 0x3C 0x3D 0x3E 0x3F,0x0006 0x0008 0x000A 0x000B 0x000D 0x000F 0x0011 0x0013 0x0029 0x002B 0x002D 0x002F 0x0031 0x0035 0x01A5 0x01A6 0x01AA 0x01B2 0x01B4 0x01B7 0x03E8 0x03EF 0x03F2 0x03F3 0x03F5 0x03F6 0x03FB 0x03FC 0x03FF 0x0400 0x0401 0x0403 0x0404 0x0409 0x040B 0x040D 0x040E 0x040F 0x0410 0x0419 0x065C 0x067F 0x0680 0x0687 0x0688 0x0695 0x069C 0x06A0 0x06B8 0x06C2 0x06C9 0x06D0 0x0784 0x078D 0x079B 0x07B2 0x07B4 0x07DA 0x07DC 0x0FD5 0x0FDD 0x0FE2 0x0FE4
2.70,CW0500,0x003,STATUS,direct,2458,0x00 0x18 0x19 0x1B 0x1C 0x1D 0x1F 0x38 0x39 0x3A 0x3B 0x3C 0x3D 0x3F 0x58 0x78,0x00 0x18 0x19 0x1B 0x1C 0x1D 0x1F 0x38 0x3A 0x3B 0x3C 0x3D 0x3E 0x3F 0x58 0x78,0x0006 0x0038 0x01B3 0x03D3 0x03D5 0x03D6 0x03D8 0x03D9 0x03DB 0x03DE 0x03E0 0x03E1 0x03E5 0x03E7 0x040C 0x0418 0x0420 0x0657 0x065F 0x0662 0x0668 0x0681 0x068A 0x068D 0x0698 0x069B 0x06A5 0x06AB 0x06AD 0x06AF 0x06B1 0x06E2 0x06E4 0x06E6 0x06E8 0x06ED 0x06F3 0x0785 0x0787 0x07DB 0x07EB 0x0FCE 0x0FD0 0x0FD2 0x0FD4 0x0FD6 0x0FDA 0x0FDC 0x0FE3 0x0FE9 0x0FEA 0x0FEC 0x101C 0x1020
2.70,CW0500,0x004,FSR,direct,384,0x8C 0xA8,0x8C 0xA8,0x001E 0x002A
2.70,CW0500,0x007,PORTC,direct,2896,0x20 0x24,0x20 0x24,0x01AF 0x01B0
2.70,CW0500,0x008,PORTD,direct,1448,0x04 0x24 0x44 0x64 0x84 0xA4 0xC4 0xE4,0x04 0x24 0x44 0x64 0x84 0xA4 0xC4 0xE4,0x01B2
2.70,CW0500,0x00A,PCLATH,direct,751,0x00 0x03 0x0B 0x13,0x00 0x03 0x0B 0x13,0x000A 0x0036 0x07EC 0x08C6 0x1018 0x101A 0x101E 0x101F
2.70,CW0500,0x00B,INTCON,direct,546,0x14 0x94 0xD4,0x14 0x94 0xD4,0x01A0 0x01A1 0x01B7 0x06E9 0x06EA 0x06F4
2.70,CW0500,0x00C,PIR1,direct,192,0x5B,0x59,0x019A
2.70,CW0500,0x020,RAM_0x020,direct,13,0x03 0x08 0x0B,0x03 0x0B,0x0009
2.70,CW0500,0x021,RAM_0x021,direct,55,0x81 0x83 0x87 0x91 0xA3 0xB1 0xB3 0xC1 0xC3 0xD1 0xD3 0xF1 0xF3,0x81 0x83 0x87 0x91 0xA3 0xB1 0xB3 0xC1 0xC3 0xD1 0xD3 0xF1 0xF3,0x0007
2.70,CW0500,0x023,RAM_0x023,direct,3,0x00 0x01 0x40,0x00 0x01 0x40,0x000E
2.70,CW0500,0x024,RAM_0x024,direct,5,0x00 0x30 0x59 0x9E,0x00 0x2C 0x30 0x59 0x9E,0x0010
2.70,CW0500,0x025,RAM_0x025,direct,3,0x08 0x10 0x24,0x08 0x10 0x24,0x0012
2.70,CW0500,0x031,RAM_0x031,direct,192,0x00 0x01 0x02 0x03 0x04 0x05 0x06 0x07 0x08 0x09 0x0A 0x0B 0x0C 0x0D 0x0E 0x0F 0x10 0x11 0x12 0x13 0x14 0x15 0x16 0x17 0x18 0x19 0x1A 0x1B 0x1C 0x1D 0x1E 0x1F 0x20 0x21 0x22 0x23 0x24 0x25 0x26 0x27 0x28 0x29 0x2A 0x2B 0x2C 0x2D 0x2E 0x2F 0x30 0x31 0x32 0x33 0x34 0x35 0x36 0x37 0x38 0x39 0x3A 0x3B 0x3C 0x3D 0x3E 0x3F 0x40 0x41 0x42 0x43 0x44 0x45 0x46 0x47 0x48 0x49 0x4A 0x4B 0x4C 0x4D 0x4E 0x4F 0x50 0x51 0x52 0x53 0x54 0x55 0x56 0x57 0x58 0x59 0x5A 0x5B 0x5C 0x5D 0x5E 0x5F 0x60 0x61 0x62 0x63 0x64 0x65 0x66 0x67 0x68 0x69 0x6A 0x6B 0x6C 0x6D 0x6E 0x6F 0x70 0x71 0x72 0x73 0x74 0x75 0x76 0x77 0x78 0x79 0x7A 0x7B 0x7C 0x7D 0x7E 0x7F 0x80 0x81 0x82 0x83 0x84 0x85 0x86 0x87 0x88 0x89 0x8A 0x8B 0x8C 0x8D 0x8E 0x8F 0x90 0x91 0xD2 0xD3 0xD4 0xD5 0xD6 0xD7 0xD8 0xD9 0xDA 0xDB 0xDC 0xDD 0xDE 0xDF 0xE0 0xE1 0xE2 0xE3 0xE4 0xE5 0xE6 0xE7 0xE8 0xE9 0xEA 0xEB 0xEC 0xED 0xEE 0xEF 0xF0 0xF1 0xF2 0xF3 0xF4 0xF5 0xF6 0xF7 0xF8 0xF9 0xFA 0xFB 0xFC 0xFD 0xFE 0xFF,0x00 0x01 0x02 0x03 0x04 0x05 0x06 0x07 0x08 0x09 0x0A 0x0B 0x0C 0x0D 0x0E 0x0F 0x10 0x11 0x12 0x13 0x14 0x15 0x16 0x17 0x18 0x19 0x1A 0x1B 0x1C 0x1D 0x1E 0x1F 0x20 0x21 0x22 0x23 0x24 0x25 0x26 0x27 0x28 0x29 0x2A 0x2B 0x2C 0x2D 0x2E 0x2F 0x30 0x31 0x32 0x33 0x34 0x35 0x36 0x37 0x38 0x39 0x3A 0x3B 0x3C 0x3D 0x3E 0x3F 0x40 0x41 0x42 0x43 0x44 0x45 0x46 0x47 0x48 0x49 0x4A 0x4B 0x4C 0x4D 0x4E 0x4F 0x50 0x51 0x52 0x53 0x54 0x55 0x56 0x57 0x58 0x59 0x5A 0x5B 0x5C 0x5D 0x5E 0x5F 0x60 0x61 0x62 0x63 0x64 0x65 0x66 0x67 0x68 0x69 0x6A 0x6B 0x6C 0x6D 0x6E 0x6F 0x70 0x71 0x72 0x73 0x74 0x75 0x76 0x77 0x78 0x79 0x7A 0x7B 0x7C 0x7D 0x7E 0x7F 0x80 0x81 0x82 0x83 0x84 0x85 0x86 0x87 0x88 0x89 0x8A 0x8B 0x8C 0x8D 0x8E 0x8F 0x90 0x91 0x92 0xD3 0xD4 0xD5 0xD6 0xD7 0xD8 0xD9 0xDA 0xDB 0xDC 0xDD 0xDE 0xDF 0xE0 0xE1 0xE2 0xE3 0xE4 0xE5 0xE6 0xE7 0xE8 0xE9 0xEA 0xEB 0xEC 0xED 0xEE 0xEF 0xF0 0xF1 0xF2 0xF3 0xF4 0xF5 0xF6 0xF7 0xF8 0xF9 0xFA 0xFB 0xFC 0xFD 0xFE 0xFF,0x018B
2.70,CW0500,0x032,RAM_0x032,direct,1,0x03,0x04,0x018E
2.70,CW0500,0x03E,RAM_0x03E,direct,2,0x1F 0x24,0x1F 0x24,0x06C5 0x06C9
2.70,CW0500,0x074,RAM_0x074,direct,1629,0x00 0x01 0x02 0x04 0x08 0x10 0x20 0x40 0x80,0x00 0x01 0x02 0x04 0x08 0x10 0x20 0x40 0x80,0x019F 0x01B4
2.70,CW0500,0x077,RAM_0x077,direct,31,0x00 0x01 0x02 0x04 0x08 0x10 0x20 0x40 0x80,0x00 0x01 0x02 0x04 0x08 0x10 0x20 0x40 0x80,0x03F4 0x0402
2.70,CW0500,0x078,RAM_0x078,direct,5,0x00 0x30 0x59 0x8E 0x9E,0x2C 0x30 0x59 0x8E 0x9E,0x03E4 0x041D 0x06A2
2.70,CW0500,0x079,RAM_0x079,direct,4,0x08 0x10 0x13 0x24,0x08 0x10 0x13 0x24,0x041F 0x06A4
2.70,CW0500,0x07F,RAM_0x07F,direct,312,0x00 0x01 0x03 0x04 0x06 0x0C 0x10 0x2F 0x30 0x40 0x60 0x90 0xAF 0xC0 0xF2 0xFA,0x00 0x01 0x03 0x04 0x06 0x0C 0x10 0x2F 0x30 0x40 0x60 0xAF 0xC0 0xF2 0xFA,0x0004 0x0039
2.70,CW0500,0x0D0,RAM_0x0D0,direct,3,0x18 0x20 0x30,0x06 0x18 0x20,0x06B0 0x06E7 0x101D
2.70,CW0500,0x0D1,RAM_0x0D1,direct,3,0x1C 0x1F 0x30,0x06 0x1C 0x1F,0x06AC 0x06E3 0x0FD3
2.70,CW0500,0x0D2,RAM_0x0D2,direct,4,0x00 0x2C 0x59 0x9E,0x00 0x2C 0x59 0x9E,0x0665 0x0690 0x069C 0x0FD7
2.70,CW0500,0x0D3,RAM_0x0D3,direct,4,0x00 0x08 0x10 0x24,0x00 0x08 0x10 0x24,0x0663 0x068E 0x06A0 0x0786
2.70,CW0500,0x0D4,RAM_0x0D4,direct,1,0x00,0xFF,0x0682
2.70,CW0500,0x0DA,RAM_0x0DA,direct,29,0x08 0x0B 0x10 0x16 0x1C 0x20 0x21 0x2C 0x38 0x42 0x59 0x6E 0x70 0x84 0x85 0x99 0x9E 0xC2 0xE1,0x08 0x0B 0x10 0x16 0x1C 0x20 0x21 0x2C 0x38 0x42 0x59 0x6E 0x70 0x84 0x85 0x9E 0xC2 0xE1,0x03D4 0x040E 0x065B 0x0667 0x0686 0x0694
2.70,CW0500,0x0DB,RAM_0x0DB,direct,18,0x00 0x01 0x02 0x03 0x04 0x07 0x08 0x0E 0x1C 0x30 0x77,0x00 0x01 0x02 0x03 0x04 0x07 0x08 0x0E 0x1C 0x30,0x03E2 0x040D 0x0659 0x0684 0x0692
2.70,CW0500,0x0DC,RAM_0x0DC,direct,3,0x26 0x59 0xFF,0x26 0x59 0xFF,0x065E 0x0689 0x0697
2.70,CW0500,0x0DE,RAM_0x0DE,direct,18,0x00 0x08 0x10 0x2B 0x56 0x59 0x6D 0x85 0x8E 0x94 0x9B 0x9E 0xA6 0xE9,0x00 0x08 0x10 0x2B 0x56 0x59 0x6D 0x85 0x8E 0x94 0x9B 0x9E 0xA6 0xE9,0x03EA 0x03FB
2.70,CW0500,0x0DF,RAM_0x0DF,direct,13,0x00 0x07 0x08 0x0C 0x0E 0x0F 0x10 0x11 0x13,0x00 0x07 0x08 0x0C 0x0E 0x0F 0x10 0x11 0x13,0x03E9 0x03FF
2.70,CW0500,0x0E0,RAM_0x0E0,direct,27,0x00 0x01 0x02 0x04 0x08 0x10 0x20 0x40 0x80,0x00 0x01 0x02 0x04 0x08 0x10 0x20 0x40 0x80,0x03EC 0x0419
2.70,CW0500,0x0E1,RAM_0x0E1,direct,15,0x00 0x04 0x08 0x10 0x20 0x28 0x30 0x32 0x34 0x80,0x00 0x04 0x08 0x10 0x20 0x28 0x30 0x32 0x34 0x80,0x03E8 0x0409 0x040B
2.70,CW0500,0x0E2,RAM_0x0E2,direct,27,0x00 0x01 0x02 0x03 0x04 0x05 0x06 0x07 0x08,0x00 0x01 0x02 0x03 0x04 0x05 0x06 0x07 0x08,0x03ED 0x041A
2.70,CW0500,0x10D,EEADR,direct,1,0x99,0x9E,0x03DA
2.70,CW0600,0x003,STATUS,alu-flag,28,0x00 0x04 0x18 0x1C 0x1D 0x38 0x39,0x00 0x04 0x18 0x19 0x39 0x3C 0x3D,0x0006 0x0008 0x000A 0x000B 0x000D 0x0011 0x0013 0x0029 0x002B 0x002F 0x0031 0x0035 0x01E5 0x01EC 0x01F6 0x01F9 0x01FD
2.70,CW0600,0x003,STATUS,direct,42,0x00 0x18 0x19 0x38 0x3C 0x3D,0x00 0x18 0x19 0x1C 0x1D 0x38 0x39,0x0006 0x0038 0x01E3 0x01E8 0x01EB 0x01EF 0x01F1 0x01F2 0x01F7 0x01F8 0x01FC 0x119E
2.70,CW0600,0x004,FSR,direct,2,0x8C 0xA8,0x8C 0xA8,0x001E 0x002A
2.70,CW0600,0x007,PORTC,direct,4,0x04 0x24,0x04 0x24,0x01E9 0x01F0
2.70,CW0600,0x008,PORTD,direct,24,0x00 0x04 0x20 0x24 0x40 0x44 0x60 0x64 0x80 0x84 0xA0 0xA4 0xC0 0xC4 0xE0 0xE4,0x00 0x04 0x20 0x24 0x40 0x44 0x60 0x64 0x80 0x84 0xA0 0xA4 0xC0 0xC4 0xE0 0xE4,0x01F3 0x01F4 0x01F6
2.70,CW0600,0x00A,PCLATH,direct,4,0x00 0x03 0x13,0x00 0x03 0x13,0x000A 0x0036 0x119B 0x119D
2.70,CW0600,0x00B,INTCON,direct,3,0x14 0x94 0xD4,0x14 0x94 0xD4,0x01DC 0x01DD 0x01FD
2.70,CW0600,0x00C,PIR1,direct,1,0x5B,0x59,0x019A
2.70,CW0600,0x020,RAM_0x020,direct,1,0x08,0x03,0x0009
2.70,CW0600,0x021,RAM_0x021,direct,1,0xB3,0x91,0x0007
2.70,CW0600,0x024,RAM_0x024,direct,1,0x30,0x00,0x0010
2.70,CW0600,0x031,RAM_0x031,direct,1,0xD2,0xD3,0x018B
2.70,CW0600,0x056,RAM_0x056,direct,1,0x80,0xA0,0x026A
2.70,CW0600,0x07F,RAM_0x07F,direct,2,0x90 0xC0,0x0C 0xC0,0x0004 0x0039
2.70,CW0600,0x0D4,RAM_0x0D4,direct,9,0x00 0x01 0x02 0x04 0x08 0x10 0x20 0x40 0x80,0x00 0x01 0x02 0x04 0x08 0x10 0x20 0x40 0x80,0x01E4 0x01F9
2.70,CW0700,0x003,STATUS,alu-flag,38,0x00 0x04 0x18 0x1C 0x1D 0x1E 0x1F 0x38 0x39 0x3B,0x00 0x04 0x18 0x19 0x1B 0x1C 0x1D 0x1E 0x1F 0x39 0x3C 0x3D 0x3F,0x0006 0x0008 0x000A 0x000B 0x000D 0x0011 0x0013 0x0029 0x002B 0x002F 0x0031 0x0035 0x01E1 0x01E5 0x01EC 0x01F6 0x01F9 0x01FD 0x028F 0x0FF0 0x0FF1
2.70,CW0700,0x003,STATUS,direct,48,0x00 0x18 0x19 0x1B 0x1F 0x38 0x3B 0x3C 0x3D 0x3F,0x00 0x18 0x19 0x1B 0x1C 0x1D 0x1F 0x38 0x39 0x3B 0x3F,0x0006 0x0038 0x01E3 0x01E8 0x01EB 0x01EF 0x01F1 0x01F2 0x01F7 0x01F8 0x01FC 0x026D 0x027A 0x027D 0x028A 0x028E 0x0290 0x0292 0x0294 0x11A5
2.70,CW0700,0x004,FSR,direct,2,0x8C 0xA8,0x8C 0xA8,0x001E 0x002A
2.70,CW0700,0x007,PORTC,direct,2,0x04 0x24,0x04 0x24,0x01E9 0x01F0
2.70,CW0700,0x008,PORTD,direct,24,0x00 0x04 0x20 0x24 0x40 0x44 0x60 0x64 0x80 0x84 0xA0 0xA4 0xC0 0xC4 0xE0 0xE4,0x00 0x04 0x20 0x24 0x40 0x44 0x60 0x64 0x80 0x84 0xA0 0xA4 0xC0 0xC4 0xE0 0xE4,0x01F3 0x01F4 0x01F6
2.70,CW0700,0x00A,PCLATH,direct,10,0x00 0x03 0x0B 0x13 0x1B,0x00 0x03 0x0B 0x13 0x1B,0x000A 0x0036 0x0FF4 0x0FF6 0x0FF8 0x0FFA 0x11A0 0x11A1 0x11A3 0x11A4
2.70,CW0700,0x00B,INTCON,direct,3,0x14 0x94 0xD4,0x14 0x94 0xD4,0x01DC 0x01DD 0x01FD
2.70,CW0700,0x00C,PIR1,direct,1,0x5B,0x59,0x019A
2.70,CW0700,0x020,RAM_0x020,direct,1,0x08,0x03,0x0009
2.70,CW0700,0x021,RAM_0x021,direct,1,0xB3,0x91,0x0007
2.70,CW0700,0x024,RAM_0x024,direct,1,0x30,0x00,0x0010
2.70,CW0700,0x031,RAM_0x031,direct,1,0xD2,0xD3,0x018B
2.70,CW0700,0x07F,RAM_0x07F,direct,2,0x90 0xC0,0x0C 0xC0,0x0004 0x0039
2.70,CW0700,0x0D4,RAM_0x0D4,direct,9,0x00 0x01 0x02 0x04 0x08 0x10 0x20 0x40 0x80,0x00 0x01 0x02 0x04 0x08 0x10 0x20 0x40 0x80,0x01E4 0x01F9
2.70,CW0832,0x003,STATUS,direct,3,0x18 0x38,0x18 0x38,0x11A7 0x11A9 0x11AB
2.70,CW0832,0x029,RAM_0x029,direct,1,0x19,0x32,0x11AA
2.70,CW0940,0x003,STATUS,alu-flag,168,0x00 0x04 0x18 0x1C 0x38 0x39 0x3A 0x3B 0x3C 0x3D 0x3E 0x3F,0x00 0x04 0x18 0x1C 0x38 0x39 0x3A 0x3B 0x3C 0x3D 0x3E 0x3F,0x0006 0x0008 0x000A 0x000B 0x000D 0x000F 0x0011 0x0013 0x0029 0x002B 0x002D 0x002F 0x0031 0x0035 0x03BE 0x03BF 0x03C2 0x03C3 0x03C6 0x03C9 0x03CA 0x03CB 0x04AA 0x04B1 0x04B2 0x04B4 0x04B5 0x04B8 0x04B9 0x04BC 0x04BD 0x04C3 0x051E 0x0520 0x0527 0x052A 0x052C 0x052D 0x0533 0x11AE 0x11AF 0x11B1 0x11B3 0x11B5 0x11BC 0x11BF 0x11C1 0x11C3
2.70,CW0940,0x003,STATUS,direct,23,0x00 0x18 0x1B 0x1C 0x38 0x3B 0x3C,0x00 0x18 0x1B 0x1C 0x38 0x3B 0x3C,0x0006 0x0038 0x03BA 0x03CE 0x04A6 0x04C8 0x051D 0x0525 0x0528 0x0534 0x053D 0x053F 0x0543 0x0544 0x11AD 0x11B9 0x11BD 0x11C6 0x11C9
2.70,CW0940,0x004,FSR,direct,6,0x8C 0xA8,0x8C 0xA8,0x001E 0x002A
2.70,CW0940,0x00A,PCLATH,direct,10,0x00 0x03 0x13,0x00 0x03 0x13,0x000A 0x0036 0x11B8 0x11BB 0x11C5 0x11C8
2.70,CW0940,0x00C,PIR1,direct,3,0x5B,0x59,0x019A
2.70,CW0940,0x020,RAM_0x020,direct,2,0x03 0x08,0x03 0x13,0x0009
2.70,CW0940,0x021,RAM_0x021,direct,3,0x83 0xB3 0xC3,0x83 0xB3 0xC3,0x0007
2.70,CW0940,0x023,RAM_0x023,direct,2,0x00 0x01,0x00 0x01,0x000E
2.70,CW0940,0x024,RAM_0x024,direct,3,0x00 0x09 0x30,0x00 0x09 0x40,0x0010
2.70,CW0940,0x025,RAM_0x025,direct,2,0x24 0xC0,0x00 0xC0,0x0012
2.70,CW0940,0x031,RAM_0x031,direct,3,0xD2 0xD3 0xD4,0xD3 0xD4 0xD5,0x018B
2.70,CW0940,0x033,RAM_0x033,direct,1,0x57,0x40,0x0540
2.70,CW0940,0x077,RAM_0x077,direct,12,0x00 0x01 0x03 0x06 0x0C 0x18,0x00 0x01 0x03 0x06 0x0C 0x18,0x03C3 0x03C9 0x04B2 0x04BD
2.70,CW0940,0x078,RAM_0x078,direct,21,0x00 0x01 0x02 0x04 0x08 0x09 0x10 0x12 0x20 0x22 0x24 0x40 0x44 0x48 0x88 0x91,0x00 0x01 0x02 0x04 0x08 0x09 0x10 0x12 0x20 0x22 0x24 0x40 0x44 0x48 0x88 0x91,0x03CB 0x04C3
2.70,CW0940,0x079,RAM_0x079,direct,14,0x00 0x01 0x02 0x04 0x06 0x09 0x0C 0x12 0x18 0x24 0x30 0x60 0x80 0xC0,0x00 0x01 0x02 0x04 0x06 0x09 0x0C 0x12 0x18 0x30 0x60 0x80 0xC0,0x03CA 0x04A3
2.70,CW0940,0x07F,RAM_0x07F,direct,4,0x00 0x50 0x9E 0xE9,0x00 0x9E 0xE9,0x0004 0x0039
2.70,CW0940,0x0CC,RAM_0x0CC,direct,1,0x69,0x40,0x11B0
2.70,CW0940,0x0CE,RAM_0x0CE,direct,1,0x40,0x00,0x11C0
2.70,CW0940,0x0CF,RAM_0x0CF,direct,1,0x34,0x06,0x11BE
2.70,CW0940,0x0D2,RAM_0x0D2,direct,1,0x00,0x40,0x052B
2.70,CW0940,0x0D3,RAM_0x0D3,direct,2,0x00 0x06,0x00 0x06,0x0529 0x11C2
2.70,CW0940,0x0D5,RAM_0x0D5,direct,8,0x00 0x06 0x0C 0x18 0x30 0x60 0x80 0xC0,0x00 0x06 0x0C 0x18 0x30 0x60 0x80 0xC0,0x04B1 0x051F
2.70,CW0940,0x0D6,RAM_0x0D6,direct,10,0x00 0x01 0x02 0x04 0x08 0x10 0x18 0x20 0x40 0x80,0x00 0x01 0x02 0x04 0x08 0x10 0x18 0x20 0x40 0x80,0x03BF 0x0524 0x11B4
2.70,CW0940,0x0D7,RAM_0x0D7,direct,10,0x00 0x10 0x20 0x22 0x40 0x44 0x48 0x80 0x88 0x91,0x00 0x10 0x20 0x22 0x40 0x44 0x48 0x80 0x88 0x91,0x03BE 0x0522
2.70,CW0940,0x0D8,RAM_0x0D8,direct,18,0x00 0x01 0x02 0x03 0x04 0x05 0x06 0x07 0x08 0x09 0x0A 0x0B 0x0C 0x0D 0x0E 0x0F 0x10 0x18,0x00 0x01 0x02 0x03 0x04 0x05 0x06 0x07 0x08 0x09 0x0A 0x0B 0x0C 0x0D 0x0E 0x0F 0x10 0x18,0x04AE 0x04C5 0x11B7
2.70,CW0940,0x0DA,RAM_0x0DA,direct,17,0x01 0x02 0x03 0x04 0x05 0x06 0x07 0x08 0x09 0x0A 0x0B 0x0C 0x0D 0x0E 0x0F 0x10 0x99,0x00 0x01 0x02 0x03 0x04 0x05 0x06 0x07 0x08 0x09 0x0A 0x0B 0x0C 0x0D 0x0E 0x0F 0x10,0x03BB 0x03CC
2.70,CW0A00,0x003,STATUS,alu-flag,8809,0x00 0x04 0x18 0x19 0x1A 0x1B 0x1C 0x1D 0x1E 0x1F 0x38 0x39 0x3C 0x3D 0x3F,0x00 0x04 0x18 0x19 0x1A 0x1B 0x1C 0x1D 0x1E 0x1F 0x39 0x3B 0x3C 0x3D 0x3F,0x0006 0x0008 0x000A 0x000B 0x000D 0x0011 0x0013 0x0029 0x002B 0x002F 0x0031 0x0035 0x01A5 0x01A6 0x01AA 0x01B2 0x01B4 0x01B7 0x01E5 0x01EC 0x01F6 0x01F9 0x01FD 0x0784 0x078D 0x079B 0x07B2 0x07B4 0x07DA 0x07DC 0x0FD1 0x0FD5 0x0FDD 0x0FE2 0x0FE4
2.70,CW0A00,0x003,STATUS,direct,2472,0x00 0x18 0x19 0x1B 0x1C 0x1D 0x1F 0x38 0x39 0x3B 0x3C 0x3D 0x3F,0x00 0x18 0x19 0x1B 0x1C 0x1D 0x1F 0x38 0x39 0x3B 0x3C 0x3D 0x3F,0x0006 0x0038 0x01B3 0x01E3 0x01E8 0x01EB 0x01EF 0x01F1 0x01F2 0x01F7 0x01F8 0x01FC 0x0785 0x0787 0x07DB 0x07EB 0x0FCE 0x0FD0 0x0FD2 0x0FD4 0x0FD6 0x0FDA 0x0FDC 0x0FE3 0x0FE9 0x0FEA 0x0FEC 0x10AA 0x10AE
2.70,CW0A00,0x004,FSR,direct,384,0x8C 0xA8,0x8C 0xA8,0x001E 0x002A
2.70,CW0A00,0x007,PORTC,direct,2964,0x04 0x20 0x24,0x04 0x20 0x24,0x01AF 0x01B0 0x01E9 0x01F0
2.70,CW0A00,0x008,PORTD,direct,1504,0x00 0x04 0x20 0x24 0x40 0x44 0x60 0x64 0x80 0x84 0xA0 0xA4 0xC0 0xC4 0xE0 0xE4,0x00 0x04 0x20 0x24 0x40 0x44 0x60 0x64 0x80 0x84 0xA0 0xA4 0xC0 0xC4 0xE0 0xE4,0x01B2 0x01F3 0x01F4 0x01F6
2.70,CW0A00,0x00A,PCLATH,direct,759,0x00 0x03 0x0B 0x13,0x00 0x03 0x0B 0x13,0x000A 0x0036 0x07EC 0x08C6 0x10A6 0x10A8 0x10AC 0x10AD
2.70,CW0A00,0x00B,INTCON,direct,560,0x14 0x94 0xD4,0x14 0x94 0xD4,0x01A0 0x01A1 0x01B7 0x01DC 0x01DD 0x01FD
2.70,CW0A00,0x00C,PIR1,direct,192,0x5B,0x59,0x019A
2.70,CW0A00,0x020,RAM_0x020,direct,13,0x03 0x08 0x0B,0x03 0x0B,0x0009
2.70,CW0A00,0x021,RAM_0x021,direct,52,0x81 0x91 0xA3 0xB1 0xB3 0xC1 0xC3 0xD3 0xF1 0xF3,0x81 0x91 0xB1 0xB3 0xC1 0xC3 0xD3 0xF1 0xF3,0x0007
2.70,CW0A00,0x024,RAM_0x024,direct,1,0x30,0x00,0x0010
2.70,CW0A00,0x031,RAM_0x031,direct,192,0x00 0x01 0x02 0x03 0x04 0x05 0x06 0x07 0x08 0x09 0x0A 0x0B 0x0C 0x0D 0x0E 0x0F 0x10 0x11 0x12 0x13 0x14 0x15 0x16 0x17 0x18 0x19 0x1A 0x1B 0x1C 0x1D 0x1E 0x1F 0x20 0x21 0x22 0x23 0x24 0x25 0x26 0x27 0x28 0x29 0x2A 0x2B 0x2C 0x2D 0x2E 0x2F 0x30 0x31 0x32 0x33 0x34 0x35 0x36 0x37 0x38 0x39 0x3A 0x3B 0x3C 0x3D 0x3E 0x3F 0x40 0x41 0x42 0x43 0x44 0x45 0x46 0x47 0x48 0x49 0x4A 0x4B 0x4C 0x4D 0x4E 0x4F 0x50 0x51 0x52 0x53 0x54 0x55 0x56 0x57 0x58 0x59 0x5A 0x5B 0x5C 0x5D 0x5E 0x5F 0x60 0x61 0x62 0x63 0x64 0x65 0x66 0x67 0x68 0x69 0x6A 0x6B 0x6C 0x6D 0x6E 0x6F 0x70 0x71 0x72 0x73 0x74 0x75 0x76 0x77 0x78 0x79 0x7A 0x7B 0x7C 0x7D 0x7E 0x7F 0x80 0x81 0x82 0x83 0x84 0x85 0x86 0x87 0x88 0x89 0x8A 0x8B 0x8C 0x8D 0x8E 0x8F 0x90 0x91 0xD2 0xD3 0xD4 0xD5 0xD6 0xD7 0xD8 0xD9 0xDA 0xDB 0xDC 0xDD 0xDE 0xDF 0xE0 0xE1 0xE2 0xE3 0xE4 0xE5 0xE6 0xE7 0xE8 0xE9 0xEA 0xEB 0xEC 0xED 0xEE 0xEF 0xF0 0xF1 0xF2 0xF3 0xF4 0xF5 0xF6 0xF7 0xF8 0xF9 0xFA 0xFB 0xFC 0xFD 0xFE 0xFF,0x00 0x01 0x02 0x03 0x04 0x05 0x06 0x07 0x08 0x09 0x0A 0x0B 0x0C 0x0D 0x0E 0x0F 0x10 0x11 0x12 0x13 0x14 0x15 0x16 0x17 0x18 0x19 0x1A 0x1B 0x1C 0x1D 0x1E 0x1F 0x20 0x21 0x22 0x23 0x24 0x25 0x26 0x27 0x28 0x29 0x2A 0x2B 0x2C 0x2D 0x2E 0x2F 0x30 0x31 0x32 0x33 0x34 0x35 0x36 0x37 0x38 0x39 0x3A 0x3B 0x3C 0x3D 0x3E 0x3F 0x40 0x41 0x42 0x43 0x44 0x45 0x46 0x47 0x48 0x49 0x4A 0x4B 0x4C 0x4D 0x4E 0x4F 0x50 0x51 0x52 0x53 0x54 0x55 0x56 0x57 0x58 0x59 0x5A 0x5B 0x5C 0x5D 0x5E 0x5F 0x60 0x61 0x62 0x63 0x64 0x65 0x66 0x67 0x68 0x69 0x6A 0x6B 0x6C 0x6D 0x6E 0x6F 0x70 0x71 0x72 0x73 0x74 0x75 0x76 0x77 0x78 0x79 0x7A 0x7B 0x7C 0x7D 0x7E 0x7F 0x80 0x81 0x82 0x83 0x84 0x85 0x86 0x87 0x88 0x89 0x8A 0x8B 0x8C 0x8D 0x8E 0x8F 0x90 0x91 0x92 0xD3 0xD4 0xD5 0xD6 0xD7 0xD8 0xD9 0xDA 0xDB 0xDC 0xDD 0xDE 0xDF 0xE0 0xE1 0xE2 0xE3 0xE4 0xE5 0xE6 0xE7 0xE8 0xE9 0xEA 0xEB 0xEC 0xED 0xEE 0xEF 0xF0 0xF1 0xF2 0xF3 0xF4 0xF5 0xF6 0xF7 0xF8 0xF9 0xFA 0xFB 0xFC 0xFD 0xFE 0xFF,0x018B
2.70,CW0A00,0x032,RAM_0x032,direct,1,0x03,0x04,0x018E
2.70,CW0A00,0x056,RAM_0x056,direct,1,0x80,0xA0,0x026A
2.70,CW0A00,0x074,RAM_0x074,direct,1666,0x00 0x01 0x02 0x04 0x08 0x10 0x20 0x40 0x80,0x00 0x01 0x02 0x04 0x08 0x10 0x20 0x40 0x80,0x019F 0x01B4
2.70,CW0A00,0x07F,RAM_0x07F,direct,304,0x00 0x01 0x0C 0x10 0x12 0x21 0x2F 0xC0 0xEE 0xF2 0xFF,0x00 0x01 0x0C 0x10 0x12 0x21 0x2F 0xC0 0xEE 0xF2,0x0004 0x0039
2.70,CW0A00,0x0D0,RAM_0x0D0,direct,1,0x30,0x12,0x10AB
2.70,CW0A00,0x0D1,RAM_0x0D1,direct,1,0x30,0x12,0x0FD3
2.70,CW0A00,0x0D4,RAM_0x0D4,direct,9,0x00 0x01 0x02 0x04 0x08 0x10 0x20 0x40 0x80,0x00 0x01 0x02 0x04 0x08 0x10 0x20 0x40 0x80,0x01E4 0x01F9
2.70,CW0B20,0x003,STATUS,alu-flag,8,0x1A 0x1B 0x1C 0x38 0x3C 0x3D 0x3F,0x18 0x1A 0x3B 0x3C 0x3D 0x3F,0x0624 0x062A 0x062B 0x063C 0x11D7
2.70,CW0B20,0x003,STATUS,direct,15,0x18 0x1B 0x38 0x3B 0x3C,0x18 0x1B 0x1C 0x38 0x3B,0x0629 0x0638 0x0639 0x063B 0x0645 0x0647 0x0649 0x064B 0x064D 0x064F 0x0651 0x0653 0x11D3 0x11DC 0x11DF
2.70,CW0B20,0x00A,PCLATH,direct,2,0x03 0x13,0x03 0x13,0x11DB 0x11DE
2.70,CW0B20,0x03F,RAM_0x03F,direct,1,0x2C,0x68,0x064C
2.70,CW0B20,0x040,RAM_0x040,direct,1,0x24,0x01,0x0648
2.70,CW0B20,0x041,RAM_0x041,direct,1,0x20,0x68,0x0654
2.70,CW0B20,0x042,RAM_0x042,direct,1,0x1C,0x01,0x0650
2.70,CW0B20,0x043,RAM_0x043,direct,1,0x21,0x01,0x0655
2.70,CW0B20,0x0CE,RAM_0x0CE,direct,2,0x02 0x20,0x00 0x02,0x11D5 0x11D7
2.70,CW0B20,0x0D2,RAM_0x0D2,direct,1,0x00,0x68,0x0637
2.70,CW0B20,0x0D3,RAM_0x0D3,direct,1,0x00,0x01,0x0635
2.70,CW0C00,0x003,STATUS,alu-flag,313,0x00 0x04 0x18 0x19 0x1B 0x1C 0x1D 0x1F 0x38 0x39 0x3A 0x3B 0x3C 0x3D 0x3E 0x3F,0x00 0x04 0x18 0x19 0x1B 0x1C 0x1D 0x1F 0x38 0x39 0x3A 0x3B 0x3C 0x3D 0x3E 0x3F,0x0006 0x0008 0x000A 0x000B 0x000D 0x000F 0x0011 0x0013 0x0029 0x002B 0x002D 0x002F 0x0031 0x0035 0x03E8 0x03EF 0x03F2 0x03F3 0x03F5 0x03F6 0x03FB 0x03FC 0x03FF 0x0400 0x0401 0x0403 0x0404 0x0409 0x040B 0x040D 0x040E 0x040F 0x0410 0x0419 0x065C 0x067F 0x0680 0x0687 0x0688 0x0695 0x069C 0x06A0 0x06B8 0x06C2 0x06C9 0x06D0
2.70,CW0C00,0x003,STATUS,direct,80,0x00 0x18 0x1B 0x1C 0x38 0x39 0x3A 0x3B 0x3C 0x3D 0x3F 0x58 0x78,0x00 0x18 0x1B 0x1C 0x38 0x3A 0x3B 0x3C 0x3E 0x58 0x78,0x0006 0x0038 0x03D3 0x03D5 0x03D6 0x03D8 0x03D9 0x03DB 0x03DE 0x03E0 0x03E1 0x03E5 0x03E7 0x040C 0x0418 0x0420 0x0657 0x065F 0x0662 0x0668 0x0681 0x068A 0x068D 0x0698 0x069B 0x06A5 0x06AB 0x06AD 0x06AF 0x06B1 0x06E2 0x06E4 0x06E6 0x06E8 0x06ED 0x06F3 0x11EB
2.70,CW0C00,0x004,FSR,direct,10,0x8C 0xA8,0x8C 0xA8,0x001E 0x002A
2.70,CW0C00,0x00A,PCLATH,direct,12,0x00 0x03 0x13,0x00 0x03 0x13,0x000A 0x0036 0x11E1 0x11E3
2.70,CW0C00,0x00B,INTCON,direct,3,0x14 0x94 0xD4,0x14 0x94 0xD4,0x06E9 0x06EA 0x06F4
2.70,CW0C00,0x00C,PIR1,direct,5,0x5B,0x59,0x019A
2.70,CW0C00,0x020,RAM_0x020,direct,1,0x08,0x03,0x0009
2.70,CW0C00,0x021,RAM_0x021,direct,5,0x87 0xA3 0xB3,0x83 0x87 0xA3 0xB3,0x0007
2.70,CW0C00,0x023,RAM_0x023,direct,2,0x00 0x08,0x00 0x08,0x000E
2.70,CW0C00,0x024,RAM_0x024,direct,4,0x00 0x30 0x59,0x00 0x30 0x59 0x9E,0x0010
2.70,CW0C00,0x025,RAM_0x025,direct,2,0x08 0x24,0x08 0x10,0x0012
2.70,CW0C00,0x031,RAM_0x031,direct,5,0xD2 0xD3 0xD4 0xD5 0xD6,0xD3 0xD4 0xD5 0xD6 0xD7,0x018B
2.70,CW0C00,0x03E,RAM_0x03E,direct,2,0x1F 0x24,0x1F 0x24,0x06C5 0x06C9
2.70,CW0C00,0x077,RAM_0x077,direct,31,0x00 0x01 0x02 0x04 0x08 0x10 0x20 0x40 0x80,0x00 0x01 0x02 0x04 0x08 0x10 0x20 0x40 0x80,0x03F4 0x0402
2.70,CW0C00,0x078,RAM_0x078,direct,5,0x00 0x30 0x59 0x8E 0x9E,0x2C 0x30 0x59 0x8E 0x9E,0x03E4 0x041D 0x06A2
2.70,CW0C00,0x079,RAM_0x079,direct,4,0x08 0x10 0x13 0x24,0x08 0x10 0x13 0x24,0x041F 0x06A4
2.70,CW0C00,0x07F,RAM_0x07F,direct,10,0x01 0x04 0x10 0x40 0x78 0x9E 0xE9 0xFF,0x01 0x04 0x10 0x40 0x78 0x87 0x9E 0xE9,0x0004 0x0039
2.70,CW0C00,0x0D0,RAM_0x0D0,direct,2,0x20 0x30,0x18 0x20,0x06B0 0x06E7
2.70,CW0C00,0x0D1,RAM_0x0D1,direct,2,0x1C 0x30,0x1C 0x1F,0x06AC 0x06E3
2.70,CW0C00,0x0D2,RAM_0x0D2,direct,3,0x00 0x59 0x9E,0x2C 0x59 0x9E,0x0665 0x0690 0x069C
2.70,CW0C00,0x0D3,RAM_0x0D3,direct,3,0x00 0x08 0x10,0x08 0x10 0x24,0x0663 0x068E 0x06A0
2.70,CW0C00,0x0D4,RAM_0x0D4,direct,1,0x00,0xFF,0x0682
2.70,CW0C00,0x0DA,RAM_0x0DA,direct,29,0x08 0x0B 0x10 0x16 0x1C 0x20 0x21 0x2C 0x38 0x42 0x59 0x6E 0x70 0x84 0x85 0x99 0x9E 0xC2 0xE1,0x08 0x0B 0x10 0x16 0x1C 0x20 0x21 0x2C 0x38 0x42 0x59 0x6E 0x70 0x84 0x85 0x9E 0xC2 0xE1,0x03D4 0x040E 0x065B 0x0667 0x0686 0x0694
2.70,CW0C00,0x0DB,RAM_0x0DB,direct,18,0x00 0x01 0x02 0x03 0x04 0x07 0x08 0x0E 0x1C 0x30 0x77,0x00 0x01 0x02 0x03 0x04 0x07 0x08 0x0E 0x1C 0x30,0x03E2 0x040D 0x0659 0x0684 0x0692
2.70,CW0C00,0x0DC,RAM_0x0DC,direct,3,0x26 0x59 0xFF,0x26 0x59 0xFF,0x065E 0x0689 0x0697
2.70,CW0C00,0x0DE,RAM_0x0DE,direct,18,0x00 0x08 0x10 0x2B 0x56 0x59 0x6D 0x85 0x8E 0x94 0x9B 0x9E 0xA6 0xE9,0x00 0x08 0x10 0x2B 0x56 0x59 0x6D 0x85 0x8E 0x94 0x9B 0x9E 0xA6 0xE9,0x03EA 0x03FB
2.70,CW0C00,0x0DF,RAM_0x0DF,direct,13,0x00 0x07 0x08 0x0C 0x0E 0x0F 0x10 0x11 0x13,0x00 0x07 0x08 0x0C 0x0E 0x0F 0x10 0x11 0x13,0x03E9 0x03FF
2.70,CW0C00,0x0E0,RAM_0x0E0,direct,27,0x00 0x01 0x02 0x04 0x08 0x10 0x20 0x40 0x80,0x00 0x01 0x02 0x04 0x08 0x10 0x20 0x40 0x80,0x03EC 0x0419
2.70,CW0C00,0x0E1,RAM_0x0E1,direct,15,0x00 0x04 0x08 0x10 0x20 0x28 0x30 0x32 0x34 0x80,0x00 0x04 0x08 0x10 0x20 0x28 0x30 0x32 0x34 0x80,0x03E8 0x0409 0x040B
2.70,CW0C00,0x0E2,RAM_0x0E2,direct,27,0x00 0x01 0x02 0x03 0x04 0x05 0x06 0x07 0x08,0x00 0x01 0x02 0x03 0x04 0x05 0x06 0x07 0x08,0x03ED 0x041A
2.70,CW0C00,0x10D,EEADR,direct,1,0x99,0x9E,0x03DA
2.70,CW0D00,0x003,STATUS,alu-flag,57,0x00 0x04 0x18 0x1C 0x1D 0x38 0x39,0x00 0x04 0x18 0x19 0x1C 0x39 0x3C 0x3D,0x0006 0x0008 0x000A 0x000B 0x000D 0x0011 0x0013 0x0029 0x002B 0x002F 0x0031 0x0035 0x01E5 0x01EC 0x01F6 0x01F9 0x01FD
2.70,CW0D00,0x003,STATUS,direct,93,0x00 0x18 0x19 0x38 0x39 0x3C 0x3D,0x00 0x18 0x19 0x1C 0x1D 0x38 0x39,0x0006 0x0038 0x01E3 0x01E8 0x01EB 0x01EF 0x01F1 0x01F2 0x01F7 0x01F8 0x01FC 0x026D 0x0271 0x027D 0x0281 0x10F5 0x10F8 0x10FC 0x10FF 0x11EF 0x11F2 0x11FC
2.70,CW0D00,0x004,FSR,direct,4,0x8C 0xA8,0x8C 0xA8,0x001E 0x002A
2.70,CW0D00,0x007,PORTC,direct,10,0x04 0x05 0x24 0x25,0x04 0x05 0x24 0x25 0x27,0x01E9 0x01F0 0x0277 0x0287
2.70,CW0D00,0x008,PORTD,direct,48,0x00 0x04 0x20 0x24 0x40 0x44 0x60 0x64 0x80 0x84 0xA0 0xA4 0xC0 0xC4 0xE0 0xE4,0x00 0x04 0x20 0x24 0x40 0x44 0x60 0x64 0x80 0x84 0xA0 0xA4 0xC0 0xC4 0xE0 0xE4,0x01F3 0x01F4 0x01F6
2.70,CW0D00,0x00A,PCLATH,direct,8,0x00 0x03 0x13,0x00 0x03 0x13,0x000A 0x0036 0x10F7 0x10FA 0x10FE 0x1101
2.70,CW0D00,0x00B,INTCON,direct,6,0x14 0x94 0xD4,0x14 0x94 0xD4,0x01DC 0x01DD 0x01FD
2.70,CW0D00,0x00C,PIR1,direct,2,0x5B,0x59,0x019A
2.70,CW0D00,0x019,TXREG,direct,2,0x00 0x49,0x0A 0x49,0x11F7 0x11FB
2.70,CW0D00,0x020,RAM_0x020,direct,1,0x08,0x03,0x0009
2.70,CW0D00,0x021,RAM_0x021,direct,1,0xA3,0x91,0x0007
2.70,CW0D00,0x024,RAM_0x024,direct,1,0x30,0x00,0x0010
2.70,CW0D00,0x02D,RAM_0x02D,direct,1,0x07,0x87,0x1108
2.70,CW0D00,0x031,RAM_0x031,direct,2,0xD2 0xD3,0xD3 0xD4,0x018B
2.70,CW0D00,0x056,RAM_0x056,direct,1,0x80,0xA0,0x026A
2.70,CW0D00,0x07F,RAM_0x07F,direct,4,0x0C 0xC0 0xFF,0x0C 0xC0,0x0004 0x0039
2.70,CW0D00,0x0C2,RAM_0x0C2,direct,1,0x00,0x82,0x11F0
2.70,CW0D00,0x0D3,RAM_0x0D3,direct,1,0x00,0x01,0x10F6
2.70,CW0D00,0x0D4,RAM_0x0D4,direct,18,0x00 0x01 0x02 0x04 0x08 0x10 0x20 0x40 0x80,0x00 0x01 0x02 0x04 0x08 0x10 0x20 0x40 0x80,0x01E4 0x01F9
2.70,CW0E14,0x003,STATUS,direct,3,0x18 0x38,0x18 0x38,0x11FE 0x1200 0x1203
2.70,CW0E14,0x052,RAM_0x052,direct,1,0x00,0x14,0x1201
2.70,CW0E14,0x05D,RAM_0x05D,direct,1,0x00,0x80,0x1202
2.70,CW0F00,0x003,STATUS,alu-flag,3,0x3A 0x3E 0x3F,0x3B 0x3E 0x3F,0x1206 0x1207
2.70,CW0F00,0x003,STATUS,direct,1,0x1A,0x3A,0x1205
2.71,CW0000,0x003,STATUS,alu-flag,1,0x38,0x3C,0x1111
2.71,CW0000,0x003,STATUS,direct,1,0x18,0x38,0x1110
2.71,CW0100,0x003,STATUS,alu-flag,2748,0x00 0x04 0x38 0x39 0x3A 0x3B 0x3C 0x3D 0x3E 0x3F 0x58 0x5B 0x5C 0x5F,0x00 0x04 0x38 0x39 0x3A 0x3B 0x3C 0x3D 0x3E 0x3F 0x58 0x5B 0x5C 0x5F,0x0006 0x0008 0x000A 0x000B 0x000D 0x000F 0x0011 0x0013 0x0029 0x002B 0x002D 0x002F 0x0031 0x0035 0x06F7 0x06FC 0x06FD 0x0700 0x0708 0x070B 0x070E 0x0710 0x0712 0x0713 0x0715 0x0718 0x071A 0x0723 0x0728 0x072B 0x0738 0x073B 0x0748 0x0749 0x111A 0x111D
2.71,CW0100,0x003,STATUS,direct,1762,0x00 0x18 0x1B 0x1F 0x38 0x39 0x3A 0x3B 0x3C 0x3D 0x3F 0x58 0x5B 0x5C 0x5F 0x78 0x7B 0x7C 0x7F,0x00 0x18 0x1B 0x1F 0x38 0x39 0x3A 0x3B 0x3C 0x3D 0x3E 0x3F 0x58 0x5B 0x5C 0x5F 0x78 0x7B 0x7C 0x7F,0x0006 0x0038 0x06F6 0x0701 0x0702 0x0704 0x0707 0x0709 0x070A 0x0711 0x071C 0x0722 0x0724 0x0727 0x0729 0x072A 0x0731 0x0732 0x0734 0x0737 0x0739 0x073A 0x0741 0x0742 0x0744 0x0747 0x074E 0x1119 0x111B 0x111C 0x111E 0x111F 0x1121 0x1124 0x1125 0x1129 0x112A 0x1134 0x1135 0x1138 0x113A 0x113B 0x113D 0x113E 0x1140 0x1143 0x1144 0x1148 0x1149 0x1153 0x1154 0x1159
2.71,CW0100,0x004,FSR,direct,76,0x8C 0xA8,0x8C 0xA8,0x001E 0x002A
2.71,CW0100,0x00A,PCLATH,direct,80,0x00 0x03 0x13,0x00 0x03 0x13,0x000A 0x0036 0x1116 0x1118 0x1156 0x1158
2.71,CW0100,0x00B,INTCON,direct,4,0x54 0xD4,0x54 0xD4,0x1128 0x1136 0x1147 0x1155
2.71,CW0100,0x00C,PIR1,direct,38,0x5B,0x59,0x019A
2.71,CW0100,0x020,RAM_0x020,direct,1,0x08,0x03,0x0009
2.71,CW0100,0x021,RAM_0x021,direct,34,0x83 0x93 0xA3 0xB1 0xB3 0xB5 0xB7 0xC3 0xD3 0xF3,0x83 0x93 0xA3 0xB1 0xB3 0xB5 0xB7 0xC3 0xD3 0xF3,0x0007
2.71,CW0100,0x023,RAM_0x023,direct,1,0x00,0xD4,0x000E
2.71,CW0100,0x024,RAM_0x024,direct,1,0x30,0x00,0x0010
2.71,CW0100,0x031,RAM_0x031,direct,38,0xD2 0xD3 0xD4 0xD5 0xD6 0xD7 0xD8 0xD9 0xDA 0xDB 0xDC 0xDD 0xDE 0xDF 0xE0 0xE1 0xE2 0xE3 0xE4 0xE5 0xE6 0xE7 0xE8 0xE9 0xEA 0xEB 0xEC 0xED 0xEE 0xEF 0xF0 0xF1 0xF2 0xF3 0xF4 0xF5 0xF6 0xF7,0xD3 0xD4 0xD5 0xD6 0xD7 0xD8 0xD9 0xDA 0xDB 0xDC 0xDD 0xDE 0xDF 0xE0 0xE1 0xE2 0xE3 0xE4 0xE5 0xE6 0xE7 0xE8 0xE9 0xEA 0xEB 0xEC 0xED 0xEE 0xEF 0xF0 0xF1 0xF2 0xF3 0xF4 0xF5 0xF6 0xF7 0xF8,0x018B
2.71,CW0100,0x077,RAM_0x077,direct,1,0x00,0xD4,0x1127
2.71,CW0100,0x07F,RAM_0x07F,direct,64,0x00 0x01 0x03 0x0C 0x10 0x12 0x14 0x15 0x1B 0x21 0x25 0x28 0x2B 0x30 0x3C 0x41 0x44 0x4B 0x51 0x52 0x66 0x6D 0x82 0x88 0x8B 0x8F 0x90 0x9D 0x9E 0xAD 0xB1 0xB2 0xB4 0xB8 0xC0 0xC3 0xCE 0xCF 0xD6 0xD9 0xDA 0xE9 0xEC 0xEF 0xF8 0xFC 0xFE 0xFF,0x00 0x01 0x03 0x0C 0x10 0x12 0x14 0x15 0x1B 0x21 0x25 0x28 0x2B 0x30 0x3C 0x41 0x44 0x4B 0x51 0x52 0x66 0x6D 0x82 0x88 0x8B 0x8F 0x9D 0x9E 0xAD 0xB1 0xB2 0xB4 0xB8 0xC0 0xC3 0xCE 0xCF 0xD6 0xD9 0xDA 0xE9 0xEC 0xEF 0xF8 0xFC 0xFE 0xFF,0x0004 0x0039
2.71,CW0100,0x0C3,RAM_0x0C3,direct,635,0x00 0x01 0x02 0x03 0x04 0x05 0x06 0x07 0x08 0x09 0x0A 0x0B 0x0C 0x0D 0x0E 0x10 0x11 0x12 0x13 0x14 0x15 0x16 0x17 0x18 0x19 0x1C 0x1D 0x1E 0x1F 0x20 0x21 0x22 0x23 0x24 0x25 0x26 0x27 0x28 0x29 0x2A 0x2B 0x2C 0x2D 0x2E 0x2F 0x31 0x32 0x33 0x34 0x36 0x37 0x38 0x39 0x3A 0x3B 0x3C 0x3D 0x3E 0x40 0x41 0x42 0x43 0x44 0x45 0x46 0x49 0x4A 0x4B 0x4C 0x4D 0x4E 0x4F 0x50 0x51 0x52 0x53 0x54 0x55 0x56 0x58 0x5A 0x5B 0x5C 0x5D 0x5E 0x60 0x61 0x62 0x63 0x64 0x65 0x66 0x67 0x68 0x69 0x6A 0x6B 0x6C 0x6D 0x6E 0x6F 0x70 0x71 0x72 0x73 0x74 0x76 0x78 0x79 0x7A 0x7B 0x7C 0x7D 0x7E 0x7F 0x80 0x81 0x82 0x83 0x84 0x85 0x86 0x87 0x88 0x89 0x8A 0x8B 0x8C 0x8D 0x8E 0x8F 0x90 0x92 0x93 0x94 0x95 0x96 0x97 0x98 0x9C 0x9E 0x9F 0xA0 0xA1 0xA2 0xA3 0xA4 0xA5 0xA6 0xA7 0xA8 0xA9 0xAA 0xAB 0xAC 0xAD 0xAE 0xB0 0xB2 0xB3 0xB4 0xB5 0xB6 0xB7 0xB8 0xB9 0xBC 0xBD 0xC0 0xC1 0xC2 0xC3 0xC4 0xC5 0xC6 0xC7 0xC8 0xC9 0xCB 0xCC 0xCD 0xCE 0xCF 0xD0 0xD1 0xD2 0xD3 0xD4 0xD5 0xD6 0xD7 0xD8 0xD9 0xDA 0xDC 0xDD 0xDE 0xE0 0xE1 0xE2 0xE3 0xE4 0xE6 0xE7 0xE8 0xE9 0xEA 0xEB 0xEC 0xED 0xEE 0xEF 0xF0 0xF1 0xF2 0xF3 0xF4 0xF5 0xF6 0xF7 0xF8 0xF9 0xFA 0xFB 0xFC 0xFD 0xFE,0x00 0x01 0x02 0x03 0x04 0x05 0x06 0x07 0x08 0x09 0x0A 0x0B 0x0C 0x0D 0x0E 0x10 0x11 0x12 0x13 0x14 0x15 0x16 0x17 0x18 0x19 0x1C 0x1D 0x1E 0x1F 0x20 0x21 0x22 0x23 0x24 0x25 0x26 0x27 0x28 0x29 0x2A 0x2B 0x2C 0x2D 0x2E 0x2F 0x31 0x32 0x33 0x34 0x36 0x37 0x38 0x39 0x3A 0x3B 0x3C 0x3D 0x3E 0x40 0x41 0x42 0x43 0x44 0x45 0x46 0x49 0x4A 0x4B 0x4C 0x4D 0x4E 0x4F 0x50 0x51 0x52 0x53 0x54 0x55 0x56 0x58 0x5A 0x5B 0x5C 0x5D 0x5E 0x60 0x61 0x62 0x63 0x64 0x65 0x66 0x67 0x68 0x69 0x6A 0x6B 0x6C 0x6D 0x6E 0x6F 0x70 0x71 0x72 0x73 0x74 0x76 0x78 0x79 0x7A 0x7B 0x7C 0x7D 0x7E 0x7F 0x80 0x81 0x82 0x83 0x84 0x85 0x86 0x87 0x88 0x89 0x8A 0x8B 0x8C 0x8D 0x8E 0x8F 0x90 0x92 0x93 0x94 0x95 0x96 0x97 0x98 0x9C 0x9E 0x9F 0xA0 0xA1 0xA2 0xA3 0xA4 0xA5 0xA6 0xA7 0xA8 0xA9 0xAA 0xAB 0xAC 0xAD 0xAE 0xB0 0xB2 0xB3 0xB4 0xB5 0xB6 0xB7 0xB8 0xB9 0xBC 0xBD 0xC0 0xC1 0xC2 0xC3 0xC4 0xC5 0xC6 0xC7 0xC8 0xC9 0xCB 0xCC 0xCD 0xCE 0xCF 0xD0 0xD1 0xD2 0xD3 0xD4 0xD5 0xD6 0xD7 0xD8 0xD9 0xDA 0xDC 0xDD 0xDE 0xE0 0xE1 0xE2 0xE3 0xE4 0xE6 0xE7 0xE8 0xE9 0xEA 0xEB 0xEC 0xED 0xEE 0xEF 0xF0 0xF1 0xF2 0xF3 0xF4 0xF5 0xF6 0xF7 0xF8 0xF9 0xFA 0xFB 0xFC 0xFD 0xFE,0x06F8 0x070B 0x0712 0x0715
2.71,CW0100,0x0C4,RAM_0x0C4,direct,372,0x00 0x01 0x02 0x03 0x04 0x07 0x08 0x09 0x0A 0x0B 0x0C 0x0D 0x0E 0x0F 0x10 0x11 0x12 0x13 0x14 0x15 0x16 0x17 0x18 0x19 0x1A 0x1C 0x1D 0x1E 0x20 0x21 0x22 0x23 0x24 0x25 0x26 0x28 0x29 0x2A 0x2B 0x2C 0x2D 0x2F 0x30 0x31 0x32 0x33 0x34 0x35 0x38 0x39 0x3A 0x3B 0x3D 0x3E 0x40 0x42 0x43 0x44 0x45 0x46 0x47 0x4A 0x4B 0x4C 0x4D 0x4F 0x50 0x51 0x52 0x53 0x56 0x57 0x58 0x59 0x5A 0x5B 0x5C 0x5D 0x5E 0x60 0x61 0x63 0x64 0x65 0x66 0x67 0x68 0x69 0x6A 0x6B 0x6C 0x6D 0x6F 0x70 0x72 0x73 0x75 0x76 0x77 0x78 0x79 0x7C 0x7D 0x81 0x83 0x84 0x85 0x86 0x87 0x88 0x89 0x8A 0x8B 0x8E 0x8F 0x90 0x91 0x93 0x94 0x95 0x96 0x97 0x98 0x99 0x9A 0x9C 0x9D 0xA0 0xA1 0xA3 0xA4 0xA5 0xA6 0xA7 0xA8 0xA9 0xAB 0xAC 0xAD 0xAE 0xB0 0xB1 0xB3 0xB4 0xB5 0xB6 0xB7 0xB9 0xBA 0xBB 0xBC 0xBD 0xBE 0xC1 0xC2 0xC3 0xC7 0xC8 0xC9 0xCA 0xCB 0xCC 0xCE 0xCF 0xD0 0xD1 0xD2 0xD3 0xD4 0xD5 0xD6 0xD7 0xD8 0xD9 0xDA 0xDB 0xDC 0xDD 0xDE 0xDF 0xE0 0xE1 0xE4 0xE5 0xE7 0xE8 0xEB 0xEC 0xEE 0xEF 0xF0 0xF1 0xF2 0xF3 0xF4 0xF5 0xF6 0xF7 0xF8 0xF9 0xFA 0xFB 0xFC,0x00 0x01 0x02 0x03 0x04 0x07 0x08 0x09 0x0A 0x0B 0x0C 0x0D 0x0E 0x0F 0x10 0x11 0x12 0x13 0x14 0x15 0x16 0x17 0x18 0x19 0x1A 0x1C 0x1D 0x1E 0x20 0x21 0x22 0x23 0x24 0x25 0x26 0x28 0x29 0x2A 0x2B 0x2C 0x2D 0x2F 0x30 0x31 0x32 0x33 0x34 0x35 0x38 0x39 0x3A 0x3B 0x3D 0x3E 0x40 0x42 0x43 0x44 0x45 0x46 0x47 0x4A 0x4B 0x4C 0x4D 0x4F 0x50 0x51 0x52 0x53 0x56 0x57 0x58 0x59 0x5A 0x5B 0x5C 0x5D 0x5E 0x60 0x61 0x63 0x64 0x65 0x66 0x67 0x68 0x69 0x6A 0x6B 0x6C 0x6D 0x6F 0x70 0x72 0x73 0x75 0x76 0x77 0x78 0x79 0x7C 0x7D 0x81 0x83 0x84 0x85 0x86 0x87 0x88 0x89 0x8A 0x8B 0x8E 0x8F 0x90 0x91 0x93 0x94 0x95 0x96 0x97 0x98 0x99 0x9A 0x9C 0x9D 0xA0 0xA1 0xA3 0xA4 0xA5 0xA6 0xA7 0xA8 0xA9 0xAB 0xAC 0xAD 0xAE 0xB0 0xB1 0xB3 0xB4 0xB5 0xB6 0xB7 0xB9 0xBA 0xBB 0xBC 0xBD 0xBE 0xC1 0xC2 0xC3 0xC7 0xC8 0xC9 0xCA 0xCB 0xCC 0xCE 0xCF 0xD0 0xD1 0xD2 0xD3 0xD4 0xD5 0xD6 0xD7 0xD8 0xD9 0xDA 0xDB 0xDC 0xDD 0xDE 0xDF 0xE0 0xE1 0xE4 0xE5 0xE7 0xE8 0xEB 0xEC 0xEE 0xEF 0xF0 0xF1 0xF2 0xF3 0xF4 0xF5 0xF6 0xF7 0xF8 0xF9 0xFA 0xFB 0xFC,0x06F7 0x070D 0x0713
2.71,CW0100,0x0CE,RAM_0x0CE,direct,255,0x00 0x02 0x03 0x04 0x05 0x06 0x07 0x08 0x09 0x0A 0x0B 0x0C 0x0D 0x0E 0x0F 0x10 0x11 0x12 0x13 0x14 0x15 0x16 0x17 0x18 0x19 0x1A 0x1B 0x1C 0x1D 0x1E 0x1F 0x20 0x21 0x22 0x23 0x24 0x25 0x26 0x27 0x28 0x29 0x2A 0x2B 0x2C 0x2D 0x2E 0x2F 0x30 0x31 0x32 0x33 0x34 0x35 0x36 0x37 0x38 0x39 0x3A 0x3B 0x3C 0x3D 0x3E 0x3F 0x40 0x41 0x42 0x43 0x44 0x45 0x46 0x47 0x48 0x49 0x4A 0x4B 0x4C 0x4D 0x4E 0x4F 0x50 0x51 0x52 0x53 0x54 0x55 0x56 0x57 0x58 0x59 0x5A 0x5B 0x5C 0x5D 0x5E 0x5F 0x60 0x61 0x62 0x63 0x64 0x65 0x66 0x67 0x68 0x69 0x6A 0x6B 0x6C 0x6D 0x6E 0x6F 0x70 0x71 0x72 0x73 0x74 0x75 0x76 0x77 0x78 0x79 0x7A 0x7B 0x7C 0x7D 0x7E 0x7F 0x80 0x81 0x82 0x83 0x84 0x85 0x86 0x87 0x88 0x89 0x8A 0x8B 0x8C 0x8D 0x8E 0x8F 0x90 0x91 0x92 0x93 0x94 0x95 0x96 0x97 0x98 0x99 0x9A 0x9B 0x9C 0x9D 0x9E 0x9F 0xA0 0xA1 0xA2 0xA3 0xA4 0xA5 0xA6 0xA7 0xA8 0xA9 0xAA 0xAB 0xAC 0xAD 0xAE 0xAF 0xB0 0xB1 0xB2 0xB3 0xB4 0xB5 0xB6 0xB7 0xB8 0xB9 0xBA 0xBB 0xBC 0xBD 0xBE 0xBF 0xC0 0xC1 0xC2 0xC3 0xC4 0xC5 0xC6 0xC7 0xC8 0xC9 0xCA 0xCB 0xCC 0xCD 0xCE 0xCF 0xD0 0xD1 0xD2 0xD3 0xD4 0xD5 0xD6 0xD7 0xD8 0xD9 0xDA 0xDB 0xDC 0xDD 0xDE 0xDF 0xE0 0xE1 0xE2 0xE3 0xE4 0xE5 0xE6 0xE7 0xE8 0xE9 0xEA 0xEB 0xEC 0xED 0xEE 0xEF 0xF0 0xF1 0xF2 0xF3 0xF4 0xF5 0xF6 0xF7 0xF8 0xF9 0xFA 0xFB 0xFC 0xFD 0xFE 0xFF,0x00 0x02 0x03 0x04 0x05 0x06 0x07 0x08 0x09 0x0A 0x0B 0x0C 0x0D 0x0E 0x0F 0x10 0x11 0x12 0x13 0x14 0x15 0x16 0x17 0x18 0x19 0x1A 0x1B 0x1C 0x1D 0x1E 0x1F 0x20 0x21 0x22 0x23 0x24 0x25 0x26 0x27 0x28 0x29 0x2A 0x2B 0x2C 0x2D 0x2E 0x2F 0x30 0x31 0x32 0x33 0x34 0x35 0x36 0x37 0x38 0x39 0x3A 0x3B 0x3C 0x3D 0x3E 0x3F 0x40 0x41 0x42 0x43 0x44 0x45 0x46 0x47 0x48 0x49 0x4A 0x4B 0x4C 0x4D 0x4E 0x4F 0x50 0x51 0x52 0x53 0x54 0x55 0x56 0x57 0x58 0x59 0x5A 0x5B 0x5C 0x5D 0x5E 0x5F 0x60 0x61 0x62 0x63 0x64 0x65 0x66 0x67 0x68 0x69 0x6A 0x6B 0x6C 0x6D 0x6E 0x6F 0x70 0x71 0x72 0x73 0x74 0x75 0x76 0x77 0x78 0x79 0x7A 0x7B 0x7C 0x7D 0x7E 0x7F 0x80 0x81 0x82 0x83 0x84 0x85 0x86 0x87 0x88 0x89 0x8A 0x8B 0x8C 0x8D 0x8E 0x8F 0x90 0x91 0x92 0x93 0x94 0x95 0x96 0x97 0x98 0x99 0x9A 0x9B 0x9C 0x9D 0x9E 0x9F 0xA0 0xA1 0xA2 0xA3 0xA4 0xA5 0xA6 0xA7 0xA8 0xA9 0xAA 0xAB 0xAC 0xAD 0xAE 0xAF 0xB0 0xB1 0xB2 0xB3 0xB4 0xB5 0xB6 0xB7 0xB8 0xB9 0xBA 0xBB 0xBC 0xBD 0xBE 0xBF 0xC0 0xC1 0xC2 0xC3 0xC4 0xC5 0xC6 0xC7 0xC8 0xC9 0xCA 0xCB 0xCC 0xCD 0xCE 0xCF 0xD0 0xD1 0xD2 0xD3 0xD4 0xD5 0xD6 0xD7 0xD8 0xD9 0xDA 0xDB 0xDC 0xDD 0xDE 0xDF 0xE0 0xE1 0xE2 0xE3 0xE4 0xE5 0xE6 0xE7 0xE8 0xE9 0xEA 0xEB 0xEC 0xED 0xEE 0xEF 0xF0 0xF1 0xF2 0xF3 0xF4 0xF5 0xF6 0xF7 0xF8 0xF9 0xFA 0xFB 0xFC 0xFD 0xFE 0xFF,0x06FB 0x0718
2.71,CW0100,0x0CF,RAM_0x0CF,direct,2,0x00 0x30,0x00 0x01,0x06F9 0x071A
2.71,CW0100,0x0D0,RAM_0x0D0,direct,255,0x00 0x01 0x30,0x00 0x01,0x070E 0x0710
2.71,CW0100,0x10C,EEDATA,direct,2,0x35 0x9A,0x9A 0xF4,0x1120 0x113F
2.71,CW0100,0x10D,EEADR,direct,259,0x00 0x01 0x02 0x03 0x04 0x05 0x06 0x07 0x08 0x09 0x0A 0x0B 0x0C 0x0D 0x0E 0x0F 0x10 0x11 0x12 0x13 0x14 0x15 0x16 0x17 0x18 0x19 0x1A 0x1B 0x1C 0x1D 0x1E 0x1F 0x20 0x21 0x22 0x23 0x24 0x25 0x26 0x27 0x28 0x29 0x2A 0x2B 0x2C 0x2D 0x2E 0x2F 0x30 0x31 0x32 0x33 0x34 0x35 0x36 0x37 0x38 0x39 0x3A 0x3B 0x3C 0x3D 0x3E 0x3F 0x40 0x41 0x42 0x43 0x44 0x45 0x46 0x47 0x48 0x49 0x4A 0x4B 0x4C 0x4D 0x4E 0x4F 0x50 0x51 0x52 0x53 0x54 0x55 0x56 0x57 0x58 0x59 0x5A 0x5B 0x5C 0x5D 0x5E 0x5F 0x60 0x61 0x62 0x63 0x64 0x65 0x66 0x67 0x68 0x69 0x6A 0x6B 0x6C 0x6D 0x6E 0x6F 0x70 0x71 0x72 0x73 0x74 0x75 0x76 0x77 0x78 0x79 0x7A 0x7B 0x7C 0x7D 0x7E 0x7F 0x80 0x81 0x82 0x83 0x84 0x85 0x86 0x87 0x88 0x89 0x8A 0x8B 0x8C 0x8D 0x8E 0x8F 0x90 0x91 0x92 0x93 0x94 0x95 0x96 0x97 0x98 0x99 0x9A 0x9B 0x9C 0x9D 0x9E 0x9F 0xA0 0xA1 0xA2 0xA3 0xA4 0xA5 0xA6 0xA7 0xA8 0xA9 0xAA 0xAB 0xAC 0xAD 0xAE 0xAF 0xB0 0xB1 0xB2 0xB3 0xB4 0xB5 0xB6 0xB7 0xB8 0xB9 0xBA 0xBB 0xBC 0xBD 0xBE 0xBF 0xC0 0xC1 0xC2 0xC3 0xC4 0xC5 0xC6 0xC7 0xC8 0xC9 0xCA 0xCB 0xCC 0xCD 0xCE 0xCF 0xD0 0xD1 0xD2 0xD3 0xD4 0xD5 0xD6 0xD7 0xD8 0xD9 0xDA 0xDB 0xDC 0xDD 0xDE 0xDF 0xE0 0xE1 0xE2 0xE3 0xE4 0xE5 0xE6 0xE7 0xE8 0xE9 0xEA 0xEB 0xEC 0xED 0xEE 0xEF 0xF0 0xF1 0xF2 0xF3 0xF4 0xF5 0xF6 0xF7 0xF8 0xF9 0xFA 0xFB 0xFC 0xFD 0xFE 0xFF,0x00 0x01 0x02 0x03 0x04 0x05 0x06 0x07 0x08 0x09 0x0A 0x0B 0x0C 0x0D 0x0E 0x0F 0x10 0x11 0x12 0x13 0x14 0x15 0x16 0x17 0x18 0x19 0x1A 0x1B 0x1C 0x1D 0x1E 0x1F 0x20 0x21 0x22 0x23 0x24 0x25 0x26 0x27 0x28 0x29 0x2A 0x2B 0x2C 0x2D 0x2E 0x2F 0x30 0x31 0x32 0x33 0x34 0x35 0x36 0x37 0x38 0x39 0x3A 0x3B 0x3C 0x3D 0x3E 0x3F 0x40 0x41 0x42 0x43 0x44 0x45 0x46 0x47 0x48 0x49 0x4A 0x4B 0x4C 0x4D 0x4E 0x4F 0x50 0x51 0x52 0x53 0x54 0x55 0x56 0x57 0x58 0x59 0x5A 0x5B 0x5C 0x5D 0x5E 0x5F 0x60 0x61 0x62 0x63 0x64 0x65 0x66 0x67 0x68 0x69 0x6A 0x6B 0x6C 0x6D 0x6E 0x6F 0x70 0x71 0x72 0x73 0x74 0x75 0x76 0x77 0x78 0x79 0x7A 0x7B 0x7C 0x7D 0x7E 0x7F 0x80 0x81 0x82 0x83 0x84 0x85 0x86 0x87 0x88 0x89 0x8A 0x8B 0x8C 0x8D 0x8E 0x8F 0x90 0x91 0x92 0x93 0x94 0x95 0x96 0x97 0x98 0x99 0x9A 0x9B 0x9C 0x9D 0x9E 0x9F 0xA0 0xA1 0xA2 0xA3 0xA4 0xA5 0xA6 0xA7 0xA8 0xA9 0xAA 0xAB 0xAC 0xAD 0xAE 0xAF 0xB0 0xB1 0xB2 0xB3 0xB4 0xB5 0xB6 0xB7 0xB8 0xB9 0xBA 0xBB 0xBC 0xBD 0xBE 0xBF 0xC0 0xC1 0xC2 0xC3 0xC4 0xC5 0xC6 0xC7 0xC8 0xC9 0xCA 0xCB 0xCC 0xCD 0xCE 0xCF 0xD0 0xD1 0xD2 0xD3 0xD4 0xD5 0xD6 0xD7 0xD8 0xD9 0xDA 0xDB 0xDC 0xDD 0xDE 0xDF 0xE0 0xE1 0xE2 0xE3 0xE4 0xE5 0xE6 0xE7 0xE8 0xE9 0xEA 0xEB 0xEC 0xED 0xEE 0xEF 0xF0 0xF1 0xF2 0xF3 0xF4 0xF5 0xF6 0xF7 0xF8 0xF9 0xFA 0xFB 0xFC 0xFD 0xFE 0xFF,0x0703 0x0723 0x0733 0x0743 0x111A 0x1139
2.71,CW0100,0x18C,EECON1,direct,4,0x00 0x04,0x00 0x04,0x1123 0x1132 0x1142 0x1151
2.71,CW0100,0x18D,EECON2,direct,4,0x00 0x55 0xAA,0x55 0xAA,0x112C 0x112E 0x114B 0x114D
2.71,CW0200,0x003,STATUS,direct,1,0x1A,0x3A,0x115D
2.71,CW0200,0x051,RAM_0x051,direct,1,0x00,0x08,0x115B
2.71,CW0200,0x0C2,RAM_0x0C2,direct,1,0x00,0x78,0x115E
2.71,CW0300,0x003,STATUS,alu-flag,1,0x1A,0x1E,0x1161
2.71,CW0300,0x003,STATUS,direct,1,0x1E,0x3E,0x1163
2.71,CW04A5,0x003,STATUS,alu-flag,25,0x00 0x04 0x18 0x19 0x1A 0x1C 0x1D,0x00 0x04 0x18 0x19 0x1C 0x1D,0x0006 0x0008 0x000A 0x000B 0x000D 0x000F 0x0013 0x0029 0x002B 0x002D 0x0031 0x0035 0x01A6 0x01AB 0x01B2 0x01B4 0x01B7
2.71,CW04A5,0x003,STATUS,direct,6,0x00 0x19 0x1A 0x3A,0x00 0x18 0x19 0x1A 0x39 0x3A,0x0006 0x0038 0x01B3 0x1165 0x1167 0x116C
2.71,CW04A5,0x004,FSR,direct,2,0x8C 0xA8,0x8C 0xA8,0x001E 0x002A
2.71,CW04A5,0x007,PORTC,direct,23,0x00 0x04 0x20 0x24,0x00 0x04 0x20 0x24,0x01A9 0x01AE 0x01AF 0x01B0
2.71,CW04A5,0x008,PORTD,direct,8,0x04 0x24 0x44 0x64 0x84 0xA4 0xC4 0xE4,0x04 0x24 0x44 0x64 0x84 0xA4 0xC4 0xE4,0x01B2
2.71,CW04A5,0x00A,PCLATH,direct,4,0x00 0x03 0x13,0x00 0x03 0x13,0x000A 0x0036 0x1169 0x116B
2.71,CW04A5,0x00B,INTCON,direct,3,0x14 0x94 0xD4,0x14 0x94 0xD4,0x01A0 0x01A1 0x01B7
2.71,CW04A5,0x00C,PIR1,direct,1,0x5B,0x59,0x019A
2.71,CW04A5,0x020,RAM_0x020,direct,1,0x08,0x03,0x0009
2.71,CW04A5,0x021,RAM_0x021,direct,1,0xA3,0x91,0x0007
2.71,CW04A5,0x024,RAM_0x024,direct,1,0x35,0xA5,0x0010
2.71,CW04A5,0x031,RAM_0x031,direct,1,0xD2,0xD3,0x018B
2.71,CW04A5,0x048,RAM_0x048,direct,1,0x00,0xA5,0x1168
2.71,CW04A5,0x074,RAM_0x074,direct,9,0x00 0x01 0x02 0x04 0x08 0x10 0x20 0x40 0x80,0x00 0x01 0x02 0x04 0x08 0x10 0x20 0x40 0x80,0x019F 0x01B4
2.71,CW04A5,0x07F,RAM_0x07F,direct,2,0x8F 0xC0,0x0C 0xC0,0x0004 0x0039
2.71,CW0500,0x003,STATUS,alu-flag,8897,0x00 0x04 0x18 0x19 0x1A 0x1B 0x1C 0x1D 0x1E 0x1F 0x38 0x39 0x3A 0x3B 0x3C 0x3D 0x3E 0x3F,0x00 0x04 0x18 0x19 0x1A 0x1B 0x1C 0x1D 0x1E 0x1F 0x38 0x39 0x3A 0x3B 0x3C 0x3D 0x3E 0x3F,0x0006 0x0008 0x000A 0x000B 0x000D 0x000F 0x0011 0x0013 0x0029 0x002B 0x002D 0x002F 0x0031 0x0035 0x01A5 0x01A6 0x01AA 0x01B2 0x01B4 0x01B7 0x03E8 0x03EF 0x03F2 0x03F3 0x03F5 0x03F6 0x03FB 0x03FC 0x03FF 0x0400 0x0401 0x0403 0x0404 0x0409 0x040B 0x040D 0x040E 0x040F 0x0410 0x0419 0x065C 0x067F 0x0680 0x0687 0x0688 0x0695 0x069C 0x06A0 0x06B8 0x06C2 0x06C9 0x06D0 0x0784 0x078D 0x079B 0x07B2 0x07B4 0x07DA 0x07DC 0x0FA0 0x0FA8 0x0FAD 0x0FAF
2.71,CW0500,0x003,STATUS,direct,2458,0x00 0x18 0x19 0x1A 0x1B 0x1C 0x1D 0x1E 0x1F 0x38 0x39 0x3A 0x3B 0x3C 0x3D 0x3E 0x3F 0x58 0x78,0x00 0x18 0x19 0x1A 0x1B 0x1C 0x1D 0x1E 0x1F 0x38 0x3A 0x3B 0x3C 0x3D 0x3E 0x3F 0x58 0x78,0x0006 0x0038 0x01B3 0x03D3 0x03D5 0x03D6 0x03D8 0x03D9 0x03DB 0x03DE 0x03E0 0x03E1 0x03E5 0x03E7 0x040C 0x0418 0x0420 0x0657 0x065F 0x0662 0x0668 0x0681 0x068A 0x068D 0x0698 0x069B 0x06A5 0x06AB 0x06AD 0x06AF 0x06B1 0x06E2 0x06E4 0x06E6 0x06E8 0x06ED 0x06F3 0x0785 0x0787 0x07DB 0x07EB 0x0F99 0x0F9B 0x0F9D 0x0F9F 0x0FA1 0x0FA5 0x0FA7 0x0FAE 0x0FB4 0x0FB5 0x0FB7 0x1004 0x1008
2.71,CW0500,0x004,FSR,direct,384,0x8C 0xA8,0x8C 0xA8,0x001E 0x002A
2.71,CW0500,0x007,PORTC,direct,2896,0x20 0x24,0x20 0x24,0x01AF 0x01B0
2.71,CW0500,0x008,PORTD,direct,1448,0x04 0x24 0x44 0x64 0x84 0xA4 0xC4 0xE4,0x04 0x24 0x44 0x64 0x84 0xA4 0xC4 0xE4,0x01B2
2.71,CW0500,0x00A,PCLATH,direct,751,0x00 0x03 0x0B 0x13,0x00 0x03 0x0B 0x13,0x000A 0x0036 0x07EC 0x08C6 0x1000 0x1002 0x1006 0x1007
2.71,CW0500,0x00B,INTCON,direct,546,0x14 0x94 0xD4,0x14 0x94 0xD4,0x01A0 0x01A1 0x01B7 0x06E9 0x06EA 0x06F4
2.71,CW0500,0x00C,PIR1,direct,192,0x5B,0x59,0x019A
2.71,CW0500,0x020,RAM_0x020,direct,13,0x03 0x08 0x0B,0x03 0x0B,0x0009
2.71,CW0500,0x021,RAM_0x021,direct,55,0x81 0x83 0x87 0x91 0xA3 0xB1 0xB3 0xC1 0xC3 0xD1 0xD3 0xF1 0xF3,0x81 0x83 0x87 0x91 0xA3 0xB1 0xB3 0xC1 0xC3 0xD1 0xD3 0xF1 0xF3,0x0007
2.71,CW0500,0x023,RAM_0x023,direct,3,0x00 0x01 0x40,0x00 0x01 0x40,0x000E
2.71,CW0500,0x024,RAM_0x024,direct,5,0x00 0x30 0x59 0x9E,0x00 0x2C 0x30 0x59 0x9E,0x0010
2.71,CW0500,0x025,RAM_0x025,direct,3,0x08 0x10 0x24,0x08 0x10 0x24,0x0012
2.71,CW0500,0x031,RAM_0x031,direct,192,0x00 0x01 0x02 0x03 0x04 0x05 0x06 0x07 0x08 0x09 0x0A 0x0B 0x0C 0x0D 0x0E 0x0F 0x10 0x11 0x12 0x13 0x14 0x15 0x16 0x17 0x18 0x19 0x1A 0x1B 0x1C 0x1D 0x1E 0x1F 0x20 0x21 0x22 0x23 0x24 0x25 0x26 0x27 0x28 0x29 0x2A 0x2B 0x2C 0x2D 0x2E 0x2F 0x30 0x31 0x32 0x33 0x34 0x35 0x36 0x37 0x38 0x39 0x3A 0x3B 0x3C 0x3D 0x3E 0x3F 0x40 0x41 0x42 0x43 0x44 0x45 0x46 0x47 0x48 0x49 0x4A 0x4B 0x4C 0x4D 0x4E 0x4F 0x50 0x51 0x52 0x53 0x54 0x55 0x56 0x57 0x58 0x59 0x5A 0x5B 0x5C 0x5D 0x5E 0x5F 0x60 0x61 0x62 0x63 0x64 0x65 0x66 0x67 0x68 0x69 0x6A 0x6B 0x6C 0x6D 0x6E 0x6F 0x70 0x71 0x72 0x73 0x74 0x75 0x76 0x77 0x78 0x79 0x7A 0x7B 0x7C 0x7D 0x7E 0x7F 0x80 0x81 0x82 0x83 0x84 0x85 0x86 0x87 0x88 0x89 0x8A 0x8B 0x8C 0x8D 0x8E 0x8F 0x90 0x91 0xD2 0xD3 0xD4 0xD5 0xD6 0xD7 0xD8 0xD9 0xDA 0xDB 0xDC 0xDD 0xDE 0xDF 0xE0 0xE1 0xE2 0xE3 0xE4 0xE5 0xE6 0xE7 0xE8 0xE9 0xEA 0xEB 0xEC 0xED 0xEE 0xEF 0xF0 0xF1 0xF2 0xF3 0xF4 0xF5 0xF6 0xF7 0xF8 0xF9 0xFA 0xFB 0xFC 0xFD 0xFE 0xFF,0x00 0x01 0x02 0x03 0x04 0x05 0x06 0x07 0x08 0x09 0x0A 0x0B 0x0C 0x0D 0x0E 0x0F 0x10 0x11 0x12 0x13 0x14 0x15 0x16 0x17 0x18 0x19 0x1A 0x1B 0x1C 0x1D 0x1E 0x1F 0x20 0x21 0x22 0x23 0x24 0x25 0x26 0x27 0x28 0x29 0x2A 0x2B 0x2C 0x2D 0x2E 0x2F 0x30 0x31 0x32 0x33 0x34 0x35 0x36 0x37 0x38 0x39 0x3A 0x3B 0x3C 0x3D 0x3E 0x3F 0x40 0x41 0x42 0x43 0x44 0x45 0x46 0x47 0x48 0x49 0x4A 0x4B 0x4C 0x4D 0x4E 0x4F 0x50 0x51 0x52 0x53 0x54 0x55 0x56 0x57 0x58 0x59 0x5A 0x5B 0x5C 0x5D 0x5E 0x5F 0x60 0x61 0x62 0x63 0x64 0x65 0x66 0x67 0x68 0x69 0x6A 0x6B 0x6C 0x6D 0x6E 0x6F 0x70 0x71 0x72 0x73 0x74 0x75 0x76 0x77 0x78 0x79 0x7A 0x7B 0x7C 0x7D 0x7E 0x7F 0x80 0x81 0x82 0x83 0x84 0x85 0x86 0x87 0x88 0x89 0x8A 0x8B 0x8C 0x8D 0x8E 0x8F 0x90 0x91 0x92 0xD3 0xD4 0xD5 0xD6 0xD7 0xD8 0xD9 0xDA 0xDB 0xDC 0xDD 0xDE 0xDF 0xE0 0xE1 0xE2 0xE3 0xE4 0xE5 0xE6 0xE7 0xE8 0xE9 0xEA 0xEB 0xEC 0xED 0xEE 0xEF 0xF0 0xF1 0xF2 0xF3 0xF4 0xF5 0xF6 0xF7 0xF8 0xF9 0xFA 0xFB 0xFC 0xFD 0xFE 0xFF,0x018B
2.71,CW0500,0x032,RAM_0x032,direct,1,0x03,0x04,0x018E
2.71,CW0500,0x03E,RAM_0x03E,direct,2,0x1F 0x24,0x1F 0x24,0x06C5 0x06C9
2.71,CW0500,0x074,RAM_0x074,direct,1629,0x00 0x01 0x02 0x04 0x08 0x10 0x20 0x40 0x80,0x00 0x01 0x02 0x04 0x08 0x10 0x20 0x40 0x80,0x019F 0x01B4
2.71,CW0500,0x077,RAM_0x077,direct,31,0x00 0x01 0x02 0x04 0x08 0x10 0x20 0x40 0x80,0x00 0x01 0x02 0x04 0x08 0x10 0x20 0x40 0x80,0x03F4 0x0402
2.71,CW0500,0x078,RAM_0x078,direct,5,0x00 0x30 0x59 0x8E 0x9E,0x2C 0x30 0x59 0x8E 0x9E,0x03E4 0x041D 0x06A2
2.71,CW0500,0x079,RAM_0x079,direct,4,0x08 0x10 0x13 0x24,0x08 0x10 0x13 0x24,0x041F 0x06A4
2.71,CW0500,0x07F,RAM_0x07F,direct,312,0x00 0x01 0x03 0x04 0x06 0x0C 0x10 0x2F 0x30 0x40 0x60 0x90 0xAF 0xC0 0xF2 0xFA,0x00 0x01 0x03 0x04 0x06 0x0C 0x10 0x2F 0x30 0x40 0x60 0xAF 0xC0 0xF2 0xFA,0x0004 0x0039
2.71,CW0500,0x0D0,RAM_0x0D0,direct,3,0x18 0x20 0x30,0x06 0x18 0x20,0x06B0 0x06E7 0x1005
2.71,CW0500,0x0D1,RAM_0x0D1,direct,3,0x1C 0x1F 0x30,0x06 0x1C 0x1F,0x06AC 0x06E3 0x0F9E
2.71,CW0500,0x0D2,RAM_0x0D2,direct,4,0x00 0x2C 0x59 0x9E,0x00 0x2C 0x59 0x9E,0x0665 0x0690 0x069C 0x0FA2
2.71,CW0500,0x0D3,RAM_0x0D3,direct,4,0x00 0x08 0x10 0x24,0x00 0x08 0x10 0x24,0x0663 0x068E 0x06A0 0x0786
2.71,CW0500,0x0D4,RAM_0x0D4,direct,1,0x00,0xFF,0x0682
2.71,CW0500,0x0DA,RAM_0x0DA,direct,29,0x08 0x0B 0x10 0x16 0x1C 0x20 0x21 0x2C 0x38 0x42 0x59 0x6E 0x70 0x84 0x85 0x99 0x9E 0xC2 0xE1,0x08 0x0B 0x10 0x16 0x1C 0x20 0x21 0x2C 0x38 0x42 0x59 0x6E 0x70 0x84 0x85 0x9E 0xC2 0xE1,0x03D4 0x040E 0x065B 0x0667 0x0686 0x0694
2.71,CW0500,0x0DB,RAM_0x0DB,direct,18,0x00 0x01 0x02 0x03 0x04 0x07 0x08 0x0E 0x1C 0x30 0x77,0x00 0x01 0x02 0x03 0x04 0x07 0x08 0x0E 0x1C 0x30,0x03E2 0x040D 0x0659 0x0684 0x0692
2.71,CW0500,0x0DC,RAM_0x0DC,direct,3,0x26 0x59 0xFF,0x26 0x59 0xFF,0x065E 0x0689 0x0697
2.71,CW0500,0x0DE,RAM_0x0DE,direct,18,0x00 0x08 0x10 0x2B 0x56 0x59 0x6D 0x85 0x8E 0x94 0x9B 0x9E 0xA6 0xE9,0x00 0x08 0x10 0x2B 0x56 0x59 0x6D 0x85 0x8E 0x94 0x9B 0x9E 0xA6 0xE9,0x03EA 0x03FB
2.71,CW0500,0x0DF,RAM_0x0DF,direct,13,0x00 0x07 0x08 0x0C 0x0E 0x0F 0x10 0x11 0x13,0x00 0x07 0x08 0x0C 0x0E 0x0F 0x10 0x11 0x13,0x03E9 0x03FF
2.71,CW0500,0x0E0,RAM_0x0E0,direct,27,0x00 0x01 0x02 0x04 0x08 0x10 0x20 0x40 0x80,0x00 0x01 0x02 0x04 0x08 0x10 0x20 0x40 0x80,0x03EC 0x0419
2.71,CW0500,0x0E1,RAM_0x0E1,direct,15,0x00 0x04 0x08 0x10 0x20 0x28 0x30 0x32 0x34 0x80,0x00 0x04 0x08 0x10 0x20 0x28 0x30 0x32 0x34 0x80,0x03E8 0x0409 0x040B
2.71,CW0500,0x0E2,RAM_0x0E2,direct,27,0x00 0x01 0x02 0x03 0x04 0x05 0x06 0x07 0x08,0x00 0x01 0x02 0x03 0x04 0x05 0x06 0x07 0x08,0x03ED 0x041A
2.71,CW0500,0x10D,EEADR,direct,1,0x99,0x9E,0x03DA
2.71,CW0600,0x003,STATUS,alu-flag,29,0x00 0x04 0x18 0x1C 0x1D 0x1E 0x38 0x39 0x3A,0x00 0x04 0x18 0x19 0x1C 0x39 0x3C 0x3D 0x3E,0x0006 0x0008 0x000A 0x000B 0x000D 0x0011 0x0013 0x0029 0x002B 0x002F 0x0031 0x0035 0x01E5 0x01EC 0x01F6 0x01F9 0x01FD
2.71,CW0600,0x003,STATUS,direct,42,0x00 0x18 0x19 0x1A 0x38 0x3A 0x3C 0x3D 0x3E,0x00 0x18 0x19 0x1A 0x1C 0x1D 0x1E 0x38 0x39 0x3A,0x0006 0x0038 0x01E3 0x01E8 0x01EB 0x01EF 0x01F1 0x01F2 0x01F7 0x01F8 0x01FC 0x1174
2.71,CW0600,0x004,FSR,direct,2,0x8C 0xA8,0x8C 0xA8,0x001E 0x002A
2.71,CW0600,0x007,PORTC,direct,4,0x04 0x24,0x04 0x24,0x01E9 0x01F0
2.71,CW0600,0x008,PORTD,direct,24,0x00 0x04 0x20 0x24 0x40 0x44 0x60 0x64 0x80 0x84 0xA0 0xA4 0xC0 0xC4 0xE0 0xE4,0x00 0x04 0x20 0x24 0x40 0x44 0x60 0x64 0x80 0x84 0xA0 0xA4 0xC0 0xC4 0xE0 0xE4,0x01F3 0x01F4 0x01F6
2.71,CW0600,0x00A,PCLATH,direct,4,0x00 0x03 0x13,0x00 0x03 0x13,0x000A 0x0036 0x1171 0x1173
2.71,CW0600,0x00B,INTCON,direct,3,0x14 0x94 0xD4,0x14 0x94 0xD4,0x01DC 0x01DD 0x01FD
2.71,CW0600,0x00C,PIR1,direct,1,0x5B,0x59,0x019A
2.71,CW0600,0x020,RAM_0x020,direct,1,0x08,0x03,0x0009
2.71,CW0600,0x021,RAM_0x021,direct,1,0xB3,0x91,0x0007
2.71,CW0600,0x024,RAM_0x024,direct,1,0x30,0x00,0x0010
2.71,CW0600,0x031,RAM_0x031,direct,1,0xD2,0xD3,0x018B
2.71,CW0600,0x056,RAM_0x056,direct,1,0x80,0xA0,0x026A
2.71,CW0600,0x07F,RAM_0x07F,direct,2,0x90 0xC0,0x0C 0xC0,0x0004 0x0039
2.71,CW0600,0x0D4,RAM_0x0D4,direct,9,0x00 0x01 0x02 0x04 0x08 0x10 0x20 0x40 0x80,0x00 0x01 0x02 0x04 0x08 0x10 0x20 0x40 0x80,0x01E4 0x01F9
2.71,CW0700,0x003,STATUS,alu-flag,37,0x00 0x04 0x18 0x1A 0x1C 0x1D 0x1E 0x1F 0x38 0x39 0x3B,0x00 0x04 0x18 0x19 0x1B 0x1C 0x1E 0x1F 0x39 0x3C 0x3D 0x3F,0x0006 0x0008 0x000A 0x000B 0x000D 0x0011 0x0013 0x0029 0x002B 0x002F 0x0031 0x0035 0x01E1 0x01E5 0x01EC 0x01F6 0x01F9 0x01FD 0x028F 0x0FD3 0x0FD4
2.71,CW0700,0x003,STATUS,direct,48,0x00 0x18 0x19 0x1B 0x1F 0x38 0x3B 0x3C 0x3D 0x3F,0x00 0x18 0x19 0x1B 0x1C 0x1D 0x1F 0x38 0x39 0x3B 0x3F,0x0006 0x0038 0x01E3 0x01E8 0x01EB 0x01EF 0x01F1 0x01F2 0x01F7 0x01F8 0x01FC 0x026D 0x027A 0x027D 0x028A 0x028E 0x0290 0x0292 0x0294 0x117B
2.71,CW0700,0x004,FSR,direct,2,0x8C 0xA8,0x8C 0xA8,0x001E 0x002A
2.71,CW0700,0x007,PORTC,direct,2,0x04 0x24,0x04 0x24,0x01E9 0x01F0
2.71,CW0700,0x008,PORTD,direct,24,0x00 0x04 0x20 0x24 0x40 0x44 0x60 0x64 0x80 0x84 0xA0 0xA4 0xC0 0xC4 0xE0 0xE4,0x00 0x04 0x20 0x24 0x40 0x44 0x60 0x64 0x80 0x84 0xA0 0xA4 0xC0 0xC4 0xE0 0xE4,0x01F3 0x01F4 0x01F6
2.71,CW0700,0x00A,PCLATH,direct,10,0x00 0x03 0x0B 0x13 0x1B,0x00 0x03 0x0B 0x13 0x1B,0x000A 0x0036 0x0FD7 0x0FD9 0x0FDB 0x0FDD 0x1176 0x1177 0x1179 0x117A
2.71,CW0700,0x00B,INTCON,direct,3,0x14 0x94 0xD4,0x14 0x94 0xD4,0x01DC 0x01DD 0x01FD
2.71,CW0700,0x00C,PIR1,direct,1,0x5B,0x59,0x019A
2.71,CW0700,0x020,RAM_0x020,direct,1,0x08,0x03,0x0009
2.71,CW0700,0x021,RAM_0x021,direct,1,0xB3,0x91,0x0007
2.71,CW0700,0x024,RAM_0x024,direct,1,0x30,0x00,0x0010
2.71,CW0700,0x031,RAM_0x031,direct,1,0xD2,0xD3,0x018B
2.71,CW0700,0x07F,RAM_0x07F,direct,2,0x90 0xC0,0x0C 0xC0,0x0004 0x0039
2.71,CW0700,0x0D4,RAM_0x0D4,direct,9,0x00 0x01 0x02 0x04 0x08 0x10 0x20 0x40 0x80,0x00 0x01 0x02 0x04 0x08 0x10 0x20 0x40 0x80,0x01E4 0x01F9
2.71,CW0832,0x003,STATUS,direct,3,0x1A 0x3A,0x1A 0x3A,0x117D 0x117F 0x1181
2.71,CW0832,0x029,RAM_0x029,direct,1,0x19,0x32,0x1180
2.71,CW0940,0x003,STATUS,alu-flag,169,0x00 0x04 0x18 0x1C 0x38 0x39 0x3A 0x3B 0x3C 0x3D 0x3E 0x3F,0x00 0x04 0x18 0x1C 0x38 0x39 0x3A 0x3B 0x3C 0x3D 0x3E 0x3F,0x0006 0x0008 0x000A 0x000B 0x000D 0x000F 0x0011 0x0013 0x0029 0x002B 0x002D 0x002F 0x0031 0x0035 0x03BE 0x03BF 0x03C2 0x03C3 0x03C6 0x03C9 0x03CA 0x03CB 0x04AA 0x04B1 0x04B2 0x04B4 0x04B5 0x04B8 0x04B9 0x04BC 0x04BD 0x04C3 0x051E 0x0520 0x0527 0x052A 0x052C 0x052D 0x0533 0x1184 0x1185 0x1187 0x1189 0x118B 0x1192 0x1195 0x1197 0x1199
2.71,CW0940,0x003,STATUS,direct,23,0x00 0x18 0x1A 0x1B 0x1C 0x1E 0x38 0x3B 0x3C 0x3E,0x00 0x18 0x1B 0x1C 0x1E 0x38 0x3A 0x3B 0x3C 0x3E,0x0006 0x0038 0x03BA 0x03CE 0x04A6 0x04C8 0x051D 0x0525 0x0528 0x0534 0x053D 0x053F 0x0543 0x0544 0x1183 0x118F 0x1193 0x119C 0x119F
2.71,CW0940,0x004,FSR,direct,6,0x8C 0xA8,0x8C 0xA8,0x001E 0x002A
2.71,CW0940,0x00A,PCLATH,direct,10,0x00 0x03 0x13,0x00 0x03 0x13,0x000A 0x0036 0x118E 0x1191 0x119B 0x119E
2.71,CW0940,0x00C,PIR1,direct,3,0x5B,0x59,0x019A
2.71,CW0940,0x020,RAM_0x020,direct,2,0x03 0x08,0x03 0x13,0x0009
2.71,CW0940,0x021,RAM_0x021,direct,3,0x83 0xB3 0xC3,0x83 0xB3 0xC3,0x0007
2.71,CW0940,0x023,RAM_0x023,direct,2,0x00 0x01,0x00 0x01,0x000E
2.71,CW0940,0x024,RAM_0x024,direct,3,0x00 0x09 0x30,0x00 0x09 0x40,0x0010
2.71,CW0940,0x025,RAM_0x025,direct,2,0x24 0xC0,0x00 0xC0,0x0012
2.71,CW0940,0x031,RAM_0x031,direct,3,0xD2 0xD3 0xD4,0xD3 0xD4 0xD5,0x018B
2.71,CW0940,0x033,RAM_0x033,direct,1,0x57,0x40,0x0540
2.71,CW0940,0x077,RAM_0x077,direct,12,0x00 0x01 0x03 0x06 0x0C 0x18,0x00 0x01 0x03 0x06 0x0C 0x18,0x03C3 0x03C9 0x04B2 0x04BD
2.71,CW0940,0x078,RAM_0x078,direct,21,0x00 0x01 0x02 0x04 0x08 0x09 0x10 0x12 0x20 0x22 0x24 0x40 0x44 0x48 0x88 0x91,0x00 0x01 0x02 0x04 0x08 0x09 0x10 0x12 0x20 0x22 0x24 0x40 0x44 0x48 0x88 0x91,0x03CB 0x04C3
2.71,CW0940,0x079,RAM_0x079,direct,14,0x00 0x01 0x02 0x04 0x06 0x09 0x0C 0x12 0x18 0x24 0x30 0x60 0x80 0xC0,0x00 0x01 0x02 0x04 0x06 0x09 0x0C 0x12 0x18 0x30 0x60 0x80 0xC0,0x03CA 0x04A3
2.71,CW0940,0x07F,RAM_0x07F,direct,4,0x00 0x50 0x9E 0xE9,0x00 0x9E 0xE9,0x0004 0x0039
2.71,CW0940,0x0CC,RAM_0x0CC,direct,1,0x69,0x40,0x1186
2.71,CW0940,0x0CE,RAM_0x0CE,direct,1,0x40,0x00,0x1196
2.71,CW0940,0x0CF,RAM_0x0CF,direct,1,0x34,0x06,0x1194
2.71,CW0940,0x0D2,RAM_0x0D2,direct,1,0x00,0x40,0x052B
2.71,CW0940,0x0D3,RAM_0x0D3,direct,2,0x00 0x06,0x00 0x06,0x0529 0x1198
2.71,CW0940,0x0D5,RAM_0x0D5,direct,8,0x00 0x06 0x0C 0x18 0x30 0x60 0x80 0xC0,0x00 0x06 0x0C 0x18 0x30 0x60 0x80 0xC0,0x04B1 0x051F
2.71,CW0940,0x0D6,RAM_0x0D6,direct,10,0x00 0x01 0x02 0x04 0x08 0x10 0x18 0x20 0x40 0x80,0x00 0x01 0x02 0x04 0x08 0x10 0x18 0x20 0x40 0x80,0x03BF 0x0524 0x118A
2.71,CW0940,0x0D7,RAM_0x0D7,direct,10,0x00 0x10 0x20 0x22 0x40 0x44 0x48 0x80 0x88 0x91,0x00 0x10 0x20 0x22 0x40 0x44 0x48 0x80 0x88 0x91,0x03BE 0x0522
2.71,CW0940,0x0D8,RAM_0x0D8,direct,18,0x00 0x01 0x02 0x03 0x04 0x05 0x06 0x07 0x08 0x09 0x0A 0x0B 0x0C 0x0D 0x0E 0x0F 0x10 0x18,0x00 0x01 0x02 0x03 0x04 0x05 0x06 0x07 0x08 0x09 0x0A 0x0B 0x0C 0x0D 0x0E 0x0F 0x10 0x18,0x04AE 0x04C5 0x118D
2.71,CW0940,0x0DA,RAM_0x0DA,direct,17,0x01 0x02 0x03 0x04 0x05 0x06 0x07 0x08 0x09 0x0A 0x0B 0x0C 0x0D 0x0E 0x0F 0x10 0x99,0x00 0x01 0x02 0x03 0x04 0x05 0x06 0x07 0x08 0x09 0x0A 0x0B 0x0C 0x0D 0x0E 0x0F 0x10,0x03BB 0x03CC
2.71,CW0A00,0x003,STATUS,alu-flag,8810,0x00 0x04 0x18 0x19 0x1A 0x1B 0x1C 0x1D 0x1E 0x1F 0x38 0x39 0x3A 0x3C 0x3D 0x3F,0x00 0x04 0x18 0x19 0x1A 0x1B 0x1C 0x1D 0x1E 0x1F 0x39 0x3B 0x3C 0x3D 0x3E 0x3F,0x0006 0x0008 0x000A 0x000B 0x000D 0x0011 0x0013 0x0029 0x002B 0x002F 0x0031 0x0035 0x01A5 0x01A6 0x01AA 0x01B2 0x01B4 0x01B7 0x01E5 0x01EC 0x01F6 0x01F9 0x01FD 0x0784 0x078D 0x079B 0x07B2 0x07B4 0x07DA 0x07DC 0x0F9C 0x0FA0 0x0FA8 0x0FAD 0x0FAF
2.71,CW0A00,0x003,STATUS,direct,2472,0x00 0x18 0x19 0x1A 0x1B 0x1C 0x1D 0x1F 0x38 0x39 0x3A 0x3B 0x3C 0x3D 0x3E 0x3F,0x00 0x18 0x19 0x1A 0x1B 0x1C 0x1D 0x1E 0x1F 0x38 0x39 0x3A 0x3B 0x3C 0x3D 0x3F,0x0006 0x0038 0x01B3 0x01E3 0x01E8 0x01EB 0x01EF 0x01F1 0x01F2 0x01F7 0x01F8 0x01FC 0x0785 0x0787 0x07DB 0x07EB 0x0F99 0x0F9B 0x0F9D 0x0F9F 0x0FA1 0x0FA5 0x0FA7 0x0FAE 0x0FB4 0x0FB5 0x0FB7 0x1096 0x109A
2.71,CW0A00,0x004,FSR,direct,384,0x8C 0xA8,0x8C 0xA8,0x001E 0x002A
2.71,CW0A00,0x007,PORTC,direct,2964,0x04 0x20 0x24,0x04 0x20 0x24,0x01AF 0x01B0 0x01E9 0x01F0
2.71,CW0A00,0x008,PORTD,direct,1504,0x00 0x04 0x20 0x24 0x40 0x44 0x60 0x64 0x80 0x84 0xA0 0xA4 0xC0 0xC4 0xE0 0xE4,0x00 0x04 0x20 0x24 0x40 0x44 0x60 0x64 0x80 0x84 0xA0 0xA4 0xC0 0xC4 0xE0 0xE4,0x01B2 0x01F3 0x01F4 0x01F6
2.71,CW0A00,0x00A,PCLATH,direct,759,0x00 0x03 0x0B 0x13,0x00 0x03 0x0B 0x13,0x000A 0x0036 0x07EC 0x08C6 0x1092 0x1094 0x1098 0x1099
2.71,CW0A00,0x00B,INTCON,direct,560,0x14 0x94 0xD4,0x14 0x94 0xD4,0x01A0 0x01A1 0x01B7 0x01DC 0x01DD 0x01FD
2.71,CW0A00,0x00C,PIR1,direct,192,0x5B,0x59,0x019A
2.71,CW0A00,0x020,RAM_0x020,direct,13,0x03 0x08 0x0B,0x03 0x0B,0x0009
2.71,CW0A00,0x021,RAM_0x021,direct,52,0x81 0x91 0xA3 0xB1 0xB3 0xC1 0xC3 0xD3 0xF1 0xF3,0x81 0x91 0xB1 0xB3 0xC1 0xC3 0xD3 0xF1 0xF3,0x0007
2.71,CW0A00,0x024,RAM_0x024,direct,1,0x30,0x00,0x0010
2.71,CW0A00,0x031,RAM_0x031,direct,192,0x00 0x01 0x02 0x03 0x04 0x05 0x06 0x07 0x08 0x09 0x0A 0x0B 0x0C 0x0D 0x0E 0x0F 0x10 0x11 0x12 0x13 0x14 0x15 0x16 0x17 0x18 0x19 0x1A 0x1B 0x1C 0x1D 0x1E 0x1F 0x20 0x21 0x22 0x23 0x24 0x25 0x26 0x27 0x28 0x29 0x2A 0x2B 0x2C 0x2D 0x2E 0x2F 0x30 0x31 0x32 0x33 0x34 0x35 0x36 0x37 0x38 0x39 0x3A 0x3B 0x3C 0x3D 0x3E 0x3F 0x40 0x41 0x42 0x43 0x44 0x45 0x46 0x47 0x48 0x49 0x4A 0x4B 0x4C 0x4D 0x4E 0x4F 0x50 0x51 0x52 0x53 0x54 0x55 0x56 0x57 0x58 0x59 0x5A 0x5B 0x5C 0x5D 0x5E 0x5F 0x60 0x61 0x62 0x63 0x64 0x65 0x66 0x67 0x68 0x69 0x6A 0x6B 0x6C 0x6D 0x6E 0x6F 0x70 0x71 0x72 0x73 0x74 0x75 0x76 0x77 0x78 0x79 0x7A 0x7B 0x7C 0x7D 0x7E 0x7F 0x80 0x81 0x82 0x83 0x84 0x85 0x86 0x87 0x88 0x89 0x8A 0x8B 0x8C 0x8D 0x8E 0x8F 0x90 0x91 0xD2 0xD3 0xD4 0xD5 0xD6 0xD7 0xD8 0xD9 0xDA 0xDB 0xDC 0xDD 0xDE 0xDF 0xE0 0xE1 0xE2 0xE3 0xE4 0xE5 0xE6 0xE7 0xE8 0xE9 0xEA 0xEB 0xEC 0xED 0xEE 0xEF 0xF0 0xF1 0xF2 0xF3 0xF4 0xF5 0xF6 0xF7 0xF8 0xF9 0xFA 0xFB 0xFC 0xFD 0xFE 0xFF,0x00 0x01 0x02 0x03 0x04 0x05 0x06 0x07 0x08 0x09 0x0A 0x0B 0x0C 0x0D 0x0E 0x0F 0x10 0x11 0x12 0x13 0x14 0x15 0x16 0x17 0x18 0x19 0x1A 0x1B 0x1C 0x1D 0x1E 0x1F 0x20 0x21 0x22 0x23 0x24 0x25 0x26 0x27 0x28 0x29 0x2A 0x2B 0x2C 0x2D 0x2E 0x2F 0x30 0x31 0x32 0x33 0x34 0x35 0x36 0x37 0x38 0x39 0x3A 0x3B 0x3C 0x3D 0x3E 0x3F 0x40 0x41 0x42 0x43 0x44 0x45 0x46 0x47 0x48 0x49 0x4A 0x4B 0x4C 0x4D 0x4E 0x4F 0x50 0x51 0x52 0x53 0x54 0x55 0x56 0x57 0x58 0x59 0x5A 0x5B 0x5C 0x5D 0x5E 0x5F 0x60 0x61 0x62 0x63 0x64 0x65 0x66 0x67 0x68 0x69 0x6A 0x6B 0x6C 0x6D 0x6E 0x6F 0x70 0x71 0x72 0x73 0x74 0x75 0x76 0x77 0x78 0x79 0x7A 0x7B 0x7C 0x7D 0x7E 0x7F 0x80 0x81 0x82 0x83 0x84 0x85 0x86 0x87 0x88 0x89 0x8A 0x8B 0x8C 0x8D 0x8E 0x8F 0x90 0x91 0x92 0xD3 0xD4 0xD5 0xD6 0xD7 0xD8 0xD9 0xDA 0xDB 0xDC 0xDD 0xDE 0xDF 0xE0 0xE1 0xE2 0xE3 0xE4 0xE5 0xE6 0xE7 0xE8 0xE9 0xEA 0xEB 0xEC 0xED 0xEE 0xEF 0xF0 0xF1 0xF2 0xF3 0xF4 0xF5 0xF6 0xF7 0xF8 0xF9 0xFA 0xFB 0xFC 0xFD 0xFE 0xFF,0x018B
2.71,CW0A00,0x032,RAM_0x032,direct,1,0x03,0x04,0x018E
2.71,CW0A00,0x056,RAM_0x056,direct,1,0x80,0xA0,0x026A
2.71,CW0A00,0x074,RAM_0x074,direct,1666,0x00 0x01 0x02 0x04 0x08 0x10 0x20 0x40 0x80,0x00 0x01 0x02 0x04 0x08 0x10 0x20 0x40 0x80,0x019F 0x01B4
2.71,CW0A00,0x07F,RAM_0x07F,direct,304,0x00 0x01 0x0C 0x10 0x12 0x21 0x2F 0xC0 0xEE 0xF2 0xFF,0x00 0x01 0x0C 0x10 0x12 0x21 0x2F 0xC0 0xEE 0xF2,0x0004 0x0039
2.71,CW0A00,0x0D0,RAM_0x0D0,direct,1,0x30,0x12,0x1097
2.71,CW0A00,0x0D1,RAM_0x0D1,direct,1,0x30,0x12,0x0F9E
2.71,CW0A00,0x0D4,RAM_0x0D4,direct,9,0x00 0x01 0x02 0x04 0x08 0x10 0x20 0x40 0x80,0x00 0x01 0x02 0x04 0x08 0x10 0x20 0x40 0x80,0x01E4 0x01F9
2.71,CW0B20,0x003,STATUS,alu-flag,9,0x1A 0x1B 0x1E 0x38 0x3A 0x3C 0x3D 0x3F,0x18 0x1A 0x3B 0x3C 0x3D 0x3E 0x3F,0x0624 0x0626 0x062A 0x062B 0x063C 0x11AD
2.71,CW0B20,0x003,STATUS,direct,15,0x18 0x1A 0x1B 0x38 0x3B 0x3E,0x18 0x1B 0x1E 0x38 0x3A 0x3B,0x0629 0x0638 0x0639 0x063B 0x0645 0x0647 0x0649 0x064B 0x064D 0x064F 0x0651 0x0653 0x11A9 0x11B2 0x11B5
2.71,CW0B20,0x00A,PCLATH,direct,2,0x03 0x13,0x03 0x13,0x11B1 0x11B4
2.71,CW0B20,0x03F,RAM_0x03F,direct,1,0x2C,0x68,0x064C
2.71,CW0B20,0x040,RAM_0x040,direct,1,0x24,0x01,0x0648
2.71,CW0B20,0x041,RAM_0x041,direct,1,0x20,0x68,0x0654
2.71,CW0B20,0x042,RAM_0x042,direct,1,0x1C,0x01,0x0650
2.71,CW0B20,0x043,RAM_0x043,direct,1,0x21,0x01,0x0655
2.71,CW0B20,0x0CE,RAM_0x0CE,direct,2,0x02 0x20,0x00 0x02,0x11AB 0x11AD
2.71,CW0B20,0x0D2,RAM_0x0D2,direct,1,0x00,0x68,0x0637
2.71,CW0B20,0x0D3,RAM_0x0D3,direct,1,0x00,0x01,0x0635
2.71,CW0C00,0x003,STATUS,alu-flag,312,0x00 0x04 0x18 0x19 0x1B 0x1C 0x1D 0x1F 0x38 0x39 0x3A 0x3B 0x3C 0x3D 0x3E 0x3F,0x00 0x04 0x18 0x19 0x1B 0x1C 0x1D 0x1F 0x38 0x39 0x3A 0x3B 0x3C 0x3D 0x3E 0x3F,0x0006 0x0008 0x000A 0x000B 0x000D 0x000F 0x0011 0x0013 0x0029 0x002B 0x002D 0x002F 0x0031 0x0035 0x03E8 0x03EF 0x03F2 0x03F3 0x03F5 0x03F6 0x03FB 0x03FC 0x03FF 0x0400 0x0401 0x0403 0x0404 0x0409 0x040B 0x040D 0x040E 0x040F 0x0410 0x0419 0x065C 0x067F 0x0680 0x0687 0x0688 0x0695 0x069C 0x06A0 0x06B8 0x06C2 0x06C9 0x06D0
2.71,CW0C00,0x003,STATUS,direct,80,0x00 0x18 0x1A 0x1B 0x1C 0x1E 0x38 0x39 0x3A 0x3B 0x3C 0x3D 0x3E 0x3F 0x58 0x78,0x00 0x18 0x1A 0x1B 0x1C 0x1E 0x38 0x3A 0x3B 0x3C 0x3E 0x58 0x78,0x0006 0x0038 0x03D3 0x03D5 0x03D6 0x03D8 0x03D9 0x03DB 0x03DE 0x03E0 0x03E1 0x03E5 0x03E7 0x040C 0x0418 0x0420 0x0657 0x065F 0x0662 0x0668 0x0681 0x068A 0x068D 0x0698 0x069B 0x06A5 0x06AB 0x06AD 0x06AF 0x06B1 0x06E2 0x06E4 0x06E6 0x06E8 0x06ED 0x06F3 0x11C1
2.71,CW0C00,0x004,FSR,direct,10,0x8C 0xA8,0x8C 0xA8,0x001E 0x002A
2.71,CW0C00,0x00A,PCLATH,direct,12,0x00 0x03 0x13,0x00 0x03 0x13,0x000A 0x0036 0x11B7 0x11B9
2.71,CW0C00,0x00B,INTCON,direct,3,0x14 0x94 0xD4,0x14 0x94 0xD4,0x06E9 0x06EA 0x06F4
2.71,CW0C00,0x00C,PIR1,direct,5,0x5B,0x59,0x019A
2.71,CW0C00,0x020,RAM_0x020,direct,1,0x08,0x03,0x0009
2.71,CW0C00,0x021,RAM_0x021,direct,5,0x87 0xA3 0xB3,0x83 0x87 0xA3 0xB3,0x0007
2.71,CW0C00,0x023,RAM_0x023,direct,2,0x00 0x08,0x00 0x08,0x000E
2.71,CW0C00,0x024,RAM_0x024,direct,4,0x00 0x30 0x59,0x00 0x30 0x59 0x9E,0x0010
2.71,CW0C00,0x025,RAM_0x025,direct,2,0x08 0x24,0x08 0x10,0x0012
2.71,CW0C00,0x031,RAM_0x031,direct,5,0xD2 0xD3 0xD4 0xD5 0xD6,0xD3 0xD4 0xD5 0xD6 0xD7,0x018B
2.71,CW0C00,0x03E,RAM_0x03E,direct,2,0x1F 0x24,0x1F 0x24,0x06C5 0x06C9
2.71,CW0C00,0x077,RAM_0x077,direct,31,0x00 0x01 0x02 0x04 0x08 0x10 0x20 0x40 0x80,0x00 0x01 0x02 0x04 0x08 0x10 0x20 0x40 0x80,0x03F4 0x0402
2.71,CW0C00,0x078,RAM_0x078,direct,5,0x00 0x30 0x59 0x8E 0x9E,0x2C 0x30 0x59 0x8E 0x9E,0x03E4 0x041D 0x06A2
2.71,CW0C00,0x079,RAM_0x079,direct,4,0x08 0x10 0x13 0x24,0x08 0x10 0x13 0x24,0x041F 0x06A4
2.71,CW0C00,0x07F,RAM_0x07F,direct,10,0x01 0x04 0x10 0x40 0x78 0x9E 0xE9 0xFF,0x01 0x04 0x10 0x40 0x78 0x87 0x9E 0xE9,0x0004 0x0039
2.71,CW0C00,0x0D0,RAM_0x0D0,direct,2,0x20 0x30,0x18 0x20,0x06B0 0x06E7
2.71,CW0C00,0x0D1,RAM_0x0D1,direct,2,0x1C 0x30,0x1C 0x1F,0x06AC 0x06E3
2.71,CW0C00,0x0D2,RAM_0x0D2,direct,3,0x00 0x59 0x9E,0x2C 0x59 0x9E,0x0665 0x0690 0x069C
2.71,CW0C00,0x0D3,RAM_0x0D3,direct,3,0x00 0x08 0x10,0x08 0x10 0x24,0x0663 0x068E 0x06A0
2.71,CW0C00,0x0D4,RAM_0x0D4,direct,1,0x00,0xFF,0x0682
2.71,CW0C00,0x0DA,RAM_0x0DA,direct,29,0x08 0x0B 0x10 0x16 0x1C 0x20 0x21 0x2C 0x38 0x42 0x59 0x6E 0x70 0x84 0x85 0x99 0x9E 0xC2 0xE1,0x08 0x0B 0x10 0x16 0x1C 0x20 0x21 0x2C 0x38 0x42 0x59 0x6E 0x70 0x84 0x85 0x9E 0xC2 0xE1,0x03D4 0x040E 0x065B 0x0667 0x0686 0x0694
2.71,CW0C00,0x0DB,RAM_0x0DB,direct,18,0x00 0x01 0x02 0x03 0x04 0x07 0x08 0x0E 0x1C 0x30 0x77,0x00 0x01 0x02 0x03 0x04 0x07 0x08 0x0E 0x1C 0x30,0x03E2 0x040D 0x0659 0x0684 0x0692
2.71,CW0C00,0x0DC,RAM_0x0DC,direct,3,0x26 0x59 0xFF,0x26 0x59 0xFF,0x065E 0x0689 0x0697
2.71,CW0C00,0x0DE,RAM_0x0DE,direct,18,0x00 0x08 0x10 0x2B 0x56 0x59 0x6D 0x85 0x8E 0x94 0x9B 0x9E 0xA6 0xE9,0x00 0x08 0x10 0x2B 0x56 0x59 0x6D 0x85 0x8E 0x94 0x9B 0x9E 0xA6 0xE9,0x03EA 0x03FB
2.71,CW0C00,0x0DF,RAM_0x0DF,direct,13,0x00 0x07 0x08 0x0C 0x0E 0x0F 0x10 0x11 0x13,0x00 0x07 0x08 0x0C 0x0E 0x0F 0x10 0x11 0x13,0x03E9 0x03FF
2.71,CW0C00,0x0E0,RAM_0x0E0,direct,27,0x00 0x01 0x02 0x04 0x08 0x10 0x20 0x40 0x80,0x00 0x01 0x02 0x04 0x08 0x10 0x20 0x40 0x80,0x03EC 0x0419
2.71,CW0C00,0x0E1,RAM_0x0E1,direct,15,0x00 0x04 0x08 0x10 0x20 0x28 0x30 0x32 0x34 0x80,0x00 0x04 0x08 0x10 0x20 0x28 0x30 0x32 0x34 0x80,0x03E8 0x0409 0x040B
2.71,CW0C00,0x0E2,RAM_0x0E2,direct,27,0x00 0x01 0x02 0x03 0x04 0x05 0x06 0x07 0x08,0x00 0x01 0x02 0x03 0x04 0x05 0x06 0x07 0x08,0x03ED 0x041A
2.71,CW0C00,0x10D,EEADR,direct,1,0x99,0x9E,0x03DA
2.71,CW0D00,0x003,STATUS,alu-flag,58,0x00 0x04 0x18 0x1C 0x1D 0x1E 0x38 0x39 0x3A,0x00 0x04 0x18 0x19 0x1C 0x39 0x3C 0x3D 0x3E,0x0006 0x0008 0x000A 0x000B 0x000D 0x0011 0x0013 0x0029 0x002B 0x002F 0x0031 0x0035 0x01E5 0x01EC 0x01F6 0x01F9 0x01FD
2.71,CW0D00,0x003,STATUS,direct,93,0x00 0x18 0x19 0x1A 0x38 0x39 0x3A 0x3C 0x3D 0x3E,0x00 0x18 0x19 0x1A 0x1C 0x1D 0x1E 0x38 0x39 0x3A,0x0006 0x0038 0x01E3 0x01E8 0x01EB 0x01EF 0x01F1 0x01F2 0x01F7 0x01F8 0x01FC 0x026D 0x0271 0x027D 0x0281 0x0FE0 0x0FE3 0x0FE7 0x0FEA 0x11C9 0x11CC 0x11D6
2.71,CW0D00,0x004,FSR,direct,4,0x8C 0xA8,0x8C 0xA8,0x001E 0x002A
2.71,CW0D00,0x007,PORTC,direct,10,0x04 0x05 0x24 0x25,0x04 0x05 0x24 0x25 0x27,0x01E9 0x01F0 0x0277 0x0287
2.71,CW0D00,0x008,PORTD,direct,48,0x00 0x04 0x20 0x24 0x40 0x44 0x60 0x64 0x80 0x84 0xA0 0xA4 0xC0 0xC4 0xE0 0xE4,0x00 0x04 0x20 0x24 0x40 0x44 0x60 0x64 0x80 0x84 0xA0 0xA4 0xC0 0xC4 0xE0 0xE4,0x01F3 0x01F4 0x01F6
2.71,CW0D00,0x00A,PCLATH,direct,12,0x00 0x03 0x0B 0x13 0x1B,0x00 0x03 0x0B 0x13 0x1B,0x000A 0x0036 0x0FE2 0x0FE5 0x0FE9 0x0FEC 0x11C3 0x11C4 0x11C6 0x11C7
2.71,CW0D00,0x00B,INTCON,direct,6,0x14 0x94 0xD4,0x14 0x94 0xD4,0x01DC 0x01DD 0x01FD
2.71,CW0D00,0x00C,PIR1,direct,2,0x5B,0x59,0x019A
2.71,CW0D00,0x019,TXREG,direct,2,0x00 0x49,0x0A 0x49,0x11D1 0x11D5
2.71,CW0D00,0x020,RAM_0x020,direct,1,0x08,0x03,0x0009
2.71,CW0D00,0x021,RAM_0x021,direct,1,0xA3,0x91,0x0007
2.71,CW0D00,0x024,RAM_0x024,direct,1,0x30,0x00,0x0010
2.71,CW0D00,0x02D,RAM_0x02D,direct,1,0x07,0x87,0x0FF3
2.71,CW0D00,0x031,RAM_0x031,direct,2,0xD2 0xD3,0xD3 0xD4,0x018B
2.71,CW0D00,0x056,RAM_0x056,direct,1,0x80,0xA0,0x026A
2.71,CW0D00,0x07F,RAM_0x07F,direct,4,0x0C 0xC0 0xFF,0x0C 0xC0,0x0004 0x0039
2.71,CW0D00,0x0C2,RAM_0x0C2,direct,1,0x00,0x82,0x11CA
2.71,CW0D00,0x0D3,RAM_0x0D3,direct,1,0x00,0x01,0x0FE1
2.71,CW0D00,0x0D4,RAM_0x0D4,direct,18,0x00 0x01 0x02 0x04 0x08 0x10 0x20 0x40 0x80,0x00 0x01 0x02 0x04 0x08 0x10 0x20 0x40 0x80,0x01E4 0x01F9
2.71,CW0E14,0x003,STATUS,direct,3,0x1A 0x3A,0x1A 0x3A,0x11D8 0x11DA 0x11DD
2.71,CW0E14,0x052,RAM_0x052,direct,1,0x00,0x14,0x11DB
2.71,CW0E14,0x05D,RAM_0x05D,direct,1,0x00,0x80,0x11DC
2.71,CW0F00,0x003,STATUS,alu-flag,3,0x3A 0x3E 0x3F,0x3B 0x3E 0x3F,0x11E0 0x11E1
2.71,CW0F00,0x003,STATUS,direct,1,0x1A,0x3A,0x11DF
