version,index,action,address,name,via,count,values,pcs
2.02,0x00,read,0x003,STATUS,direct,78,0x04 0x18 0x1B 0x1C 0x38 0x3B 0x3C,0x0005 0x0017 0x0018 0x01E6 0x0307 0x030B 0x0316 0x031D 0x0324 0x0326 0x0329 0x0338 0x033B 0x033D 0x0340 0x0D8F 0x0D93 0x0D96 0x0D9A 0x0DA5 0x0DAC 0x0DB4 0x0DBC 0x0DC4 0x0DCC 0x0DD4 0x0DDC 0x0DFD 0x0E20 0x0E43 0x0E61 0x0E69 0x0E71 0x0E79 0x0E81 0x0E89 0x0E91 0x0E97 0x0EA4 0x0EA9 0x0EAD 0x0EB5 0x0EC2 0x0EC5 0x0ECB
2.02,0x00,read,0x004,FSR,direct,1,0x62,0x000B
2.02,0x00,read,0x00A,PCLATH,direct,11,0x00 0x08,0x0008 0x0042 0x0043 0x01EB 0x01EC 0x0D92 0x0D95 0x0D99 0x0D9C 0x0EC1 0x0EC4
2.02,0x00,read,0x00B,INTCON,direct,2,0x54,0x0019 0x001B
2.02,0x00,read,0x00C,PIR1,direct,16,0x58 0x5A,0x0021 0x0027 0x01EA 0x0317 0x0330 0x0335 0x0344 0x0D8C 0x0D9F
2.02,0x00,read,0x020,RAM_0x020,direct,1,0x00,0x0035
2.02,0x00,read,0x021,RAM_0x021,direct,1,0x83,0x0037
2.02,0x00,read,0x022,RAM_0x022,direct,1,0x62,0x0029
2.02,0x00,read,0x023,RAM_0x023,direct,1,0x00,0x002B
2.02,0x00,read,0x024,RAM_0x024,direct,1,0x00,0x002D
2.02,0x00,read,0x025,RAM_0x025,direct,1,0x11,0x002F
2.02,0x00,read,0x026,RAM_0x026,direct,1,0x00,0x0031
2.02,0x00,read,0x027,RAM_0x027,direct,1,0x00,0x0033
2.02,0x00,read,0x030,RAM_0x030,direct,1,0x00,0x0EAE
2.02,0x00,read,0x031,RAM_0x031,direct,1,0x8C,0x01DB
2.02,0x00,read,0x038,RAM_0x038,direct,1,0x00,0x01E5
2.02,0x00,read,0x04C,RAM_0x04C,direct,1,0x20,0x01DF
2.02,0x00,read,0x050,RAM_0x050,direct,2,0x00,0x032C 0x0DA3
2.02,0x00,read,0x062,RAM_0x062,indirect,1,0x00,0x0EBB
2.02,0x00,read,0x077,RAM_0x077,direct,1,0x00,0x000D
2.02,0x00,read,0x078,RAM_0x078,direct,1,0x00,0x000F
2.02,0x00,read,0x079,RAM_0x079,direct,1,0x11,0x0011
2.02,0x00,read,0x07A,RAM_0x07A,direct,1,0x00,0x0013
2.02,0x00,read,0x07B,RAM_0x07B,direct,1,0x00,0x0015
2.02,0x00,read,0x07E,RAM_0x07E,direct,1,0x0F,0x0EAB
2.02,0x00,read,0x07F,RAM_0x07F,direct,2,0x03 0x30,0x0039 0x003A
2.02,0x00,read,0x08C,PIE1,indirect,2,0x22,0x001F 0x0025
2.02,0x00,read,0x0A0,RAM_0x0A0,direct,24,0x00,0x0DA6 0x0DAA 0x0DB2 0x0DBA 0x0DC2 0x0DCA 0x0DD2 0x0DDA 0x0DFB 0x0E1E 0x0E41 0x0E5F 0x0E67 0x0E6F 0x0E77 0x0E7F 0x0E87 0x0E8F 0x0E95 0x0EA2 0x0EA7 0x0EB6 0x0EB9 0x0EC7
2.02,0x00,read,0x0CA,RAM_0x0CA,direct,1,0x00,0x0EC9
2.02,0x00,read,0x0CB,RAM_0x0CB,direct,1,0x00,0x0D90
2.02,0x00,read,0x0CC,RAM_0x0CC,direct,2,0x00 0x10,0x0D97 0x0EBD
2.02,0x00,read,0x0CD,RAM_0x0CD,direct,1,0x00,0x0EBF
2.02,0x00,read,0x0D6,RAM_0x0D6,direct,1,0x10,0x0339
2.02,0x00,read,0x0D7,RAM_0x0D7,direct,1,0x00,0x033E
2.02,0x00,read,0x0D8,RAM_0x0D8,direct,8,0x00 0x10,0x031E 0x0327
2.02,0x00,read,0x0D9,RAM_0x0D9,direct,8,0x00 0x01,0x0321 0x0322
2.02,0x00,read,0x0DA,RAM_0x0DA,direct,24,0x00 0x01 0x10,0x0308 0x0309 0x0312
2.02,0x00,read,0x0DB,RAM_0x0DB,direct,8,0x30 0x31,0x0314
2.02,0x00,write,0x003,STATUS,direct,50,0x00 0x04 0x18 0x1B 0x1C 0x38 0x3B 0x3C,0x0006 0x0017 0x0018 0x0038 0x0307 0x0316 0x031D 0x0324 0x0326 0x0329 0x0338 0x033B 0x033D 0x0340 0x0D8F 0x0D93 0x0D96 0x0D9A 0x0DA5 0x0EAD 0x0EB5 0x0EC2 0x0EC5 0x0ECB
2.02,0x00,write,0x004,FSR,direct,4,0x62 0x8C,0x001E 0x0024 0x002A 0x0EBA
2.02,0x00,write,0x00A,PCLATH,direct,12,0x00 0x08,0x000A 0x0036 0x0042 0x0043 0x01EB 0x01EC 0x0D92 0x0D95 0x0D99 0x0D9C 0x0EC1 0x0EC4
2.02,0x00,write,0x00C,PIR1,direct,1,0x58,0x01EA
2.02,0x00,write,0x019,TXREG,direct,13,0x0A 0x30 0x31 0x44 0x54 0x57,0x031B 0x0332 0x0337 0x0346 0x0D8E 0x0DA1
2.02,0x00,write,0x020,RAM_0x020,direct,1,0x00,0x0009
2.02,0x00,write,0x021,RAM_0x021,direct,1,0x83,0x0007
2.02,0x00,write,0x022,RAM_0x022,direct,1,0x62,0x000C
2.02,0x00,write,0x023,RAM_0x023,direct,1,0x00,0x000E
2.02,0x00,write,0x024,RAM_0x024,direct,1,0x00,0x0010
2.02,0x00,write,0x025,RAM_0x025,direct,1,0x11,0x0012
2.02,0x00,write,0x026,RAM_0x026,direct,1,0x00,0x0014
2.02,0x00,write,0x027,RAM_0x027,direct,1,0x00,0x0016
2.02,0x00,write,0x031,RAM_0x031,direct,1,0x8D,0x01DB
2.02,0x00,write,0x038,RAM_0x038,direct,1,0x00,0x01E5
2.02,0x00,write,0x077,RAM_0x077,direct,1,0x00,0x002C
2.02,0x00,write,0x078,RAM_0x078,direct,1,0x00,0x002E
2.02,0x00,write,0x079,RAM_0x079,direct,1,0x11,0x0030
2.02,0x00,write,0x07A,RAM_0x07A,direct,1,0x00,0x0032
2.02,0x00,write,0x07B,RAM_0x07B,direct,1,0x00,0x0034
2.02,0x00,write,0x07F,RAM_0x07F,direct,2,0x03 0x30,0x0004 0x0039
2.02,0x00,write,0x0CB,RAM_0x0CB,direct,1,0x00,0x0EC8
2.02,0x00,write,0x0CC,RAM_0x0CC,direct,2,0x00 0x10,0x0EB7 0x0ECA
2.02,0x00,write,0x0CD,RAM_0x0CD,direct,1,0x00,0x0EBC
2.02,0x00,write,0x0D6,RAM_0x0D6,direct,1,0x10,0x0EBE
2.02,0x00,write,0x0D7,RAM_0x0D7,direct,1,0x00,0x0EC0
2.02,0x00,write,0x0D8,RAM_0x0D8,direct,4,0x00 0x10,0x033A 0x033F 0x0D91 0x0D98
2.02,0x00,write,0x0D9,RAM_0x0D9,direct,8,0x00 0x01,0x031F 0x0321
2.02,0x00,write,0x0DA,RAM_0x0DA,direct,16,0x00 0x01 0x10,0x0308 0x0323 0x0328
2.02,0x00,write,0x0DB,RAM_0x0DB,direct,8,0x30 0x31,0x0313
2.02,0x01,read,0x003,STATUS,direct,78,0x04 0x18 0x1B 0x1C 0x38 0x39 0x3B 0x3C,0x0005 0x0017 0x0018 0x01E6 0x0307 0x030B 0x0316 0x031D 0x0324 0x0326 0x0329 0x0338 0x033B 0x033D 0x0340 0x0D8F 0x0D93 0x0D96 0x0D9A 0x0DA5 0x0DAC 0x0DB4 0x0DBC 0x0DC4 0x0DCC 0x0DD4 0x0DDC 0x0DFD 0x0E20 0x0E43 0x0E61 0x0E69 0x0E71 0x0E79 0x0E81 0x0E89 0x0E91 0x0E97 0x0EA4 0x0EA9 0x0EAD 0x0EB5 0x0EC2 0x0EC5 0x0ECB
2.02,0x01,read,0x004,FSR,direct,1,0x63,0x000B
2.02,0x01,read,0x00A,PCLATH,direct,11,0x00 0x08,0x0008 0x0042 0x0043 0x01EB 0x01EC 0x0D92 0x0D95 0x0D99 0x0D9C 0x0EC1 0x0EC4
2.02,0x01,read,0x00B,INTCON,direct,2,0x54,0x0019 0x001B
2.02,0x01,read,0x00C,PIR1,direct,16,0x58 0x5A,0x0021 0x0027 0x01EA 0x0317 0x0330 0x0335 0x0344 0x0D8C 0x0D9F
2.02,0x01,read,0x020,RAM_0x020,direct,1,0x00,0x0035
2.02,0x01,read,0x021,RAM_0x021,direct,1,0x83,0x0037
2.02,0x01,read,0x022,RAM_0x022,direct,1,0x63,0x0029
2.02,0x01,read,0x023,RAM_0x023,direct,1,0x00,0x002B
2.02,0x01,read,0x024,RAM_0x024,direct,1,0x00,0x002D
2.02,0x01,read,0x025,RAM_0x025,direct,1,0x11,0x002F
2.02,0x01,read,0x026,RAM_0x026,direct,1,0x00,0x0031
2.02,0x01,read,0x027,RAM_0x027,direct,1,0x00,0x0033
2.02,0x01,read,0x030,RAM_0x030,direct,1,0x00,0x0EAE
2.02,0x01,read,0x031,RAM_0x031,direct,1,0x8C,0x01DB
2.02,0x01,read,0x038,RAM_0x038,direct,1,0x00,0x01E5
2.02,0x01,read,0x04C,RAM_0x04C,direct,1,0x20,0x01DF
2.02,0x01,read,0x050,RAM_0x050,direct,2,0x00,0x032C 0x0DA3
2.02,0x01,read,0x063,RAM_0x063,indirect,1,0x00,0x0EBB
2.02,0x01,read,0x077,RAM_0x077,direct,1,0x00,0x000D
2.02,0x01,read,0x078,RAM_0x078,direct,1,0x00,0x000F
2.02,0x01,read,0x079,RAM_0x079,direct,1,0x11,0x0011
2.02,0x01,read,0x07A,RAM_0x07A,direct,1,0x00,0x0013
2.02,0x01,read,0x07B,RAM_0x07B,direct,1,0x00,0x0015
2.02,0x01,read,0x07E,RAM_0x07E,direct,1,0x0F,0x0EAB
2.02,0x01,read,0x07F,RAM_0x07F,direct,2,0x03 0x30,0x0039 0x003A
2.02,0x01,read,0x08C,PIE1,indirect,2,0x22,0x001F 0x0025
2.02,0x01,read,0x0A0,RAM_0x0A0,direct,24,0x01,0x0DA6 0x0DAA 0x0DB2 0x0DBA 0x0DC2 0x0DCA 0x0DD2 0x0DDA 0x0DFB 0x0E1E 0x0E41 0x0E5F 0x0E67 0x0E6F 0x0E77 0x0E7F 0x0E87 0x0E8F 0x0E95 0x0EA2 0x0EA7 0x0EB6 0x0EB9 0x0EC7
2.02,0x01,read,0x0A1,RAM_0x0A1,direct,1,0x41,0x0DA8
2.02,0x01,read,0x0CA,RAM_0x0CA,direct,1,0x41,0x0EC9
2.02,0x01,read,0x0CB,RAM_0x0CB,direct,1,0x01,0x0D90
2.02,0x01,read,0x0CC,RAM_0x0CC,direct,2,0x11 0x41,0x0D97 0x0EBD
2.02,0x01,read,0x0CD,RAM_0x0CD,direct,1,0x00,0x0EBF
2.02,0x01,read,0x0D6,RAM_0x0D6,direct,1,0x11,0x0339
2.02,0x01,read,0x0D7,RAM_0x0D7,direct,1,0x00,0x033E
2.02,0x01,read,0x0D8,RAM_0x0D8,direct,8,0x00 0x01 0x11 0x41,0x031E 0x0327
2.02,0x01,read,0x0D9,RAM_0x0D9,direct,8,0x00 0x01 0x04 0x10 0x11 0x14,0x0321 0x0322
2.02,0x01,read,0x0DA,RAM_0x0DA,direct,24,0x00 0x01 0x04 0x11 0x41,0x0308 0x0309 0x0312
2.02,0x01,read,0x0DB,RAM_0x0DB,direct,8,0x30 0x31 0x34,0x0314
2.02,0x01,write,0x003,STATUS,direct,50,0x00 0x04 0x18 0x1B 0x1C 0x38 0x3B 0x3C,0x0006 0x0017 0x0018 0x0038 0x0307 0x0316 0x031D 0x0324 0x0326 0x0329 0x0338 0x033B 0x033D 0x0340 0x0D8F 0x0D93 0x0D96 0x0D9A 0x0DA5 0x0EAD 0x0EB5 0x0EC2 0x0EC5 0x0ECB
2.02,0x01,write,0x004,FSR,direct,4,0x63 0x8C,0x001E 0x0024 0x002A 0x0EBA
2.02,0x01,write,0x00A,PCLATH,direct,12,0x00 0x08,0x000A 0x0036 0x0042 0x0043 0x01EB 0x01EC 0x0D92 0x0D95 0x0D99 0x0D9C 0x0EC1 0x0EC4
2.02,0x01,write,0x00C,PIR1,direct,1,0x58,0x01EA
2.02,0x01,write,0x019,TXREG,direct,13,0x0A 0x30 0x31 0x34 0x44 0x54 0x57,0x031B 0x0332 0x0337 0x0346 0x0D8E 0x0DA1
2.02,0x01,write,0x020,RAM_0x020,direct,1,0x00,0x0009
2.02,0x01,write,0x021,RAM_0x021,direct,1,0x83,0x0007
2.02,0x01,write,0x022,RAM_0x022,direct,1,0x63,0x000C
2.02,0x01,write,0x023,RAM_0x023,direct,1,0x00,0x000E
2.02,0x01,write,0x024,RAM_0x024,direct,1,0x00,0x0010
2.02,0x01,write,0x025,RAM_0x025,direct,1,0x11,0x0012
2.02,0x01,write,0x026,RAM_0x026,direct,1,0x00,0x0014
2.02,0x01,write,0x027,RAM_0x027,direct,1,0x00,0x0016
2.02,0x01,write,0x031,RAM_0x031,direct,1,0x8D,0x01DB
2.02,0x01,write,0x038,RAM_0x038,direct,1,0x00,0x01E5
2.02,0x01,write,0x077,RAM_0x077,direct,1,0x00,0x002C
2.02,0x01,write,0x078,RAM_0x078,direct,1,0x00,0x002E
2.02,0x01,write,0x079,RAM_0x079,direct,1,0x11,0x0030
2.02,0x01,write,0x07A,RAM_0x07A,direct,1,0x00,0x0032
2.02,0x01,write,0x07B,RAM_0x07B,direct,1,0x00,0x0034
2.02,0x01,write,0x07F,RAM_0x07F,direct,2,0x03 0x30,0x0004 0x0039
2.02,0x01,write,0x0CA,RAM_0x0CA,direct,1,0x41,0x0DA9
2.02,0x01,write,0x0CB,RAM_0x0CB,direct,1,0x01,0x0EC8
2.02,0x01,write,0x0CC,RAM_0x0CC,direct,2,0x11 0x41,0x0EB7 0x0ECA
2.02,0x01,write,0x0CD,RAM_0x0CD,direct,1,0x00,0x0EBC
2.02,0x01,write,0x0D6,RAM_0x0D6,direct,1,0x11,0x0EBE
2.02,0x01,write,0x0D7,RAM_0x0D7,direct,1,0x00,0x0EC0
2.02,0x01,write,0x0D8,RAM_0x0D8,direct,4,0x00 0x01 0x11 0x41,0x033A 0x033F 0x0D91 0x0D98
2.02,0x01,write,0x0D9,RAM_0x0D9,direct,8,0x00 0x01 0x04 0x10 0x11 0x14,0x031F 0x0321
2.02,0x01,write,0x0DA,RAM_0x0DA,direct,16,0x00 0x01 0x04 0x11 0x41,0x0308 0x0323 0x0328
2.02,0x01,write,0x0DB,RAM_0x0DB,direct,8,0x30 0x31 0x34,0x0313
2.02,0x02,read,0x003,STATUS,direct,80,0x04 0x18 0x1B 0x1C 0x1F 0x38 0x39 0x3B 0x3C 0x3F,0x0005 0x0017 0x0018 0x01E6 0x0307 0x030B 0x0316 0x031D 0x0324 0x0326 0x0329 0x0338 0x033B 0x033D 0x0340 0x0D8F 0x0D93 0x0D96 0x0D9A 0x0DA5 0x0DAC 0x0DAE 0x0DB0 0x0DB4 0x0DBC 0x0DC4 0x0DCC 0x0DD4 0x0DDC 0x0DFD 0x0E20 0x0E43 0x0E61 0x0E69 0x0E71 0x0E79 0x0E81 0x0E89 0x0E91 0x0E97 0x0EA4 0x0EA9 0x0EAD 0x0EB5 0x0EC2 0x0EC5 0x0ECB
2.02,0x02,read,0x004,FSR,direct,1,0x64,0x000B
2.02,0x02,read,0x00A,PCLATH,direct,11,0x00 0x08,0x0008 0x0042 0x0043 0x01EB 0x01EC 0x0D92 0x0D95 0x0D99 0x0D9C 0x0EC1 0x0EC4
2.02,0x02,read,0x00B,INTCON,direct,2,0x54,0x0019 0x001B
2.02,0x02,read,0x00C,PIR1,direct,16,0x58 0x5A,0x0021 0x0027 0x01EA 0x0317 0x0330 0x0335 0x0344 0x0D8C 0x0D9F
2.02,0x02,read,0x020,RAM_0x020,direct,1,0x00,0x0035
2.02,0x02,read,0x021,RAM_0x021,direct,1,0xB3,0x0037
2.02,0x02,read,0x022,RAM_0x022,direct,1,0x64,0x0029
2.02,0x02,read,0x023,RAM_0x023,direct,1,0x00,0x002B
2.02,0x02,read,0x024,RAM_0x024,direct,1,0x00,0x002D
2.02,0x02,read,0x025,RAM_0x025,direct,1,0x11,0x002F
2.02,0x02,read,0x026,RAM_0x026,direct,1,0x00,0x0031
2.02,0x02,read,0x027,RAM_0x027,direct,1,0x00,0x0033
2.02,0x02,read,0x030,RAM_0x030,direct,1,0x00,0x0EAE
2.02,0x02,read,0x031,RAM_0x031,direct,1,0x8C,0x01DB
2.02,0x02,read,0x038,RAM_0x038,direct,1,0x00,0x01E5
2.02,0x02,read,0x04C,RAM_0x04C,direct,1,0x20,0x01DF
2.02,0x02,read,0x050,RAM_0x050,direct,2,0x00,0x032C 0x0DA3
2.02,0x02,read,0x056,RAM_0x056,direct,1,0x00,0x0DAF
2.02,0x02,read,0x064,RAM_0x064,indirect,1,0x00,0x0EBB
2.02,0x02,read,0x077,RAM_0x077,direct,1,0x00,0x000D
2.02,0x02,read,0x078,RAM_0x078,direct,1,0x00,0x000F
2.02,0x02,read,0x079,RAM_0x079,direct,1,0x11,0x0011
2.02,0x02,read,0x07A,RAM_0x07A,direct,1,0x00,0x0013
2.02,0x02,read,0x07B,RAM_0x07B,direct,1,0x00,0x0015
2.02,0x02,read,0x07E,RAM_0x07E,direct,1,0x0F,0x0EAB
2.02,0x02,read,0x07F,RAM_0x07F,direct,2,0x09 0x90,0x0039 0x003A
2.02,0x02,read,0x08C,PIE1,indirect,2,0x22,0x001F 0x0025
2.02,0x02,read,0x0A0,RAM_0x0A0,direct,24,0x02,0x0DA6 0x0DAA 0x0DB2 0x0DBA 0x0DC2 0x0DCA 0x0DD2 0x0DDA 0x0DFB 0x0E1E 0x0E41 0x0E5F 0x0E67 0x0E6F 0x0E77 0x0E7F 0x0E87 0x0E8F 0x0E95 0x0EA2 0x0EA7 0x0EB6 0x0EB9 0x0EC7
2.02,0x02,read,0x0CA,RAM_0x0CA,direct,1,0x00,0x0EC9
2.02,0x02,read,0x0CB,RAM_0x0CB,direct,1,0x02,0x0D90
2.02,0x02,read,0x0CC,RAM_0x0CC,direct,2,0x00 0x12,0x0D97 0x0EBD
2.02,0x02,read,0x0CD,RAM_0x0CD,direct,1,0x00,0x0EBF
2.02,0x02,read,0x0D6,RAM_0x0D6,direct,1,0x12,0x0339
2.02,0x02,read,0x0D7,RAM_0x0D7,direct,1,0x00,0x033E
2.02,0x02,read,0x0D8,RAM_0x0D8,direct,8,0x00 0x02 0x12,0x031E 0x0327
2.02,0x02,read,0x0D9,RAM_0x0D9,direct,8,0x00 0x01 0x20 0x21,0x0321 0x0322
2.02,0x02,read,0x0DA,RAM_0x0DA,direct,24,0x00 0x01 0x02 0x12,0x0308 0x0309 0x0312
2.02,0x02,read,0x0DB,RAM_0x0DB,direct,8,0x30 0x31 0x32,0x0314
2.02,0x02,write,0x003,STATUS,direct,52,0x00 0x04 0x18 0x1B 0x1C 0x1F 0x38 0x3B 0x3C 0x3F,0x0006 0x0017 0x0018 0x0038 0x0307 0x0316 0x031D 0x0324 0x0326 0x0329 0x0338 0x033B 0x033D 0x0340 0x0D8F 0x0D93 0x0D96 0x0D9A 0x0DA5 0x0DAE 0x0DB0 0x0EAD 0x0EB5 0x0EC2 0x0EC5 0x0ECB
2.02,0x02,write,0x004,FSR,direct,4,0x64 0x8C,0x001E 0x0024 0x002A 0x0EBA
2.02,0x02,write,0x00A,PCLATH,direct,12,0x00 0x08,0x000A 0x0036 0x0042 0x0043 0x01EB 0x01EC 0x0D92 0x0D95 0x0D99 0x0D9C 0x0EC1 0x0EC4
2.02,0x02,write,0x00C,PIR1,direct,1,0x58,0x01EA
2.02,0x02,write,0x019,TXREG,direct,13,0x0A 0x30 0x31 0x32 0x44 0x54 0x57,0x031B 0x0332 0x0337 0x0346 0x0D8E 0x0DA1
2.02,0x02,write,0x020,RAM_0x020,direct,1,0x00,0x0009
2.02,0x02,write,0x021,RAM_0x021,direct,1,0xB3,0x0007
2.02,0x02,write,0x022,RAM_0x022,direct,1,0x64,0x000C
2.02,0x02,write,0x023,RAM_0x023,direct,1,0x00,0x000E
2.02,0x02,write,0x024,RAM_0x024,direct,1,0x00,0x0010
2.02,0x02,write,0x025,RAM_0x025,direct,1,0x11,0x0012
2.02,0x02,write,0x026,RAM_0x026,direct,1,0x00,0x0014
2.02,0x02,write,0x027,RAM_0x027,direct,1,0x00,0x0016
2.02,0x02,write,0x031,RAM_0x031,direct,1,0x8D,0x01DB
2.02,0x02,write,0x038,RAM_0x038,direct,1,0x00,0x01E5
2.02,0x02,write,0x077,RAM_0x077,direct,1,0x00,0x002C
2.02,0x02,write,0x078,RAM_0x078,direct,1,0x00,0x002E
2.02,0x02,write,0x079,RAM_0x079,direct,1,0x11,0x0030
2.02,0x02,write,0x07A,RAM_0x07A,direct,1,0x00,0x0032
2.02,0x02,write,0x07B,RAM_0x07B,direct,1,0x00,0x0034
2.02,0x02,write,0x07F,RAM_0x07F,direct,2,0x09 0x90,0x0004 0x0039
2.02,0x02,write,0x0CA,RAM_0x0CA,direct,1,0x00,0x0DB1
2.02,0x02,write,0x0CB,RAM_0x0CB,direct,1,0x02,0x0EC8
2.02,0x02,write,0x0CC,RAM_0x0CC,direct,2,0x00 0x12,0x0EB7 0x0ECA
2.02,0x02,write,0x0CD,RAM_0x0CD,direct,1,0x00,0x0EBC
2.02,0x02,write,0x0D6,RAM_0x0D6,direct,1,0x12,0x0EBE
2.02,0x02,write,0x0D7,RAM_0x0D7,direct,1,0x00,0x0EC0
2.02,0x02,write,0x0D8,RAM_0x0D8,direct,4,0x00 0x02 0x12,0x033A 0x033F 0x0D91 0x0D98
2.02,0x02,write,0x0D9,RAM_0x0D9,direct,8,0x00 0x01 0x20 0x21,0x031F 0x0321
2.02,0x02,write,0x0DA,RAM_0x0DA,direct,16,0x00 0x01 0x02 0x12,0x0308 0x0323 0x0328
2.02,0x02,write,0x0DB,RAM_0x0DB,direct,8,0x30 0x31 0x32,0x0313
2.02,0x03,read,0x003,STATUS,direct,80,0x04 0x18 0x1B 0x1C 0x1F 0x38 0x39 0x3B 0x3C 0x3F,0x0005 0x0017 0x0018 0x01E6 0x0307 0x030B 0x0316 0x031D 0x0324 0x0326 0x0329 0x0338 0x033B 0x033D 0x0340 0x0D8F 0x0D93 0x0D96 0x0D9A 0x0DA5 0x0DAC 0x0DB4 0x0DB6 0x0DB8 0x0DBC 0x0DC4 0x0DCC 0x0DD4 0x0DDC 0x0DFD 0x0E20 0x0E43 0x0E61 0x0E69 0x0E71 0x0E79 0x0E81 0x0E89 0x0E91 0x0E97 0x0EA4 0x0EA9 0x0EAD 0x0EB5 0x0EC2 0x0EC5 0x0ECB
2.02,0x03,read,0x004,FSR,direct,1,0x65,0x000B
2.02,0x03,read,0x00A,PCLATH,direct,11,0x00 0x08,0x0008 0x0042 0x0043 0x01EB 0x01EC 0x0D92 0x0D95 0x0D99 0x0D9C 0x0EC1 0x0EC4
2.02,0x03,read,0x00B,INTCON,direct,2,0x54,0x0019 0x001B
2.02,0x03,read,0x00C,PIR1,direct,16,0x58 0x5A,0x0021 0x0027 0x01EA 0x0317 0x0330 0x0335 0x0344 0x0D8C 0x0D9F
2.02,0x03,read,0x020,RAM_0x020,direct,1,0x00,0x0035
2.02,0x03,read,0x021,RAM_0x021,direct,1,0xB3,0x0037
2.02,0x03,read,0x022,RAM_0x022,direct,1,0x65,0x0029
2.02,0x03,read,0x023,RAM_0x023,direct,1,0x00,0x002B
2.02,0x03,read,0x024,RAM_0x024,direct,1,0x00,0x002D
2.02,0x03,read,0x025,RAM_0x025,direct,1,0x11,0x002F
2.02,0x03,read,0x026,RAM_0x026,direct,1,0x00,0x0031
2.02,0x03,read,0x027,RAM_0x027,direct,1,0x00,0x0033
2.02,0x03,read,0x02E,RAM_0x02E,direct,1,0x00,0x0DB7
2.02,0x03,read,0x030,RAM_0x030,direct,1,0x00,0x0EAE
2.02,0x03,read,0x031,RAM_0x031,direct,1,0x8C,0x01DB
2.02,0x03,read,0x038,RAM_0x038,direct,1,0x00,0x01E5
2.02,0x03,read,0x04C,RAM_0x04C,direct,1,0x20,0x01DF
2.02,0x03,read,0x050,RAM_0x050,direct,2,0x00,0x032C 0x0DA3
2.02,0x03,read,0x065,RAM_0x065,indirect,1,0x00,0x0EBB
2.02,0x03,read,0x077,RAM_0x077,direct,1,0x00,0x000D
2.02,0x03,read,0x078,RAM_0x078,direct,1,0x00,0x000F
2.02,0x03,read,0x079,RAM_0x079,direct,1,0x11,0x0011
2.02,0x03,read,0x07A,RAM_0x07A,direct,1,0x00,0x0013
2.02,0x03,read,0x07B,RAM_0x07B,direct,1,0x00,0x0015
2.02,0x03,read,0x07E,RAM_0x07E,direct,1,0x0F,0x0EAB
2.02,0x03,read,0x07F,RAM_0x07F,direct,2,0x09 0x90,0x0039 0x003A
2.02,0x03,read,0x08C,PIE1,indirect,2,0x22,0x001F 0x0025
2.02,0x03,read,0x0A0,RAM_0x0A0,direct,24,0x03,0x0DA6 0x0DAA 0x0DB2 0x0DBA 0x0DC2 0x0DCA 0x0DD2 0x0DDA 0x0DFB 0x0E1E 0x0E41 0x0E5F 0x0E67 0x0E6F 0x0E77 0x0E7F 0x0E87 0x0E8F 0x0E95 0x0EA2 0x0EA7 0x0EB6 0x0EB9 0x0EC7
2.02,0x03,read,0x0CA,RAM_0x0CA,direct,1,0x00,0x0EC9
2.02,0x03,read,0x0CB,RAM_0x0CB,direct,1,0x03,0x0D90
2.02,0x03,read,0x0CC,RAM_0x0CC,direct,2,0x00 0x13,0x0D97 0x0EBD
2.02,0x03,read,0x0CD,RAM_0x0CD,direct,1,0x00,0x0EBF
2.02,0x03,read,0x0D6,RAM_0x0D6,direct,1,0x13,0x0339
2.02,0x03,read,0x0D7,RAM_0x0D7,direct,1,0x00,0x033E
2.02,0x03,read,0x0D8,RAM_0x0D8,direct,8,0x00 0x03 0x13,0x031E 0x0327
2.02,0x03,read,0x0D9,RAM_0x0D9,direct,8,0x00 0x01 0x30 0x31,0x0321 0x0322
2.02,0x03,read,0x0DA,RAM_0x0DA,direct,24,0x00 0x01 0x03 0x13,0x0308 0x0309 0x0312
2.02,0x03,read,0x0DB,RAM_0x0DB,direct,8,0x30 0x31 0x33,0x0314
2.02,0x03,write,0x003,STATUS,direct,52,0x00 0x04 0x18 0x1B 0x1C 0x1F 0x38 0x3B 0x3C 0x3F,0x0006 0x0017 0x0018 0x0038 0x0307 0x0316 0x031D 0x0324 0x0326 0x0329 0x0338 0x033B 0x033D 0x0340 0x0D8F 0x0D93 0x0D96 0x0D9A 0x0DA5 0x0DB6 0x0DB8 0x0EAD 0x0EB5 0x0EC2 0x0EC5 0x0ECB
2.02,0x03,write,0x004,FSR,direct,4,0x65 0x8C,0x001E 0x0024 0x002A 0x0EBA
2.02,0x03,write,0x00A,PCLATH,direct,12,0x00 0x08,0x000A 0x0036 0x0042 0x0043 0x01EB 0x01EC 0x0D92 0x0D95 0x0D99 0x0D9C 0x0EC1 0x0EC4
2.02,0x03,write,0x00C,PIR1,direct,1,0x58,0x01EA
2.02,0x03,write,0x019,TXREG,direct,13,0x0A 0x30 0x31 0x33 0x44 0x54 0x57,0x031B 0x0332 0x0337 0x0346 0x0D8E 0x0DA1
2.02,0x03,write,0x020,RAM_0x020,direct,1,0x00,0x0009
2.02,0x03,write,0x021,RAM_0x021,direct,1,0xB3,0x0007
2.02,0x03,write,0x022,RAM_0x022,direct,1,0x65,0x000C
2.02,0x03,write,0x023,RAM_0x023,direct,1,0x00,0x000E
2.02,0x03,write,0x024,RAM_0x024,direct,1,0x00,0x0010
2.02,0x03,write,0x025,RAM_0x025,direct,1,0x11,0x0012
2.02,0x03,write,0x026,RAM_0x026,direct,1,0x00,0x0014
2.02,0x03,write,0x027,RAM_0x027,direct,1,0x00,0x0016
2.02,0x03,write,0x031,RAM_0x031,direct,1,0x8D,0x01DB
2.02,0x03,write,0x038,RAM_0x038,direct,1,0x00,0x01E5
2.02,0x03,write,0x077,RAM_0x077,direct,1,0x00,0x002C
2.02,0x03,write,0x078,RAM_0x078,direct,1,0x00,0x002E
2.02,0x03,write,0x079,RAM_0x079,direct,1,0x11,0x0030
2.02,0x03,write,0x07A,RAM_0x07A,direct,1,0x00,0x0032
2.02,0x03,write,0x07B,RAM_0x07B,direct,1,0x00,0x0034
2.02,0x03,write,0x07F,RAM_0x07F,direct,2,0x09 0x90,0x0004 0x0039
2.02,0x03,write,0x0CA,RAM_0x0CA,direct,1,0x00,0x0DB9
2.02,0x03,write,0x0CB,RAM_0x0CB,direct,1,0x03,0x0EC8
2.02,0x03,write,0x0CC,RAM_0x0CC,direct,2,0x00 0x13,0x0EB7 0x0ECA
2.02,0x03,write,0x0CD,RAM_0x0CD,direct,1,0x00,0x0EBC
2.02,0x03,write,0x0D6,RAM_0x0D6,direct,1,0x13,0x0EBE
2.02,0x03,write,0x0D7,RAM_0x0D7,direct,1,0x00,0x0EC0
2.02,0x03,write,0x0D8,RAM_0x0D8,direct,4,0x00 0x03 0x13,0x033A 0x033F 0x0D91 0x0D98
2.02,0x03,write,0x0D9,RAM_0x0D9,direct,8,0x00 0x01 0x30 0x31,0x031F 0x0321
2.02,0x03,write,0x0DA,RAM_0x0DA,direct,16,0x00 0x01 0x03 0x13,0x0308 0x0323 0x0328
2.02,0x03,write,0x0DB,RAM_0x0DB,direct,8,0x30 0x31 0x33,0x0313
2.02,0x04,read,0x003,STATUS,direct,80,0x04 0x18 0x1B 0x1C 0x1F 0x38 0x39 0x3B 0x3C 0x3F,0x0005 0x0017 0x0018 0x01E6 0x0307 0x030B 0x0316 0x031D 0x0324 0x0326 0x0329 0x0338 0x033B 0x033D 0x0340 0x0D8F 0x0D93 0x0D96 0x0D9A 0x0DA5 0x0DAC 0x0DB4 0x0DBC 0x0DBE 0x0DC0 0x0DC4 0x0DCC 0x0DD4 0x0DDC 0x0DFD 0x0E20 0x0E43 0x0E61 0x0E69 0x0E71 0x0E79 0x0E81 0x0E89 0x0E91 0x0E97 0x0EA4 0x0EA9 0x0EAD 0x0EB5 0x0EC2 0x0EC5 0x0ECB
2.02,0x04,read,0x004,FSR,direct,1,0x66,0x000B
2.02,0x04,read,0x00A,PCLATH,direct,11,0x00 0x08,0x0008 0x0042 0x0043 0x01EB 0x01EC 0x0D92 0x0D95 0x0D99 0x0D9C 0x0EC1 0x0EC4
2.02,0x04,read,0x00B,INTCON,direct,2,0x54,0x0019 0x001B
2.02,0x04,read,0x00C,PIR1,direct,16,0x58 0x5A,0x0021 0x0027 0x01EA 0x0317 0x0330 0x0335 0x0344 0x0D8C 0x0D9F
2.02,0x04,read,0x020,RAM_0x020,direct,1,0x00,0x0035
2.02,0x04,read,0x021,RAM_0x021,direct,1,0xB3,0x0037
2.02,0x04,read,0x022,RAM_0x022,direct,1,0x66,0x0029
2.02,0x04,read,0x023,RAM_0x023,direct,1,0x00,0x002B
2.02,0x04,read,0x024,RAM_0x024,direct,1,0x00,0x002D
2.02,0x04,read,0x025,RAM_0x025,direct,1,0x11,0x002F
2.02,0x04,read,0x026,RAM_0x026,direct,1,0x00,0x0031
2.02,0x04,read,0x027,RAM_0x027,direct,1,0x00,0x0033
2.02,0x04,read,0x02F,RAM_0x02F,direct,1,0x00,0x0DBF
2.02,0x04,read,0x030,RAM_0x030,direct,1,0x00,0x0EAE
2.02,0x04,read,0x031,RAM_0x031,direct,1,0x8C,0x01DB
2.02,0x04,read,0x038,RAM_0x038,direct,1,0x00,0x01E5
2.02,0x04,read,0x04C,RAM_0x04C,direct,1,0x20,0x01DF
2.02,0x04,read,0x050,RAM_0x050,direct,2,0x00,0x032C 0x0DA3
2.02,0x04,read,0x066,RAM_0x066,indirect,1,0x00,0x0EBB
2.02,0x04,read,0x077,RAM_0x077,direct,1,0x00,0x000D
2.02,0x04,read,0x078,RAM_0x078,direct,1,0x00,0x000F
2.02,0x04,read,0x079,RAM_0x079,direct,1,0x11,0x0011
2.02,0x04,read,0x07A,RAM_0x07A,direct,1,0x00,0x0013
2.02,0x04,read,0x07B,RAM_0x07B,direct,1,0x00,0x0015
2.02,0x04,read,0x07E,RAM_0x07E,direct,1,0x0F,0x0EAB
2.02,0x04,read,0x07F,RAM_0x07F,direct,2,0x09 0x90,0x0039 0x003A
2.02,0x04,read,0x08C,PIE1,indirect,2,0x22,0x001F 0x0025
2.02,0x04,read,0x0A0,RAM_0x0A0,direct,24,0x04,0x0DA6 0x0DAA 0x0DB2 0x0DBA 0x0DC2 0x0DCA 0x0DD2 0x0DDA 0x0DFB 0x0E1E 0x0E41 0x0E5F 0x0E67 0x0E6F 0x0E77 0x0E7F 0x0E87 0x0E8F 0x0E95 0x0EA2 0x0EA7 0x0EB6 0x0EB9 0x0EC7
2.02,0x04,read,0x0CA,RAM_0x0CA,direct,1,0x00,0x0EC9
2.02,0x04,read,0x0CB,RAM_0x0CB,direct,1,0x04,0x0D90
2.02,0x04,read,0x0CC,RAM_0x0CC,direct,2,0x00 0x14,0x0D97 0x0EBD
2.02,0x04,read,0x0CD,RAM_0x0CD,direct,1,0x00,0x0EBF
2.02,0x04,read,0x0D6,RAM_0x0D6,direct,1,0x14,0x0339
2.02,0x04,read,0x0D7,RAM_0x0D7,direct,1,0x00,0x033E
2.02,0x04,read,0x0D8,RAM_0x0D8,direct,8,0x00 0x04 0x14,0x031E 0x0327
2.02,0x04,read,0x0D9,RAM_0x0D9,direct,8,0x00 0x01 0x40 0x41,0x0321 0x0322
2.02,0x04,read,0x0DA,RAM_0x0DA,direct,24,0x00 0x01 0x04 0x14,0x0308 0x0309 0x0312
2.02,0x04,read,0x0DB,RAM_0x0DB,direct,8,0x30 0x31 0x34,0x0314
2.02,0x04,write,0x003,STATUS,direct,52,0x00 0x04 0x18 0x1B 0x1C 0x1F 0x38 0x3B 0x3C 0x3F,0x0006 0x0017 0x0018 0x0038 0x0307 0x0316 0x031D 0x0324 0x0326 0x0329 0x0338 0x033B 0x033D 0x0340 0x0D8F 0x0D93 0x0D96 0x0D9A 0x0DA5 0x0DBE 0x0DC0 0x0EAD 0x0EB5 0x0EC2 0x0EC5 0x0ECB
2.02,0x04,write,0x004,FSR,direct,4,0x66 0x8C,0x001E 0x0024 0x002A 0x0EBA
2.02,0x04,write,0x00A,PCLATH,direct,12,0x00 0x08,0x000A 0x0036 0x0042 0x0043 0x01EB 0x01EC 0x0D92 0x0D95 0x0D99 0x0D9C 0x0EC1 0x0EC4
2.02,0x04,write,0x00C,PIR1,direct,1,0x58,0x01EA
2.02,0x04,write,0x019,TXREG,direct,13,0x0A 0x30 0x31 0x34 0x44 0x54 0x57,0x031B 0x0332 0x0337 0x0346 0x0D8E 0x0DA1
2.02,0x04,write,0x020,RAM_0x020,direct,1,0x00,0x0009
2.02,0x04,write,0x021,RAM_0x021,direct,1,0xB3,0x0007
2.02,0x04,write,0x022,RAM_0x022,direct,1,0x66,0x000C
2.02,0x04,write,0x023,RAM_0x023,direct,1,0x00,0x000E
2.02,0x04,write,0x024,RAM_0x024,direct,1,0x00,0x0010
2.02,0x04,write,0x025,RAM_0x025,direct,1,0x11,0x0012
2.02,0x04,write,0x026,RAM_0x026,direct,1,0x00,0x0014
2.02,0x04,write,0x027,RAM_0x027,direct,1,0x00,0x0016
2.02,0x04,write,0x031,RAM_0x031,direct,1,0x8D,0x01DB
2.02,0x04,write,0x038,RAM_0x038,direct,1,0x00,0x01E5
2.02,0x04,write,0x077,RAM_0x077,direct,1,0x00,0x002C
2.02,0x04,write,0x078,RAM_0x078,direct,1,0x00,0x002E
2.02,0x04,write,0x079,RAM_0x079,direct,1,0x11,0x0030
2.02,0x04,write,0x07A,RAM_0x07A,direct,1,0x00,0x0032
2.02,0x04,write,0x07B,RAM_0x07B,direct,1,0x00,0x0034
2.02,0x04,write,0x07F,RAM_0x07F,direct,2,0x09 0x90,0x0004 0x0039
2.02,0x04,write,0x0CA,RAM_0x0CA,direct,1,0x00,0x0DC1
2.02,0x04,write,0x0CB,RAM_0x0CB,direct,1,0x04,0x0EC8
2.02,0x04,write,0x0CC,RAM_0x0CC,direct,2,0x00 0x14,0x0EB7 0x0ECA
2.02,0x04,write,0x0CD,RAM_0x0CD,direct,1,0x00,0x0EBC
2.02,0x04,write,0x0D6,RAM_0x0D6,direct,1,0x14,0x0EBE
2.02,0x04,write,0x0D7,RAM_0x0D7,direct,1,0x00,0x0EC0
2.02,0x04,write,0x0D8,RAM_0x0D8,direct,4,0x00 0x04 0x14,0x033A 0x033F 0x0D91 0x0D98
2.02,0x04,write,0x0D9,RAM_0x0D9,direct,8,0x00 0x01 0x40 0x41,0x031F 0x0321
2.02,0x04,write,0x0DA,RAM_0x0DA,direct,16,0x00 0x01 0x04 0x14,0x0308 0x0323 0x0328
2.02,0x04,write,0x0DB,RAM_0x0DB,direct,8,0x30 0x31 0x34,0x0313
2.02,0x05,read,0x003,STATUS,direct,78,0x04 0x18 0x1B 0x1C 0x38 0x39 0x3B 0x3C,0x0005 0x0017 0x0018 0x01E6 0x0307 0x030B 0x0316 0x031D 0x0324 0x0326 0x0329 0x0338 0x033B 0x033D 0x0340 0x0D8F 0x0D93 0x0D96 0x0D9A 0x0DA5 0x0DAC 0x0DB4 0x0DBC 0x0DC4 0x0DCC 0x0DD4 0x0DDC 0x0DFD 0x0E20 0x0E43 0x0E61 0x0E69 0x0E71 0x0E79 0x0E81 0x0E89 0x0E91 0x0E97 0x0EA4 0x0EA9 0x0EAD 0x0EB5 0x0EC2 0x0EC5 0x0ECB
2.02,0x05,read,0x004,FSR,direct,1,0x67,0x000B
2.02,0x05,read,0x00A,PCLATH,direct,11,0x00 0x08,0x0008 0x0042 0x0043 0x01EB 0x01EC 0x0D92 0x0D95 0x0D99 0x0D9C 0x0EC1 0x0EC4
2.02,0x05,read,0x00B,INTCON,direct,2,0x54,0x0019 0x001B
2.02,0x05,read,0x00C,PIR1,direct,16,0x58 0x5A,0x0021 0x0027 0x01EA 0x0317 0x0330 0x0335 0x0344 0x0D8C 0x0D9F
2.02,0x05,read,0x020,RAM_0x020,direct,1,0x00,0x0035
2.02,0x05,read,0x021,RAM_0x021,direct,1,0x83,0x0037
2.02,0x05,read,0x022,RAM_0x022,direct,1,0x67,0x0029
2.02,0x05,read,0x023,RAM_0x023,direct,1,0x00,0x002B
2.02,0x05,read,0x024,RAM_0x024,direct,1,0x00,0x002D
2.02,0x05,read,0x025,RAM_0x025,direct,1,0x11,0x002F
2.02,0x05,read,0x026,RAM_0x026,direct,1,0x00,0x0031
2.02,0x05,read,0x027,RAM_0x027,direct,1,0x00,0x0033
2.02,0x05,read,0x030,RAM_0x030,direct,1,0x00,0x0EAE
2.02,0x05,read,0x031,RAM_0x031,direct,1,0x8C,0x01DB
2.02,0x05,read,0x038,RAM_0x038,direct,1,0x00,0x01E5
2.02,0x05,read,0x04C,RAM_0x04C,direct,1,0x20,0x01DF
2.02,0x05,read,0x050,RAM_0x050,direct,2,0x00,0x032C 0x0DA3
2.02,0x05,read,0x067,RAM_0x067,indirect,1,0x00,0x0EBB
2.02,0x05,read,0x077,RAM_0x077,direct,1,0x00,0x000D
2.02,0x05,read,0x078,RAM_0x078,direct,1,0x00,0x000F
2.02,0x05,read,0x079,RAM_0x079,direct,1,0x11,0x0011
2.02,0x05,read,0x07A,RAM_0x07A,direct,1,0x00,0x0013
2.02,0x05,read,0x07B,RAM_0x07B,direct,1,0x00,0x0015
2.02,0x05,read,0x07E,RAM_0x07E,direct,1,0x0F,0x0EAB
2.02,0x05,read,0x07F,RAM_0x07F,direct,2,0x03 0x30,0x0039 0x003A
2.02,0x05,read,0x08C,PIE1,indirect,2,0x22,0x001F 0x0025
2.02,0x05,read,0x0A0,RAM_0x0A0,direct,24,0x05,0x0DA6 0x0DAA 0x0DB2 0x0DBA 0x0DC2 0x0DCA 0x0DD2 0x0DDA 0x0DFB 0x0E1E 0x0E41 0x0E5F 0x0E67 0x0E6F 0x0E77 0x0E7F 0x0E87 0x0E8F 0x0E95 0x0EA2 0x0EA7 0x0EB6 0x0EB9 0x0EC7
2.02,0x05,read,0x0CA,RAM_0x0CA,direct,1,0x00,0x0EC9
2.02,0x05,read,0x0CB,RAM_0x0CB,direct,1,0x05,0x0D90
2.02,0x05,read,0x0CC,RAM_0x0CC,direct,2,0x00 0x15,0x0D97 0x0EBD
2.02,0x05,read,0x0CD,RAM_0x0CD,direct,1,0x00,0x0EBF
2.02,0x05,read,0x0D6,RAM_0x0D6,direct,1,0x15,0x0339
2.02,0x05,read,0x0D7,RAM_0x0D7,direct,1,0x00,0x033E
2.02,0x05,read,0x0D8,RAM_0x0D8,direct,8,0x00 0x05 0x15,0x031E 0x0327
2.02,0x05,read,0x0D9,RAM_0x0D9,direct,8,0x00 0x01 0x50 0x51,0x0321 0x0322
2.02,0x05,read,0x0DA,RAM_0x0DA,direct,24,0x00 0x01 0x05 0x15,0x0308 0x0309 0x0312
2.02,0x05,read,0x0DB,RAM_0x0DB,direct,8,0x30 0x31 0x35,0x0314
2.02,0x05,write,0x003,STATUS,direct,50,0x00 0x04 0x18 0x1B 0x1C 0x38 0x3B 0x3C,0x0006 0x0017 0x0018 0x0038 0x0307 0x0316 0x031D 0x0324 0x0326 0x0329 0x0338 0x033B 0x033D 0x0340 0x0D8F 0x0D93 0x0D96 0x0D9A 0x0DA5 0x0EAD 0x0EB5 0x0EC2 0x0EC5 0x0ECB
2.02,0x05,write,0x004,FSR,direct,4,0x67 0x8C,0x001E 0x0024 0x002A 0x0EBA
2.02,0x05,write,0x00A,PCLATH,direct,12,0x00 0x08,0x000A 0x0036 0x0042 0x0043 0x01EB 0x01EC 0x0D92 0x0D95 0x0D99 0x0D9C 0x0EC1 0x0EC4
2.02,0x05,write,0x00C,PIR1,direct,1,0x58,0x01EA
2.02,0x05,write,0x019,TXREG,direct,13,0x0A 0x30 0x31 0x35 0x44 0x54 0x57,0x031B 0x0332 0x0337 0x0346 0x0D8E 0x0DA1
2.02,0x05,write,0x020,RAM_0x020,direct,1,0x00,0x0009
2.02,0x05,write,0x021,RAM_0x021,direct,1,0x83,0x0007
2.02,0x05,write,0x022,RAM_0x022,direct,1,0x67,0x000C
2.02,0x05,write,0x023,RAM_0x023,direct,1,0x00,0x000E
2.02,0x05,write,0x024,RAM_0x024,direct,1,0x00,0x0010
2.02,0x05,write,0x025,RAM_0x025,direct,1,0x11,0x0012
2.02,0x05,write,0x026,RAM_0x026,direct,1,0x00,0x0014
2.02,0x05,write,0x027,RAM_0x027,direct,1,0x00,0x0016
2.02,0x05,write,0x031,RAM_0x031,direct,1,0x8D,0x01DB
2.02,0x05,write,0x038,RAM_0x038,direct,1,0x00,0x01E5
2.02,0x05,write,0x077,RAM_0x077,direct,1,0x00,0x002C
2.02,0x05,write,0x078,RAM_0x078,direct,1,0x00,0x002E
2.02,0x05,write,0x079,RAM_0x079,direct,1,0x11,0x0030
2.02,0x05,write,0x07A,RAM_0x07A,direct,1,0x00,0x0032
2.02,0x05,write,0x07B,RAM_0x07B,direct,1,0x00,0x0034
2.02,0x05,write,0x07F,RAM_0x07F,direct,2,0x03 0x30,0x0004 0x0039
2.02,0x05,write,0x0CB,RAM_0x0CB,direct,1,0x05,0x0EC8
2.02,0x05,write,0x0CC,RAM_0x0CC,direct,2,0x00 0x15,0x0EB7 0x0ECA
2.02,0x05,write,0x0CD,RAM_0x0CD,direct,1,0x00,0x0EBC
2.02,0x05,write,0x0D6,RAM_0x0D6,direct,1,0x15,0x0EBE
2.02,0x05,write,0x0D7,RAM_0x0D7,direct,1,0x00,0x0EC0
2.02,0x05,write,0x0D8,RAM_0x0D8,direct,4,0x00 0x05 0x15,0x033A 0x033F 0x0D91 0x0D98
2.02,0x05,write,0x0D9,RAM_0x0D9,direct,8,0x00 0x01 0x50 0x51,0x031F 0x0321
2.02,0x05,write,0x0DA,RAM_0x0DA,direct,16,0x00 0x01 0x05 0x15,0x0308 0x0323 0x0328
2.02,0x05,write,0x0DB,RAM_0x0DB,direct,8,0x30 0x31 0x35,0x0313
2.02,0x06,read,0x003,STATUS,direct,80,0x04 0x18 0x1B 0x1C 0x1F 0x38 0x39 0x3B 0x3C 0x3F,0x0005 0x0017 0x0018 0x01E6 0x0307 0x030B 0x0316 0x031D 0x0324 0x0326 0x0329 0x0338 0x033B 0x033D 0x0340 0x0D8F 0x0D93 0x0D96 0x0D9A 0x0DA5 0x0DAC 0x0DB4 0x0DBC 0x0DC4 0x0DC6 0x0DC8 0x0DCC 0x0DD4 0x0DDC 0x0DFD 0x0E20 0x0E43 0x0E61 0x0E69 0x0E71 0x0E79 0x0E81 0x0E89 0x0E91 0x0E97 0x0EA4 0x0EA9 0x0EAD 0x0EB5 0x0EC2 0x0EC5 0x0ECB
2.02,0x06,read,0x004,FSR,direct,1,0x68,0x000B
2.02,0x06,read,0x00A,PCLATH,direct,11,0x00 0x08,0x0008 0x0042 0x0043 0x01EB 0x01EC 0x0D92 0x0D95 0x0D99 0x0D9C 0x0EC1 0x0EC4
2.02,0x06,read,0x00B,INTCON,direct,2,0x54,0x0019 0x001B
2.02,0x06,read,0x00C,PIR1,direct,16,0x58 0x5A,0x0021 0x0027 0x01EA 0x0317 0x0330 0x0335 0x0344 0x0D8C 0x0D9F
2.02,0x06,read,0x020,RAM_0x020,direct,1,0x00,0x0035
2.02,0x06,read,0x021,RAM_0x021,direct,1,0xB3,0x0037
2.02,0x06,read,0x022,RAM_0x022,direct,1,0x68,0x0029
2.02,0x06,read,0x023,RAM_0x023,direct,1,0x00,0x002B
2.02,0x06,read,0x024,RAM_0x024,direct,1,0x00,0x002D
2.02,0x06,read,0x025,RAM_0x025,direct,1,0x11,0x002F
2.02,0x06,read,0x026,RAM_0x026,direct,1,0x00,0x0031
2.02,0x06,read,0x027,RAM_0x027,direct,1,0x00,0x0033
2.02,0x06,read,0x030,RAM_0x030,direct,1,0x00,0x0EAE
2.02,0x06,read,0x031,RAM_0x031,direct,1,0x8C,0x01DB
2.02,0x06,read,0x034,RAM_0x034,direct,1,0x00,0x0DC7
2.02,0x06,read,0x038,RAM_0x038,direct,1,0x00,0x01E5
2.02,0x06,read,0x04C,RAM_0x04C,direct,1,0x20,0x01DF
2.02,0x06,read,0x050,RAM_0x050,direct,2,0x00,0x032C 0x0DA3
2.02,0x06,read,0x068,RAM_0x068,indirect,1,0x00,0x0EBB
2.02,0x06,read,0x077,RAM_0x077,direct,1,0x00,0x000D
2.02,0x06,read,0x078,RAM_0x078,direct,1,0x00,0x000F
2.02,0x06,read,0x079,RAM_0x079,direct,1,0x11,0x0011
2.02,0x06,read,0x07A,RAM_0x07A,direct,1,0x00,0x0013
2.02,0x06,read,0x07B,RAM_0x07B,direct,1,0x00,0x0015
2.02,0x06,read,0x07E,RAM_0x07E,direct,1,0x0F,0x0EAB
2.02,0x06,read,0x07F,RAM_0x07F,direct,2,0x09 0x90,0x0039 0x003A
2.02,0x06,read,0x08C,PIE1,indirect,2,0x22,0x001F 0x0025
2.02,0x06,read,0x0A0,RAM_0x0A0,direct,24,0x06,0x0DA6 0x0DAA 0x0DB2 0x0DBA 0x0DC2 0x0DCA 0x0DD2 0x0DDA 0x0DFB 0x0E1E 0x0E41 0x0E5F 0x0E67 0x0E6F 0x0E77 0x0E7F 0x0E87 0x0E8F 0x0E95 0x0EA2 0x0EA7 0x0EB6 0x0EB9 0x0EC7
2.02,0x06,read,0x0CA,RAM_0x0CA,direct,1,0x00,0x0EC9
2.02,0x06,read,0x0CB,RAM_0x0CB,direct,1,0x06,0x0D90
2.02,0x06,read,0x0CC,RAM_0x0CC,direct,2,0x00 0x16,0x0D97 0x0EBD
2.02,0x06,read,0x0CD,RAM_0x0CD,direct,1,0x00,0x0EBF
2.02,0x06,read,0x0D6,RAM_0x0D6,direct,1,0x16,0x0339
2.02,0x06,read,0x0D7,RAM_0x0D7,direct,1,0x00,0x033E
2.02,0x06,read,0x0D8,RAM_0x0D8,direct,8,0x00 0x06 0x16,0x031E 0x0327
2.02,0x06,read,0x0D9,RAM_0x0D9,direct,8,0x00 0x01 0x60 0x61,0x0321 0x0322
2.02,0x06,read,0x0DA,RAM_0x0DA,direct,24,0x00 0x01 0x06 0x16,0x0308 0x0309 0x0312
2.02,0x06,read,0x0DB,RAM_0x0DB,direct,8,0x30 0x31 0x36,0x0314
2.02,0x06,write,0x003,STATUS,direct,52,0x00 0x04 0x18 0x1B 0x1C 0x1F 0x38 0x3B 0x3C 0x3F,0x0006 0x0017 0x0018 0x0038 0x0307 0x0316 0x031D 0x0324 0x0326 0x0329 0x0338 0x033B 0x033D 0x0340 0x0D8F 0x0D93 0x0D96 0x0D9A 0x0DA5 0x0DC6 0x0DC8 0x0EAD 0x0EB5 0x0EC2 0x0EC5 0x0ECB
2.02,0x06,write,0x004,FSR,direct,4,0x68 0x8C,0x001E 0x0024 0x002A 0x0EBA
2.02,0x06,write,0x00A,PCLATH,direct,12,0x00 0x08,0x000A 0x0036 0x0042 0x0043 0x01EB 0x01EC 0x0D92 0x0D95 0x0D99 0x0D9C 0x0EC1 0x0EC4
2.02,0x06,write,0x00C,PIR1,direct,1,0x58,0x01EA
2.02,0x06,write,0x019,TXREG,direct,13,0x0A 0x30 0x31 0x36 0x44 0x54 0x57,0x031B 0x0332 0x0337 0x0346 0x0D8E 0x0DA1
2.02,0x06,write,0x020,RAM_0x020,direct,1,0x00,0x0009
2.02,0x06,write,0x021,RAM_0x021,direct,1,0xB3,0x0007
2.02,0x06,write,0x022,RAM_0x022,direct,1,0x68,0x000C
2.02,0x06,write,0x023,RAM_0x023,direct,1,0x00,0x000E
2.02,0x06,write,0x024,RAM_0x024,direct,1,0x00,0x0010
2.02,0x06,write,0x025,RAM_0x025,direct,1,0x11,0x0012
2.02,0x06,write,0x026,RAM_0x026,direct,1,0x00,0x0014
2.02,0x06,write,0x027,RAM_0x027,direct,1,0x00,0x0016
2.02,0x06,write,0x031,RAM_0x031,direct,1,0x8D,0x01DB
2.02,0x06,write,0x038,RAM_0x038,direct,1,0x00,0x01E5
2.02,0x06,write,0x077,RAM_0x077,direct,1,0x00,0x002C
2.02,0x06,write,0x078,RAM_0x078,direct,1,0x00,0x002E
2.02,0x06,write,0x079,RAM_0x079,direct,1,0x11,0x0030
2.02,0x06,write,0x07A,RAM_0x07A,direct,1,0x00,0x0032
2.02,0x06,write,0x07B,RAM_0x07B,direct,1,0x00,0x0034
2.02,0x06,write,0x07F,RAM_0x07F,direct,2,0x09 0x90,0x0004 0x0039
2.02,0x06,write,0x0CA,RAM_0x0CA,direct,1,0x00,0x0DC9
2.02,0x06,write,0x0CB,RAM_0x0CB,direct,1,0x06,0x0EC8
2.02,0x06,write,0x0CC,RAM_0x0CC,direct,2,0x00 0x16,0x0EB7 0x0ECA
2.02,0x06,write,0x0CD,RAM_0x0CD,direct,1,0x00,0x0EBC
2.02,0x06,write,0x0D6,RAM_0x0D6,direct,1,0x16,0x0EBE
2.02,0x06,write,0x0D7,RAM_0x0D7,direct,1,0x00,0x0EC0
2.02,0x06,write,0x0D8,RAM_0x0D8,direct,4,0x00 0x06 0x16,0x033A 0x033F 0x0D91 0x0D98
2.02,0x06,write,0x0D9,RAM_0x0D9,direct,8,0x00 0x01 0x60 0x61,0x031F 0x0321
2.02,0x06,write,0x0DA,RAM_0x0DA,direct,16,0x00 0x01 0x06 0x16,0x0308 0x0323 0x0328
2.02,0x06,write,0x0DB,RAM_0x0DB,direct,8,0x30 0x31 0x36,0x0313
2.02,0x07,read,0x003,STATUS,direct,80,0x04 0x18 0x1B 0x1C 0x1F 0x38 0x39 0x3B 0x3C 0x3F,0x0005 0x0017 0x0018 0x01E6 0x0307 0x030B 0x0316 0x031D 0x0324 0x0326 0x0329 0x0338 0x033B 0x033D 0x0340 0x0D8F 0x0D93 0x0D96 0x0D9A 0x0DA5 0x0DAC 0x0DB4 0x0DBC 0x0DC4 0x0DCC 0x0DCE 0x0DD0 0x0DD4 0x0DDC 0x0DFD 0x0E20 0x0E43 0x0E61 0x0E69 0x0E71 0x0E79 0x0E81 0x0E89 0x0E91 0x0E97 0x0EA4 0x0EA9 0x0EAD 0x0EB5 0x0EC2 0x0EC5 0x0ECB
2.02,0x07,read,0x004,FSR,direct,1,0x69,0x000B
2.02,0x07,read,0x00A,PCLATH,direct,11,0x00 0x08,0x0008 0x0042 0x0043 0x01EB 0x01EC 0x0D92 0x0D95 0x0D99 0x0D9C 0x0EC1 0x0EC4
2.02,0x07,read,0x00B,INTCON,direct,2,0x54,0x0019 0x001B
2.02,0x07,read,0x00C,PIR1,direct,16,0x58 0x5A,0x0021 0x0027 0x01EA 0x0317 0x0330 0x0335 0x0344 0x0D8C 0x0D9F
2.02,0x07,read,0x020,RAM_0x020,direct,1,0x00,0x0035
2.02,0x07,read,0x021,RAM_0x021,direct,1,0xB3,0x0037
2.02,0x07,read,0x022,RAM_0x022,direct,1,0x69,0x0029
2.02,0x07,read,0x023,RAM_0x023,direct,1,0x00,0x002B
2.02,0x07,read,0x024,RAM_0x024,direct,1,0x00,0x002D
2.02,0x07,read,0x025,RAM_0x025,direct,1,0x11,0x002F
2.02,0x07,read,0x026,RAM_0x026,direct,1,0x00,0x0031
2.02,0x07,read,0x027,RAM_0x027,direct,1,0x00,0x0033
2.02,0x07,read,0x029,RAM_0x029,direct,1,0x00,0x0DCF
2.02,0x07,read,0x030,RAM_0x030,direct,1,0x00,0x0EAE
2.02,0x07,read,0x031,RAM_0x031,direct,1,0x8C,0x01DB
2.02,0x07,read,0x038,RAM_0x038,direct,1,0x00,0x01E5
2.02,0x07,read,0x04C,RAM_0x04C,direct,1,0x20,0x01DF
2.02,0x07,read,0x050,RAM_0x050,direct,2,0x00,0x032C 0x0DA3
2.02,0x07,read,0x069,RAM_0x069,indirect,1,0x00,0x0EBB
2.02,0x07,read,0x077,RAM_0x077,direct,1,0x00,0x000D
2.02,0x07,read,0x078,RAM_0x078,direct,1,0x00,0x000F
2.02,0x07,read,0x079,RAM_0x079,direct,1,0x11,0x0011
2.02,0x07,read,0x07A,RAM_0x07A,direct,1,0x00,0x0013
2.02,0x07,read,0x07B,RAM_0x07B,direct,1,0x00,0x0015
2.02,0x07,read,0x07E,RAM_0x07E,direct,1,0x0F,0x0EAB
2.02,0x07,read,0x07F,RAM_0x07F,direct,2,0x09 0x90,0x0039 0x003A
2.02,0x07,read,0x08C,PIE1,indirect,2,0x22,0x001F 0x0025
2.02,0x07,read,0x0A0,RAM_0x0A0,direct,24,0x07,0x0DA6 0x0DAA 0x0DB2 0x0DBA 0x0DC2 0x0DCA 0x0DD2 0x0DDA 0x0DFB 0x0E1E 0x0E41 0x0E5F 0x0E67 0x0E6F 0x0E77 0x0E7F 0x0E87 0x0E8F 0x0E95 0x0EA2 0x0EA7 0x0EB6 0x0EB9 0x0EC7
2.02,0x07,read,0x0CA,RAM_0x0CA,direct,1,0x00,0x0EC9
2.02,0x07,read,0x0CB,RAM_0x0CB,direct,1,0x07,0x0D90
2.02,0x07,read,0x0CC,RAM_0x0CC,direct,2,0x00 0x17,0x0D97 0x0EBD
2.02,0x07,read,0x0CD,RAM_0x0CD,direct,1,0x00,0x0EBF
2.02,0x07,read,0x0D6,RAM_0x0D6,direct,1,0x17,0x0339
2.02,0x07,read,0x0D7,RAM_0x0D7,direct,1,0x00,0x033E
2.02,0x07,read,0x0D8,RAM_0x0D8,direct,8,0x00 0x07 0x17,0x031E 0x0327
2.02,0x07,read,0x0D9,RAM_0x0D9,direct,8,0x00 0x01 0x70 0x71,0x0321 0x0322
2.02,0x07,read,0x0DA,RAM_0x0DA,direct,24,0x00 0x01 0x07 0x17,0x0308 0x0309 0x0312
2.02,0x07,read,0x0DB,RAM_0x0DB,direct,8,0x30 0x31 0x37,0x0314
2.02,0x07,write,0x003,STATUS,direct,52,0x00 0x04 0x18 0x1C 0x1F 0x38 0x3B 0x3C 0x3F,0x0006 0x0017 0x0018 0x0038 0x0307 0x0316 0x031D 0x0324 0x0326 0x0329 0x0338 0x033B 0x033D 0x0340 0x0D8F 0x0D93 0x0D96 0x0D9A 0x0DA5 0x0DCE 0x0DD0 0x0EAD 0x0EB5 0x0EC2 0x0EC5 0x0ECB
2.02,0x07,write,0x004,FSR,direct,4,0x69 0x8C,0x001E 0x0024 0x002A 0x0EBA
2.02,0x07,write,0x00A,PCLATH,direct,12,0x00 0x08,0x000A 0x0036 0x0042 0x0043 0x01EB 0x01EC 0x0D92 0x0D95 0x0D99 0x0D9C 0x0EC1 0x0EC4
2.02,0x07,write,0x00C,PIR1,direct,1,0x58,0x01EA
2.02,0x07,write,0x019,TXREG,direct,13,0x0A 0x30 0x31 0x37 0x44 0x54 0x57,0x031B 0x0332 0x0337 0x0346 0x0D8E 0x0DA1
2.02,0x07,write,0x020,RAM_0x020,direct,1,0x00,0x0009
2.02,0x07,write,0x021,RAM_0x021,direct,1,0xB3,0x0007
2.02,0x07,write,0x022,RAM_0x022,direct,1,0x69,0x000C
2.02,0x07,write,0x023,RAM_0x023,direct,1,0x00,0x000E
2.02,0x07,write,0x024,RAM_0x024,direct,1,0x00,0x0010
2.02,0x07,write,0x025,RAM_0x025,direct,1,0x11,0x0012
2.02,0x07,write,0x026,RAM_0x026,direct,1,0x00,0x0014
2.02,0x07,write,0x027,RAM_0x027,direct,1,0x00,0x0016
2.02,0x07,write,0x031,RAM_0x031,direct,1,0x8D,0x01DB
2.02,0x07,write,0x038,RAM_0x038,direct,1,0x00,0x01E5
2.02,0x07,write,0x077,RAM_0x077,direct,1,0x00,0x002C
2.02,0x07,write,0x078,RAM_0x078,direct,1,0x00,0x002E
2.02,0x07,write,0x079,RAM_0x079,direct,1,0x11,0x0030
2.02,0x07,write,0x07A,RAM_0x07A,direct,1,0x00,0x0032
2.02,0x07,write,0x07B,RAM_0x07B,direct,1,0x00,0x0034
2.02,0x07,write,0x07F,RAM_0x07F,direct,2,0x09 0x90,0x0004 0x0039
2.02,0x07,write,0x0CA,RAM_0x0CA,direct,1,0x00,0x0DD1
2.02,0x07,write,0x0CB,RAM_0x0CB,direct,1,0x07,0x0EC8
2.02,0x07,write,0x0CC,RAM_0x0CC,direct,2,0x00 0x17,0x0EB7 0x0ECA
2.02,0x07,write,0x0CD,RAM_0x0CD,direct,1,0x00,0x0EBC
2.02,0x07,write,0x0D6,RAM_0x0D6,direct,1,0x17,0x0EBE
2.02,0x07,write,0x0D7,RAM_0x0D7,direct,1,0x00,0x0EC0
2.02,0x07,write,0x0D8,RAM_0x0D8,direct,4,0x00 0x07 0x17,0x033A 0x033F 0x0D91 0x0D98
2.02,0x07,write,0x0D9,RAM_0x0D9,direct,8,0x00 0x01 0x70 0x71,0x031F 0x0321
2.02,0x07,write,0x0DA,RAM_0x0DA,direct,16,0x00 0x01 0x07 0x17,0x0308 0x0323 0x0328
2.02,0x07,write,0x0DB,RAM_0x0DB,direct,8,0x30 0x31 0x37,0x0313
2.02,0x08,read,0x003,STATUS,direct,52,0x04 0x18 0x1B 0x1C 0x1F 0x38 0x39 0x3B 0x3C 0x3F,0x0005 0x0017 0x0018 0x01E6 0x0307 0x030B 0x0316 0x031D 0x0324 0x0326 0x0329 0x0D8F 0x0D93 0x0D96 0x0D9A 0x0DA5 0x0DAC 0x0DB4 0x0DBC 0x0DC4 0x0DCC 0x0DD4 0x0DD6 0x0DD8 0x0DDC 0x0DFD 0x0E20 0x0E43 0x0E61 0x0E69 0x0E71 0x0E79 0x0E81 0x0E89 0x0E91 0x0E97 0x0EA4 0x0EA9 0x0ECB
2.02,0x08,read,0x004,FSR,direct,1,0xCA,0x000B
2.02,0x08,read,0x00A,PCLATH,direct,9,0x00 0x08,0x0008 0x0042 0x0043 0x01EB 0x01EC 0x0D92 0x0D95 0x0D99 0x0D9C
2.02,0x08,read,0x00B,INTCON,direct,2,0x54,0x0019 0x001B
2.02,0x08,read,0x00C,PIR1,direct,9,0x58 0x5A,0x0021 0x0027 0x01EA 0x0317 0x0D8C 0x0D9F
2.02,0x08,read,0x020,RAM_0x020,direct,1,0x00,0x0035
2.02,0x08,read,0x021,RAM_0x021,direct,1,0xC1,0x0037
2.02,0x08,read,0x022,RAM_0x022,direct,1,0xCA,0x0029
2.02,0x08,read,0x023,RAM_0x023,direct,1,0x00,0x002B
2.02,0x08,read,0x024,RAM_0x024,direct,1,0x00,0x002D
2.02,0x08,read,0x025,RAM_0x025,direct,1,0x11,0x002F
2.02,0x08,read,0x026,RAM_0x026,direct,1,0x00,0x0031
2.02,0x08,read,0x027,RAM_0x027,direct,1,0x00,0x0033
2.02,0x08,read,0x031,RAM_0x031,direct,1,0x8C,0x01DB
2.02,0x08,read,0x038,RAM_0x038,direct,1,0x00,0x01E5
2.02,0x08,read,0x048,RAM_0x048,direct,1,0x00,0x0DD7
2.02,0x08,read,0x04C,RAM_0x04C,direct,1,0x20,0x01DF
2.02,0x08,read,0x050,RAM_0x050,direct,1,0x00,0x0DA3
2.02,0x08,read,0x077,RAM_0x077,direct,1,0x00,0x000D
2.02,0x08,read,0x078,RAM_0x078,direct,1,0x00,0x000F
2.02,0x08,read,0x079,RAM_0x079,direct,1,0x11,0x0011
2.02,0x08,read,0x07A,RAM_0x07A,direct,1,0x00,0x0013
2.02,0x08,read,0x07B,RAM_0x07B,direct,1,0x00,0x0015
2.02,0x08,read,0x07F,RAM_0x07F,direct,2,0x00,0x0039 0x003A
2.02,0x08,read,0x08C,PIE1,indirect,2,0x22,0x001F 0x0025
2.02,0x08,read,0x0A0,RAM_0x0A0,direct,22,0x08,0x0DA6 0x0DAA 0x0DB2 0x0DBA 0x0DC2 0x0DCA 0x0DD2 0x0DDA 0x0DFB 0x0E1E 0x0E41 0x0E5F 0x0E67 0x0E6F 0x0E77 0x0E7F 0x0E87 0x0E8F 0x0E95 0x0EA2 0x0EA7 0x0EC7
2.02,0x08,read,0x0CA,RAM_0x0CA,direct,1,0x00,0x0EC9
2.02,0x08,read,0x0CB,RAM_0x0CB,direct,1,0x08,0x0D90
2.02,0x08,read,0x0CC,RAM_0x0CC,direct,1,0x00,0x0D97
2.02,0x08,read,0x0D8,RAM_0x0D8,direct,4,0x00 0x08,0x031E 0x0327
2.02,0x08,read,0x0D9,RAM_0x0D9,direct,4,0x00 0x80,0x0321 0x0322
2.02,0x08,read,0x0DA,RAM_0x0DA,direct,12,0x00 0x08,0x0308 0x0309 0x0312
2.02,0x08,read,0x0DB,RAM_0x0DB,direct,4,0x30 0x38,0x0314
2.02,0x08,write,0x003,STATUS,direct,28,0x00 0x04 0x18 0x1C 0x1F 0x38 0x3B 0x3C 0x3F,0x0006 0x0017 0x0018 0x0038 0x0307 0x0316 0x031D 0x0324 0x0326 0x0329 0x0D8F 0x0D93 0x0D96 0x0D9A 0x0DA5 0x0DD6 0x0DD8 0x0ECB
2.02,0x08,write,0x004,FSR,direct,3,0x8C 0xCA,0x001E 0x0024 0x002A
2.02,0x08,write,0x00A,PCLATH,direct,10,0x00 0x08,0x000A 0x0036 0x0042 0x0043 0x01EB 0x01EC 0x0D92 0x0D95 0x0D99 0x0D9C
2.02,0x08,write,0x00C,PIR1,direct,1,0x58,0x01EA
2.02,0x08,write,0x019,TXREG,direct,6,0x0A 0x30 0x38 0x54,0x031B 0x0D8E 0x0DA1
2.02,0x08,write,0x020,RAM_0x020,direct,1,0x00,0x0009
2.02,0x08,write,0x021,RAM_0x021,direct,1,0xC1,0x0007
2.02,0x08,write,0x022,RAM_0x022,direct,1,0xCA,0x000C
2.02,0x08,write,0x023,RAM_0x023,direct,1,0x00,0x000E
2.02,0x08,write,0x024,RAM_0x024,direct,1,0x00,0x0010
2.02,0x08,write,0x025,RAM_0x025,direct,1,0x11,0x0012
2.02,0x08,write,0x026,RAM_0x026,direct,1,0x00,0x0014
2.02,0x08,write,0x027,RAM_0x027,direct,1,0x00,0x0016
2.02,0x08,write,0x031,RAM_0x031,direct,1,0x8D,0x01DB
2.02,0x08,write,0x038,RAM_0x038,direct,1,0x00,0x01E5
2.02,0x08,write,0x077,RAM_0x077,direct,1,0x00,0x002C
2.02,0x08,write,0x078,RAM_0x078,direct,1,0x00,0x002E
2.02,0x08,write,0x079,RAM_0x079,direct,1,0x11,0x0030
2.02,0x08,write,0x07A,RAM_0x07A,direct,1,0x00,0x0032
2.02,0x08,write,0x07B,RAM_0x07B,direct,1,0x00,0x0034
2.02,0x08,write,0x07F,RAM_0x07F,direct,2,0x00,0x0004 0x0039
2.02,0x08,write,0x0CA,RAM_0x0CA,direct,1,0x00,0x0DD9
2.02,0x08,write,0x0CB,RAM_0x0CB,direct,1,0x08,0x0EC8
2.02,0x08,write,0x0CC,RAM_0x0CC,direct,1,0x00,0x0ECA
2.02,0x08,write,0x0D8,RAM_0x0D8,direct,2,0x00 0x08,0x0D91 0x0D98
2.02,0x08,write,0x0D9,RAM_0x0D9,direct,4,0x00 0x80,0x031F 0x0321
2.02,0x08,write,0x0DA,RAM_0x0DA,direct,8,0x00 0x08,0x0308 0x0323 0x0328
2.02,0x08,write,0x0DB,RAM_0x0DB,direct,4,0x30 0x38,0x0313
2.02,0x09,read,0x003,STATUS,direct,108,0x04 0x18 0x1B 0x1C 0x1F 0x38 0x39 0x3B 0x3C 0x3F,0x0005 0x0017 0x0018 0x01E6 0x0307 0x030B 0x0316 0x031D 0x0324 0x0326 0x0329 0x0338 0x033B 0x033D 0x0340 0x0D8F 0x0D93 0x0D96 0x0D9A 0x0DA5 0x0DAC 0x0DB4 0x0DBC 0x0DC4 0x0DCC 0x0DD4 0x0DDC 0x0DDE 0x0DE0 0x0DEA 0x0DF0 0x0DF7 0x0DFA 0x0DFD 0x0E20 0x0E43 0x0E61 0x0E69 0x0E71 0x0E79 0x0E81 0x0E89 0x0E91 0x0E97 0x0EA4 0x0EA9 0x0ECB
2.02,0x09,read,0x004,FSR,direct,2,0xCA,0x000B
2.02,0x09,read,0x00A,PCLATH,direct,18,0x00 0x08,0x0008 0x0042 0x0043 0x01EB 0x01EC 0x0D92 0x0D95 0x0D99 0x0D9C 0x0DE9 0x0DEC 0x0DF6 0x0DF9
2.02,0x09,read,0x00B,INTCON,direct,4,0x54,0x0019 0x001B
2.02,0x09,read,0x00C,PIR1,direct,26,0x58 0x5A,0x0021 0x0027 0x01EA 0x0317 0x0330 0x0335 0x0344 0x0D8C 0x0D9F
2.02,0x09,read,0x020,RAM_0x020,direct,2,0x00,0x0035
2.02,0x09,read,0x021,RAM_0x021,direct,2,0x83 0xC1,0x0037
2.02,0x09,read,0x022,RAM_0x022,direct,2,0xCA,0x0029
2.02,0x09,read,0x023,RAM_0x023,direct,2,0x00,0x002B
2.02,0x09,read,0x024,RAM_0x024,direct,2,0x00,0x002D
2.02,0x09,read,0x025,RAM_0x025,direct,2,0x11,0x002F
2.02,0x09,read,0x026,RAM_0x026,direct,2,0x00,0x0031
2.02,0x09,read,0x027,RAM_0x027,direct,2,0x00,0x0033
2.02,0x09,read,0x02D,RAM_0x02D,direct,1,0x03,0x0DDF
2.02,0x09,read,0x031,RAM_0x031,direct,2,0x8C 0x8D,0x01DB
2.02,0x09,read,0x038,RAM_0x038,direct,2,0x00,0x01E5
2.02,0x09,read,0x04C,RAM_0x04C,direct,2,0x20,0x01DF
2.02,0x09,read,0x050,RAM_0x050,direct,3,0x00,0x032C 0x0DA3
2.02,0x09,read,0x077,RAM_0x077,direct,2,0x00,0x000D
2.02,0x09,read,0x078,RAM_0x078,direct,2,0x00,0x000F
2.02,0x09,read,0x079,RAM_0x079,direct,2,0x11,0x0011
2.02,0x09,read,0x07A,RAM_0x07A,direct,2,0x00,0x0013
2.02,0x09,read,0x07B,RAM_0x07B,direct,2,0x00,0x0015
2.02,0x09,read,0x07E,RAM_0x07E,direct,2,0x0F,0x0DE3 0x0DEE
2.02,0x09,read,0x07F,RAM_0x07F,direct,4,0x01 0x0F 0x10 0xF0,0x0039 0x003A
2.02,0x09,read,0x08C,PIE1,indirect,4,0x22,0x001F 0x0025
2.02,0x09,read,0x0A0,RAM_0x0A0,direct,22,0x09,0x0DA6 0x0DAA 0x0DB2 0x0DBA 0x0DC2 0x0DCA 0x0DD2 0x0DDA 0x0DFB 0x0E1E 0x0E41 0x0E5F 0x0E67 0x0E6F 0x0E77 0x0E7F 0x0E87 0x0E8F 0x0E95 0x0EA2 0x0EA7 0x0EC7
2.02,0x09,read,0x0CA,RAM_0x0CA,direct,1,0x03,0x0EC9
2.02,0x09,read,0x0CB,RAM_0x0CB,direct,3,0x00 0x09,0x0D90 0x0DE7 0x0DF4
2.02,0x09,read,0x0CC,RAM_0x0CC,direct,1,0x03,0x0D97
2.02,0x09,read,0x0D6,RAM_0x0D6,direct,2,0x00 0x01,0x0339
2.02,0x09,read,0x0D7,RAM_0x0D7,direct,2,0x00,0x033E
2.02,0x09,read,0x0D8,RAM_0x0D8,direct,12,0x00 0x01 0x03 0x09,0x031E 0x0327
2.02,0x09,read,0x0D9,RAM_0x0D9,direct,12,0x00 0x10 0x30 0x90,0x0321 0x0322
2.02,0x09,read,0x0DA,RAM_0x0DA,direct,36,0x00 0x01 0x03 0x09,0x0308 0x0309 0x0312
2.02,0x09,read,0x0DB,RAM_0x0DB,direct,12,0x30 0x31 0x33 0x39,0x0314
2.02,0x09,write,0x003,STATUS,direct,76,0x00 0x04 0x18 0x1C 0x1F 0x38 0x3B 0x3C 0x3F,0x0006 0x0017 0x0018 0x0038 0x0307 0x0316 0x031D 0x0324 0x0326 0x0329 0x0338 0x033B 0x033D 0x0340 0x0D8F 0x0D93 0x0D96 0x0D9A 0x0DA5 0x0DDE 0x0DE0 0x0DEA 0x0DF0 0x0DF7 0x0DFA 0x0ECB
2.02,0x09,write,0x004,FSR,direct,6,0x8C 0xCA,0x001E 0x0024 0x002A
2.02,0x09,write,0x00A,PCLATH,direct,20,0x00 0x08,0x000A 0x0036 0x0042 0x0043 0x01EB 0x01EC 0x0D92 0x0D95 0x0D99 0x0D9C 0x0DE9 0x0DEC 0x0DF6 0x0DF9
2.02,0x09,write,0x00C,PIR1,direct,2,0x58,0x01EA
2.02,0x09,write,0x019,TXREG,direct,20,0x0A 0x30 0x31 0x33 0x39 0x44 0x54 0x57,0x031B 0x0332 0x0337 0x0346 0x0D8E 0x0DA1
2.02,0x09,write,0x020,RAM_0x020,direct,2,0x00,0x0009
2.02,0x09,write,0x021,RAM_0x021,direct,2,0x83 0xC1,0x0007
2.02,0x09,write,0x022,RAM_0x022,direct,2,0xCA,0x000C
2.02,0x09,write,0x023,RAM_0x023,direct,2,0x00,0x000E
2.02,0x09,write,0x024,RAM_0x024,direct,2,0x00,0x0010
2.02,0x09,write,0x025,RAM_0x025,direct,2,0x11,0x0012
2.02,0x09,write,0x026,RAM_0x026,direct,2,0x00,0x0014
2.02,0x09,write,0x027,RAM_0x027,direct,2,0x00,0x0016
2.02,0x09,write,0x031,RAM_0x031,direct,2,0x8D 0x8E,0x01DB
2.02,0x09,write,0x038,RAM_0x038,direct,2,0x00,0x01E5
2.02,0x09,write,0x077,RAM_0x077,direct,2,0x00,0x002C
2.02,0x09,write,0x078,RAM_0x078,direct,2,0x00,0x002E
2.02,0x09,write,0x079,RAM_0x079,direct,2,0x11,0x0030
2.02,0x09,write,0x07A,RAM_0x07A,direct,2,0x00,0x0032
2.02,0x09,write,0x07B,RAM_0x07B,direct,2,0x00,0x0034
2.02,0x09,write,0x07F,RAM_0x07F,direct,4,0x01 0x0F 0x10 0xF0,0x0004 0x0039
2.02,0x09,write,0x0CA,RAM_0x0CA,direct,1,0x03,0x0DE1
2.02,0x09,write,0x0CB,RAM_0x0CB,direct,3,0x00 0x09,0x0DE5 0x0DF1 0x0EC8
2.02,0x09,write,0x0CC,RAM_0x0CC,direct,1,0x03,0x0ECA
2.02,0x09,write,0x0D6,RAM_0x0D6,direct,2,0x00 0x01,0x0DE6 0x0DF3
2.02,0x09,write,0x0D7,RAM_0x0D7,direct,2,0x00,0x0DE8 0x0DF5
2.02,0x09,write,0x0D8,RAM_0x0D8,direct,6,0x00 0x01 0x03 0x09,0x033A 0x033F 0x0D91 0x0D98
2.02,0x09,write,0x0D9,RAM_0x0D9,direct,12,0x00 0x10 0x30 0x90,0x031F 0x0321
2.02,0x09,write,0x0DA,RAM_0x0DA,direct,24,0x00 0x01 0x03 0x09,0x0308 0x0323 0x0328
2.02,0x09,write,0x0DB,RAM_0x0DB,direct,12,0x30 0x31 0x33 0x39,0x0313
2.02,0x0A,read,0x003,STATUS,direct,112,0x04 0x18 0x1A 0x1B 0x1C 0x1E 0x1F 0x38 0x39 0x3A 0x3B 0x3C 0x3E 0x3F,0x0005 0x0017 0x0018 0x01E6 0x0307 0x030B 0x0316 0x031D 0x0324 0x0326 0x0329 0x0338 0x033B 0x033D 0x0340 0x0D8F 0x0D93 0x0D96 0x0D9A 0x0DA5 0x0DAC 0x0DB4 0x0DBC 0x0DC4 0x0DCC 0x0DD4 0x0DDC 0x0DFD 0x0DFF 0x0E02 0x0E05 0x0E08 0x0E0F 0x0E13 0x0E15 0x0E17 0x0E1A 0x0E1D 0x0E20 0x0E43 0x0E61 0x0E69 0x0E71 0x0E79 0x0E81 0x0E89 0x0E91 0x0E97 0x0EA4 0x0EA9 0x0ECB
2.02,0x0A,read,0x004,FSR,direct,2,0xCA,0x000B
2.02,0x0A,read,0x00A,PCLATH,direct,18,0x00 0x08,0x0008 0x0042 0x0043 0x01EB 0x01EC 0x0D92 0x0D95 0x0D99 0x0D9C 0x0E0E 0x0E11 0x0E19 0x0E1C
2.02,0x0A,read,0x00B,INTCON,direct,4,0x54,0x0019 0x001B
2.02,0x0A,read,0x00C,PIR1,direct,26,0x58 0x5A,0x0021 0x0027 0x01EA 0x0317 0x0330 0x0335 0x0344 0x0D8C 0x0D9F
2.02,0x0A,read,0x020,RAM_0x020,direct,2,0x00,0x0035
2.02,0x0A,read,0x021,RAM_0x021,direct,2,0xC1 0xC3,0x0037
2.02,0x0A,read,0x022,RAM_0x022,direct,2,0xCA,0x0029
2.02,0x0A,read,0x023,RAM_0x023,direct,2,0x00,0x002B
2.02,0x0A,read,0x024,RAM_0x024,direct,2,0x00,0x002D
2.02,0x0A,read,0x025,RAM_0x025,direct,2,0x11,0x002F
2.02,0x0A,read,0x026,RAM_0x026,direct,2,0x00,0x0031
2.02,0x0A,read,0x027,RAM_0x027,direct,2,0x00,0x0033
2.02,0x0A,read,0x030,RAM_0x030,direct,1,0x00,0x0E06
2.02,0x0A,read,0x031,RAM_0x031,direct,2,0x8C 0x8D,0x01DB
2.02,0x0A,read,0x038,RAM_0x038,direct,2,0x00,0x01E5
2.02,0x0A,read,0x04C,RAM_0x04C,direct,3,0x20,0x01DF 0x0E00
2.02,0x0A,read,0x050,RAM_0x050,direct,3,0x00,0x032C 0x0DA3
2.02,0x0A,read,0x06C,RAM_0x06C,direct,1,0x00,0x0E16
2.02,0x0A,read,0x077,RAM_0x077,direct,2,0x00,0x000D
2.02,0x0A,read,0x078,RAM_0x078,direct,2,0x00,0x000F
2.02,0x0A,read,0x079,RAM_0x079,direct,2,0x11,0x0011
2.02,0x0A,read,0x07A,RAM_0x07A,direct,2,0x00,0x0013
2.02,0x0A,read,0x07B,RAM_0x07B,direct,2,0x00,0x0015
2.02,0x0A,read,0x07F,RAM_0x07F,direct,4,0x00 0x44,0x0039 0x003A
2.02,0x0A,read,0x08C,PIE1,indirect,4,0x22,0x001F 0x0025
2.02,0x0A,read,0x0A0,RAM_0x0A0,direct,22,0x0A,0x0DA6 0x0DAA 0x0DB2 0x0DBA 0x0DC2 0x0DCA 0x0DD2 0x0DDA 0x0DFB 0x0E1E 0x0E41 0x0E5F 0x0E67 0x0E6F 0x0E77 0x0E7F 0x0E87 0x0E8F 0x0E95 0x0EA2 0x0EA7 0x0EC7
2.02,0x0A,read,0x0CA,RAM_0x0CA,direct,1,0x00,0x0EC9
2.02,0x0A,read,0x0CB,RAM_0x0CB,direct,2,0x00 0x0A,0x0D90 0x0E0C
2.02,0x0A,read,0x0CC,RAM_0x0CC,direct,1,0x00,0x0D97
2.02,0x0A,read,0x0D6,RAM_0x0D6,direct,2,0x02 0x03,0x0339
2.02,0x0A,read,0x0D7,RAM_0x0D7,direct,2,0x00,0x033E
2.02,0x0A,read,0x0D8,RAM_0x0D8,direct,12,0x00 0x02 0x03 0x0A,0x031E 0x0327
2.02,0x0A,read,0x0D9,RAM_0x0D9,direct,12,0x00 0x20 0x30 0xA0,0x0321 0x0322
2.02,0x0A,read,0x0DA,RAM_0x0DA,direct,36,0x00 0x02 0x03 0x0A,0x0308 0x0309 0x030E 0x0312
2.02,0x0A,read,0x0DB,RAM_0x0DB,direct,12,0x30 0x32 0x33 0x61,0x0314
2.02,0x0A,write,0x003,STATUS,direct,80,0x00 0x04 0x18 0x1A 0x1B 0x1C 0x1E 0x1F 0x38 0x3A 0x3B 0x3C 0x3E 0x3F,0x0006 0x0017 0x0018 0x0038 0x0307 0x0316 0x031D 0x0324 0x0326 0x0329 0x0338 0x033B 0x033D 0x0340 0x0D8F 0x0D93 0x0D96 0x0D9A 0x0DA5 0x0DFF 0x0E02 0x0E05 0x0E08 0x0E0F 0x0E13 0x0E15 0x0E17 0x0E1A 0x0E1D 0x0ECB
2.02,0x0A,write,0x004,FSR,direct,6,0x8C 0xCA,0x001E 0x0024 0x002A
2.02,0x0A,write,0x00A,PCLATH,direct,20,0x00 0x08,0x000A 0x0036 0x0042 0x0043 0x01EB 0x01EC 0x0D92 0x0D95 0x0D99 0x0D9C 0x0E0E 0x0E11 0x0E19 0x0E1C
2.02,0x0A,write,0x00C,PIR1,direct,2,0x58,0x01EA
2.02,0x0A,write,0x019,TXREG,direct,20,0x0A 0x30 0x32 0x33 0x44 0x54 0x57 0x61,0x031B 0x0332 0x0337 0x0346 0x0D8E 0x0DA1
2.02,0x0A,write,0x020,RAM_0x020,direct,2,0x00,0x0009
2.02,0x0A,write,0x021,RAM_0x021,direct,2,0xC1 0xC3,0x0007
2.02,0x0A,write,0x022,RAM_0x022,direct,2,0xCA,0x000C
2.02,0x0A,write,0x023,RAM_0x023,direct,2,0x00,0x000E
2.02,0x0A,write,0x024,RAM_0x024,direct,2,0x00,0x0010
2.02,0x0A,write,0x025,RAM_0x025,direct,2,0x11,0x0012
2.02,0x0A,write,0x026,RAM_0x026,direct,2,0x00,0x0014
2.02,0x0A,write,0x027,RAM_0x027,direct,2,0x00,0x0016
2.02,0x0A,write,0x031,RAM_0x031,direct,2,0x8D 0x8E,0x01DB
2.02,0x0A,write,0x038,RAM_0x038,direct,2,0x00,0x01E5
2.02,0x0A,write,0x077,RAM_0x077,direct,2,0x00,0x002C
2.02,0x0A,write,0x078,RAM_0x078,direct,2,0x00,0x002E
2.02,0x0A,write,0x079,RAM_0x079,direct,2,0x11,0x0030
2.02,0x0A,write,0x07A,RAM_0x07A,direct,2,0x00,0x0032
2.02,0x0A,write,0x07B,RAM_0x07B,direct,2,0x00,0x0034
2.02,0x0A,write,0x07F,RAM_0x07F,direct,4,0x00 0x44,0x0004 0x0039
2.02,0x0A,write,0x0CA,RAM_0x0CA,direct,1,0x00,0x0E03
2.02,0x0A,write,0x0CB,RAM_0x0CB,direct,2,0x00 0x0A,0x0E09 0x0EC8
2.02,0x0A,write,0x0CC,RAM_0x0CC,direct,1,0x00,0x0ECA
2.02,0x0A,write,0x0D6,RAM_0x0D6,direct,2,0x02 0x03,0x0E0B 0x0E14
2.02,0x0A,write,0x0D7,RAM_0x0D7,direct,2,0x00,0x0E0D 0x0E18
2.02,0x0A,write,0x0D8,RAM_0x0D8,direct,6,0x00 0x02 0x03 0x0A,0x033A 0x033F 0x0D91 0x0D98
2.02,0x0A,write,0x0D9,RAM_0x0D9,direct,12,0x00 0x20 0x30 0xA0,0x031F 0x0321
2.02,0x0A,write,0x0DA,RAM_0x0DA,direct,24,0x00 0x02 0x03 0x0A,0x0308 0x0323 0x0328
2.02,0x0A,write,0x0DB,RAM_0x0DB,direct,12,0x30 0x32 0x33 0x61,0x030F 0x0313
2.02,0x0B,read,0x003,STATUS,direct,112,0x04 0x18 0x1A 0x1B 0x1C 0x1E 0x1F 0x38 0x39 0x3A 0x3B 0x3C 0x3E 0x3F,0x0005 0x0017 0x0018 0x01E6 0x0307 0x030B 0x0316 0x031D 0x0324 0x0326 0x0329 0x0338 0x033B 0x033D 0x0340 0x0D8F 0x0D93 0x0D96 0x0D9A 0x0DA5 0x0DAC 0x0DB4 0x0DBC 0x0DC4 0x0DCC 0x0DD4 0x0DDC 0x0DFD 0x0E20 0x0E22 0x0E25 0x0E28 0x0E2B 0x0E32 0x0E36 0x0E38 0x0E3A 0x0E3D 0x0E40 0x0E43 0x0E61 0x0E69 0x0E71 0x0E79 0x0E81 0x0E89 0x0E91 0x0E97 0x0EA4 0x0EA9 0x0ECB
2.02,0x0B,read,0x004,FSR,direct,2,0xCA,0x000B
2.02,0x0B,read,0x00A,PCLATH,direct,18,0x00 0x08,0x0008 0x0042 0x0043 0x01EB 0x01EC 0x0D92 0x0D95 0x0D99 0x0D9C 0x0E31 0x0E34 0x0E3C 0x0E3F
2.02,0x0B,read,0x00B,INTCON,direct,4,0x54,0x0019 0x001B
2.02,0x0B,read,0x00C,PIR1,direct,26,0x58 0x5A,0x0021 0x0027 0x01EA 0x0317 0x0330 0x0335 0x0344 0x0D8C 0x0D9F
2.02,0x0B,read,0x020,RAM_0x020,direct,2,0x00,0x0035
2.02,0x0B,read,0x021,RAM_0x021,direct,2,0xC1 0xC3,0x0037
2.02,0x0B,read,0x022,RAM_0x022,direct,2,0xCA,0x0029
2.02,0x0B,read,0x023,RAM_0x023,direct,2,0x00,0x002B
2.02,0x0B,read,0x024,RAM_0x024,direct,2,0x00,0x002D
2.02,0x0B,read,0x025,RAM_0x025,direct,2,0x11,0x002F
2.02,0x0B,read,0x026,RAM_0x026,direct,2,0x00,0x0031
2.02,0x0B,read,0x027,RAM_0x027,direct,2,0x00,0x0033
2.02,0x0B,read,0x031,RAM_0x031,direct,2,0x8C 0x8D,0x01DB
2.02,0x0B,read,0x038,RAM_0x038,direct,2,0x00,0x01E5
2.02,0x0B,read,0x04C,RAM_0x04C,direct,2,0x20,0x01DF
2.02,0x0B,read,0x04F,RAM_0x04F,direct,1,0x00,0x0E29
2.02,0x0B,read,0x050,RAM_0x050,direct,3,0x00,0x032C 0x0DA3
2.02,0x0B,read,0x05C,RAM_0x05C,direct,1,0x00,0x0E23
2.02,0x0B,read,0x06A,RAM_0x06A,direct,1,0x00,0x0E39
2.02,0x0B,read,0x077,RAM_0x077,direct,2,0x00,0x000D
2.02,0x0B,read,0x078,RAM_0x078,direct,2,0x00,0x000F
2.02,0x0B,read,0x079,RAM_0x079,direct,2,0x11,0x0011
2.02,0x0B,read,0x07A,RAM_0x07A,direct,2,0x00,0x0013
2.02,0x0B,read,0x07B,RAM_0x07B,direct,2,0x00,0x0015
2.02,0x0B,read,0x07F,RAM_0x07F,direct,4,0x00,0x0039 0x003A
2.02,0x0B,read,0x08C,PIE1,indirect,4,0x22,0x001F 0x0025
2.02,0x0B,read,0x0A0,RAM_0x0A0,direct,22,0x0B,0x0DA6 0x0DAA 0x0DB2 0x0DBA 0x0DC2 0x0DCA 0x0DD2 0x0DDA 0x0DFB 0x0E1E 0x0E41 0x0E5F 0x0E67 0x0E6F 0x0E77 0x0E7F 0x0E87 0x0E8F 0x0E95 0x0EA2 0x0EA7 0x0EC7
2.02,0x0B,read,0x0CA,RAM_0x0CA,direct,1,0x00,0x0EC9
2.02,0x0B,read,0x0CB,RAM_0x0CB,direct,2,0x00 0x0B,0x0D90 0x0E2F
2.02,0x0B,read,0x0CC,RAM_0x0CC,direct,1,0x00,0x0D97
2.02,0x0B,read,0x0D6,RAM_0x0D6,direct,2,0x04 0x06,0x0339
2.02,0x0B,read,0x0D7,RAM_0x0D7,direct,2,0x00,0x033E
2.02,0x0B,read,0x0D8,RAM_0x0D8,direct,12,0x00 0x04 0x06 0x0B,0x031E 0x0327
2.02,0x0B,read,0x0D9,RAM_0x0D9,direct,12,0x00 0x40 0x60 0xB0,0x0321 0x0322
2.02,0x0B,read,0x0DA,RAM_0x0DA,direct,36,0x00 0x04 0x06 0x0B,0x0308 0x0309 0x030E 0x0312
2.02,0x0B,read,0x0DB,RAM_0x0DB,direct,12,0x30 0x34 0x36 0x62,0x0314
2.02,0x0B,write,0x003,STATUS,direct,80,0x00 0x04 0x18 0x1A 0x1B 0x1C 0x1E 0x1F 0x38 0x3A 0x3B 0x3C 0x3E 0x3F,0x0006 0x0017 0x0018 0x0038 0x0307 0x0316 0x031D 0x0324 0x0326 0x0329 0x0338 0x033B 0x033D 0x0340 0x0D8F 0x0D93 0x0D96 0x0D9A 0x0DA5 0x0E22 0x0E25 0x0E28 0x0E2B 0x0E32 0x0E36 0x0E38 0x0E3A 0x0E3D 0x0E40 0x0ECB
2.02,0x0B,write,0x004,FSR,direct,6,0x8C 0xCA,0x001E 0x0024 0x002A
2.02,0x0B,write,0x00A,PCLATH,direct,20,0x00 0x08,0x000A 0x0036 0x0042 0x0043 0x01EB 0x01EC 0x0D92 0x0D95 0x0D99 0x0D9C 0x0E31 0x0E34 0x0E3C 0x0E3F
2.02,0x0B,write,0x00C,PIR1,direct,2,0x58,0x01EA
2.02,0x0B,write,0x019,TXREG,direct,20,0x0A 0x30 0x34 0x36 0x44 0x54 0x57 0x62,0x031B 0x0332 0x0337 0x0346 0x0D8E 0x0DA1
2.02,0x0B,write,0x020,RAM_0x020,direct,2,0x00,0x0009
2.02,0x0B,write,0x021,RAM_0x021,direct,2,0xC1 0xC3,0x0007
2.02,0x0B,write,0x022,RAM_0x022,direct,2,0xCA,0x000C
2.02,0x0B,write,0x023,RAM_0x023,direct,2,0x00,0x000E
2.02,0x0B,write,0x024,RAM_0x024,direct,2,0x00,0x0010
2.02,0x0B,write,0x025,RAM_0x025,direct,2,0x11,0x0012
2.02,0x0B,write,0x026,RAM_0x026,direct,2,0x00,0x0014
2.02,0x0B,write,0x027,RAM_0x027,direct,2,0x00,0x0016
2.02,0x0B,write,0x031,RAM_0x031,direct,2,0x8D 0x8E,0x01DB
2.02,0x0B,write,0x038,RAM_0x038,direct,2,0x00,0x01E5
2.02,0x0B,write,0x077,RAM_0x077,direct,2,0x00,0x002C
2.02,0x0B,write,0x078,RAM_0x078,direct,2,0x00,0x002E
2.02,0x0B,write,0x079,RAM_0x079,direct,2,0x11,0x0030
2.02,0x0B,write,0x07A,RAM_0x07A,direct,2,0x00,0x0032
2.02,0x0B,write,0x07B,RAM_0x07B,direct,2,0x00,0x0034
2.02,0x0B,write,0x07F,RAM_0x07F,direct,4,0x00,0x0004 0x0039
2.02,0x0B,write,0x0CA,RAM_0x0CA,direct,1,0x00,0x0E26
2.02,0x0B,write,0x0CB,RAM_0x0CB,direct,2,0x00 0x0B,0x0E2C 0x0EC8
2.02,0x0B,write,0x0CC,RAM_0x0CC,direct,1,0x00,0x0ECA
2.02,0x0B,write,0x0D6,RAM_0x0D6,direct,2,0x04 0x06,0x0E2E 0x0E37
2.02,0x0B,write,0x0D7,RAM_0x0D7,direct,2,0x00,0x0E30 0x0E3B
2.02,0x0B,write,0x0D8,RAM_0x0D8,direct,6,0x00 0x04 0x06 0x0B,0x033A 0x033F 0x0D91 0x0D98
2.02,0x0B,write,0x0D9,RAM_0x0D9,direct,12,0x00 0x40 0x60 0xB0,0x031F 0x0321
2.02,0x0B,write,0x0DA,RAM_0x0DA,direct,24,0x00 0x04 0x06 0x0B,0x0308 0x0323 0x0328
2.02,0x0B,write,0x0DB,RAM_0x0DB,direct,12,0x30 0x34 0x36 0x62,0x030F 0x0313
2.02,0x0C,read,0x003,STATUS,direct,112,0x04 0x18 0x1A 0x1B 0x1C 0x1E 0x1F 0x38 0x39 0x3A 0x3B 0x3C 0x3E 0x3F,0x0005 0x0017 0x0018 0x01E6 0x0307 0x030B 0x0316 0x031D 0x0324 0x0326 0x0329 0x0338 0x033B 0x033D 0x0340 0x0D8F 0x0D93 0x0D96 0x0D9A 0x0DA5 0x0DAC 0x0DB4 0x0DBC 0x0DC4 0x0DCC 0x0DD4 0x0DDC 0x0DFD 0x0E20 0x0E43 0x0E45 0x0E47 0x0E4B 0x0E4D 0x0E50 0x0E54 0x0E56 0x0E58 0x0E5B 0x0E5E 0x0E61 0x0E69 0x0E71 0x0E79 0x0E81 0x0E89 0x0E91 0x0E97 0x0EA4 0x0EA9 0x0ECB
2.02,0x0C,read,0x004,FSR,direct,2,0xCA,0x000B
2.02,0x0C,read,0x00A,PCLATH,direct,18,0x00 0x08,0x0008 0x0042 0x0043 0x01EB 0x01EC 0x0D92 0x0D95 0x0D99 0x0D9C 0x0E4F 0x0E52 0x0E5A 0x0E5D
2.02,0x0C,read,0x00B,INTCON,direct,4,0x54,0x0019 0x001B
2.02,0x0C,read,0x00C,PIR1,direct,26,0x58 0x5A,0x0021 0x0027 0x01EA 0x0317 0x0330 0x0335 0x0344 0x0D8C 0x0D9F
2.02,0x0C,read,0x020,RAM_0x020,direct,2,0x00,0x0035
2.02,0x0C,read,0x021,RAM_0x021,direct,2,0xC1 0xC3,0x0037
2.02,0x0C,read,0x022,RAM_0x022,direct,2,0xCA,0x0029
2.02,0x0C,read,0x023,RAM_0x023,direct,2,0x00,0x002B
2.02,0x0C,read,0x024,RAM_0x024,direct,2,0x00,0x002D
2.02,0x0C,read,0x025,RAM_0x025,direct,2,0x11,0x002F
2.02,0x0C,read,0x026,RAM_0x026,direct,2,0x00,0x0031
2.02,0x0C,read,0x027,RAM_0x027,direct,2,0x00,0x0033
2.02,0x0C,read,0x031,RAM_0x031,direct,2,0x8C 0x8D,0x01DB
2.02,0x0C,read,0x038,RAM_0x038,direct,2,0x00,0x01E5
2.02,0x0C,read,0x04C,RAM_0x04C,direct,3,0x20,0x01DF 0x0E46
2.02,0x0C,read,0x050,RAM_0x050,direct,3,0x00,0x032C 0x0DA3
2.02,0x0C,read,0x05F,RAM_0x05F,direct,1,0x00,0x0E57
2.02,0x0C,read,0x06D,RAM_0x06D,direct,1,0x00,0x0E4C
2.02,0x0C,read,0x077,RAM_0x077,direct,2,0x00,0x000D
2.02,0x0C,read,0x078,RAM_0x078,direct,2,0x00,0x000F
2.02,0x0C,read,0x079,RAM_0x079,direct,2,0x11,0x0011
2.02,0x0C,read,0x07A,RAM_0x07A,direct,2,0x00,0x0013
2.02,0x0C,read,0x07B,RAM_0x07B,direct,2,0x00,0x0015
2.02,0x0C,read,0x07F,RAM_0x07F,direct,4,0x00 0x0F 0xF0,0x0039 0x003A
2.02,0x0C,read,0x08C,PIE1,indirect,4,0x22,0x001F 0x0025
2.02,0x0C,read,0x0A0,RAM_0x0A0,direct,22,0x0C,0x0DA6 0x0DAA 0x0DB2 0x0DBA 0x0DC2 0x0DCA 0x0DD2 0x0DDA 0x0DFB 0x0E1E 0x0E41 0x0E5F 0x0E67 0x0E6F 0x0E77 0x0E7F 0x0E87 0x0E8F 0x0E95 0x0EA2 0x0EA7 0x0EC7
2.02,0x0C,read,0x0CA,RAM_0x0CA,direct,1,0x20,0x0EC9
2.02,0x0C,read,0x0CB,RAM_0x0CB,direct,1,0x0C,0x0D90
2.02,0x0C,read,0x0CC,RAM_0x0CC,direct,1,0x20,0x0D97
2.02,0x0C,read,0x0D6,RAM_0x0D6,direct,2,0x1C 0x1F,0x0339
2.02,0x0C,read,0x0D7,RAM_0x0D7,direct,2,0x00,0x033E
2.02,0x0C,read,0x0D8,RAM_0x0D8,direct,12,0x00 0x0C 0x1C 0x1F 0x20,0x031E 0x0327
2.02,0x0C,read,0x0D9,RAM_0x0D9,direct,12,0x00 0x01 0x02 0xC0 0xC1 0xF1,0x0321 0x0322
2.02,0x0C,read,0x0DA,RAM_0x0DA,direct,36,0x00 0x01 0x02 0x0C 0x0F 0x1C 0x1F 0x20,0x0308 0x0309 0x030E 0x0312
2.02,0x0C,read,0x0DB,RAM_0x0DB,direct,12,0x30 0x31 0x32 0x63 0x66,0x0314
2.02,0x0C,write,0x003,STATUS,direct,80,0x00 0x04 0x18 0x1A 0x1B 0x1C 0x1E 0x1F 0x38 0x3A 0x3B 0x3C 0x3E 0x3F,0x0006 0x0017 0x0018 0x0038 0x0307 0x0316 0x031D 0x0324 0x0326 0x0329 0x0338 0x033B 0x033D 0x0340 0x0D8F 0x0D93 0x0D96 0x0D9A 0x0DA5 0x0E45 0x0E47 0x0E4B 0x0E4D 0x0E50 0x0E54 0x0E56 0x0E58 0x0E5B 0x0E5E 0x0ECB
2.02,0x0C,write,0x004,FSR,direct,6,0x8C 0xCA,0x001E 0x0024 0x002A
2.02,0x0C,write,0x00A,PCLATH,direct,20,0x00 0x08,0x000A 0x0036 0x0042 0x0043 0x01EB 0x01EC 0x0D92 0x0D95 0x0D99 0x0D9C 0x0E4F 0x0E52 0x0E5A 0x0E5D
2.02,0x0C,write,0x00C,PIR1,direct,2,0x58,0x01EA
2.02,0x0C,write,0x019,TXREG,direct,20,0x0A 0x30 0x31 0x32 0x44 0x54 0x57 0x63 0x66,0x031B 0x0332 0x0337 0x0346 0x0D8E 0x0DA1
2.02,0x0C,write,0x020,RAM_0x020,direct,2,0x00,0x0009
2.02,0x0C,write,0x021,RAM_0x021,direct,2,0xC1 0xC3,0x0007
2.02,0x0C,write,0x022,RAM_0x022,direct,2,0xCA,0x000C
2.02,0x0C,write,0x023,RAM_0x023,direct,2,0x00,0x000E
2.02,0x0C,write,0x024,RAM_0x024,direct,2,0x00,0x0010
2.02,0x0C,write,0x025,RAM_0x025,direct,2,0x11,0x0012
2.02,0x0C,write,0x026,RAM_0x026,direct,2,0x00,0x0014
2.02,0x0C,write,0x027,RAM_0x027,direct,2,0x00,0x0016
2.02,0x0C,write,0x031,RAM_0x031,direct,2,0x8D 0x8E,0x01DB
2.02,0x0C,write,0x038,RAM_0x038,direct,2,0x00,0x01E5
2.02,0x0C,write,0x077,RAM_0x077,direct,2,0x00,0x002C
2.02,0x0C,write,0x078,RAM_0x078,direct,2,0x00,0x002E
2.02,0x0C,write,0x079,RAM_0x079,direct,2,0x11,0x0030
2.02,0x0C,write,0x07A,RAM_0x07A,direct,2,0x00,0x0032
2.02,0x0C,write,0x07B,RAM_0x07B,direct,2,0x00,0x0034
2.02,0x0C,write,0x07F,RAM_0x07F,direct,4,0x00 0x0F 0xF0,0x0004 0x0039
2.02,0x0C,write,0x0CA,RAM_0x0CA,direct,1,0x20,0x0E48
2.02,0x0C,write,0x0CB,RAM_0x0CB,direct,1,0x0C,0x0EC8
2.02,0x0C,write,0x0CC,RAM_0x0CC,direct,1,0x20,0x0ECA
2.02,0x0C,write,0x0D6,RAM_0x0D6,direct,2,0x1C 0x1F,0x0E4A 0x0E55
2.02,0x0C,write,0x0D7,RAM_0x0D7,direct,2,0x00,0x0E4E 0x0E59
2.02,0x0C,write,0x0D8,RAM_0x0D8,direct,6,0x00 0x0C 0x1C 0x1F 0x20,0x033A 0x033F 0x0D91 0x0D98
2.02,0x0C,write,0x0D9,RAM_0x0D9,direct,12,0x00 0x01 0x02 0xC0 0xC1 0xF1,0x031F 0x0321
2.02,0x0C,write,0x0DA,RAM_0x0DA,direct,24,0x00 0x01 0x02 0x0C 0x0F 0x1C 0x1F 0x20,0x0308 0x0323 0x0328
2.02,0x0C,write,0x0DB,RAM_0x0DB,direct,12,0x30 0x31 0x32 0x63 0x66,0x030F 0x0313
2.02,0x0D,read,0x003,STATUS,direct,52,0x04 0x18 0x1A 0x1B 0x1C 0x1E 0x1F 0x38 0x39 0x3A 0x3B 0x3C 0x3E 0x3F,0x0005 0x0017 0x0018 0x01E6 0x0307 0x030B 0x0316 0x031D 0x0324 0x0326 0x0329 0x0D8F 0x0D93 0x0D96 0x0D9A 0x0DA5 0x0DAC 0x0DB4 0x0DBC 0x0DC4 0x0DCC 0x0DD4 0x0DDC 0x0DFD 0x0E20 0x0E43 0x0E61 0x0E63 0x0E65 0x0E69 0x0E71 0x0E79 0x0E81 0x0E89 0x0E91 0x0E97 0x0EA4 0x0EA9 0x0ECB
2.02,0x0D,read,0x004,FSR,direct,1,0xCA,0x000B
2.02,0x0D,read,0x00A,PCLATH,direct,9,0x00 0x08,0x0008 0x0042 0x0043 0x01EB 0x01EC 0x0D92 0x0D95 0x0D99 0x0D9C
2.02,0x0D,read,0x00B,INTCON,direct,2,0x54,0x0019 0x001B
2.02,0x0D,read,0x00C,PIR1,direct,9,0x58 0x5A,0x0021 0x0027 0x01EA 0x0317 0x0D8C 0x0D9F
2.02,0x0D,read,0x020,RAM_0x020,direct,1,0x00,0x0035
2.02,0x0D,read,0x021,RAM_0x021,direct,1,0xC1,0x0037
2.02,0x0D,read,0x022,RAM_0x022,direct,1,0xCA,0x0029
2.02,0x0D,read,0x023,RAM_0x023,direct,1,0x00,0x002B
2.02,0x0D,read,0x024,RAM_0x024,direct,1,0x00,0x002D
2.02,0x0D,read,0x025,RAM_0x025,direct,1,0x11,0x002F
2.02,0x0D,read,0x026,RAM_0x026,direct,1,0x00,0x0031
2.02,0x0D,read,0x027,RAM_0x027,direct,1,0x00,0x0033
2.02,0x0D,read,0x031,RAM_0x031,direct,1,0x8C,0x01DB
2.02,0x0D,read,0x038,RAM_0x038,direct,1,0x00,0x01E5
2.02,0x0D,read,0x03A,RAM_0x03A,direct,1,0x00,0x0E64
2.02,0x0D,read,0x04C,RAM_0x04C,direct,1,0x20,0x01DF
2.02,0x0D,read,0x050,RAM_0x050,direct,1,0x00,0x0DA3
2.02,0x0D,read,0x077,RAM_0x077,direct,1,0x00,0x000D
2.02,0x0D,read,0x078,RAM_0x078,direct,1,0x00,0x000F
2.02,0x0D,read,0x079,RAM_0x079,direct,1,0x11,0x0011
2.02,0x0D,read,0x07A,RAM_0x07A,direct,1,0x00,0x0013
2.02,0x0D,read,0x07B,RAM_0x07B,direct,1,0x00,0x0015
2.02,0x0D,read,0x07F,RAM_0x07F,direct,2,0x00,0x0039 0x003A
2.02,0x0D,read,0x08C,PIE1,indirect,2,0x22,0x001F 0x0025
2.02,0x0D,read,0x0A0,RAM_0x0A0,direct,22,0x0D,0x0DA6 0x0DAA 0x0DB2 0x0DBA 0x0DC2 0x0DCA 0x0DD2 0x0DDA 0x0DFB 0x0E1E 0x0E41 0x0E5F 0x0E67 0x0E6F 0x0E77 0x0E7F 0x0E87 0x0E8F 0x0E95 0x0EA2 0x0EA7 0x0EC7
2.02,0x0D,read,0x0CA,RAM_0x0CA,direct,1,0x00,0x0EC9
2.02,0x0D,read,0x0CB,RAM_0x0CB,direct,1,0x0D,0x0D90
2.02,0x0D,read,0x0CC,RAM_0x0CC,direct,1,0x00,0x0D97
2.02,0x0D,read,0x0D8,RAM_0x0D8,direct,4,0x00 0x0D,0x031E 0x0327
2.02,0x0D,read,0x0D9,RAM_0x0D9,direct,4,0x00 0xD0,0x0321 0x0322
2.02,0x0D,read,0x0DA,RAM_0x0DA,direct,12,0x00 0x0D,0x0308 0x0309 0x030E 0x0312
2.02,0x0D,read,0x0DB,RAM_0x0DB,direct,4,0x30 0x64,0x0314
2.02,0x0D,write,0x003,STATUS,direct,28,0x00 0x04 0x18 0x1A 0x1C 0x1E 0x1F 0x38 0x3A 0x3B 0x3C 0x3E 0x3F,0x0006 0x0017 0x0018 0x0038 0x0307 0x0316 0x031D 0x0324 0x0326 0x0329 0x0D8F 0x0D93 0x0D96 0x0D9A 0x0DA5 0x0E63 0x0E65 0x0ECB
2.02,0x0D,write,0x004,FSR,direct,3,0x8C 0xCA,0x001E 0x0024 0x002A
2.02,0x0D,write,0x00A,PCLATH,direct,10,0x00 0x08,0x000A 0x0036 0x0042 0x0043 0x01EB 0x01EC 0x0D92 0x0D95 0x0D99 0x0D9C
2.02,0x0D,write,0x00C,PIR1,direct,1,0x58,0x01EA
2.02,0x0D,write,0x019,TXREG,direct,6,0x0A 0x30 0x54 0x64,0x031B 0x0D8E 0x0DA1
2.02,0x0D,write,0x020,RAM_0x020,direct,1,0x00,0x0009
2.02,0x0D,write,0x021,RAM_0x021,direct,1,0xC1,0x0007
2.02,0x0D,write,0x022,RAM_0x022,direct,1,0xCA,0x000C
2.02,0x0D,write,0x023,RAM_0x023,direct,1,0x00,0x000E
2.02,0x0D,write,0x024,RAM_0x024,direct,1,0x00,0x0010
2.02,0x0D,write,0x025,RAM_0x025,direct,1,0x11,0x0012
2.02,0x0D,write,0x026,RAM_0x026,direct,1,0x00,0x0014
2.02,0x0D,write,0x027,RAM_0x027,direct,1,0x00,0x0016
2.02,0x0D,write,0x031,RAM_0x031,direct,1,0x8D,0x01DB
2.02,0x0D,write,0x038,RAM_0x038,direct,1,0x00,0x01E5
2.02,0x0D,write,0x077,RAM_0x077,direct,1,0x00,0x002C
2.02,0x0D,write,0x078,RAM_0x078,direct,1,0x00,0x002E
2.02,0x0D,write,0x079,RAM_0x079,direct,1,0x11,0x0030
2.02,0x0D,write,0x07A,RAM_0x07A,direct,1,0x00,0x0032
2.02,0x0D,write,0x07B,RAM_0x07B,direct,1,0x00,0x0034
2.02,0x0D,write,0x07F,RAM_0x07F,direct,2,0x00,0x0004 0x0039
2.02,0x0D,write,0x0CA,RAM_0x0CA,direct,1,0x00,0x0E66
2.02,0x0D,write,0x0CB,RAM_0x0CB,direct,1,0x0D,0x0EC8
2.02,0x0D,write,0x0CC,RAM_0x0CC,direct,1,0x00,0x0ECA
2.02,0x0D,write,0x0D8,RAM_0x0D8,direct,2,0x00 0x0D,0x0D91 0x0D98
2.02,0x0D,write,0x0D9,RAM_0x0D9,direct,4,0x00 0xD0,0x031F 0x0321
2.02,0x0D,write,0x0DA,RAM_0x0DA,direct,8,0x00 0x0D,0x0308 0x0323 0x0328
2.02,0x0D,write,0x0DB,RAM_0x0DB,direct,4,0x30 0x64,0x030F 0x0313
2.02,0x0E,read,0x003,STATUS,direct,52,0x04 0x18 0x1A 0x1B 0x1C 0x1E 0x1F 0x38 0x39 0x3A 0x3B 0x3C 0x3E 0x3F,0x0005 0x0017 0x0018 0x01E6 0x0307 0x030B 0x0316 0x031D 0x0324 0x0326 0x0329 0x0D8F 0x0D93 0x0D96 0x0D9A 0x0DA5 0x0DAC 0x0DB4 0x0DBC 0x0DC4 0x0DCC 0x0DD4 0x0DDC 0x0DFD 0x0E20 0x0E43 0x0E61 0x0E69 0x0E6B 0x0E6D 0x0E71 0x0E79 0x0E81 0x0E89 0x0E91 0x0E97 0x0EA4 0x0EA9 0x0ECB
2.02,0x0E,read,0x004,FSR,direct,1,0xCA,0x000B
2.02,0x0E,read,0x00A,PCLATH,direct,9,0x00 0x08,0x0008 0x0042 0x0043 0x01EB 0x01EC 0x0D92 0x0D95 0x0D99 0x0D9C
2.02,0x0E,read,0x00B,INTCON,direct,2,0x54,0x0019 0x001B
2.02,0x0E,read,0x00C,PIR1,direct,9,0x58 0x5A,0x0021 0x0027 0x01EA 0x0317 0x0D8C 0x0D9F
2.02,0x0E,read,0x020,RAM_0x020,direct,1,0x00,0x0035
2.02,0x0E,read,0x021,RAM_0x021,direct,1,0xC1,0x0037
2.02,0x0E,read,0x022,RAM_0x022,direct,1,0xCA,0x0029
2.02,0x0E,read,0x023,RAM_0x023,direct,1,0x00,0x002B
2.02,0x0E,read,0x024,RAM_0x024,direct,1,0x00,0x002D
2.02,0x0E,read,0x025,RAM_0x025,direct,1,0x11,0x002F
2.02,0x0E,read,0x026,RAM_0x026,direct,1,0x00,0x0031
2.02,0x0E,read,0x027,RAM_0x027,direct,1,0x00,0x0033
2.02,0x0E,read,0x031,RAM_0x031,direct,1,0x8C,0x01DB
2.02,0x0E,read,0x038,RAM_0x038,direct,1,0x00,0x01E5
2.02,0x0E,read,0x039,RAM_0x039,direct,1,0x00,0x0E6C
2.02,0x0E,read,0x04C,RAM_0x04C,direct,1,0x20,0x01DF
2.02,0x0E,read,0x050,RAM_0x050,direct,1,0x00,0x0DA3
2.02,0x0E,read,0x077,RAM_0x077,direct,1,0x00,0x000D
2.02,0x0E,read,0x078,RAM_0x078,direct,1,0x00,0x000F
2.02,0x0E,read,0x079,RAM_0x079,direct,1,0x11,0x0011
2.02,0x0E,read,0x07A,RAM_0x07A,direct,1,0x00,0x0013
2.02,0x0E,read,0x07B,RAM_0x07B,direct,1,0x00,0x0015
2.02,0x0E,read,0x07F,RAM_0x07F,direct,2,0x00,0x0039 0x003A
2.02,0x0E,read,0x08C,PIE1,indirect,2,0x22,0x001F 0x0025
2.02,0x0E,read,0x0A0,RAM_0x0A0,direct,22,0x0E,0x0DA6 0x0DAA 0x0DB2 0x0DBA 0x0DC2 0x0DCA 0x0DD2 0x0DDA 0x0DFB 0x0E1E 0x0E41 0x0E5F 0x0E67 0x0E6F 0x0E77 0x0E7F 0x0E87 0x0E8F 0x0E95 0x0EA2 0x0EA7 0x0EC7
2.02,0x0E,read,0x0CA,RAM_0x0CA,direct,1,0x00,0x0EC9
2.02,0x0E,read,0x0CB,RAM_0x0CB,direct,1,0x0E,0x0D90
2.02,0x0E,read,0x0CC,RAM_0x0CC,direct,1,0x00,0x0D97
2.02,0x0E,read,0x0D8,RAM_0x0D8,direct,4,0x00 0x0E,0x031E 0x0327
2.02,0x0E,read,0x0D9,RAM_0x0D9,direct,4,0x00 0xE0,0x0321 0x0322
2.02,0x0E,read,0x0DA,RAM_0x0DA,direct,12,0x00 0x0E,0x0308 0x0309 0x030E 0x0312
2.02,0x0E,read,0x0DB,RAM_0x0DB,direct,4,0x30 0x65,0x0314
2.02,0x0E,write,0x003,STATUS,direct,28,0x00 0x04 0x18 0x1A 0x1C 0x1E 0x1F 0x38 0x3A 0x3B 0x3C 0x3E 0x3F,0x0006 0x0017 0x0018 0x0038 0x0307 0x0316 0x031D 0x0324 0x0326 0x0329 0x0D8F 0x0D93 0x0D96 0x0D9A 0x0DA5 0x0E6B 0x0E6D 0x0ECB
2.02,0x0E,write,0x004,FSR,direct,3,0x8C 0xCA,0x001E 0x0024 0x002A
2.02,0x0E,write,0x00A,PCLATH,direct,10,0x00 0x08,0x000A 0x0036 0x0042 0x0043 0x01EB 0x01EC 0x0D92 0x0D95 0x0D99 0x0D9C
2.02,0x0E,write,0x00C,PIR1,direct,1,0x58,0x01EA
2.02,0x0E,write,0x019,TXREG,direct,6,0x0A 0x30 0x54 0x65,0x031B 0x0D8E 0x0DA1
2.02,0x0E,write,0x020,RAM_0x020,direct,1,0x00,0x0009
2.02,0x0E,write,0x021,RAM_0x021,direct,1,0xC1,0x0007
2.02,0x0E,write,0x022,RAM_0x022,direct,1,0xCA,0x000C
2.02,0x0E,write,0x023,RAM_0x023,direct,1,0x00,0x000E
2.02,0x0E,write,0x024,RAM_0x024,direct,1,0x00,0x0010
2.02,0x0E,write,0x025,RAM_0x025,direct,1,0x11,0x0012
2.02,0x0E,write,0x026,RAM_0x026,direct,1,0x00,0x0014
2.02,0x0E,write,0x027,RAM_0x027,direct,1,0x00,0x0016
2.02,0x0E,write,0x031,RAM_0x031,direct,1,0x8D,0x01DB
2.02,0x0E,write,0x038,RAM_0x038,direct,1,0x00,0x01E5
2.02,0x0E,write,0x077,RAM_0x077,direct,1,0x00,0x002C
2.02,0x0E,write,0x078,RAM_0x078,direct,1,0x00,0x002E
2.02,0x0E,write,0x079,RAM_0x079,direct,1,0x11,0x0030
2.02,0x0E,write,0x07A,RAM_0x07A,direct,1,0x00,0x0032
2.02,0x0E,write,0x07B,RAM_0x07B,direct,1,0x00,0x0034
2.02,0x0E,write,0x07F,RAM_0x07F,direct,2,0x00,0x0004 0x0039
2.02,0x0E,write,0x0CA,RAM_0x0CA,direct,1,0x00,0x0E6E
2.02,0x0E,write,0x0CB,RAM_0x0CB,direct,1,0x0E,0x0EC8
2.02,0x0E,write,0x0CC,RAM_0x0CC,direct,1,0x00,0x0ECA
2.02,0x0E,write,0x0D8,RAM_0x0D8,direct,2,0x00 0x0E,0x0D91 0x0D98
2.02,0x0E,write,0x0D9,RAM_0x0D9,direct,4,0x00 0xE0,0x031F 0x0321
2.02,0x0E,write,0x0DA,RAM_0x0DA,direct,8,0x00 0x0E,0x0308 0x0323 0x0328
2.02,0x0E,write,0x0DB,RAM_0x0DB,direct,4,0x30 0x65,0x030F 0x0313
2.02,0x0F,read,0x003,STATUS,direct,50,0x04 0x18 0x1A 0x1B 0x1C 0x1E 0x38 0x39 0x3A 0x3B 0x3C 0x3E,0x0005 0x0017 0x0018 0x01E6 0x0307 0x030B 0x0316 0x031D 0x0324 0x0326 0x0329 0x0D8F 0x0D93 0x0D96 0x0D9A 0x0DA5 0x0DAC 0x0DB4 0x0DBC 0x0DC4 0x0DCC 0x0DD4 0x0DDC 0x0DFD 0x0E20 0x0E43 0x0E61 0x0E69 0x0E71 0x0E79 0x0E81 0x0E89 0x0E91 0x0E97 0x0EA4 0x0EA9 0x0ECB
2.02,0x0F,read,0x004,FSR,direct,1,0xCA,0x000B
2.02,0x0F,read,0x00A,PCLATH,direct,9,0x00 0x08,0x0008 0x0042 0x0043 0x01EB 0x01EC 0x0D92 0x0D95 0x0D99 0x0D9C
2.02,0x0F,read,0x00B,INTCON,direct,2,0x54,0x0019 0x001B
2.02,0x0F,read,0x00C,PIR1,direct,9,0x58 0x5A,0x0021 0x0027 0x01EA 0x0317 0x0D8C 0x0D9F
2.02,0x0F,read,0x020,RAM_0x020,direct,1,0x00,0x0035
2.02,0x0F,read,0x021,RAM_0x021,direct,1,0xC3,0x0037
2.02,0x0F,read,0x022,RAM_0x022,direct,1,0xCA,0x0029
2.02,0x0F,read,0x023,RAM_0x023,direct,1,0x00,0x002B
2.02,0x0F,read,0x024,RAM_0x024,direct,1,0x00,0x002D
2.02,0x0F,read,0x025,RAM_0x025,direct,1,0x11,0x002F
2.02,0x0F,read,0x026,RAM_0x026,direct,1,0x00,0x0031
2.02,0x0F,read,0x027,RAM_0x027,direct,1,0x00,0x0033
2.02,0x0F,read,0x031,RAM_0x031,direct,1,0x8C,0x01DB
2.02,0x0F,read,0x038,RAM_0x038,direct,1,0x00,0x01E5
2.02,0x0F,read,0x04C,RAM_0x04C,direct,1,0x20,0x01DF
2.02,0x0F,read,0x050,RAM_0x050,direct,1,0x00,0x0DA3
2.02,0x0F,read,0x077,RAM_0x077,direct,1,0x00,0x000D
2.02,0x0F,read,0x078,RAM_0x078,direct,1,0x00,0x000F
2.02,0x0F,read,0x079,RAM_0x079,direct,1,0x11,0x0011
2.02,0x0F,read,0x07A,RAM_0x07A,direct,1,0x00,0x0013
2.02,0x0F,read,0x07B,RAM_0x07B,direct,1,0x00,0x0015
2.02,0x0F,read,0x07F,RAM_0x07F,direct,2,0x0F 0xF0,0x0039 0x003A
2.02,0x0F,read,0x08C,PIE1,indirect,2,0x22,0x001F 0x0025
2.02,0x0F,read,0x0A0,RAM_0x0A0,direct,22,0x0F,0x0DA6 0x0DAA 0x0DB2 0x0DBA 0x0DC2 0x0DCA 0x0DD2 0x0DDA 0x0DFB 0x0E1E 0x0E41 0x0E5F 0x0E67 0x0E6F 0x0E77 0x0E7F 0x0E87 0x0E8F 0x0E95 0x0EA2 0x0EA7 0x0EC7
2.02,0x0F,read,0x0CA,RAM_0x0CA,direct,1,0x00,0x0EC9
2.02,0x0F,read,0x0CB,RAM_0x0CB,direct,1,0x0F,0x0D90
2.02,0x0F,read,0x0CC,RAM_0x0CC,direct,1,0x00,0x0D97
2.02,0x0F,read,0x0D8,RAM_0x0D8,direct,4,0x00 0x0F,0x031E 0x0327
2.02,0x0F,read,0x0D9,RAM_0x0D9,direct,4,0x00 0xF0,0x0321 0x0322
2.02,0x0F,read,0x0DA,RAM_0x0DA,direct,12,0x00 0x0F,0x0308 0x0309 0x030E 0x0312
2.02,0x0F,read,0x0DB,RAM_0x0DB,direct,4,0x30 0x66,0x0314
2.02,0x0F,write,0x003,STATUS,direct,26,0x00 0x04 0x18 0x1A 0x1C 0x1E 0x38 0x3A 0x3B 0x3C 0x3E,0x0006 0x0017 0x0018 0x0038 0x0307 0x0316 0x031D 0x0324 0x0326 0x0329 0x0D8F 0x0D93 0x0D96 0x0D9A 0x0DA5 0x0ECB
2.02,0x0F,write,0x004,FSR,direct,3,0x8C 0xCA,0x001E 0x0024 0x002A
2.02,0x0F,write,0x00A,PCLATH,direct,10,0x00 0x08,0x000A 0x0036 0x0042 0x0043 0x01EB 0x01EC 0x0D92 0x0D95 0x0D99 0x0D9C
2.02,0x0F,write,0x00C,PIR1,direct,1,0x58,0x01EA
2.02,0x0F,write,0x019,TXREG,direct,6,0x0A 0x30 0x54 0x66,0x031B 0x0D8E 0x0DA1
2.02,0x0F,write,0x020,RAM_0x020,direct,1,0x00,0x0009
2.02,0x0F,write,0x021,RAM_0x021,direct,1,0xC3,0x0007
2.02,0x0F,write,0x022,RAM_0x022,direct,1,0xCA,0x000C
2.02,0x0F,write,0x023,RAM_0x023,direct,1,0x00,0x000E
2.02,0x0F,write,0x024,RAM_0x024,direct,1,0x00,0x0010
2.02,0x0F,write,0x025,RAM_0x025,direct,1,0x11,0x0012
2.02,0x0F,write,0x026,RAM_0x026,direct,1,0x00,0x0014
2.02,0x0F,write,0x027,RAM_0x027,direct,1,0x00,0x0016
2.02,0x0F,write,0x031,RAM_0x031,direct,1,0x8D,0x01DB
2.02,0x0F,write,0x038,RAM_0x038,direct,1,0x00,0x01E5
2.02,0x0F,write,0x077,RAM_0x077,direct,1,0x00,0x002C
2.02,0x0F,write,0x078,RAM_0x078,direct,1,0x00,0x002E
2.02,0x0F,write,0x079,RAM_0x079,direct,1,0x11,0x0030
2.02,0x0F,write,0x07A,RAM_0x07A,direct,1,0x00,0x0032
2.02,0x0F,write,0x07B,RAM_0x07B,direct,1,0x00,0x0034
2.02,0x0F,write,0x07F,RAM_0x07F,direct,2,0x0F 0xF0,0x0004 0x0039
2.02,0x0F,write,0x0CB,RAM_0x0CB,direct,1,0x0F,0x0EC8
2.02,0x0F,write,0x0CC,RAM_0x0CC,direct,1,0x00,0x0ECA
2.02,0x0F,write,0x0D8,RAM_0x0D8,direct,2,0x00 0x0F,0x0D91 0x0D98
2.02,0x0F,write,0x0D9,RAM_0x0D9,direct,4,0x00 0xF0,0x031F 0x0321
2.02,0x0F,write,0x0DA,RAM_0x0DA,direct,8,0x00 0x0F,0x0308 0x0323 0x0328
2.02,0x0F,write,0x0DB,RAM_0x0DB,direct,4,0x30 0x66,0x030F 0x0313
2.02,0x10,read,0x003,STATUS,direct,52,0x04 0x18 0x1A 0x1B 0x1C 0x38 0x3A 0x3B 0x3C 0x3F,0x0005 0x0017 0x0018 0x01E6 0x0307 0x030B 0x0316 0x031D 0x0324 0x0326 0x0329 0x0D8F 0x0D93 0x0D96 0x0D9A 0x0DA5 0x0DAC 0x0DB4 0x0DBC 0x0DC4 0x0DCC 0x0DD4 0x0DDC 0x0DFD 0x0E20 0x0E43 0x0E61 0x0E69 0x0E71 0x0E73 0x0E75 0x0E79 0x0E81 0x0E89 0x0E91 0x0E97 0x0EA4 0x0EA9 0x0ECB
2.02,0x10,read,0x004,FSR,direct,1,0xCA,0x000B
2.02,0x10,read,0x00A,PCLATH,direct,9,0x00 0x08,0x0008 0x0042 0x0043 0x01EB 0x01EC 0x0D92 0x0D95 0x0D99 0x0D9C
2.02,0x10,read,0x00B,INTCON,direct,2,0x54,0x0019 0x001B
2.02,0x10,read,0x00C,PIR1,direct,9,0x58 0x5A,0x0021 0x0027 0x01EA 0x0317 0x0D8C 0x0D9F
2.02,0x10,read,0x020,RAM_0x020,direct,1,0x00,0x0035
2.02,0x10,read,0x021,RAM_0x021,direct,1,0x81,0x0037
2.02,0x10,read,0x022,RAM_0x022,direct,1,0xCA,0x0029
2.02,0x10,read,0x023,RAM_0x023,direct,1,0x00,0x002B
2.02,0x10,read,0x024,RAM_0x024,direct,1,0x00,0x002D
2.02,0x10,read,0x025,RAM_0x025,direct,1,0x11,0x002F
2.02,0x10,read,0x026,RAM_0x026,direct,1,0x00,0x0031
2.02,0x10,read,0x027,RAM_0x027,direct,1,0x00,0x0033
2.02,0x10,read,0x031,RAM_0x031,direct,1,0x8C,0x01DB
2.02,0x10,read,0x038,RAM_0x038,direct,1,0x00,0x01E5
2.02,0x10,read,0x045,RAM_0x045,direct,1,0x02,0x0E74
2.02,0x10,read,0x04C,RAM_0x04C,direct,1,0x20,0x01DF
2.02,0x10,read,0x050,RAM_0x050,direct,1,0x00,0x0DA3
2.02,0x10,read,0x077,RAM_0x077,direct,1,0x00,0x000D
2.02,0x10,read,0x078,RAM_0x078,direct,1,0x00,0x000F
2.02,0x10,read,0x079,RAM_0x079,direct,1,0x11,0x0011
2.02,0x10,read,0x07A,RAM_0x07A,direct,1,0x00,0x0013
2.02,0x10,read,0x07B,RAM_0x07B,direct,1,0x00,0x0015
2.02,0x10,read,0x07F,RAM_0x07F,direct,2,0x02 0x20,0x0039 0x003A
2.02,0x10,read,0x08C,PIE1,indirect,2,0x22,0x001F 0x0025
2.02,0x10,read,0x0A0,RAM_0x0A0,direct,22,0x10,0x0DA6 0x0DAA 0x0DB2 0x0DBA 0x0DC2 0x0DCA 0x0DD2 0x0DDA 0x0DFB 0x0E1E 0x0E41 0x0E5F 0x0E67 0x0E6F 0x0E77 0x0E7F 0x0E87 0x0E8F 0x0E95 0x0EA2 0x0EA7 0x0EC7
2.02,0x10,read,0x0CA,RAM_0x0CA,direct,1,0x02,0x0EC9
2.02,0x10,read,0x0CB,RAM_0x0CB,direct,1,0x10,0x0D90
2.02,0x10,read,0x0CC,RAM_0x0CC,direct,1,0x02,0x0D97
2.02,0x10,read,0x0D8,RAM_0x0D8,direct,4,0x02 0x10,0x031E 0x0327
2.02,0x10,read,0x0D9,RAM_0x0D9,direct,4,0x00 0x01 0x20,0x0321 0x0322
2.02,0x10,read,0x0DA,RAM_0x0DA,direct,12,0x00 0x01 0x02 0x10,0x0308 0x0309 0x0312
2.02,0x10,read,0x0DB,RAM_0x0DB,direct,4,0x30 0x31 0x32,0x0314
2.02,0x10,write,0x003,STATUS,direct,28,0x00 0x04 0x18 0x1A 0x1C 0x1F 0x38 0x3A 0x3B 0x3C,0x0006 0x0017 0x0018 0x0038 0x0307 0x0316 0x031D 0x0324 0x0326 0x0329 0x0D8F 0x0D93 0x0D96 0x0D9A 0x0DA5 0x0E73 0x0E75 0x0ECB
2.02,0x10,write,0x004,FSR,direct,3,0x8C 0xCA,0x001E 0x0024 0x002A
2.02,0x10,write,0x00A,PCLATH,direct,10,0x00 0x08,0x000A 0x0036 0x0042 0x0043 0x01EB 0x01EC 0x0D92 0x0D95 0x0D99 0x0D9C
2.02,0x10,write,0x00C,PIR1,direct,1,0x58,0x01EA
2.02,0x10,write,0x019,TXREG,direct,6,0x0A 0x30 0x31 0x32 0x54,0x031B 0x0D8E 0x0DA1
2.02,0x10,write,0x020,RAM_0x020,direct,1,0x00,0x0009
2.02,0x10,write,0x021,RAM_0x021,direct,1,0x81,0x0007
2.02,0x10,write,0x022,RAM_0x022,direct,1,0xCA,0x000C
2.02,0x10,write,0x023,RAM_0x023,direct,1,0x00,0x000E
2.02,0x10,write,0x024,RAM_0x024,direct,1,0x00,0x0010
2.02,0x10,write,0x025,RAM_0x025,direct,1,0x11,0x0012
2.02,0x10,write,0x026,RAM_0x026,direct,1,0x00,0x0014
2.02,0x10,write,0x027,RAM_0x027,direct,1,0x00,0x0016
2.02,0x10,write,0x031,RAM_0x031,direct,1,0x8D,0x01DB
2.02,0x10,write,0x038,RAM_0x038,direct,1,0x00,0x01E5
2.02,0x10,write,0x077,RAM_0x077,direct,1,0x00,0x002C
2.02,0x10,write,0x078,RAM_0x078,direct,1,0x00,0x002E
2.02,0x10,write,0x079,RAM_0x079,direct,1,0x11,0x0030
2.02,0x10,write,0x07A,RAM_0x07A,direct,1,0x00,0x0032
2.02,0x10,write,0x07B,RAM_0x07B,direct,1,0x00,0x0034
2.02,0x10,write,0x07F,RAM_0x07F,direct,2,0x02 0x20,0x0004 0x0039
2.02,0x10,write,0x0CA,RAM_0x0CA,direct,1,0x02,0x0E76
2.02,0x10,write,0x0CB,RAM_0x0CB,direct,1,0x10,0x0EC8
2.02,0x10,write,0x0CC,RAM_0x0CC,direct,1,0x02,0x0ECA
2.02,0x10,write,0x0D8,RAM_0x0D8,direct,2,0x02 0x10,0x0D91 0x0D98
2.02,0x10,write,0x0D9,RAM_0x0D9,direct,4,0x00 0x01 0x20,0x031F 0x0321
2.02,0x10,write,0x0DA,RAM_0x0DA,direct,8,0x00 0x01 0x02 0x10,0x0308 0x0323 0x0328
2.02,0x10,write,0x0DB,RAM_0x0DB,direct,4,0x30 0x31 0x32,0x0313
2.02,0x11,read,0x003,STATUS,direct,52,0x04 0x18 0x1A 0x1B 0x38 0x3A 0x3B 0x3F,0x0005 0x0017 0x0018 0x01E6 0x0307 0x030B 0x0316 0x031D 0x0324 0x0326 0x0329 0x0D8F 0x0D93 0x0D96 0x0D9A 0x0DA5 0x0DAC 0x0DB4 0x0DBC 0x0DC4 0x0DCC 0x0DD4 0x0DDC 0x0DFD 0x0E20 0x0E43 0x0E61 0x0E69 0x0E71 0x0E79 0x0E7B 0x0E7D 0x0E81 0x0E89 0x0E91 0x0E97 0x0EA4 0x0EA9 0x0ECB
2.02,0x11,read,0x004,FSR,direct,1,0xCA,0x000B
2.02,0x11,read,0x00A,PCLATH,direct,9,0x00 0x08,0x0008 0x0042 0x0043 0x01EB 0x01EC 0x0D92 0x0D95 0x0D99 0x0D9C
2.02,0x11,read,0x00B,INTCON,direct,2,0x54,0x0019 0x001B
2.02,0x11,read,0x00C,PIR1,direct,9,0x58 0x5A,0x0021 0x0027 0x01EA 0x0317 0x0D8C 0x0D9F
2.02,0x11,read,0x020,RAM_0x020,direct,1,0x00,0x0035
2.02,0x11,read,0x021,RAM_0x021,direct,1,0xA1,0x0037
2.02,0x11,read,0x022,RAM_0x022,direct,1,0xCA,0x0029
2.02,0x11,read,0x023,RAM_0x023,direct,1,0x00,0x002B
2.02,0x11,read,0x024,RAM_0x024,direct,1,0x00,0x002D
2.02,0x11,read,0x025,RAM_0x025,direct,1,0x11,0x002F
2.02,0x11,read,0x026,RAM_0x026,direct,1,0x00,0x0031
2.02,0x11,read,0x027,RAM_0x027,direct,1,0x00,0x0033
2.02,0x11,read,0x031,RAM_0x031,direct,1,0x8C,0x01DB
2.02,0x11,read,0x038,RAM_0x038,direct,1,0x00,0x01E5
2.02,0x11,read,0x044,RAM_0x044,direct,1,0xD0,0x0E7C
2.02,0x11,read,0x04C,RAM_0x04C,direct,1,0x20,0x01DF
2.02,0x11,read,0x050,RAM_0x050,direct,1,0x00,0x0DA3
2.02,0x11,read,0x077,RAM_0x077,direct,1,0x00,0x000D
2.02,0x11,read,0x078,RAM_0x078,direct,1,0x00,0x000F
2.02,0x11,read,0x079,RAM_0x079,direct,1,0x11,0x0011
2.02,0x11,read,0x07A,RAM_0x07A,direct,1,0x00,0x0013
2.02,0x11,read,0x07B,RAM_0x07B,direct,1,0x00,0x0015
2.02,0x11,read,0x07F,RAM_0x07F,direct,2,0x0D 0xD0,0x0039 0x003A
2.02,0x11,read,0x08C,PIE1,indirect,2,0x22,0x001F 0x0025
2.02,0x11,read,0x0A0,RAM_0x0A0,direct,22,0x11,0x0DA6 0x0DAA 0x0DB2 0x0DBA 0x0DC2 0x0DCA 0x0DD2 0x0DDA 0x0DFB 0x0E1E 0x0E41 0x0E5F 0x0E67 0x0E6F 0x0E77 0x0E7F 0x0E87 0x0E8F 0x0E95 0x0EA2 0x0EA7 0x0EC7
2.02,0x11,read,0x0CA,RAM_0x0CA,direct,1,0xD0,0x0EC9
2.02,0x11,read,0x0CB,RAM_0x0CB,direct,1,0x11,0x0D90
2.02,0x11,read,0x0CC,RAM_0x0CC,direct,1,0xD0,0x0D97
2.02,0x11,read,0x0D8,RAM_0x0D8,direct,4,0x11 0xD0,0x031E 0x0327
2.02,0x11,read,0x0D9,RAM_0x0D9,direct,4,0x01 0x0D 0x11,0x0321 0x0322
2.02,0x11,read,0x0DA,RAM_0x0DA,direct,12,0x00 0x01 0x0D 0x11 0xD0,0x0308 0x0309 0x030E 0x0312
2.02,0x11,read,0x0DB,RAM_0x0DB,direct,4,0x30 0x31 0x64,0x0314
2.02,0x11,write,0x003,STATUS,direct,28,0x00 0x04 0x18 0x1A 0x1F 0x38 0x3A 0x3B,0x0006 0x0017 0x0018 0x0038 0x0307 0x0316 0x031D 0x0324 0x0326 0x0329 0x0D8F 0x0D93 0x0D96 0x0D9A 0x0DA5 0x0E7B 0x0E7D 0x0ECB
2.02,0x11,write,0x004,FSR,direct,3,0x8C 0xCA,0x001E 0x0024 0x002A
2.02,0x11,write,0x00A,PCLATH,direct,10,0x00 0x08,0x000A 0x0036 0x0042 0x0043 0x01EB 0x01EC 0x0D92 0x0D95 0x0D99 0x0D9C
2.02,0x11,write,0x00C,PIR1,direct,1,0x58,0x01EA
2.02,0x11,write,0x019,TXREG,direct,6,0x0A 0x30 0x31 0x54 0x64,0x031B 0x0D8E 0x0DA1
2.02,0x11,write,0x020,RAM_0x020,direct,1,0x00,0x0009
2.02,0x11,write,0x021,RAM_0x021,direct,1,0xA1,0x0007
2.02,0x11,write,0x022,RAM_0x022,direct,1,0xCA,0x000C
2.02,0x11,write,0x023,RAM_0x023,direct,1,0x00,0x000E
2.02,0x11,write,0x024,RAM_0x024,direct,1,0x00,0x0010
2.02,0x11,write,0x025,RAM_0x025,direct,1,0x11,0x0012
2.02,0x11,write,0x026,RAM_0x026,direct,1,0x00,0x0014
2.02,0x11,write,0x027,RAM_0x027,direct,1,0x00,0x0016
2.02,0x11,write,0x031,RAM_0x031,direct,1,0x8D,0x01DB
2.02,0x11,write,0x038,RAM_0x038,direct,1,0x00,0x01E5
2.02,0x11,write,0x077,RAM_0x077,direct,1,0x00,0x002C
2.02,0x11,write,0x078,RAM_0x078,direct,1,0x00,0x002E
2.02,0x11,write,0x079,RAM_0x079,direct,1,0x11,0x0030
2.02,0x11,write,0x07A,RAM_0x07A,direct,1,0x00,0x0032
2.02,0x11,write,0x07B,RAM_0x07B,direct,1,0x00,0x0034
2.02,0x11,write,0x07F,RAM_0x07F,direct,2,0x0D 0xD0,0x0004 0x0039
2.02,0x11,write,0x0CA,RAM_0x0CA,direct,1,0xD0,0x0E7E
2.02,0x11,write,0x0CB,RAM_0x0CB,direct,1,0x11,0x0EC8
2.02,0x11,write,0x0CC,RAM_0x0CC,direct,1,0xD0,0x0ECA
2.02,0x11,write,0x0D8,RAM_0x0D8,direct,2,0x11 0xD0,0x0D91 0x0D98
2.02,0x11,write,0x0D9,RAM_0x0D9,direct,4,0x01 0x0D 0x11,0x031F 0x0321
2.02,0x11,write,0x0DA,RAM_0x0DA,direct,8,0x00 0x01 0x0D 0x11 0xD0,0x0308 0x0323 0x0328
2.02,0x11,write,0x0DB,RAM_0x0DB,direct,4,0x30 0x31 0x64,0x030F 0x0313
2.02,0x12,read,0x003,STATUS,direct,52,0x04 0x18 0x1A 0x1B 0x38 0x3A 0x3B 0x3F,0x0005 0x0017 0x0018 0x01E6 0x0307 0x030B 0x0316 0x031D 0x0324 0x0326 0x0329 0x0D8F 0x0D93 0x0D96 0x0D9A 0x0DA5 0x0DAC 0x0DB4 0x0DBC 0x0DC4 0x0DCC 0x0DD4 0x0DDC 0x0DFD 0x0E20 0x0E43 0x0E61 0x0E69 0x0E71 0x0E79 0x0E81 0x0E83 0x0E85 0x0E89 0x0E91 0x0E97 0x0EA4 0x0EA9 0x0ECB
2.02,0x12,read,0x004,FSR,direct,1,0xCA,0x000B
2.02,0x12,read,0x00A,PCLATH,direct,9,0x00 0x08,0x0008 0x0042 0x0043 0x01EB 0x01EC 0x0D92 0x0D95 0x0D99 0x0D9C
2.02,0x12,read,0x00B,INTCON,direct,2,0x54,0x0019 0x001B
2.02,0x12,read,0x00C,PIR1,direct,9,0x58 0x5A,0x0021 0x0027 0x01EA 0x0317 0x0D8C 0x0D9F
2.02,0x12,read,0x020,RAM_0x020,direct,1,0x00,0x0035
2.02,0x12,read,0x021,RAM_0x021,direct,1,0x81,0x0037
2.02,0x12,read,0x022,RAM_0x022,direct,1,0xCA,0x0029
2.02,0x12,read,0x023,RAM_0x023,direct,1,0x00,0x002B
2.02,0x12,read,0x024,RAM_0x024,direct,1,0x00,0x002D
2.02,0x12,read,0x025,RAM_0x025,direct,1,0x11,0x002F
2.02,0x12,read,0x026,RAM_0x026,direct,1,0x00,0x0031
2.02,0x12,read,0x027,RAM_0x027,direct,1,0x00,0x0033
2.02,0x12,read,0x031,RAM_0x031,direct,1,0x8C,0x01DB
2.02,0x12,read,0x038,RAM_0x038,direct,1,0x00,0x01E5
2.02,0x12,read,0x03E,RAM_0x03E,direct,1,0x11,0x0E84
2.02,0x12,read,0x04C,RAM_0x04C,direct,1,0x20,0x01DF
2.02,0x12,read,0x050,RAM_0x050,direct,1,0x00,0x0DA3
2.02,0x12,read,0x077,RAM_0x077,direct,1,0x00,0x000D
2.02,0x12,read,0x078,RAM_0x078,direct,1,0x00,0x000F
2.02,0x12,read,0x079,RAM_0x079,direct,1,0x11,0x0011
2.02,0x12,read,0x07A,RAM_0x07A,direct,1,0x00,0x0013
2.02,0x12,read,0x07B,RAM_0x07B,direct,1,0x00,0x0015
2.02,0x12,read,0x07F,RAM_0x07F,direct,2,0x11,0x0039 0x003A
2.02,0x12,read,0x08C,PIE1,indirect,2,0x22,0x001F 0x0025
2.02,0x12,read,0x0A0,RAM_0x0A0,direct,22,0x12,0x0DA6 0x0DAA 0x0DB2 0x0DBA 0x0DC2 0x0DCA 0x0DD2 0x0DDA 0x0DFB 0x0E1E 0x0E41 0x0E5F 0x0E67 0x0E6F 0x0E77 0x0E7F 0x0E87 0x0E8F 0x0E95 0x0EA2 0x0EA7 0x0EC7
2.02,0x12,read,0x0CA,RAM_0x0CA,direct,1,0x11,0x0EC9
2.02,0x12,read,0x0CB,RAM_0x0CB,direct,1,0x12,0x0D90
2.02,0x12,read,0x0CC,RAM_0x0CC,direct,1,0x11,0x0D97
2.02,0x12,read,0x0D8,RAM_0x0D8,direct,4,0x11 0x12,0x031E 0x0327
2.02,0x12,read,0x0D9,RAM_0x0D9,direct,4,0x01 0x11 0x21,0x0321 0x0322
2.02,0x12,read,0x0DA,RAM_0x0DA,direct,12,0x01 0x02 0x11 0x12,0x0308 0x0309 0x0312
2.02,0x12,read,0x0DB,RAM_0x0DB,direct,4,0x31 0x32,0x0314
2.02,0x12,write,0x003,STATUS,direct,28,0x00 0x04 0x18 0x1A 0x1F 0x38 0x3A 0x3B,0x0006 0x0017 0x0018 0x0038 0x0307 0x0316 0x031D 0x0324 0x0326 0x0329 0x0D8F 0x0D93 0x0D96 0x0D9A 0x0DA5 0x0E83 0x0E85 0x0ECB
2.02,0x12,write,0x004,FSR,direct,3,0x8C 0xCA,0x001E 0x0024 0x002A
2.02,0x12,write,0x00A,PCLATH,direct,10,0x00 0x08,0x000A 0x0036 0x0042 0x0043 0x01EB 0x01EC 0x0D92 0x0D95 0x0D99 0x0D9C
2.02,0x12,write,0x00C,PIR1,direct,1,0x58,0x01EA
2.02,0x12,write,0x019,TXREG,direct,6,0x0A 0x31 0x32 0x54,0x031B 0x0D8E 0x0DA1
2.02,0x12,write,0x020,RAM_0x020,direct,1,0x00,0x0009
2.02,0x12,write,0x021,RAM_0x021,direct,1,0x81,0x0007
2.02,0x12,write,0x022,RAM_0x022,direct,1,0xCA,0x000C
2.02,0x12,write,0x023,RAM_0x023,direct,1,0x00,0x000E
2.02,0x12,write,0x024,RAM_0x024,direct,1,0x00,0x0010
2.02,0x12,write,0x025,RAM_0x025,direct,1,0x11,0x0012
2.02,0x12,write,0x026,RAM_0x026,direct,1,0x00,0x0014
2.02,0x12,write,0x027,RAM_0x027,direct,1,0x00,0x0016
2.02,0x12,write,0x031,RAM_0x031,direct,1,0x8D,0x01DB
2.02,0x12,write,0x038,RAM_0x038,direct,1,0x00,0x01E5
2.02,0x12,write,0x077,RAM_0x077,direct,1,0x00,0x002C
2.02,0x12,write,0x078,RAM_0x078,direct,1,0x00,0x002E
2.02,0x12,write,0x079,RAM_0x079,direct,1,0x11,0x0030
2.02,0x12,write,0x07A,RAM_0x07A,direct,1,0x00,0x0032
2.02,0x12,write,0x07B,RAM_0x07B,direct,1,0x00,0x0034
2.02,0x12,write,0x07F,RAM_0x07F,direct,2,0x11,0x0004 0x0039
2.02,0x12,write,0x0CA,RAM_0x0CA,direct,1,0x11,0x0E86
2.02,0x12,write,0x0CB,RAM_0x0CB,direct,1,0x12,0x0EC8
2.02,0x12,write,0x0CC,RAM_0x0CC,direct,1,0x11,0x0ECA
2.02,0x12,write,0x0D8,RAM_0x0D8,direct,2,0x11 0x12,0x0D91 0x0D98
2.02,0x12,write,0x0D9,RAM_0x0D9,direct,4,0x01 0x11 0x21,0x031F 0x0321
2.02,0x12,write,0x0DA,RAM_0x0DA,direct,8,0x01 0x02 0x11 0x12,0x0308 0x0323 0x0328
2.02,0x12,write,0x0DB,RAM_0x0DB,direct,4,0x31 0x32,0x0313
2.02,0x13,read,0x003,STATUS,direct,52,0x04 0x18 0x1A 0x1B 0x38 0x3A 0x3B 0x3F,0x0005 0x0017 0x0018 0x01E6 0x0307 0x030B 0x0316 0x031D 0x0324 0x0326 0x0329 0x0D8F 0x0D93 0x0D96 0x0D9A 0x0DA5 0x0DAC 0x0DB4 0x0DBC 0x0DC4 0x0DCC 0x0DD4 0x0DDC 0x0DFD 0x0E20 0x0E43 0x0E61 0x0E69 0x0E71 0x0E79 0x0E81 0x0E89 0x0E8B 0x0E8D 0x0E91 0x0E97 0x0EA4 0x0EA9 0x0ECB
2.02,0x13,read,0x004,FSR,direct,1,0xCA,0x000B
2.02,0x13,read,0x00A,PCLATH,direct,9,0x00 0x08,0x0008 0x0042 0x0043 0x01EB 0x01EC 0x0D92 0x0D95 0x0D99 0x0D9C
2.02,0x13,read,0x00B,INTCON,direct,2,0x54,0x0019 0x001B
2.02,0x13,read,0x00C,PIR1,direct,9,0x58 0x5A,0x0021 0x0027 0x01EA 0x0317 0x0D8C 0x0D9F
2.02,0x13,read,0x020,RAM_0x020,direct,1,0x00,0x0035
2.02,0x13,read,0x021,RAM_0x021,direct,1,0xA1,0x0037
2.02,0x13,read,0x022,RAM_0x022,direct,1,0xCA,0x0029
2.02,0x13,read,0x023,RAM_0x023,direct,1,0x00,0x002B
2.02,0x13,read,0x024,RAM_0x024,direct,1,0x00,0x002D
2.02,0x13,read,0x025,RAM_0x025,direct,1,0x11,0x002F
2.02,0x13,read,0x026,RAM_0x026,direct,1,0x00,0x0031
2.02,0x13,read,0x027,RAM_0x027,direct,1,0x00,0x0033
2.02,0x13,read,0x031,RAM_0x031,direct,1,0x8C,0x01DB
2.02,0x13,read,0x038,RAM_0x038,direct,1,0x00,0x01E5
2.02,0x13,read,0x03D,RAM_0x03D,direct,1,0xA9,0x0E8C
2.02,0x13,read,0x04C,RAM_0x04C,direct,1,0x20,0x01DF
2.02,0x13,read,0x050,RAM_0x050,direct,1,0x00,0x0DA3
2.02,0x13,read,0x077,RAM_0x077,direct,1,0x00,0x000D
2.02,0x13,read,0x078,RAM_0x078,direct,1,0x00,0x000F
2.02,0x13,read,0x079,RAM_0x079,direct,1,0x11,0x0011
2.02,0x13,read,0x07A,RAM_0x07A,direct,1,0x00,0x0013
2.02,0x13,read,0x07B,RAM_0x07B,direct,1,0x00,0x0015
2.02,0x13,read,0x07F,RAM_0x07F,direct,2,0x9A 0xA9,0x0039 0x003A
2.02,0x13,read,0x08C,PIE1,indirect,2,0x22,0x001F 0x0025
2.02,0x13,read,0x0A0,RAM_0x0A0,direct,22,0x13,0x0DA6 0x0DAA 0x0DB2 0x0DBA 0x0DC2 0x0DCA 0x0DD2 0x0DDA 0x0DFB 0x0E1E 0x0E41 0x0E5F 0x0E67 0x0E6F 0x0E77 0x0E7F 0x0E87 0x0E8F 0x0E95 0x0EA2 0x0EA7 0x0EC7
2.02,0x13,read,0x0CA,RAM_0x0CA,direct,1,0xA9,0x0EC9
2.02,0x13,read,0x0CB,RAM_0x0CB,direct,1,0x13,0x0D90
2.02,0x13,read,0x0CC,RAM_0x0CC,direct,1,0xA9,0x0D97
2.02,0x13,read,0x0D8,RAM_0x0D8,direct,4,0x13 0xA9,0x031E 0x0327
2.02,0x13,read,0x0D9,RAM_0x0D9,direct,4,0x01 0x0A 0x31 0x9A,0x0321 0x0322
2.02,0x13,read,0x0DA,RAM_0x0DA,direct,12,0x01 0x03 0x09 0x0A 0x13 0xA9,0x0308 0x0309 0x030E 0x0312
2.02,0x13,read,0x0DB,RAM_0x0DB,direct,4,0x31 0x33 0x39 0x61,0x0314
2.02,0x13,write,0x003,STATUS,direct,28,0x00 0x04 0x18 0x1A 0x1F 0x38 0x3A 0x3B,0x0006 0x0017 0x0018 0x0038 0x0307 0x0316 0x031D 0x0324 0x0326 0x0329 0x0D8F 0x0D93 0x0D96 0x0D9A 0x0DA5 0x0E8B 0x0E8D 0x0ECB
2.02,0x13,write,0x004,FSR,direct,3,0x8C 0xCA,0x001E 0x0024 0x002A
2.02,0x13,write,0x00A,PCLATH,direct,10,0x00 0x08,0x000A 0x0036 0x0042 0x0043 0x01EB 0x01EC 0x0D92 0x0D95 0x0D99 0x0D9C
2.02,0x13,write,0x00C,PIR1,direct,1,0x58,0x01EA
2.02,0x13,write,0x019,TXREG,direct,6,0x0A 0x31 0x33 0x39 0x54 0x61,0x031B 0x0D8E 0x0DA1
2.02,0x13,write,0x020,RAM_0x020,direct,1,0x00,0x0009
2.02,0x13,write,0x021,RAM_0x021,direct,1,0xA1,0x0007
2.02,0x13,write,0x022,RAM_0x022,direct,1,0xCA,0x000C
2.02,0x13,write,0x023,RAM_0x023,direct,1,0x00,0x000E
2.02,0x13,write,0x024,RAM_0x024,direct,1,0x00,0x0010
2.02,0x13,write,0x025,RAM_0x025,direct,1,0x11,0x0012
2.02,0x13,write,0x026,RAM_0x026,direct,1,0x00,0x0014
2.02,0x13,write,0x027,RAM_0x027,direct,1,0x00,0x0016
2.02,0x13,write,0x031,RAM_0x031,direct,1,0x8D,0x01DB
2.02,0x13,write,0x038,RAM_0x038,direct,1,0x00,0x01E5
2.02,0x13,write,0x077,RAM_0x077,direct,1,0x00,0x002C
2.02,0x13,write,0x078,RAM_0x078,direct,1,0x00,0x002E
2.02,0x13,write,0x079,RAM_0x079,direct,1,0x11,0x0030
2.02,0x13,write,0x07A,RAM_0x07A,direct,1,0x00,0x0032
2.02,0x13,write,0x07B,RAM_0x07B,direct,1,0x00,0x0034
2.02,0x13,write,0x07F,RAM_0x07F,direct,2,0x9A 0xA9,0x0004 0x0039
2.02,0x13,write,0x0CA,RAM_0x0CA,direct,1,0xA9,0x0E8E
2.02,0x13,write,0x0CB,RAM_0x0CB,direct,1,0x13,0x0EC8
2.02,0x13,write,0x0CC,RAM_0x0CC,direct,1,0xA9,0x0ECA
2.02,0x13,write,0x0D8,RAM_0x0D8,direct,2,0x13 0xA9,0x0D91 0x0D98
2.02,0x13,write,0x0D9,RAM_0x0D9,direct,4,0x01 0x0A 0x31 0x9A,0x031F 0x0321
2.02,0x13,write,0x0DA,RAM_0x0DA,direct,8,0x01 0x03 0x09 0x0A 0x13 0xA9,0x0308 0x0323 0x0328
2.02,0x13,write,0x0DB,RAM_0x0DB,direct,4,0x31 0x33 0x39 0x61,0x030F 0x0313
2.02,0x14,read,0x003,STATUS,direct,50,0x04 0x18 0x1A 0x1B 0x1C 0x38 0x3A 0x3B 0x3C 0x3F,0x0005 0x0017 0x0018 0x01E6 0x0307 0x030B 0x0316 0x031D 0x0324 0x0326 0x0329 0x0D8F 0x0D93 0x0D96 0x0D9A 0x0DA5 0x0DAC 0x0DB4 0x0DBC 0x0DC4 0x0DCC 0x0DD4 0x0DDC 0x0DFD 0x0E20 0x0E43 0x0E61 0x0E69 0x0E71 0x0E79 0x0E81 0x0E89 0x0E91 0x0E97 0x0EA4 0x0EA9 0x0ECB
2.02,0x14,read,0x004,FSR,direct,1,0xCA,0x000B
2.02,0x14,read,0x00A,PCLATH,direct,9,0x00 0x08,0x0008 0x0042 0x0043 0x01EB 0x01EC 0x0D92 0x0D95 0x0D99 0x0D9C
2.02,0x14,read,0x00B,INTCON,direct,2,0x54,0x0019 0x001B
2.02,0x14,read,0x00C,PIR1,direct,9,0x58 0x5A,0x0021 0x0027 0x01EA 0x0317 0x0D8C 0x0D9F
2.02,0x14,read,0x020,RAM_0x020,direct,1,0x00,0x0035
2.02,0x14,read,0x021,RAM_0x021,direct,1,0x81,0x0037
2.02,0x14,read,0x022,RAM_0x022,direct,1,0xCA,0x0029
2.02,0x14,read,0x023,RAM_0x023,direct,1,0x00,0x002B
2.02,0x14,read,0x024,RAM_0x024,direct,1,0x00,0x002D
2.02,0x14,read,0x025,RAM_0x025,direct,1,0x11,0x002F
2.02,0x14,read,0x026,RAM_0x026,direct,1,0x00,0x0031
2.02,0x14,read,0x027,RAM_0x027,direct,1,0x00,0x0033
2.02,0x14,read,0x031,RAM_0x031,direct,1,0x8C,0x01DB
2.02,0x14,read,0x038,RAM_0x038,direct,1,0x00,0x01E5
2.02,0x14,read,0x04C,RAM_0x04C,direct,1,0x20,0x01DF
2.02,0x14,read,0x050,RAM_0x050,direct,1,0x00,0x0DA3
2.02,0x14,read,0x077,RAM_0x077,direct,1,0x00,0x000D
2.02,0x14,read,0x078,RAM_0x078,direct,1,0x00,0x000F
2.02,0x14,read,0x079,RAM_0x079,direct,1,0x11,0x0011
2.02,0x14,read,0x07A,RAM_0x07A,direct,1,0x00,0x0013
2.02,0x14,read,0x07B,RAM_0x07B,direct,1,0x00,0x0015
2.02,0x14,read,0x07E,RAM_0x07E,direct,1,0x0F,0x0E93
2.02,0x14,read,0x07F,RAM_0x07F,direct,2,0x0F 0xF0,0x0039 0x003A
2.02,0x14,read,0x08C,PIE1,indirect,2,0x22,0x001F 0x0025
2.02,0x14,read,0x0A0,RAM_0x0A0,direct,22,0x14,0x0DA6 0x0DAA 0x0DB2 0x0DBA 0x0DC2 0x0DCA 0x0DD2 0x0DDA 0x0DFB 0x0E1E 0x0E41 0x0E5F 0x0E67 0x0E6F 0x0E77 0x0E7F 0x0E87 0x0E8F 0x0E95 0x0EA2 0x0EA7 0x0EC7
2.02,0x14,read,0x0CA,RAM_0x0CA,direct,1,0x0F,0x0EC9
2.02,0x14,read,0x0CB,RAM_0x0CB,direct,1,0x14,0x0D90
2.02,0x14,read,0x0CC,RAM_0x0CC,direct,1,0x0F,0x0D97
2.02,0x14,read,0x0D8,RAM_0x0D8,direct,4,0x0F 0x14,0x031E 0x0327
2.02,0x14,read,0x0D9,RAM_0x0D9,direct,4,0x00 0x01 0x41 0xF0,0x0321 0x0322
2.02,0x14,read,0x0DA,RAM_0x0DA,direct,12,0x00 0x01 0x04 0x0F 0x14,0x0308 0x0309 0x030E 0x0312
2.02,0x14,read,0x0DB,RAM_0x0DB,direct,4,0x30 0x31 0x34 0x66,0x0314
2.02,0x14,write,0x003,STATUS,direct,26,0x00 0x04 0x18 0x1A 0x1C 0x38 0x3A 0x3B 0x3C,0x0006 0x0017 0x0018 0x0038 0x0307 0x0316 0x031D 0x0324 0x0326 0x0329 0x0D8F 0x0D93 0x0D96 0x0D9A 0x0DA5 0x0ECB
2.02,0x14,write,0x004,FSR,direct,3,0x8C 0xCA,0x001E 0x0024 0x002A
2.02,0x14,write,0x00A,PCLATH,direct,10,0x00 0x08,0x000A 0x0036 0x0042 0x0043 0x01EB 0x01EC 0x0D92 0x0D95 0x0D99 0x0D9C
2.02,0x14,write,0x00C,PIR1,direct,1,0x58,0x01EA
2.02,0x14,write,0x019,TXREG,direct,6,0x0A 0x30 0x31 0x34 0x54 0x66,0x031B 0x0D8E 0x0DA1
2.02,0x14,write,0x020,RAM_0x020,direct,1,0x00,0x0009
2.02,0x14,write,0x021,RAM_0x021,direct,1,0x81,0x0007
2.02,0x14,write,0x022,RAM_0x022,direct,1,0xCA,0x000C
2.02,0x14,write,0x023,RAM_0x023,direct,1,0x00,0x000E
2.02,0x14,write,0x024,RAM_0x024,direct,1,0x00,0x0010
2.02,0x14,write,0x025,RAM_0x025,direct,1,0x11,0x0012
2.02,0x14,write,0x026,RAM_0x026,direct,1,0x00,0x0014
2.02,0x14,write,0x027,RAM_0x027,direct,1,0x00,0x0016
2.02,0x14,write,0x031,RAM_0x031,direct,1,0x8D,0x01DB
2.02,0x14,write,0x038,RAM_0x038,direct,1,0x00,0x01E5
2.02,0x14,write,0x077,RAM_0x077,direct,1,0x00,0x002C
2.02,0x14,write,0x078,RAM_0x078,direct,1,0x00,0x002E
2.02,0x14,write,0x079,RAM_0x079,direct,1,0x11,0x0030
2.02,0x14,write,0x07A,RAM_0x07A,direct,1,0x00,0x0032
2.02,0x14,write,0x07B,RAM_0x07B,direct,1,0x00,0x0034
2.02,0x14,write,0x07F,RAM_0x07F,direct,2,0x0F 0xF0,0x0004 0x0039
2.02,0x14,write,0x0CA,RAM_0x0CA,direct,1,0x0F,0x0E94
2.02,0x14,write,0x0CB,RAM_0x0CB,direct,1,0x14,0x0EC8
2.02,0x14,write,0x0CC,RAM_0x0CC,direct,1,0x0F,0x0ECA
2.02,0x14,write,0x0D8,RAM_0x0D8,direct,2,0x0F 0x14,0x0D91 0x0D98
2.02,0x14,write,0x0D9,RAM_0x0D9,direct,4,0x00 0x01 0x41 0xF0,0x031F 0x0321
2.02,0x14,write,0x0DA,RAM_0x0DA,direct,8,0x00 0x01 0x04 0x0F 0x14,0x0308 0x0323 0x0328
2.02,0x14,write,0x0DB,RAM_0x0DB,direct,4,0x30 0x31 0x34 0x66,0x030F 0x0313
2.02,0x15,read,0x003,STATUS,direct,78,0x04 0x18 0x1A 0x1B 0x1C 0x1E 0x1F 0x38 0x3A 0x3B 0x3C 0x3E 0x3F,0x0005 0x0017 0x0018 0x01E6 0x0307 0x030B 0x0316 0x031D 0x0324 0x0326 0x0329 0x0D8F 0x0D93 0x0D96 0x0D9A 0x0DA5 0x0DAC 0x0DB4 0x0DBC 0x0DC4 0x0DCC 0x0DD4 0x0DDC 0x0DFD 0x0E20 0x0E43 0x0E61 0x0E69 0x0E71 0x0E79 0x0E81 0x0E89 0x0E91 0x0E97 0x0E9B 0x0E9D 0x0E9F 0x0EA1 0x0EA4 0x0EA9 0x0ECB
2.02,0x15,read,0x004,FSR,direct,1,0xCA,0x000B
2.02,0x15,read,0x00A,PCLATH,direct,13,0x00 0x08,0x0008 0x0042 0x0043 0x01EB 0x01EC 0x0D92 0x0D95 0x0D99 0x0D9C
2.02,0x15,read,0x00B,INTCON,direct,2,0x54,0x0019 0x001B
2.02,0x15,read,0x00C,PIR1,direct,15,0x58 0x5A,0x0021 0x0027 0x01EA 0x0317 0x0D8C 0x0D9F
2.02,0x15,read,0x020,RAM_0x020,direct,1,0x00,0x0035
2.02,0x15,read,0x021,RAM_0x021,direct,1,0x83,0x0037
2.02,0x15,read,0x022,RAM_0x022,direct,1,0xCA,0x0029
2.02,0x15,read,0x023,RAM_0x023,direct,1,0x00,0x002B
2.02,0x15,read,0x024,RAM_0x024,direct,1,0x00,0x002D
2.02,0x15,read,0x025,RAM_0x025,direct,1,0x11,0x002F
2.02,0x15,read,0x026,RAM_0x026,direct,1,0x00,0x0031
2.02,0x15,read,0x027,RAM_0x027,direct,1,0x00,0x0033
2.02,0x15,read,0x031,RAM_0x031,direct,1,0x8C,0x01DB
2.02,0x15,read,0x038,RAM_0x038,direct,1,0x00,0x01E5
2.02,0x15,read,0x048,RAM_0x048,direct,1,0x00,0x0E9C
2.02,0x15,read,0x04C,RAM_0x04C,direct,1,0x20,0x01DF
2.02,0x15,read,0x050,RAM_0x050,direct,1,0x00,0x0DA3
2.02,0x15,read,0x077,RAM_0x077,direct,1,0x00,0x000D
2.02,0x15,read,0x078,RAM_0x078,direct,1,0x00,0x000F
2.02,0x15,read,0x079,RAM_0x079,direct,1,0x11,0x0011
2.02,0x15,read,0x07A,RAM_0x07A,direct,1,0x00,0x0013
2.02,0x15,read,0x07B,RAM_0x07B,direct,1,0x00,0x0015
2.02,0x15,read,0x07F,RAM_0x07F,direct,2,0x03 0x30,0x0039 0x003A
2.02,0x15,read,0x08C,PIE1,indirect,2,0x22,0x001F 0x0025
2.02,0x15,read,0x0A0,RAM_0x0A0,direct,22,0x15,0x0DA6 0x0DAA 0x0DB2 0x0DBA 0x0DC2 0x0DCA 0x0DD2 0x0DDA 0x0DFB 0x0E1E 0x0E41 0x0E5F 0x0E67 0x0E6F 0x0E77 0x0E7F 0x0E87 0x0E8F 0x0E95 0x0EA2 0x0EA7 0x0EC7
2.02,0x15,read,0x0CA,RAM_0x0CA,direct,1,0x00,0x0EC9
2.02,0x15,read,0x0CB,RAM_0x0CB,direct,2,0x08 0x15,0x0D90
2.02,0x15,read,0x0CC,RAM_0x0CC,direct,2,0x00,0x0D97
2.02,0x15,read,0x0D8,RAM_0x0D8,direct,8,0x00 0x08 0x15,0x031E 0x0327
2.02,0x15,read,0x0D9,RAM_0x0D9,direct,8,0x00 0x01 0x51 0x80,0x0321 0x0322
2.02,0x15,read,0x0DA,RAM_0x0DA,direct,24,0x00 0x01 0x05 0x08 0x15,0x0308 0x0309 0x0312
2.02,0x15,read,0x0DB,RAM_0x0DB,direct,8,0x30 0x31 0x35 0x38,0x0314
2.02,0x15,write,0x003,STATUS,direct,50,0x00 0x04 0x18 0x1A 0x1B 0x1C 0x1E 0x1F 0x38 0x3A 0x3B 0x3C 0x3E 0x3F,0x0006 0x0017 0x0018 0x0038 0x0307 0x0316 0x031D 0x0324 0x0326 0x0329 0x0D8F 0x0D93 0x0D96 0x0D9A 0x0DA5 0x0E9B 0x0E9D 0x0E9F 0x0EA1 0x0ECB
2.02,0x15,write,0x004,FSR,direct,3,0x8C 0xCA,0x001E 0x0024 0x002A
2.02,0x15,write,0x00A,PCLATH,direct,14,0x00 0x08,0x000A 0x0036 0x0042 0x0043 0x01EB 0x01EC 0x0D92 0x0D95 0x0D99 0x0D9C
2.02,0x15,write,0x00C,PIR1,direct,1,0x58,0x01EA
2.02,0x15,write,0x019,TXREG,direct,12,0x0A 0x30 0x31 0x35 0x38 0x54,0x031B 0x0D8E 0x0DA1
2.02,0x15,write,0x020,RAM_0x020,direct,1,0x00,0x0009
2.02,0x15,write,0x021,RAM_0x021,direct,1,0x83,0x0007
2.02,0x15,write,0x022,RAM_0x022,direct,1,0xCA,0x000C
2.02,0x15,write,0x023,RAM_0x023,direct,1,0x00,0x000E
2.02,0x15,write,0x024,RAM_0x024,direct,1,0x00,0x0010
2.02,0x15,write,0x025,RAM_0x025,direct,1,0x11,0x0012
2.02,0x15,write,0x026,RAM_0x026,direct,1,0x00,0x0014
2.02,0x15,write,0x027,RAM_0x027,direct,1,0x00,0x0016
2.02,0x15,write,0x031,RAM_0x031,direct,1,0x8D,0x01DB
2.02,0x15,write,0x038,RAM_0x038,direct,1,0x00,0x01E5
2.02,0x15,write,0x077,RAM_0x077,direct,1,0x00,0x002C
2.02,0x15,write,0x078,RAM_0x078,direct,1,0x00,0x002E
2.02,0x15,write,0x079,RAM_0x079,direct,1,0x11,0x0030
2.02,0x15,write,0x07A,RAM_0x07A,direct,1,0x00,0x0032
2.02,0x15,write,0x07B,RAM_0x07B,direct,1,0x00,0x0034
2.02,0x15,write,0x07F,RAM_0x07F,direct,2,0x03 0x30,0x0004 0x0039
2.02,0x15,write,0x0CB,RAM_0x0CB,direct,2,0x08 0x15,0x0E9A 0x0EC8
2.02,0x15,write,0x0CC,RAM_0x0CC,direct,2,0x00,0x0E9E 0x0ECA
2.02,0x15,write,0x0D8,RAM_0x0D8,direct,4,0x00 0x08 0x15,0x0D91 0x0D98
2.02,0x15,write,0x0D9,RAM_0x0D9,direct,8,0x00 0x01 0x51 0x80,0x031F 0x0321
2.02,0x15,write,0x0DA,RAM_0x0DA,direct,16,0x00 0x01 0x05 0x08 0x15,0x0308 0x0323 0x0328
2.02,0x15,write,0x0DB,RAM_0x0DB,direct,8,0x30 0x31 0x35 0x38,0x0313
2.06,0x00,read,0x003,STATUS,direct,92,0x04 0x18 0x1C 0x1F 0x38 0x3B 0x3C 0x3F,0x0005 0x0017 0x0018 0x01B2 0x02BD 0x02C1 0x02CC 0x02D3 0x02DA 0x02DC 0x02DF 0x02EE 0x02F1 0x02F3 0x02F6 0x0788 0x078B 0x078D 0x0790 0x0CF2 0x0CF6 0x0CF9 0x0CFB 0x0D0D 0x0D1D 0x0D29 0x0D39 0x0D45 0x0D51 0x0D5D 0x0D69 0x0D72 0x0D7B 0x0D84 0x0D97 0x0DA3 0x0DAC 0x0DB8 0x0DC0 0x0DC8 0x0DCE 0x0DD6 0x0DDE 0x0DE6 0x0DEE 0x0DF6 0x0DFF 0x0E09 0x0E10 0x0E17 0x0E20 0x0E29 0x0E53 0x0E56 0x0E5C
2.06,0x00,read,0x004,FSR,direct,2,0xD0,0x000B
2.06,0x00,read,0x00A,PCLATH,direct,13,0x00 0x08,0x0008 0x0042 0x0043 0x01B7 0x01B8 0x0E52 0x0E55 0x0E5B
2.06,0x00,read,0x00B,INTCON,direct,4,0x54,0x0019 0x001B
2.06,0x00,read,0x00C,PIR1,direct,19,0x59 0x5B,0x0021 0x0027 0x01B6 0x02CD 0x02E6 0x02EB 0x02FA 0x0785 0x0794
2.06,0x00,read,0x020,RAM_0x020,direct,2,0x00,0x0035
2.06,0x00,read,0x021,RAM_0x021,direct,2,0x81 0x83,0x0037
2.06,0x00,read,0x022,RAM_0x022,direct,2,0xD0,0x0029
2.06,0x00,read,0x023,RAM_0x023,direct,2,0x00,0x002B
2.06,0x00,read,0x024,RAM_0x024,direct,2,0x00,0x002D
2.06,0x00,read,0x025,RAM_0x025,direct,2,0x24,0x002F
2.06,0x00,read,0x026,RAM_0x026,direct,2,0x00,0x0031
2.06,0x00,read,0x027,RAM_0x027,direct,2,0x00,0x0033
2.06,0x00,read,0x031,RAM_0x031,direct,2,0xCF 0xD0,0x01A7
2.06,0x00,read,0x038,RAM_0x038,direct,2,0x00,0x01B1
2.06,0x00,read,0x04C,RAM_0x04C,direct,2,0x00,0x01AB
2.06,0x00,read,0x051,RAM_0x051,direct,2,0x00,0x02E2 0x0CF7
2.06,0x00,read,0x077,RAM_0x077,direct,2,0x00,0x000D
2.06,0x00,read,0x078,RAM_0x078,direct,2,0x00,0x000F
2.06,0x00,read,0x079,RAM_0x079,direct,2,0x24,0x0011
2.06,0x00,read,0x07A,RAM_0x07A,direct,2,0x00,0x0013
2.06,0x00,read,0x07B,RAM_0x07B,direct,2,0x00,0x0015
2.06,0x00,read,0x07F,RAM_0x07F,direct,4,0x01 0x03 0x10 0x30,0x0039 0x003A
2.06,0x00,read,0x08C,PIE1,indirect,4,0x22,0x001F 0x0025
2.06,0x00,read,0x0A0,RAM_0x0A0,direct,1,0x0F,0x0D00
2.06,0x00,read,0x0A1,RAM_0x0A1,direct,33,0x00,0x0CF3 0x0CFA 0x0D02 0x0D0B 0x0D1B 0x0D27 0x0D37 0x0D43 0x0D4F 0x0D5B 0x0D67 0x0D70 0x0D79 0x0D82 0x0D95 0x0DA1 0x0DAA 0x0DB6 0x0DBE 0x0DC6 0x0DCC 0x0DD4 0x0DDC 0x0DE4 0x0DEC 0x0DF4 0x0DFD 0x0E07 0x0E0E 0x0E15 0x0E1E 0x0E27 0x0E57
2.06,0x00,read,0x0A2,RAM_0x0A2,direct,1,0x41,0x0CFD
2.06,0x00,read,0x0CA,RAM_0x0CA,direct,1,0x41,0x0E59
2.06,0x00,read,0x0CB,RAM_0x0CB,direct,1,0x00,0x0E50
2.06,0x00,read,0x0CC,RAM_0x0CC,direct,1,0x00,0x0E4E
2.06,0x00,read,0x0CD,RAM_0x0CD,direct,2,0x7A,0x0CF5 0x0E4C
2.06,0x00,read,0x0D5,RAM_0x0D5,direct,1,0x00,0x02EF
2.06,0x00,read,0x0D6,RAM_0x0D6,direct,2,0x00,0x02F4 0x0789
2.06,0x00,read,0x0D7,RAM_0x0D7,direct,1,0x41,0x078E
2.06,0x00,read,0x0D8,RAM_0x0D8,direct,8,0x00 0x41,0x02D4 0x02DD
2.06,0x00,read,0x0D9,RAM_0x0D9,direct,8,0x00 0x04 0x14,0x02D7 0x02D8
2.06,0x00,read,0x0DA,RAM_0x0DA,direct,24,0x00 0x01 0x04 0x41,0x02BE 0x02BF 0x02C8
2.06,0x00,read,0x0DB,RAM_0x0DB,direct,8,0x30 0x31 0x34,0x02CA
2.06,0x00,write,0x003,STATUS,direct,54,0x00 0x04 0x18 0x1C 0x1F 0x38 0x3C 0x3F,0x0006 0x0017 0x0018 0x0038 0x02BD 0x02CC 0x02D3 0x02DA 0x02DC 0x02DF 0x02EE 0x02F1 0x02F3 0x02F6 0x0788 0x078B 0x078D 0x0790 0x0CF2 0x0CF6 0x0CF9 0x0E53 0x0E56 0x0E5C
2.06,0x00,write,0x004,FSR,direct,6,0x8C 0xD0,0x001E 0x0024 0x002A
2.06,0x00,write,0x00A,PCLATH,direct,15,0x00 0x08,0x000A 0x0036 0x0042 0x0043 0x01B7 0x01B8 0x0E52 0x0E55 0x0E5B
2.06,0x00,write,0x00C,PIR1,direct,2,0x59,0x01B6
2.06,0x00,write,0x019,TXREG,direct,13,0x0A 0x30 0x31 0x34 0x44 0x54 0x57,0x02D1 0x02E8 0x02ED 0x02FC 0x0787 0x0796
2.06,0x00,write,0x020,RAM_0x020,direct,2,0x00,0x0009
2.06,0x00,write,0x021,RAM_0x021,direct,2,0x81 0x83,0x0007
2.06,0x00,write,0x022,RAM_0x022,direct,2,0xD0,0x000C
2.06,0x00,write,0x023,RAM_0x023,direct,2,0x00,0x000E
2.06,0x00,write,0x024,RAM_0x024,direct,2,0x00,0x0010
2.06,0x00,write,0x025,RAM_0x025,direct,2,0x24,0x0012
2.06,0x00,write,0x026,RAM_0x026,direct,2,0x00,0x0014
2.06,0x00,write,0x027,RAM_0x027,direct,2,0x00,0x0016
2.06,0x00,write,0x031,RAM_0x031,direct,2,0xD0 0xD1,0x01A7
2.06,0x00,write,0x038,RAM_0x038,direct,2,0x00,0x01B1
2.06,0x00,write,0x077,RAM_0x077,direct,2,0x00,0x002C
2.06,0x00,write,0x078,RAM_0x078,direct,2,0x00,0x002E
2.06,0x00,write,0x079,RAM_0x079,direct,2,0x24,0x0030
2.06,0x00,write,0x07A,RAM_0x07A,direct,2,0x00,0x0032
2.06,0x00,write,0x07B,RAM_0x07B,direct,2,0x00,0x0034
2.06,0x00,write,0x07F,RAM_0x07F,direct,4,0x01 0x03 0x10 0x30,0x0004 0x0039
2.06,0x00,write,0x0A1,RAM_0x0A1,direct,1,0x00,0x0CFA
2.06,0x00,write,0x0CA,RAM_0x0CA,direct,1,0x41,0x0CFE
2.06,0x00,write,0x0CB,RAM_0x0CB,direct,1,0x00,0x0CFF
2.06,0x00,write,0x0CC,RAM_0x0CC,direct,1,0x00,0x0CF4
2.06,0x00,write,0x0CD,RAM_0x0CD,direct,1,0x7A,0x0CF5
2.06,0x00,write,0x0D5,RAM_0x0D5,direct,1,0x00,0x0E4F
2.06,0x00,write,0x0D6,RAM_0x0D6,direct,2,0x00,0x0E51 0x0E58
2.06,0x00,write,0x0D7,RAM_0x0D7,direct,1,0x41,0x0E5A
2.06,0x00,write,0x0D8,RAM_0x0D8,direct,4,0x00 0x41,0x02F0 0x02F5 0x078A 0x078F
2.06,0x00,write,0x0D9,RAM_0x0D9,direct,8,0x00 0x04 0x14,0x02D5 0x02D7
2.06,0x00,write,0x0DA,RAM_0x0DA,direct,16,0x00 0x01 0x04 0x41,0x02BE 0x02D9 0x02DE
2.06,0x00,write,0x0DB,RAM_0x0DB,direct,8,0x30 0x31 0x34,0x02C9
2.06,0x01,read,0x003,STATUS,direct,94,0x04 0x18 0x1B 0x1C 0x1F 0x38 0x3B 0x3C 0x3F,0x0005 0x0017 0x0018 0x01B2 0x02BD 0x02C1 0x02CC 0x02D3 0x02DA 0x02DC 0x02DF 0x02EE 0x02F1 0x02F3 0x02F6 0x0788 0x078B 0x078D 0x0790 0x0CF2 0x0CF6 0x0CF9 0x0CFB 0x0D04 0x0D06 0x0D0D 0x0D1D 0x0D29 0x0D39 0x0D45 0x0D51 0x0D5D 0x0D69 0x0D72 0x0D7B 0x0D84 0x0D97 0x0DA3 0x0DAC 0x0DB8 0x0DC0 0x0DC8 0x0DCE 0x0DD6 0x0DDE 0x0DE6 0x0DEE 0x0DF6 0x0DFF 0x0E09 0x0E10 0x0E17 0x0E20 0x0E29 0x0E53 0x0E56 0x0E5C
2.06,0x01,read,0x004,FSR,direct,2,0xD0,0x000B
2.06,0x01,read,0x00A,PCLATH,direct,13,0x00 0x08,0x0008 0x0042 0x0043 0x01B7 0x01B8 0x0E52 0x0E55 0x0E5B
2.06,0x01,read,0x00B,INTCON,direct,4,0x54,0x0019 0x001B
2.06,0x01,read,0x00C,PIR1,direct,19,0x59 0x5B,0x0021 0x0027 0x01B6 0x02CD 0x02E6 0x02EB 0x02FA 0x0785 0x0794
2.06,0x01,read,0x020,RAM_0x020,direct,2,0x00,0x0035
2.06,0x01,read,0x021,RAM_0x021,direct,2,0x81 0xC3,0x0037
2.06,0x01,read,0x022,RAM_0x022,direct,2,0xD0,0x0029
2.06,0x01,read,0x023,RAM_0x023,direct,2,0x00,0x002B
2.06,0x01,read,0x024,RAM_0x024,direct,2,0x00,0x002D
2.06,0x01,read,0x025,RAM_0x025,direct,2,0x24,0x002F
2.06,0x01,read,0x026,RAM_0x026,direct,2,0x00,0x0031
2.06,0x01,read,0x027,RAM_0x027,direct,2,0x00,0x0033
2.06,0x01,read,0x031,RAM_0x031,direct,2,0xCF 0xD0,0x01A7
2.06,0x01,read,0x038,RAM_0x038,direct,2,0x00,0x01B1
2.06,0x01,read,0x04C,RAM_0x04C,direct,2,0x00,0x01AB
2.06,0x01,read,0x051,RAM_0x051,direct,2,0x00,0x02E2 0x0CF7
2.06,0x01,read,0x057,RAM_0x057,direct,1,0x00,0x0D05
2.06,0x01,read,0x077,RAM_0x077,direct,2,0x00,0x000D
2.06,0x01,read,0x078,RAM_0x078,direct,2,0x00,0x000F
2.06,0x01,read,0x079,RAM_0x079,direct,2,0x24,0x0011
2.06,0x01,read,0x07A,RAM_0x07A,direct,2,0x00,0x0013
2.06,0x01,read,0x07B,RAM_0x07B,direct,2,0x00,0x0015
2.06,0x01,read,0x07F,RAM_0x07F,direct,4,0x03 0x0F 0x30 0xF0,0x0039 0x003A
2.06,0x01,read,0x08C,PIE1,indirect,4,0x22,0x001F 0x0025
2.06,0x01,read,0x0A0,RAM_0x0A0,direct,1,0x0F,0x0D09
2.06,0x01,read,0x0A1,RAM_0x0A1,direct,33,0x01,0x0CF3 0x0CFA 0x0D02 0x0D0B 0x0D1B 0x0D27 0x0D37 0x0D43 0x0D4F 0x0D5B 0x0D67 0x0D70 0x0D79 0x0D82 0x0D95 0x0DA1 0x0DAA 0x0DB6 0x0DBE 0x0DC6 0x0DCC 0x0DD4 0x0DDC 0x0DE4 0x0DEC 0x0DF4 0x0DFD 0x0E07 0x0E0E 0x0E15 0x0E1E 0x0E27 0x0E57
2.06,0x01,read,0x0CA,RAM_0x0CA,direct,1,0x00,0x0E59
2.06,0x01,read,0x0CB,RAM_0x0CB,direct,1,0x00,0x0E50
2.06,0x01,read,0x0CC,RAM_0x0CC,direct,1,0x01,0x0E4E
2.06,0x01,read,0x0CD,RAM_0x0CD,direct,2,0x7A,0x0CF5 0x0E4C
2.06,0x01,read,0x0D5,RAM_0x0D5,direct,1,0x01,0x02EF
2.06,0x01,read,0x0D6,RAM_0x0D6,direct,2,0x00 0x01,0x02F4 0x0789
2.06,0x01,read,0x0D7,RAM_0x0D7,direct,1,0x00,0x078E
2.06,0x01,read,0x0D8,RAM_0x0D8,direct,8,0x00 0x01,0x02D4 0x02DD
2.06,0x01,read,0x0D9,RAM_0x0D9,direct,8,0x00 0x10,0x02D7 0x02D8
2.06,0x01,read,0x0DA,RAM_0x0DA,direct,24,0x00 0x01,0x02BE 0x02BF 0x02C8
2.06,0x01,read,0x0DB,RAM_0x0DB,direct,8,0x30 0x31,0x02CA
2.06,0x01,write,0x003,STATUS,direct,56,0x00 0x04 0x18 0x1B 0x1C 0x1F 0x38 0x3B 0x3C 0x3F,0x0006 0x0017 0x0018 0x0038 0x02BD 0x02CC 0x02D3 0x02DA 0x02DC 0x02DF 0x02EE 0x02F1 0x02F3 0x02F6 0x0788 0x078B 0x078D 0x0790 0x0CF2 0x0CF6 0x0CF9 0x0D04 0x0D06 0x0E53 0x0E56 0x0E5C
2.06,0x01,write,0x004,FSR,direct,6,0x8C 0xD0,0x001E 0x0024 0x002A
2.06,0x01,write,0x00A,PCLATH,direct,15,0x00 0x08,0x000A 0x0036 0x0042 0x0043 0x01B7 0x01B8 0x0E52 0x0E55 0x0E5B
2.06,0x01,write,0x00C,PIR1,direct,2,0x59,0x01B6
2.06,0x01,write,0x019,TXREG,direct,13,0x0A 0x30 0x31 0x44 0x54 0x57,0x02D1 0x02E8 0x02ED 0x02FC 0x0787 0x0796
2.06,0x01,write,0x020,RAM_0x020,direct,2,0x00,0x0009
2.06,0x01,write,0x021,RAM_0x021,direct,2,0x81 0xC3,0x0007
2.06,0x01,write,0x022,RAM_0x022,direct,2,0xD0,0x000C
2.06,0x01,write,0x023,RAM_0x023,direct,2,0x00,0x000E
2.06,0x01,write,0x024,RAM_0x024,direct,2,0x00,0x0010
2.06,0x01,write,0x025,RAM_0x025,direct,2,0x24,0x0012
2.06,0x01,write,0x026,RAM_0x026,direct,2,0x00,0x0014
2.06,0x01,write,0x027,RAM_0x027,direct,2,0x00,0x0016
2.06,0x01,write,0x031,RAM_0x031,direct,2,0xD0 0xD1,0x01A7
2.06,0x01,write,0x038,RAM_0x038,direct,2,0x00,0x01B1
2.06,0x01,write,0x077,RAM_0x077,direct,2,0x00,0x002C
2.06,0x01,write,0x078,RAM_0x078,direct,2,0x00,0x002E
2.06,0x01,write,0x079,RAM_0x079,direct,2,0x24,0x0030
2.06,0x01,write,0x07A,RAM_0x07A,direct,2,0x00,0x0032
2.06,0x01,write,0x07B,RAM_0x07B,direct,2,0x00,0x0034
2.06,0x01,write,0x07F,RAM_0x07F,direct,4,0x03 0x0F 0x30 0xF0,0x0004 0x0039
2.06,0x01,write,0x0A1,RAM_0x0A1,direct,1,0x01,0x0CFA
2.06,0x01,write,0x0CA,RAM_0x0CA,direct,1,0x00,0x0D07
2.06,0x01,write,0x0CB,RAM_0x0CB,direct,1,0x00,0x0D08
2.06,0x01,write,0x0CC,RAM_0x0CC,direct,1,0x01,0x0CF4
2.06,0x01,write,0x0CD,RAM_0x0CD,direct,1,0x7A,0x0CF5
2.06,0x01,write,0x0D5,RAM_0x0D5,direct,1,0x01,0x0E4F
2.06,0x01,write,0x0D6,RAM_0x0D6,direct,2,0x00 0x01,0x0E51 0x0E58
2.06,0x01,write,0x0D7,RAM_0x0D7,direct,1,0x00,0x0E5A
2.06,0x01,write,0x0D8,RAM_0x0D8,direct,4,0x00 0x01,0x02F0 0x02F5 0x078A 0x078F
2.06,0x01,write,0x0D9,RAM_0x0D9,direct,8,0x00 0x10,0x02D5 0x02D7
2.06,0x01,write,0x0DA,RAM_0x0DA,direct,16,0x00 0x01,0x02BE 0x02D9 0x02DE
2.06,0x01,write,0x0DB,RAM_0x0DB,direct,8,0x30 0x31,0x02C9
2.06,0x02,read,0x003,STATUS,direct,96,0x04 0x18 0x1B 0x1C 0x1F 0x38 0x39 0x3B 0x3C 0x3F,0x0005 0x0017 0x0018 0x01B2 0x02BD 0x02C1 0x02CC 0x02D3 0x02DA 0x02DC 0x02DF 0x02EE 0x02F1 0x02F3 0x02F6 0x0788 0x078B 0x078D 0x0790 0x0CF2 0x0CF6 0x0CF9 0x0CFB 0x0D0D 0x0D0F 0x0D11 0x0D14 0x0D1A 0x0D1D 0x0D29 0x0D39 0x0D45 0x0D51 0x0D5D 0x0D69 0x0D72 0x0D7B 0x0D84 0x0D97 0x0DA3 0x0DAC 0x0DB8 0x0DC0 0x0DC8 0x0DCE 0x0DD6 0x0DDE 0x0DE6 0x0DEE 0x0DF6 0x0DFF 0x0E09 0x0E10 0x0E17 0x0E20 0x0E29 0x0E53 0x0E56 0x0E5C
2.06,0x02,read,0x004,FSR,direct,2,0xD0,0x000B
2.06,0x02,read,0x00A,PCLATH,direct,13,0x00 0x08,0x0008 0x0042 0x0043 0x01B7 0x01B8 0x0E52 0x0E55 0x0E5B
2.06,0x02,read,0x00B,INTCON,direct,4,0x54,0x0019 0x001B
2.06,0x02,read,0x00C,PIR1,direct,19,0x59 0x5B,0x0021 0x0027 0x01B6 0x02CD 0x02E6 0x02EB 0x02FA 0x0785 0x0794
2.06,0x02,read,0x020,RAM_0x020,direct,2,0x00,0x0035
2.06,0x02,read,0x021,RAM_0x021,direct,2,0x83 0xC1,0x0037
2.06,0x02,read,0x022,RAM_0x022,direct,2,0xD0,0x0029
2.06,0x02,read,0x023,RAM_0x023,direct,2,0x00,0x002B
2.06,0x02,read,0x024,RAM_0x024,direct,2,0x00,0x002D
2.06,0x02,read,0x025,RAM_0x025,direct,2,0x24,0x002F
2.06,0x02,read,0x026,RAM_0x026,direct,2,0x00,0x0031
2.06,0x02,read,0x027,RAM_0x027,direct,2,0x00,0x0033
2.06,0x02,read,0x02E,RAM_0x02E,direct,1,0x00,0x0D10
2.06,0x02,read,0x030,RAM_0x030,direct,1,0x00,0x0D15
2.06,0x02,read,0x031,RAM_0x031,direct,2,0xCF 0xD0,0x01A7
2.06,0x02,read,0x038,RAM_0x038,direct,2,0x00,0x01B1
2.06,0x02,read,0x04C,RAM_0x04C,direct,2,0x00,0x01AB
2.06,0x02,read,0x051,RAM_0x051,direct,2,0x00,0x02E2 0x0CF7
2.06,0x02,read,0x077,RAM_0x077,direct,2,0x00,0x000D
2.06,0x02,read,0x078,RAM_0x078,direct,2,0x00,0x000F
2.06,0x02,read,0x079,RAM_0x079,direct,2,0x24,0x0011
2.06,0x02,read,0x07A,RAM_0x07A,direct,2,0x00,0x0013
2.06,0x02,read,0x07B,RAM_0x07B,direct,2,0x00,0x0015
2.06,0x02,read,0x07F,RAM_0x07F,direct,4,0x00 0x03 0x30,0x0039 0x003A
2.06,0x02,read,0x08C,PIE1,indirect,4,0x22,0x001F 0x0025
2.06,0x02,read,0x0A1,RAM_0x0A1,direct,33,0x02,0x0CF3 0x0CFA 0x0D02 0x0D0B 0x0D1B 0x0D27 0x0D37 0x0D43 0x0D4F 0x0D5B 0x0D67 0x0D70 0x0D79 0x0D82 0x0D95 0x0DA1 0x0DAA 0x0DB6 0x0DBE 0x0DC6 0x0DCC 0x0DD4 0x0DDC 0x0DE4 0x0DEC 0x0DF4 0x0DFD 0x0E07 0x0E0E 0x0E15 0x0E1E 0x0E27 0x0E57
2.06,0x02,read,0x0CA,RAM_0x0CA,direct,1,0x00,0x0E59
2.06,0x02,read,0x0CB,RAM_0x0CB,direct,1,0x00,0x0E50
2.06,0x02,read,0x0CC,RAM_0x0CC,direct,1,0x02,0x0E4E
2.06,0x02,read,0x0CD,RAM_0x0CD,direct,2,0x7A,0x0CF5 0x0E4C
2.06,0x02,read,0x0D5,RAM_0x0D5,direct,1,0x02,0x02EF
2.06,0x02,read,0x0D6,RAM_0x0D6,direct,2,0x00 0x02,0x02F4 0x0789
2.06,0x02,read,0x0D7,RAM_0x0D7,direct,1,0x00,0x078E
2.06,0x02,read,0x0D8,RAM_0x0D8,direct,8,0x00 0x02,0x02D4 0x02DD
2.06,0x02,read,0x0D9,RAM_0x0D9,direct,8,0x00 0x20,0x02D7 0x02D8
2.06,0x02,read,0x0DA,RAM_0x0DA,direct,24,0x00 0x02,0x02BE 0x02BF 0x02C8
2.06,0x02,read,0x0DB,RAM_0x0DB,direct,8,0x30 0x32,0x02CA
2.06,0x02,write,0x003,STATUS,direct,58,0x00 0x04 0x18 0x1B 0x1C 0x1F 0x38 0x3B 0x3C 0x3F,0x0006 0x0017 0x0018 0x0038 0x02BD 0x02CC 0x02D3 0x02DA 0x02DC 0x02DF 0x02EE 0x02F1 0x02F3 0x02F6 0x0788 0x078B 0x078D 0x0790 0x0CF2 0x0CF6 0x0CF9 0x0D0F 0x0D11 0x0D14 0x0D1A 0x0E53 0x0E56 0x0E5C
2.06,0x02,write,0x004,FSR,direct,6,0x8C 0xD0,0x001E 0x0024 0x002A
2.06,0x02,write,0x00A,PCLATH,direct,15,0x00 0x08,0x000A 0x0036 0x0042 0x0043 0x01B7 0x01B8 0x0E52 0x0E55 0x0E5B
2.06,0x02,write,0x00C,PIR1,direct,2,0x59,0x01B6
2.06,0x02,write,0x019,TXREG,direct,13,0x0A 0x30 0x32 0x44 0x54 0x57,0x02D1 0x02E8 0x02ED 0x02FC 0x0787 0x0796
2.06,0x02,write,0x020,RAM_0x020,direct,2,0x00,0x0009
2.06,0x02,write,0x021,RAM_0x021,direct,2,0x83 0xC1,0x0007
2.06,0x02,write,0x022,RAM_0x022,direct,2,0xD0,0x000C
2.06,0x02,write,0x023,RAM_0x023,direct,2,0x00,0x000E
2.06,0x02,write,0x024,RAM_0x024,direct,2,0x00,0x0010
2.06,0x02,write,0x025,RAM_0x025,direct,2,0x24,0x0012
2.06,0x02,write,0x026,RAM_0x026,direct,2,0x00,0x0014
2.06,0x02,write,0x027,RAM_0x027,direct,2,0x00,0x0016
2.06,0x02,write,0x031,RAM_0x031,direct,2,0xD0 0xD1,0x01A7
2.06,0x02,write,0x038,RAM_0x038,direct,2,0x00,0x01B1
2.06,0x02,write,0x077,RAM_0x077,direct,2,0x00,0x002C
2.06,0x02,write,0x078,RAM_0x078,direct,2,0x00,0x002E
2.06,0x02,write,0x079,RAM_0x079,direct,2,0x24,0x0030
2.06,0x02,write,0x07A,RAM_0x07A,direct,2,0x00,0x0032
2.06,0x02,write,0x07B,RAM_0x07B,direct,2,0x00,0x0034
2.06,0x02,write,0x07F,RAM_0x07F,direct,4,0x00 0x03 0x30,0x0004 0x0039
2.06,0x02,write,0x0A1,RAM_0x0A1,direct,1,0x02,0x0CFA
2.06,0x02,write,0x0CA,RAM_0x0CA,direct,1,0x00,0x0D12
2.06,0x02,write,0x0CB,RAM_0x0CB,direct,1,0x00,0x0D13
2.06,0x02,write,0x0CC,RAM_0x0CC,direct,1,0x02,0x0CF4
2.06,0x02,write,0x0CD,RAM_0x0CD,direct,1,0x7A,0x0CF5
2.06,0x02,write,0x0D5,RAM_0x0D5,direct,1,0x02,0x0E4F
2.06,0x02,write,0x0D6,RAM_0x0D6,direct,2,0x00 0x02,0x0E51 0x0E58
2.06,0x02,write,0x0D7,RAM_0x0D7,direct,1,0x00,0x0E5A
2.06,0x02,write,0x0D8,RAM_0x0D8,direct,4,0x00 0x02,0x02F0 0x02F5 0x078A 0x078F
2.06,0x02,write,0x0D9,RAM_0x0D9,direct,8,0x00 0x20,0x02D5 0x02D7
2.06,0x02,write,0x0DA,RAM_0x0DA,direct,16,0x00 0x02,0x02BE 0x02D9 0x02DE
2.06,0x02,write,0x0DB,RAM_0x0DB,direct,8,0x30 0x32,0x02C9
2.06,0x03,read,0x003,STATUS,direct,96,0x04 0x18 0x1B 0x1C 0x1F 0x38 0x39 0x3B 0x3C 0x3F,0x0005 0x0017 0x0018 0x01B2 0x02BD 0x02C1 0x02CC 0x02D3 0x02DA 0x02DC 0x02DF 0x02EE 0x02F1 0x02F3 0x02F6 0x0788 0x078B 0x078D 0x0790 0x0CF2 0x0CF6 0x0CF9 0x0CFB 0x0D0D 0x0D1D 0x0D1F 0x0D21 0x0D23 0x0D25 0x0D29 0x0D39 0x0D45 0x0D51 0x0D5D 0x0D69 0x0D72 0x0D7B 0x0D84 0x0D97 0x0DA3 0x0DAC 0x0DB8 0x0DC0 0x0DC8 0x0DCE 0x0DD6 0x0DDE 0x0DE6 0x0DEE 0x0DF6 0x0DFF 0x0E09 0x0E10 0x0E17 0x0E20 0x0E29 0x0E53 0x0E56 0x0E5C
2.06,0x03,read,0x004,FSR,direct,2,0xD0,0x000B
2.06,0x03,read,0x00A,PCLATH,direct,13,0x00 0x08,0x0008 0x0042 0x0043 0x01B7 0x01B8 0x0E52 0x0E55 0x0E5B
2.06,0x03,read,0x00B,INTCON,direct,4,0x54,0x0019 0x001B
2.06,0x03,read,0x00C,PIR1,direct,19,0x59 0x5B,0x0021 0x0027 0x01B6 0x02CD 0x02E6 0x02EB 0x02FA 0x0785 0x0794
2.06,0x03,read,0x020,RAM_0x020,direct,2,0x00,0x0035
2.06,0x03,read,0x021,RAM_0x021,direct,2,0x83 0xC1,0x0037
2.06,0x03,read,0x022,RAM_0x022,direct,2,0xD0,0x0029
2.06,0x03,read,0x023,RAM_0x023,direct,2,0x00,0x002B
2.06,0x03,read,0x024,RAM_0x024,direct,2,0x00,0x002D
2.06,0x03,read,0x025,RAM_0x025,direct,2,0x24,0x002F
2.06,0x03,read,0x026,RAM_0x026,direct,2,0x00,0x0031
2.06,0x03,read,0x027,RAM_0x027,direct,2,0x00,0x0033
2.06,0x03,read,0x02F,RAM_0x02F,direct,1,0x00,0x0D20
2.06,0x03,read,0x031,RAM_0x031,direct,2,0xCF 0xD0,0x01A7
2.06,0x03,read,0x038,RAM_0x038,direct,2,0x00,0x01B1
2.06,0x03,read,0x04C,RAM_0x04C,direct,2,0x00,0x01AB
2.06,0x03,read,0x051,RAM_0x051,direct,2,0x00,0x02E2 0x0CF7
2.06,0x03,read,0x06D,RAM_0x06D,direct,1,0x00,0x0D24
2.06,0x03,read,0x077,RAM_0x077,direct,2,0x00,0x000D
2.06,0x03,read,0x078,RAM_0x078,direct,2,0x00,0x000F
2.06,0x03,read,0x079,RAM_0x079,direct,2,0x24,0x0011
2.06,0x03,read,0x07A,RAM_0x07A,direct,2,0x00,0x0013
2.06,0x03,read,0x07B,RAM_0x07B,direct,2,0x00,0x0015
2.06,0x03,read,0x07F,RAM_0x07F,direct,4,0x00 0x03 0x30,0x0039 0x003A
2.06,0x03,read,0x08C,PIE1,indirect,4,0x22,0x001F 0x0025
2.06,0x03,read,0x0A1,RAM_0x0A1,direct,33,0x03,0x0CF3 0x0CFA 0x0D02 0x0D0B 0x0D1B 0x0D27 0x0D37 0x0D43 0x0D4F 0x0D5B 0x0D67 0x0D70 0x0D79 0x0D82 0x0D95 0x0DA1 0x0DAA 0x0DB6 0x0DBE 0x0DC6 0x0DCC 0x0DD4 0x0DDC 0x0DE4 0x0DEC 0x0DF4 0x0DFD 0x0E07 0x0E0E 0x0E15 0x0E1E 0x0E27 0x0E57
2.06,0x03,read,0x0CA,RAM_0x0CA,direct,1,0x00,0x0E59
2.06,0x03,read,0x0CB,RAM_0x0CB,direct,1,0x00,0x0E50
2.06,0x03,read,0x0CC,RAM_0x0CC,direct,1,0x03,0x0E4E
2.06,0x03,read,0x0CD,RAM_0x0CD,direct,2,0x7A,0x0CF5 0x0E4C
2.06,0x03,read,0x0D5,RAM_0x0D5,direct,1,0x03,0x02EF
2.06,0x03,read,0x0D6,RAM_0x0D6,direct,2,0x00 0x03,0x02F4 0x0789
2.06,0x03,read,0x0D7,RAM_0x0D7,direct,1,0x00,0x078E
2.06,0x03,read,0x0D8,RAM_0x0D8,direct,8,0x00 0x03,0x02D4 0x02DD
2.06,0x03,read,0x0D9,RAM_0x0D9,direct,8,0x00 0x30,0x02D7 0x02D8
2.06,0x03,read,0x0DA,RAM_0x0DA,direct,24,0x00 0x03,0x02BE 0x02BF 0x02C8
2.06,0x03,read,0x0DB,RAM_0x0DB,direct,8,0x30 0x33,0x02CA
2.06,0x03,write,0x003,STATUS,direct,58,0x00 0x04 0x18 0x1B 0x1C 0x1F 0x38 0x3B 0x3C 0x3F,0x0006 0x0017 0x0018 0x0038 0x02BD 0x02CC 0x02D3 0x02DA 0x02DC 0x02DF 0x02EE 0x02F1 0x02F3 0x02F6 0x0788 0x078B 0x078D 0x0790 0x0CF2 0x0CF6 0x0CF9 0x0D1F 0x0D21 0x0D23 0x0D25 0x0E53 0x0E56 0x0E5C
2.06,0x03,write,0x004,FSR,direct,6,0x8C 0xD0,0x001E 0x0024 0x002A
2.06,0x03,write,0x00A,PCLATH,direct,15,0x00 0x08,0x000A 0x0036 0x0042 0x0043 0x01B7 0x01B8 0x0E52 0x0E55 0x0E5B
2.06,0x03,write,0x00C,PIR1,direct,2,0x59,0x01B6
2.06,0x03,write,0x019,TXREG,direct,13,0x0A 0x30 0x33 0x44 0x54 0x57,0x02D1 0x02E8 0x02ED 0x02FC 0x0787 0x0796
2.06,0x03,write,0x020,RAM_0x020,direct,2,0x00,0x0009
2.06,0x03,write,0x021,RAM_0x021,direct,2,0x83 0xC1,0x0007
2.06,0x03,write,0x022,RAM_0x022,direct,2,0xD0,0x000C
2.06,0x03,write,0x023,RAM_0x023,direct,2,0x00,0x000E
2.06,0x03,write,0x024,RAM_0x024,direct,2,0x00,0x0010
2.06,0x03,write,0x025,RAM_0x025,direct,2,0x24,0x0012
2.06,0x03,write,0x026,RAM_0x026,direct,2,0x00,0x0014
2.06,0x03,write,0x027,RAM_0x027,direct,2,0x00,0x0016
2.06,0x03,write,0x031,RAM_0x031,direct,2,0xD0 0xD1,0x01A7
2.06,0x03,write,0x038,RAM_0x038,direct,2,0x00,0x01B1
2.06,0x03,write,0x077,RAM_0x077,direct,2,0x00,0x002C
2.06,0x03,write,0x078,RAM_0x078,direct,2,0x00,0x002E
2.06,0x03,write,0x079,RAM_0x079,direct,2,0x24,0x0030
2.06,0x03,write,0x07A,RAM_0x07A,direct,2,0x00,0x0032
2.06,0x03,write,0x07B,RAM_0x07B,direct,2,0x00,0x0034
2.06,0x03,write,0x07F,RAM_0x07F,direct,4,0x00 0x03 0x30,0x0004 0x0039
2.06,0x03,write,0x0A1,RAM_0x0A1,direct,1,0x03,0x0CFA
2.06,0x03,write,0x0CA,RAM_0x0CA,direct,1,0x00,0x0D22
2.06,0x03,write,0x0CB,RAM_0x0CB,direct,1,0x00,0x0D26
2.06,0x03,write,0x0CC,RAM_0x0CC,direct,1,0x03,0x0CF4
2.06,0x03,write,0x0CD,RAM_0x0CD,direct,1,0x7A,0x0CF5
2.06,0x03,write,0x0D5,RAM_0x0D5,direct,1,0x03,0x0E4F
2.06,0x03,write,0x0D6,RAM_0x0D6,direct,2,0x00 0x03,0x0E51 0x0E58
2.06,0x03,write,0x0D7,RAM_0x0D7,direct,1,0x00,0x0E5A
2.06,0x03,write,0x0D8,RAM_0x0D8,direct,4,0x00 0x03,0x02F0 0x02F5 0x078A 0x078F
2.06,0x03,write,0x0D9,RAM_0x0D9,direct,8,0x00 0x30,0x02D5 0x02D7
2.06,0x03,write,0x0DA,RAM_0x0DA,direct,16,0x00 0x03,0x02BE 0x02D9 0x02DE
2.06,0x03,write,0x0DB,RAM_0x0DB,direct,8,0x30 0x33,0x02C9
2.06,0x04,read,0x003,STATUS,direct,96,0x04 0x18 0x1B 0x1C 0x1F 0x38 0x39 0x3B 0x3C 0x3F,0x0005 0x0017 0x0018 0x01B2 0x02BD 0x02C1 0x02CC 0x02D3 0x02DA 0x02DC 0x02DF 0x02EE 0x02F1 0x02F3 0x02F6 0x0788 0x078B 0x078D 0x0790 0x0CF2 0x0CF6 0x0CF9 0x0CFB 0x0D0D 0x0D1D 0x0D29 0x0D2B 0x0D2D 0x0D30 0x0D36 0x0D39 0x0D45 0x0D51 0x0D5D 0x0D69 0x0D72 0x0D7B 0x0D84 0x0D97 0x0DA3 0x0DAC 0x0DB8 0x0DC0 0x0DC8 0x0DCE 0x0DD6 0x0DDE 0x0DE6 0x0DEE 0x0DF6 0x0DFF 0x0E09 0x0E10 0x0E17 0x0E20 0x0E29 0x0E53 0x0E56 0x0E5C
2.06,0x04,read,0x004,FSR,direct,2,0xD0,0x000B
2.06,0x04,read,0x00A,PCLATH,direct,13,0x00 0x08,0x0008 0x0042 0x0043 0x01B7 0x01B8 0x0E52 0x0E55 0x0E5B
2.06,0x04,read,0x00B,INTCON,direct,4,0x54,0x0019 0x001B
2.06,0x04,read,0x00C,PIR1,direct,19,0x59 0x5B,0x0021 0x0027 0x01B6 0x02CD 0x02E6 0x02EB 0x02FA 0x0785 0x0794
2.06,0x04,read,0x020,RAM_0x020,direct,2,0x00,0x0035
2.06,0x04,read,0x021,RAM_0x021,direct,2,0x83 0xC1,0x0037
2.06,0x04,read,0x022,RAM_0x022,direct,2,0xD0,0x0029
2.06,0x04,read,0x023,RAM_0x023,direct,2,0x00,0x002B
2.06,0x04,read,0x024,RAM_0x024,direct,2,0x00,0x002D
2.06,0x04,read,0x025,RAM_0x025,direct,2,0x24,0x002F
2.06,0x04,read,0x026,RAM_0x026,direct,2,0x00,0x0031
2.06,0x04,read,0x027,RAM_0x027,direct,2,0x00,0x0033
2.06,0x04,read,0x031,RAM_0x031,direct,2,0xCF 0xD0,0x01A7
2.06,0x04,read,0x034,RAM_0x034,direct,1,0x00,0x0D2C
2.06,0x04,read,0x038,RAM_0x038,direct,2,0x00,0x01B1
2.06,0x04,read,0x04C,RAM_0x04C,direct,2,0x00,0x01AB
2.06,0x04,read,0x050,RAM_0x050,direct,1,0x00,0x0D31
2.06,0x04,read,0x051,RAM_0x051,direct,2,0x00,0x02E2 0x0CF7
2.06,0x04,read,0x077,RAM_0x077,direct,2,0x00,0x000D
2.06,0x04,read,0x078,RAM_0x078,direct,2,0x00,0x000F
2.06,0x04,read,0x079,RAM_0x079,direct,2,0x24,0x0011
2.06,0x04,read,0x07A,RAM_0x07A,direct,2,0x00,0x0013
2.06,0x04,read,0x07B,RAM_0x07B,direct,2,0x00,0x0015
2.06,0x04,read,0x07F,RAM_0x07F,direct,4,0x00 0x03 0x30,0x0039 0x003A
2.06,0x04,read,0x08C,PIE1,indirect,4,0x22,0x001F 0x0025
2.06,0x04,read,0x0A1,RAM_0x0A1,direct,33,0x04,0x0CF3 0x0CFA 0x0D02 0x0D0B 0x0D1B 0x0D27 0x0D37 0x0D43 0x0D4F 0x0D5B 0x0D67 0x0D70 0x0D79 0x0D82 0x0D95 0x0DA1 0x0DAA 0x0DB6 0x0DBE 0x0DC6 0x0DCC 0x0DD4 0x0DDC 0x0DE4 0x0DEC 0x0DF4 0x0DFD 0x0E07 0x0E0E 0x0E15 0x0E1E 0x0E27 0x0E57
2.06,0x04,read,0x0CA,RAM_0x0CA,direct,1,0x00,0x0E59
2.06,0x04,read,0x0CB,RAM_0x0CB,direct,1,0x00,0x0E50
2.06,0x04,read,0x0CC,RAM_0x0CC,direct,1,0x04,0x0E4E
2.06,0x04,read,0x0CD,RAM_0x0CD,direct,2,0x7A,0x0CF5 0x0E4C
2.06,0x04,read,0x0D5,RAM_0x0D5,direct,1,0x04,0x02EF
2.06,0x04,read,0x0D6,RAM_0x0D6,direct,2,0x00 0x04,0x02F4 0x0789
2.06,0x04,read,0x0D7,RAM_0x0D7,direct,1,0x00,0x078E
2.06,0x04,read,0x0D8,RAM_0x0D8,direct,8,0x00 0x04,0x02D4 0x02DD
2.06,0x04,read,0x0D9,RAM_0x0D9,direct,8,0x00 0x40,0x02D7 0x02D8
2.06,0x04,read,0x0DA,RAM_0x0DA,direct,24,0x00 0x04,0x02BE 0x02BF 0x02C8
2.06,0x04,read,0x0DB,RAM_0x0DB,direct,8,0x30 0x34,0x02CA
2.06,0x04,write,0x003,STATUS,direct,58,0x00 0x04 0x18 0x1B 0x1C 0x1F 0x38 0x3B 0x3C 0x3F,0x0006 0x0017 0x0018 0x0038 0x02BD 0x02CC 0x02D3 0x02DA 0x02DC 0x02DF 0x02EE 0x02F1 0x02F3 0x02F6 0x0788 0x078B 0x078D 0x0790 0x0CF2 0x0CF6 0x0CF9 0x0D2B 0x0D2D 0x0D30 0x0D36 0x0E53 0x0E56 0x0E5C
2.06,0x04,write,0x004,FSR,direct,6,0x8C 0xD0,0x001E 0x0024 0x002A
2.06,0x04,write,0x00A,PCLATH,direct,15,0x00 0x08,0x000A 0x0036 0x0042 0x0043 0x01B7 0x01B8 0x0E52 0x0E55 0x0E5B
2.06,0x04,write,0x00C,PIR1,direct,2,0x59,0x01B6
2.06,0x04,write,0x019,TXREG,direct,13,0x0A 0x30 0x34 0x44 0x54 0x57,0x02D1 0x02E8 0x02ED 0x02FC 0x0787 0x0796
2.06,0x04,write,0x020,RAM_0x020,direct,2,0x00,0x0009
2.06,0x04,write,0x021,RAM_0x021,direct,2,0x83 0xC1,0x0007
2.06,0x04,write,0x022,RAM_0x022,direct,2,0xD0,0x000C
2.06,0x04,write,0x023,RAM_0x023,direct,2,0x00,0x000E
2.06,0x04,write,0x024,RAM_0x024,direct,2,0x00,0x0010
2.06,0x04,write,0x025,RAM_0x025,direct,2,0x24,0x0012
2.06,0x04,write,0x026,RAM_0x026,direct,2,0x00,0x0014
2.06,0x04,write,0x027,RAM_0x027,direct,2,0x00,0x0016
2.06,0x04,write,0x031,RAM_0x031,direct,2,0xD0 0xD1,0x01A7
2.06,0x04,write,0x038,RAM_0x038,direct,2,0x00,0x01B1
2.06,0x04,write,0x077,RAM_0x077,direct,2,0x00,0x002C
2.06,0x04,write,0x078,RAM_0x078,direct,2,0x00,0x002E
2.06,0x04,write,0x079,RAM_0x079,direct,2,0x24,0x0030
2.06,0x04,write,0x07A,RAM_0x07A,direct,2,0x00,0x0032
2.06,0x04,write,0x07B,RAM_0x07B,direct,2,0x00,0x0034
2.06,0x04,write,0x07F,RAM_0x07F,direct,4,0x00 0x03 0x30,0x0004 0x0039
2.06,0x04,write,0x0A1,RAM_0x0A1,direct,1,0x04,0x0CFA
2.06,0x04,write,0x0CA,RAM_0x0CA,direct,1,0x00,0x0D2E
2.06,0x04,write,0x0CB,RAM_0x0CB,direct,1,0x00,0x0D2F
2.06,0x04,write,0x0CC,RAM_0x0CC,direct,1,0x04,0x0CF4
2.06,0x04,write,0x0CD,RAM_0x0CD,direct,1,0x7A,0x0CF5
2.06,0x04,write,0x0D5,RAM_0x0D5,direct,1,0x04,0x0E4F
2.06,0x04,write,0x0D6,RAM_0x0D6,direct,2,0x00 0x04,0x0E51 0x0E58
2.06,0x04,write,0x0D7,RAM_0x0D7,direct,1,0x00,0x0E5A
2.06,0x04,write,0x0D8,RAM_0x0D8,direct,4,0x00 0x04,0x02F0 0x02F5 0x078A 0x078F
2.06,0x04,write,0x0D9,RAM_0x0D9,direct,8,0x00 0x40,0x02D5 0x02D7
2.06,0x04,write,0x0DA,RAM_0x0DA,direct,16,0x00 0x04,0x02BE 0x02D9 0x02DE
2.06,0x04,write,0x0DB,RAM_0x0DB,direct,8,0x30 0x34,0x02C9
2.06,0x05,read,0x003,STATUS,direct,96,0x04 0x18 0x1B 0x1C 0x1F 0x38 0x39 0x3B 0x3C 0x3F,0x0005 0x0017 0x0018 0x01B2 0x02BD 0x02C1 0x02CC 0x02D3 0x02DA 0x02DC 0x02DF 0x02EE 0x02F1 0x02F3 0x02F6 0x0788 0x078B 0x078D 0x0790 0x0CF2 0x0CF6 0x0CF9 0x0CFB 0x0D0D 0x0D1D 0x0D29 0x0D39 0x0D3B 0x0D3D 0x0D3F 0x0D41 0x0D45 0x0D51 0x0D5D 0x0D69 0x0D72 0x0D7B 0x0D84 0x0D97 0x0DA3 0x0DAC 0x0DB8 0x0DC0 0x0DC8 0x0DCE 0x0DD6 0x0DDE 0x0DE6 0x0DEE 0x0DF6 0x0DFF 0x0E09 0x0E10 0x0E17 0x0E20 0x0E29 0x0E53 0x0E56 0x0E5C
2.06,0x05,read,0x004,FSR,direct,2,0xD0,0x000B
2.06,0x05,read,0x00A,PCLATH,direct,13,0x00 0x08,0x0008 0x0042 0x0043 0x01B7 0x01B8 0x0E52 0x0E55 0x0E5B
2.06,0x05,read,0x00B,INTCON,direct,4,0x54,0x0019 0x001B
2.06,0x05,read,0x00C,PIR1,direct,19,0x59 0x5B,0x0021 0x0027 0x01B6 0x02CD 0x02E6 0x02EB 0x02FA 0x0785 0x0794
2.06,0x05,read,0x020,RAM_0x020,direct,2,0x00,0x0035
2.06,0x05,read,0x021,RAM_0x021,direct,2,0x83 0xC1,0x0037
2.06,0x05,read,0x022,RAM_0x022,direct,2,0xD0,0x0029
2.06,0x05,read,0x023,RAM_0x023,direct,2,0x00,0x002B
2.06,0x05,read,0x024,RAM_0x024,direct,2,0x00,0x002D
2.06,0x05,read,0x025,RAM_0x025,direct,2,0x24,0x002F
2.06,0x05,read,0x026,RAM_0x026,direct,2,0x00,0x0031
2.06,0x05,read,0x027,RAM_0x027,direct,2,0x00,0x0033
2.06,0x05,read,0x031,RAM_0x031,direct,2,0xCF 0xD0,0x01A7
2.06,0x05,read,0x037,RAM_0x037,direct,1,0x00,0x0D3C
2.06,0x05,read,0x038,RAM_0x038,direct,2,0x00,0x01B1
2.06,0x05,read,0x04C,RAM_0x04C,direct,2,0x00,0x01AB
2.06,0x05,read,0x051,RAM_0x051,direct,2,0x00,0x02E2 0x0CF7
2.06,0x05,read,0x062,RAM_0x062,direct,1,0x00,0x0D40
2.06,0x05,read,0x077,RAM_0x077,direct,2,0x00,0x000D
2.06,0x05,read,0x078,RAM_0x078,direct,2,0x00,0x000F
2.06,0x05,read,0x079,RAM_0x079,direct,2,0x24,0x0011
2.06,0x05,read,0x07A,RAM_0x07A,direct,2,0x00,0x0013
2.06,0x05,read,0x07B,RAM_0x07B,direct,2,0x00,0x0015
2.06,0x05,read,0x07F,RAM_0x07F,direct,4,0x00 0x03 0x30,0x0039 0x003A
2.06,0x05,read,0x08C,PIE1,indirect,4,0x22,0x001F 0x0025
2.06,0x05,read,0x0A1,RAM_0x0A1,direct,33,0x05,0x0CF3 0x0CFA 0x0D02 0x0D0B 0x0D1B 0x0D27 0x0D37 0x0D43 0x0D4F 0x0D5B 0x0D67 0x0D70 0x0D79 0x0D82 0x0D95 0x0DA1 0x0DAA 0x0DB6 0x0DBE 0x0DC6 0x0DCC 0x0DD4 0x0DDC 0x0DE4 0x0DEC 0x0DF4 0x0DFD 0x0E07 0x0E0E 0x0E15 0x0E1E 0x0E27 0x0E57
2.06,0x05,read,0x0CA,RAM_0x0CA,direct,1,0x00,0x0E59
2.06,0x05,read,0x0CB,RAM_0x0CB,direct,1,0x00,0x0E50
2.06,0x05,read,0x0CC,RAM_0x0CC,direct,1,0x05,0x0E4E
2.06,0x05,read,0x0CD,RAM_0x0CD,direct,2,0x7A,0x0CF5 0x0E4C
2.06,0x05,read,0x0D5,RAM_0x0D5,direct,1,0x05,0x02EF
2.06,0x05,read,0x0D6,RAM_0x0D6,direct,2,0x00 0x05,0x02F4 0x0789
2.06,0x05,read,0x0D7,RAM_0x0D7,direct,1,0x00,0x078E
2.06,0x05,read,0x0D8,RAM_0x0D8,direct,8,0x00 0x05,0x02D4 0x02DD
2.06,0x05,read,0x0D9,RAM_0x0D9,direct,8,0x00 0x50,0x02D7 0x02D8
2.06,0x05,read,0x0DA,RAM_0x0DA,direct,24,0x00 0x05,0x02BE 0x02BF 0x02C8
2.06,0x05,read,0x0DB,RAM_0x0DB,direct,8,0x30 0x35,0x02CA
2.06,0x05,write,0x003,STATUS,direct,58,0x00 0x04 0x18 0x1B 0x1C 0x1F 0x38 0x3B 0x3C 0x3F,0x0006 0x0017 0x0018 0x0038 0x02BD 0x02CC 0x02D3 0x02DA 0x02DC 0x02DF 0x02EE 0x02F1 0x02F3 0x02F6 0x0788 0x078B 0x078D 0x0790 0x0CF2 0x0CF6 0x0CF9 0x0D3B 0x0D3D 0x0D3F 0x0D41 0x0E53 0x0E56 0x0E5C
2.06,0x05,write,0x004,FSR,direct,6,0x8C 0xD0,0x001E 0x0024 0x002A
2.06,0x05,write,0x00A,PCLATH,direct,15,0x00 0x08,0x000A 0x0036 0x0042 0x0043 0x01B7 0x01B8 0x0E52 0x0E55 0x0E5B
2.06,0x05,write,0x00C,PIR1,direct,2,0x59,0x01B6
2.06,0x05,write,0x019,TXREG,direct,13,0x0A 0x30 0x35 0x44 0x54 0x57,0x02D1 0x02E8 0x02ED 0x02FC 0x0787 0x0796
2.06,0x05,write,0x020,RAM_0x020,direct,2,0x00,0x0009
2.06,0x05,write,0x021,RAM_0x021,direct,2,0x83 0xC1,0x0007
2.06,0x05,write,0x022,RAM_0x022,direct,2,0xD0,0x000C
2.06,0x05,write,0x023,RAM_0x023,direct,2,0x00,0x000E
2.06,0x05,write,0x024,RAM_0x024,direct,2,0x00,0x0010
2.06,0x05,write,0x025,RAM_0x025,direct,2,0x24,0x0012
2.06,0x05,write,0x026,RAM_0x026,direct,2,0x00,0x0014
2.06,0x05,write,0x027,RAM_0x027,direct,2,0x00,0x0016
2.06,0x05,write,0x031,RAM_0x031,direct,2,0xD0 0xD1,0x01A7
2.06,0x05,write,0x038,RAM_0x038,direct,2,0x00,0x01B1
2.06,0x05,write,0x077,RAM_0x077,direct,2,0x00,0x002C
2.06,0x05,write,0x078,RAM_0x078,direct,2,0x00,0x002E
2.06,0x05,write,0x079,RAM_0x079,direct,2,0x24,0x0030
2.06,0x05,write,0x07A,RAM_0x07A,direct,2,0x00,0x0032
2.06,0x05,write,0x07B,RAM_0x07B,direct,2,0x00,0x0034
2.06,0x05,write,0x07F,RAM_0x07F,direct,4,0x00 0x03 0x30,0x0004 0x0039
2.06,0x05,write,0x0A1,RAM_0x0A1,direct,1,0x05,0x0CFA
2.06,0x05,write,0x0CA,RAM_0x0CA,direct,1,0x00,0x0D3E
2.06,0x05,write,0x0CB,RAM_0x0CB,direct,1,0x00,0x0D42
2.06,0x05,write,0x0CC,RAM_0x0CC,direct,1,0x05,0x0CF4
2.06,0x05,write,0x0CD,RAM_0x0CD,direct,1,0x7A,0x0CF5
2.06,0x05,write,0x0D5,RAM_0x0D5,direct,1,0x05,0x0E4F
2.06,0x05,write,0x0D6,RAM_0x0D6,direct,2,0x00 0x05,0x0E51 0x0E58
2.06,0x05,write,0x0D7,RAM_0x0D7,direct,1,0x00,0x0E5A
2.06,0x05,write,0x0D8,RAM_0x0D8,direct,4,0x00 0x05,0x02F0 0x02F5 0x078A 0x078F
2.06,0x05,write,0x0D9,RAM_0x0D9,direct,8,0x00 0x50,0x02D5 0x02D7
2.06,0x05,write,0x0DA,RAM_0x0DA,direct,16,0x00 0x05,0x02BE 0x02D9 0x02DE
2.06,0x05,write,0x0DB,RAM_0x0DB,direct,8,0x30 0x35,0x02C9
2.06,0x06,read,0x003,STATUS,direct,96,0x04 0x18 0x1B 0x1C 0x1F 0x38 0x39 0x3B 0x3C 0x3F,0x0005 0x0017 0x0018 0x01B2 0x02BD 0x02C1 0x02CC 0x02D3 0x02DA 0x02DC 0x02DF 0x02EE 0x02F1 0x02F3 0x02F6 0x0788 0x078B 0x078D 0x0790 0x0CF2 0x0CF6 0x0CF9 0x0CFB 0x0D0D 0x0D1D 0x0D29 0x0D39 0x0D45 0x0D47 0x0D49 0x0D4B 0x0D4D 0x0D51 0x0D5D 0x0D69 0x0D72 0x0D7B 0x0D84 0x0D97 0x0DA3 0x0DAC 0x0DB8 0x0DC0 0x0DC8 0x0DCE 0x0DD6 0x0DDE 0x0DE6 0x0DEE 0x0DF6 0x0DFF 0x0E09 0x0E10 0x0E17 0x0E20 0x0E29 0x0E53 0x0E56 0x0E5C
2.06,0x06,read,0x004,FSR,direct,2,0xD0,0x000B
2.06,0x06,read,0x00A,PCLATH,direct,13,0x00 0x08,0x0008 0x0042 0x0043 0x01B7 0x01B8 0x0E52 0x0E55 0x0E5B
2.06,0x06,read,0x00B,INTCON,direct,4,0x54,0x0019 0x001B
2.06,0x06,read,0x00C,PIR1,direct,19,0x59 0x5B,0x0021 0x0027 0x01B6 0x02CD 0x02E6 0x02EB 0x02FA 0x0785 0x0794
2.06,0x06,read,0x020,RAM_0x020,direct,2,0x00,0x0035
2.06,0x06,read,0x021,RAM_0x021,direct,2,0x81 0x83,0x0037
2.06,0x06,read,0x022,RAM_0x022,direct,2,0xD0,0x0029
2.06,0x06,read,0x023,RAM_0x023,direct,2,0x00,0x002B
2.06,0x06,read,0x024,RAM_0x024,direct,2,0x00,0x002D
2.06,0x06,read,0x025,RAM_0x025,direct,2,0x24,0x002F
2.06,0x06,read,0x026,RAM_0x026,direct,2,0x00,0x0031
2.06,0x06,read,0x027,RAM_0x027,direct,2,0x00,0x0033
2.06,0x06,read,0x029,RAM_0x029,direct,1,0x19,0x0D48
2.06,0x06,read,0x031,RAM_0x031,direct,2,0xCF 0xD0,0x01A7
2.06,0x06,read,0x038,RAM_0x038,direct,2,0x00,0x01B1
2.06,0x06,read,0x04C,RAM_0x04C,direct,2,0x00,0x01AB
2.06,0x06,read,0x051,RAM_0x051,direct,2,0x00,0x02E2 0x0CF7
2.06,0x06,read,0x06B,RAM_0x06B,direct,1,0x00,0x0D4C
2.06,0x06,read,0x077,RAM_0x077,direct,2,0x00,0x000D
2.06,0x06,read,0x078,RAM_0x078,direct,2,0x00,0x000F
2.06,0x06,read,0x079,RAM_0x079,direct,2,0x24,0x0011
2.06,0x06,read,0x07A,RAM_0x07A,direct,2,0x00,0x0013
2.06,0x06,read,0x07B,RAM_0x07B,direct,2,0x00,0x0015
2.06,0x06,read,0x07F,RAM_0x07F,direct,4,0x03 0x19 0x30 0x91,0x0039 0x003A
2.06,0x06,read,0x08C,PIE1,indirect,4,0x22,0x001F 0x0025
2.06,0x06,read,0x0A1,RAM_0x0A1,direct,33,0x06,0x0CF3 0x0CFA 0x0D02 0x0D0B 0x0D1B 0x0D27 0x0D37 0x0D43 0x0D4F 0x0D5B 0x0D67 0x0D70 0x0D79 0x0D82 0x0D95 0x0DA1 0x0DAA 0x0DB6 0x0DBE 0x0DC6 0x0DCC 0x0DD4 0x0DDC 0x0DE4 0x0DEC 0x0DF4 0x0DFD 0x0E07 0x0E0E 0x0E15 0x0E1E 0x0E27 0x0E57
2.06,0x06,read,0x0CA,RAM_0x0CA,direct,1,0x19,0x0E59
2.06,0x06,read,0x0CB,RAM_0x0CB,direct,1,0x00,0x0E50
2.06,0x06,read,0x0CC,RAM_0x0CC,direct,1,0x06,0x0E4E
2.06,0x06,read,0x0CD,RAM_0x0CD,direct,2,0x7A,0x0CF5 0x0E4C
2.06,0x06,read,0x0D5,RAM_0x0D5,direct,1,0x06,0x02EF
2.06,0x06,read,0x0D6,RAM_0x0D6,direct,2,0x00 0x06,0x02F4 0x0789
2.06,0x06,read,0x0D7,RAM_0x0D7,direct,1,0x19,0x078E
2.06,0x06,read,0x0D8,RAM_0x0D8,direct,8,0x00 0x06 0x19,0x02D4 0x02DD
2.06,0x06,read,0x0D9,RAM_0x0D9,direct,8,0x00 0x01 0x60 0x91,0x02D7 0x02D8
2.06,0x06,read,0x0DA,RAM_0x0DA,direct,24,0x00 0x01 0x06 0x09 0x19,0x02BE 0x02BF 0x02C8
2.06,0x06,read,0x0DB,RAM_0x0DB,direct,8,0x30 0x31 0x36 0x39,0x02CA
2.06,0x06,write,0x003,STATUS,direct,58,0x00 0x04 0x18 0x1B 0x1C 0x1F 0x38 0x3B 0x3C 0x3F,0x0006 0x0017 0x0018 0x0038 0x02BD 0x02CC 0x02D3 0x02DA 0x02DC 0x02DF 0x02EE 0x02F1 0x02F3 0x02F6 0x0788 0x078B 0x078D 0x0790 0x0CF2 0x0CF6 0x0CF9 0x0D47 0x0D49 0x0D4B 0x0D4D 0x0E53 0x0E56 0x0E5C
2.06,0x06,write,0x004,FSR,direct,6,0x8C 0xD0,0x001E 0x0024 0x002A
2.06,0x06,write,0x00A,PCLATH,direct,15,0x00 0x08,0x000A 0x0036 0x0042 0x0043 0x01B7 0x01B8 0x0E52 0x0E55 0x0E5B
2.06,0x06,write,0x00C,PIR1,direct,2,0x59,0x01B6
2.06,0x06,write,0x019,TXREG,direct,13,0x0A 0x30 0x31 0x36 0x39 0x44 0x54 0x57,0x02D1 0x02E8 0x02ED 0x02FC 0x0787 0x0796
2.06,0x06,write,0x020,RAM_0x020,direct,2,0x00,0x0009
2.06,0x06,write,0x021,RAM_0x021,direct,2,0x81 0x83,0x0007
2.06,0x06,write,0x022,RAM_0x022,direct,2,0xD0,0x000C
2.06,0x06,write,0x023,RAM_0x023,direct,2,0x00,0x000E
2.06,0x06,write,0x024,RAM_0x024,direct,2,0x00,0x0010
2.06,0x06,write,0x025,RAM_0x025,direct,2,0x24,0x0012
2.06,0x06,write,0x026,RAM_0x026,direct,2,0x00,0x0014
2.06,0x06,write,0x027,RAM_0x027,direct,2,0x00,0x0016
2.06,0x06,write,0x031,RAM_0x031,direct,2,0xD0 0xD1,0x01A7
2.06,0x06,write,0x038,RAM_0x038,direct,2,0x00,0x01B1
2.06,0x06,write,0x077,RAM_0x077,direct,2,0x00,0x002C
2.06,0x06,write,0x078,RAM_0x078,direct,2,0x00,0x002E
2.06,0x06,write,0x079,RAM_0x079,direct,2,0x24,0x0030
2.06,0x06,write,0x07A,RAM_0x07A,direct,2,0x00,0x0032
2.06,0x06,write,0x07B,RAM_0x07B,direct,2,0x00,0x0034
2.06,0x06,write,0x07F,RAM_0x07F,direct,4,0x03 0x19 0x30 0x91,0x0004 0x0039
2.06,0x06,write,0x0A1,RAM_0x0A1,direct,1,0x06,0x0CFA
2.06,0x06,write,0x0CA,RAM_0x0CA,direct,1,0x19,0x0D4A
2.06,0x06,write,0x0CB,RAM_0x0CB,direct,1,0x00,0x0D4E
2.06,0x06,write,0x0CC,RAM_0x0CC,direct,1,0x06,0x0CF4
2.06,0x06,write,0x0CD,RAM_0x0CD,direct,1,0x7A,0x0CF5
2.06,0x06,write,0x0D5,RAM_0x0D5,direct,1,0x06,0x0E4F
2.06,0x06,write,0x0D6,RAM_0x0D6,direct,2,0x00 0x06,0x0E51 0x0E58
2.06,0x06,write,0x0D7,RAM_0x0D7,direct,1,0x19,0x0E5A
2.06,0x06,write,0x0D8,RAM_0x0D8,direct,4,0x00 0x06 0x19,0x02F0 0x02F5 0x078A 0x078F
2.06,0x06,write,0x0D9,RAM_0x0D9,direct,8,0x00 0x01 0x60 0x91,0x02D5 0x02D7
2.06,0x06,write,0x0DA,RAM_0x0DA,direct,16,0x00 0x01 0x06 0x09 0x19,0x02BE 0x02D9 0x02DE
2.06,0x06,write,0x0DB,RAM_0x0DB,direct,8,0x30 0x31 0x36 0x39,0x02C9
2.06,0x07,read,0x003,STATUS,direct,96,0x04 0x18 0x1B 0x1C 0x1F 0x38 0x39 0x3B 0x3C 0x3F,0x0005 0x0017 0x0018 0x01B2 0x02BD 0x02C1 0x02CC 0x02D3 0x02DA 0x02DC 0x02DF 0x02EE 0x02F1 0x02F3 0x02F6 0x0788 0x078B 0x078D 0x0790 0x0CF2 0x0CF6 0x0CF9 0x0CFB 0x0D0D 0x0D1D 0x0D29 0x0D39 0x0D45 0x0D51 0x0D53 0x0D55 0x0D57 0x0D59 0x0D5D 0x0D69 0x0D72 0x0D7B 0x0D84 0x0D97 0x0DA3 0x0DAC 0x0DB8 0x0DC0 0x0DC8 0x0DCE 0x0DD6 0x0DDE 0x0DE6 0x0DEE 0x0DF6 0x0DFF 0x0E09 0x0E10 0x0E17 0x0E20 0x0E29 0x0E53 0x0E56 0x0E5C
2.06,0x07,read,0x004,FSR,direct,2,0xD0,0x000B
2.06,0x07,read,0x00A,PCLATH,direct,13,0x00 0x08,0x0008 0x0042 0x0043 0x01B7 0x01B8 0x0E52 0x0E55 0x0E5B
2.06,0x07,read,0x00B,INTCON,direct,4,0x54,0x0019 0x001B
2.06,0x07,read,0x00C,PIR1,direct,19,0x59 0x5B,0x0021 0x0027 0x01B6 0x02CD 0x02E6 0x02EB 0x02FA 0x0785 0x0794
2.06,0x07,read,0x020,RAM_0x020,direct,2,0x00,0x0035
2.06,0x07,read,0x021,RAM_0x021,direct,2,0x83 0xC1,0x0037
2.06,0x07,read,0x022,RAM_0x022,direct,2,0xD0,0x0029
2.06,0x07,read,0x023,RAM_0x023,direct,2,0x00,0x002B
2.06,0x07,read,0x024,RAM_0x024,direct,2,0x00,0x002D
2.06,0x07,read,0x025,RAM_0x025,direct,2,0x24,0x002F
2.06,0x07,read,0x026,RAM_0x026,direct,2,0x00,0x0031
2.06,0x07,read,0x027,RAM_0x027,direct,2,0x00,0x0033
2.06,0x07,read,0x031,RAM_0x031,direct,2,0xCF 0xD0,0x01A7
2.06,0x07,read,0x038,RAM_0x038,direct,2,0x00,0x01B1
2.06,0x07,read,0x048,RAM_0x048,direct,1,0x00,0x0D54
2.06,0x07,read,0x04C,RAM_0x04C,direct,2,0x00,0x01AB
2.06,0x07,read,0x051,RAM_0x051,direct,2,0x00,0x02E2 0x0CF7
2.06,0x07,read,0x061,RAM_0x061,direct,1,0x00,0x0D58
2.06,0x07,read,0x077,RAM_0x077,direct,2,0x00,0x000D
2.06,0x07,read,0x078,RAM_0x078,direct,2,0x00,0x000F
2.06,0x07,read,0x079,RAM_0x079,direct,2,0x24,0x0011
2.06,0x07,read,0x07A,RAM_0x07A,direct,2,0x00,0x0013
2.06,0x07,read,0x07B,RAM_0x07B,direct,2,0x00,0x0015
2.06,0x07,read,0x07F,RAM_0x07F,direct,4,0x00 0x03 0x30,0x0039 0x003A
2.06,0x07,read,0x08C,PIE1,indirect,4,0x22,0x001F 0x0025
2.06,0x07,read,0x0A1,RAM_0x0A1,direct,33,0x07,0x0CF3 0x0CFA 0x0D02 0x0D0B 0x0D1B 0x0D27 0x0D37 0x0D43 0x0D4F 0x0D5B 0x0D67 0x0D70 0x0D79 0x0D82 0x0D95 0x0DA1 0x0DAA 0x0DB6 0x0DBE 0x0DC6 0x0DCC 0x0DD4 0x0DDC 0x0DE4 0x0DEC 0x0DF4 0x0DFD 0x0E07 0x0E0E 0x0E15 0x0E1E 0x0E27 0x0E57
2.06,0x07,read,0x0CA,RAM_0x0CA,direct,1,0x00,0x0E59
2.06,0x07,read,0x0CB,RAM_0x0CB,direct,1,0x00,0x0E50
2.06,0x07,read,0x0CC,RAM_0x0CC,direct,1,0x07,0x0E4E
2.06,0x07,read,0x0CD,RAM_0x0CD,direct,2,0x7A,0x0CF5 0x0E4C
2.06,0x07,read,0x0D5,RAM_0x0D5,direct,1,0x07,0x02EF
2.06,0x07,read,0x0D6,RAM_0x0D6,direct,2,0x00 0x07,0x02F4 0x0789
2.06,0x07,read,0x0D7,RAM_0x0D7,direct,1,0x00,0x078E
2.06,0x07,read,0x0D8,RAM_0x0D8,direct,8,0x00 0x07,0x02D4 0x02DD
2.06,0x07,read,0x0D9,RAM_0x0D9,direct,8,0x00 0x70,0x02D7 0x02D8
2.06,0x07,read,0x0DA,RAM_0x0DA,direct,24,0x00 0x07,0x02BE 0x02BF 0x02C8
2.06,0x07,read,0x0DB,RAM_0x0DB,direct,8,0x30 0x37,0x02CA
2.06,0x07,write,0x003,STATUS,direct,58,0x00 0x04 0x18 0x1B 0x1C 0x1F 0x38 0x3B 0x3C 0x3F,0x0006 0x0017 0x0018 0x0038 0x02BD 0x02CC 0x02D3 0x02DA 0x02DC 0x02DF 0x02EE 0x02F1 0x02F3 0x02F6 0x0788 0x078B 0x078D 0x0790 0x0CF2 0x0CF6 0x0CF9 0x0D53 0x0D55 0x0D57 0x0D59 0x0E53 0x0E56 0x0E5C
2.06,0x07,write,0x004,FSR,direct,6,0x8C 0xD0,0x001E 0x0024 0x002A
2.06,0x07,write,0x00A,PCLATH,direct,15,0x00 0x08,0x000A 0x0036 0x0042 0x0043 0x01B7 0x01B8 0x0E52 0x0E55 0x0E5B
2.06,0x07,write,0x00C,PIR1,direct,2,0x59,0x01B6
2.06,0x07,write,0x019,TXREG,direct,13,0x0A 0x30 0x37 0x44 0x54 0x57,0x02D1 0x02E8 0x02ED 0x02FC 0x0787 0x0796
2.06,0x07,write,0x020,RAM_0x020,direct,2,0x00,0x0009
2.06,0x07,write,0x021,RAM_0x021,direct,2,0x83 0xC1,0x0007
2.06,0x07,write,0x022,RAM_0x022,direct,2,0xD0,0x000C
2.06,0x07,write,0x023,RAM_0x023,direct,2,0x00,0x000E
2.06,0x07,write,0x024,RAM_0x024,direct,2,0x00,0x0010
2.06,0x07,write,0x025,RAM_0x025,direct,2,0x24,0x0012
2.06,0x07,write,0x026,RAM_0x026,direct,2,0x00,0x0014
2.06,0x07,write,0x027,RAM_0x027,direct,2,0x00,0x0016
2.06,0x07,write,0x031,RAM_0x031,direct,2,0xD0 0xD1,0x01A7
2.06,0x07,write,0x038,RAM_0x038,direct,2,0x00,0x01B1
2.06,0x07,write,0x077,RAM_0x077,direct,2,0x00,0x002C
2.06,0x07,write,0x078,RAM_0x078,direct,2,0x00,0x002E
2.06,0x07,write,0x079,RAM_0x079,direct,2,0x24,0x0030
2.06,0x07,write,0x07A,RAM_0x07A,direct,2,0x00,0x0032
2.06,0x07,write,0x07B,RAM_0x07B,direct,2,0x00,0x0034
2.06,0x07,write,0x07F,RAM_0x07F,direct,4,0x00 0x03 0x30,0x0004 0x0039
2.06,0x07,write,0x0A1,RAM_0x0A1,direct,1,0x07,0x0CFA
2.06,0x07,write,0x0CA,RAM_0x0CA,direct,1,0x00,0x0D56
2.06,0x07,write,0x0CB,RAM_0x0CB,direct,1,0x00,0x0D5A
2.06,0x07,write,0x0CC,RAM_0x0CC,direct,1,0x07,0x0CF4
2.06,0x07,write,0x0CD,RAM_0x0CD,direct,1,0x7A,0x0CF5
2.06,0x07,write,0x0D5,RAM_0x0D5,direct,1,0x07,0x0E4F
2.06,0x07,write,0x0D6,RAM_0x0D6,direct,2,0x00 0x07,0x0E51 0x0E58
2.06,0x07,write,0x0D7,RAM_0x0D7,direct,1,0x00,0x0E5A
2.06,0x07,write,0x0D8,RAM_0x0D8,direct,4,0x00 0x07,0x02F0 0x02F5 0x078A 0x078F
2.06,0x07,write,0x0D9,RAM_0x0D9,direct,8,0x00 0x70,0x02D5 0x02D7
2.06,0x07,write,0x0DA,RAM_0x0DA,direct,16,0x00 0x07,0x02BE 0x02D9 0x02DE
2.06,0x07,write,0x0DB,RAM_0x0DB,direct,8,0x30 0x37,0x02C9
2.06,0x08,read,0x003,STATUS,direct,96,0x04 0x18 0x1B 0x1C 0x1F 0x38 0x39 0x3B 0x3C 0x3F,0x0005 0x0017 0x0018 0x01B2 0x02BD 0x02C1 0x02CC 0x02D3 0x02DA 0x02DC 0x02DF 0x02EE 0x02F1 0x02F3 0x02F6 0x0788 0x078B 0x078D 0x0790 0x0CF2 0x0CF6 0x0CF9 0x0CFB 0x0D0D 0x0D1D 0x0D29 0x0D39 0x0D45 0x0D51 0x0D5D 0x0D5F 0x0D61 0x0D63 0x0D65 0x0D69 0x0D72 0x0D7B 0x0D84 0x0D97 0x0DA3 0x0DAC 0x0DB8 0x0DC0 0x0DC8 0x0DCE 0x0DD6 0x0DDE 0x0DE6 0x0DEE 0x0DF6 0x0DFF 0x0E09 0x0E10 0x0E17 0x0E20 0x0E29 0x0E53 0x0E56 0x0E5C
2.06,0x08,read,0x004,FSR,direct,2,0xD0,0x000B
2.06,0x08,read,0x00A,PCLATH,direct,13,0x00 0x08,0x0008 0x0042 0x0043 0x01B7 0x01B8 0x0E52 0x0E55 0x0E5B
2.06,0x08,read,0x00B,INTCON,direct,4,0x54,0x0019 0x001B
2.06,0x08,read,0x00C,PIR1,direct,19,0x59 0x5B,0x0021 0x0027 0x01B6 0x02CD 0x02E6 0x02EB 0x02FA 0x0785 0x0794
2.06,0x08,read,0x020,RAM_0x020,direct,2,0x00,0x0035
2.06,0x08,read,0x021,RAM_0x021,direct,2,0x81 0x83,0x0037
2.06,0x08,read,0x022,RAM_0x022,direct,2,0xD0,0x0029
2.06,0x08,read,0x023,RAM_0x023,direct,2,0x00,0x002B
2.06,0x08,read,0x024,RAM_0x024,direct,2,0x00,0x002D
2.06,0x08,read,0x025,RAM_0x025,direct,2,0x24,0x002F
2.06,0x08,read,0x026,RAM_0x026,direct,2,0x00,0x0031
2.06,0x08,read,0x027,RAM_0x027,direct,2,0x00,0x0033
2.06,0x08,read,0x02D,RAM_0x02D,direct,1,0x07,0x0D60
2.06,0x08,read,0x031,RAM_0x031,direct,2,0xCF 0xD0,0x01A7
2.06,0x08,read,0x038,RAM_0x038,direct,2,0x00,0x01B1
2.06,0x08,read,0x04C,RAM_0x04C,direct,2,0x00,0x01AB
2.06,0x08,read,0x051,RAM_0x051,direct,2,0x00,0x02E2 0x0CF7
2.06,0x08,read,0x06C,RAM_0x06C,direct,1,0x00,0x0D64
2.06,0x08,read,0x077,RAM_0x077,direct,2,0x00,0x000D
2.06,0x08,read,0x078,RAM_0x078,direct,2,0x00,0x000F
2.06,0x08,read,0x079,RAM_0x079,direct,2,0x24,0x0011
2.06,0x08,read,0x07A,RAM_0x07A,direct,2,0x00,0x0013
2.06,0x08,read,0x07B,RAM_0x07B,direct,2,0x00,0x0015
2.06,0x08,read,0x07F,RAM_0x07F,direct,4,0x03 0x07 0x30 0x70,0x0039 0x003A
2.06,0x08,read,0x08C,PIE1,indirect,4,0x22,0x001F 0x0025
2.06,0x08,read,0x0A1,RAM_0x0A1,direct,33,0x08,0x0CF3 0x0CFA 0x0D02 0x0D0B 0x0D1B 0x0D27 0x0D37 0x0D43 0x0D4F 0x0D5B 0x0D67 0x0D70 0x0D79 0x0D82 0x0D95 0x0DA1 0x0DAA 0x0DB6 0x0DBE 0x0DC6 0x0DCC 0x0DD4 0x0DDC 0x0DE4 0x0DEC 0x0DF4 0x0DFD 0x0E07 0x0E0E 0x0E15 0x0E1E 0x0E27 0x0E57
2.06,0x08,read,0x0CA,RAM_0x0CA,direct,1,0x07,0x0E59
2.06,0x08,read,0x0CB,RAM_0x0CB,direct,1,0x00,0x0E50
2.06,0x08,read,0x0CC,RAM_0x0CC,direct,1,0x08,0x0E4E
2.06,0x08,read,0x0CD,RAM_0x0CD,direct,2,0x7A,0x0CF5 0x0E4C
2.06,0x08,read,0x0D5,RAM_0x0D5,direct,1,0x08,0x02EF
2.06,0x08,read,0x0D6,RAM_0x0D6,direct,2,0x00 0x08,0x02F4 0x0789
2.06,0x08,read,0x0D7,RAM_0x0D7,direct,1,0x07,0x078E
2.06,0x08,read,0x0D8,RAM_0x0D8,direct,8,0x00 0x07 0x08,0x02D4 0x02DD
2.06,0x08,read,0x0D9,RAM_0x0D9,direct,8,0x00 0x70 0x80,0x02D7 0x02D8
2.06,0x08,read,0x0DA,RAM_0x0DA,direct,24,0x00 0x07 0x08,0x02BE 0x02BF 0x02C8
2.06,0x08,read,0x0DB,RAM_0x0DB,direct,8,0x30 0x37 0x38,0x02CA
2.06,0x08,write,0x003,STATUS,direct,58,0x00 0x04 0x18 0x1B 0x1C 0x1F 0x38 0x3B 0x3C 0x3F,0x0006 0x0017 0x0018 0x0038 0x02BD 0x02CC 0x02D3 0x02DA 0x02DC 0x02DF 0x02EE 0x02F1 0x02F3 0x02F6 0x0788 0x078B 0x078D 0x0790 0x0CF2 0x0CF6 0x0CF9 0x0D5F 0x0D61 0x0D63 0x0D65 0x0E53 0x0E56 0x0E5C
2.06,0x08,write,0x004,FSR,direct,6,0x8C 0xD0,0x001E 0x0024 0x002A
2.06,0x08,write,0x00A,PCLATH,direct,15,0x00 0x08,0x000A 0x0036 0x0042 0x0043 0x01B7 0x01B8 0x0E52 0x0E55 0x0E5B
2.06,0x08,write,0x00C,PIR1,direct,2,0x59,0x01B6
2.06,0x08,write,0x019,TXREG,direct,13,0x0A 0x30 0x37 0x38 0x44 0x54 0x57,0x02D1 0x02E8 0x02ED 0x02FC 0x0787 0x0796
2.06,0x08,write,0x020,RAM_0x020,direct,2,0x00,0x0009
2.06,0x08,write,0x021,RAM_0x021,direct,2,0x81 0x83,0x0007
2.06,0x08,write,0x022,RAM_0x022,direct,2,0xD0,0x000C
2.06,0x08,write,0x023,RAM_0x023,direct,2,0x00,0x000E
2.06,0x08,write,0x024,RAM_0x024,direct,2,0x00,0x0010
2.06,0x08,write,0x025,RAM_0x025,direct,2,0x24,0x0012
2.06,0x08,write,0x026,RAM_0x026,direct,2,0x00,0x0014
2.06,0x08,write,0x027,RAM_0x027,direct,2,0x00,0x0016
2.06,0x08,write,0x031,RAM_0x031,direct,2,0xD0 0xD1,0x01A7
2.06,0x08,write,0x038,RAM_0x038,direct,2,0x00,0x01B1
2.06,0x08,write,0x077,RAM_0x077,direct,2,0x00,0x002C
2.06,0x08,write,0x078,RAM_0x078,direct,2,0x00,0x002E
2.06,0x08,write,0x079,RAM_0x079,direct,2,0x24,0x0030
2.06,0x08,write,0x07A,RAM_0x07A,direct,2,0x00,0x0032
2.06,0x08,write,0x07B,RAM_0x07B,direct,2,0x00,0x0034
2.06,0x08,write,0x07F,RAM_0x07F,direct,4,0x03 0x07 0x30 0x70,0x0004 0x0039
2.06,0x08,write,0x0A1,RAM_0x0A1,direct,1,0x08,0x0CFA
2.06,0x08,write,0x0CA,RAM_0x0CA,direct,1,0x07,0x0D62
2.06,0x08,write,0x0CB,RAM_0x0CB,direct,1,0x00,0x0D66
2.06,0x08,write,0x0CC,RAM_0x0CC,direct,1,0x08,0x0CF4
2.06,0x08,write,0x0CD,RAM_0x0CD,direct,1,0x7A,0x0CF5
2.06,0x08,write,0x0D5,RAM_0x0D5,direct,1,0x08,0x0E4F
2.06,0x08,write,0x0D6,RAM_0x0D6,direct,2,0x00 0x08,0x0E51 0x0E58
2.06,0x08,write,0x0D7,RAM_0x0D7,direct,1,0x07,0x0E5A
2.06,0x08,write,0x0D8,RAM_0x0D8,direct,4,0x00 0x07 0x08,0x02F0 0x02F5 0x078A 0x078F
2.06,0x08,write,0x0D9,RAM_0x0D9,direct,8,0x00 0x70 0x80,0x02D5 0x02D7
2.06,0x08,write,0x0DA,RAM_0x0DA,direct,16,0x00 0x07 0x08,0x02BE 0x02D9 0x02DE
2.06,0x08,write,0x0DB,RAM_0x0DB,direct,8,0x30 0x37 0x38,0x02C9
2.06,0x09,read,0x003,STATUS,direct,64,0x04 0x18 0x1B 0x1C 0x1F 0x38 0x39 0x3B 0x3C 0x3F,0x0005 0x0017 0x0018 0x01B2 0x02BD 0x02C1 0x02CC 0x02D3 0x02DA 0x02DC 0x02DF 0x0788 0x078B 0x078D 0x0790 0x0CF2 0x0CF6 0x0CF9 0x0CFB 0x0D0D 0x0D1D 0x0D29 0x0D39 0x0D45 0x0D51 0x0D5D 0x0D69 0x0D6B 0x0D6D 0x0D72 0x0D7B 0x0D84 0x0D97 0x0DA3 0x0DAC 0x0DB8 0x0DC0 0x0DC8 0x0DCE 0x0DD6 0x0DDE 0x0DE6 0x0DEE 0x0DF6 0x0DFF 0x0E09 0x0E10 0x0E17 0x0E20 0x0E29 0x0E5C
2.06,0x09,read,0x004,FSR,direct,1,0xD0,0x000B
2.06,0x09,read,0x00A,PCLATH,direct,6,0x00 0x08,0x0008 0x0042 0x0043 0x01B7 0x01B8 0x0E5B
2.06,0x09,read,0x00B,INTCON,direct,2,0x54,0x0019 0x001B
2.06,0x09,read,0x00C,PIR1,direct,9,0x59 0x5B,0x0021 0x0027 0x01B6 0x02CD 0x0785 0x0794
2.06,0x09,read,0x020,RAM_0x020,direct,1,0x00,0x0035
2.06,0x09,read,0x021,RAM_0x021,direct,1,0x83,0x0037
2.06,0x09,read,0x022,RAM_0x022,direct,1,0xD0,0x0029
2.06,0x09,read,0x023,RAM_0x023,direct,1,0x00,0x002B
2.06,0x09,read,0x024,RAM_0x024,direct,1,0x00,0x002D
2.06,0x09,read,0x025,RAM_0x025,direct,1,0x24,0x002F
2.06,0x09,read,0x026,RAM_0x026,direct,1,0x00,0x0031
2.06,0x09,read,0x027,RAM_0x027,direct,1,0x00,0x0033
2.06,0x09,read,0x031,RAM_0x031,direct,1,0xCF,0x01A7
2.06,0x09,read,0x038,RAM_0x038,direct,1,0x00,0x01B1
2.06,0x09,read,0x04C,RAM_0x04C,direct,2,0x00,0x01AB 0x0D6C
2.06,0x09,read,0x051,RAM_0x051,direct,1,0x00,0x0CF7
2.06,0x09,read,0x077,RAM_0x077,direct,1,0x00,0x000D
2.06,0x09,read,0x078,RAM_0x078,direct,1,0x00,0x000F
2.06,0x09,read,0x079,RAM_0x079,direct,1,0x24,0x0011
2.06,0x09,read,0x07A,RAM_0x07A,direct,1,0x00,0x0013
2.06,0x09,read,0x07B,RAM_0x07B,direct,1,0x00,0x0015
2.06,0x09,read,0x07F,RAM_0x07F,direct,2,0x00,0x0039 0x003A
2.06,0x09,read,0x08C,PIE1,indirect,2,0x22,0x001F 0x0025
2.06,0x09,read,0x0A1,RAM_0x0A1,direct,33,0x09,0x0CF3 0x0CFA 0x0D02 0x0D0B 0x0D1B 0x0D27 0x0D37 0x0D43 0x0D4F 0x0D5B 0x0D67 0x0D70 0x0D79 0x0D82 0x0D95 0x0DA1 0x0DAA 0x0DB6 0x0DBE 0x0DC6 0x0DCC 0x0DD4 0x0DDC 0x0DE4 0x0DEC 0x0DF4 0x0DFD 0x0E07 0x0E0E 0x0E15 0x0E1E 0x0E27 0x0E57
2.06,0x09,read,0x0CA,RAM_0x0CA,direct,1,0x00,0x0E59
2.06,0x09,read,0x0CD,RAM_0x0CD,direct,3,0x7A 0x7B,0x0CF5 0x0D6F 0x0E4C
2.06,0x09,read,0x0D6,RAM_0x0D6,direct,1,0x09,0x0789
2.06,0x09,read,0x0D7,RAM_0x0D7,direct,1,0x00,0x078E
2.06,0x09,read,0x0D8,RAM_0x0D8,direct,4,0x00 0x09,0x02D4 0x02DD
2.06,0x09,read,0x0D9,RAM_0x0D9,direct,4,0x00 0x90,0x02D7 0x02D8
2.06,0x09,read,0x0DA,RAM_0x0DA,direct,12,0x00 0x09,0x02BE 0x02BF 0x02C8
2.06,0x09,read,0x0DB,RAM_0x0DB,direct,4,0x30 0x39,0x02CA
2.06,0x09,write,0x003,STATUS,direct,30,0x00 0x04 0x18 0x1B 0x1C 0x1F 0x38 0x3B 0x3C 0x3F,0x0006 0x0017 0x0018 0x0038 0x02BD 0x02CC 0x02D3 0x02DA 0x02DC 0x02DF 0x0788 0x078B 0x078D 0x0790 0x0CF2 0x0CF6 0x0CF9 0x0D6B 0x0D6D 0x0E5C
2.06,0x09,write,0x004,FSR,direct,3,0x8C 0xD0,0x001E 0x0024 0x002A
2.06,0x09,write,0x00A,PCLATH,direct,7,0x00,0x000A 0x0036 0x0042 0x0043 0x01B7 0x01B8 0x0E5B
2.06,0x09,write,0x00C,PIR1,direct,1,0x59,0x01B6
2.06,0x09,write,0x019,TXREG,direct,6,0x0A 0x30 0x39 0x54,0x02D1 0x0787 0x0796
2.06,0x09,write,0x020,RAM_0x020,direct,1,0x00,0x0009
2.06,0x09,write,0x021,RAM_0x021,direct,1,0x83,0x0007
2.06,0x09,write,0x022,RAM_0x022,direct,1,0xD0,0x000C
2.06,0x09,write,0x023,RAM_0x023,direct,1,0x00,0x000E
2.06,0x09,write,0x024,RAM_0x024,direct,1,0x00,0x0010
2.06,0x09,write,0x025,RAM_0x025,direct,1,0x24,0x0012
2.06,0x09,write,0x026,RAM_0x026,direct,1,0x00,0x0014
2.06,0x09,write,0x027,RAM_0x027,direct,1,0x00,0x0016
2.06,0x09,write,0x031,RAM_0x031,direct,1,0xD0,0x01A7
2.06,0x09,write,0x038,RAM_0x038,direct,1,0x00,0x01B1
2.06,0x09,write,0x077,RAM_0x077,direct,1,0x00,0x002C
2.06,0x09,write,0x078,RAM_0x078,direct,1,0x00,0x002E
2.06,0x09,write,0x079,RAM_0x079,direct,1,0x24,0x0030
2.06,0x09,write,0x07A,RAM_0x07A,direct,1,0x00,0x0032
2.06,0x09,write,0x07B,RAM_0x07B,direct,1,0x00,0x0034
2.06,0x09,write,0x07F,RAM_0x07F,direct,2,0x00,0x0004 0x0039
2.06,0x09,write,0x0A1,RAM_0x0A1,direct,1,0x09,0x0CFA
2.06,0x09,write,0x0CA,RAM_0x0CA,direct,1,0x00,0x0D6E
2.06,0x09,write,0x0CC,RAM_0x0CC,direct,1,0x09,0x0CF4
2.06,0x09,write,0x0CD,RAM_0x0CD,direct,2,0x7A 0x7B,0x0CF5 0x0D6F
2.06,0x09,write,0x0D6,RAM_0x0D6,direct,1,0x09,0x0E58
2.06,0x09,write,0x0D7,RAM_0x0D7,direct,1,0x00,0x0E5A
2.06,0x09,write,0x0D8,RAM_0x0D8,direct,2,0x00 0x09,0x078A 0x078F
2.06,0x09,write,0x0D9,RAM_0x0D9,direct,4,0x00 0x90,0x02D5 0x02D7
2.06,0x09,write,0x0DA,RAM_0x0DA,direct,8,0x00 0x09,0x02BE 0x02D9 0x02DE
2.06,0x09,write,0x0DB,RAM_0x0DB,direct,4,0x30 0x39,0x02C9
2.06,0x0A,read,0x003,STATUS,direct,64,0x04 0x18 0x1A 0x1B 0x1C 0x1E 0x1F 0x38 0x39 0x3A 0x3B 0x3C 0x3E 0x3F,0x0005 0x0017 0x0018 0x01B2 0x02BD 0x02C1 0x02CC 0x02D3 0x02DA 0x02DC 0x02DF 0x0788 0x078B 0x078D 0x0790 0x0CF2 0x0CF6 0x0CF9 0x0CFB 0x0D0D 0x0D1D 0x0D29 0x0D39 0x0D45 0x0D51 0x0D5D 0x0D69 0x0D72 0x0D74 0x0D76 0x0D7B 0x0D84 0x0D97 0x0DA3 0x0DAC 0x0DB8 0x0DC0 0x0DC8 0x0DCE 0x0DD6 0x0DDE 0x0DE6 0x0DEE 0x0DF6 0x0DFF 0x0E09 0x0E10 0x0E17 0x0E20 0x0E29 0x0E5C
2.06,0x0A,read,0x004,FSR,direct,1,0xD0,0x000B
2.06,0x0A,read,0x00A,PCLATH,direct,6,0x00 0x08,0x0008 0x0042 0x0043 0x01B7 0x01B8 0x0E5B
2.06,0x0A,read,0x00B,INTCON,direct,2,0x54,0x0019 0x001B
2.06,0x0A,read,0x00C,PIR1,direct,9,0x59 0x5B,0x0021 0x0027 0x01B6 0x02CD 0x0785 0x0794
2.06,0x0A,read,0x020,RAM_0x020,direct,1,0x00,0x0035
2.06,0x0A,read,0x021,RAM_0x021,direct,1,0x83,0x0037
2.06,0x0A,read,0x022,RAM_0x022,direct,1,0xD0,0x0029
2.06,0x0A,read,0x023,RAM_0x023,direct,1,0x00,0x002B
2.06,0x0A,read,0x024,RAM_0x024,direct,1,0x00,0x002D
2.06,0x0A,read,0x025,RAM_0x025,direct,1,0x24,0x002F
2.06,0x0A,read,0x026,RAM_0x026,direct,1,0x00,0x0031
2.06,0x0A,read,0x027,RAM_0x027,direct,1,0x00,0x0033
2.06,0x0A,read,0x031,RAM_0x031,direct,1,0xCF,0x01A7
2.06,0x0A,read,0x038,RAM_0x038,direct,1,0x00,0x01B1
2.06,0x0A,read,0x03A,RAM_0x03A,direct,1,0x00,0x0D75
2.06,0x0A,read,0x04C,RAM_0x04C,direct,1,0x00,0x01AB
2.06,0x0A,read,0x051,RAM_0x051,direct,1,0x00,0x0CF7
2.06,0x0A,read,0x077,RAM_0x077,direct,1,0x00,0x000D
2.06,0x0A,read,0x078,RAM_0x078,direct,1,0x00,0x000F
2.06,0x0A,read,0x079,RAM_0x079,direct,1,0x24,0x0011
2.06,0x0A,read,0x07A,RAM_0x07A,direct,1,0x00,0x0013
2.06,0x0A,read,0x07B,RAM_0x07B,direct,1,0x00,0x0015
2.06,0x0A,read,0x07F,RAM_0x07F,direct,2,0x00,0x0039 0x003A
2.06,0x0A,read,0x08C,PIE1,indirect,2,0x22,0x001F 0x0025
2.06,0x0A,read,0x0A1,RAM_0x0A1,direct,33,0x0A,0x0CF3 0x0CFA 0x0D02 0x0D0B 0x0D1B 0x0D27 0x0D37 0x0D43 0x0D4F 0x0D5B 0x0D67 0x0D70 0x0D79 0x0D82 0x0D95 0x0DA1 0x0DAA 0x0DB6 0x0DBE 0x0DC6 0x0DCC 0x0DD4 0x0DDC 0x0DE4 0x0DEC 0x0DF4 0x0DFD 0x0E07 0x0E0E 0x0E15 0x0E1E 0x0E27 0x0E57
2.06,0x0A,read,0x0CA,RAM_0x0CA,direct,1,0x00,0x0E59
2.06,0x0A,read,0x0CD,RAM_0x0CD,direct,3,0x7A 0x7B,0x0CF5 0x0D78 0x0E4C
2.06,0x0A,read,0x0D6,RAM_0x0D6,direct,1,0x0A,0x0789
2.06,0x0A,read,0x0D7,RAM_0x0D7,direct,1,0x00,0x078E
2.06,0x0A,read,0x0D8,RAM_0x0D8,direct,4,0x00 0x0A,0x02D4 0x02DD
2.06,0x0A,read,0x0D9,RAM_0x0D9,direct,4,0x00 0xA0,0x02D7 0x02D8
2.06,0x0A,read,0x0DA,RAM_0x0DA,direct,12,0x00 0x0A,0x02BE 0x02BF 0x02C4 0x02C8
2.06,0x0A,read,0x0DB,RAM_0x0DB,direct,4,0x30 0x61,0x02CA
2.06,0x0A,write,0x003,STATUS,direct,30,0x00 0x04 0x18 0x1A 0x1B 0x1C 0x1E 0x1F 0x38 0x3A 0x3B 0x3C 0x3E 0x3F,0x0006 0x0017 0x0018 0x0038 0x02BD 0x02CC 0x02D3 0x02DA 0x02DC 0x02DF 0x0788 0x078B 0x078D 0x0790 0x0CF2 0x0CF6 0x0CF9 0x0D74 0x0D76 0x0E5C
2.06,0x0A,write,0x004,FSR,direct,3,0x8C 0xD0,0x001E 0x0024 0x002A
2.06,0x0A,write,0x00A,PCLATH,direct,7,0x00,0x000A 0x0036 0x0042 0x0043 0x01B7 0x01B8 0x0E5B
2.06,0x0A,write,0x00C,PIR1,direct,1,0x59,0x01B6
2.06,0x0A,write,0x019,TXREG,direct,6,0x0A 0x30 0x54 0x61,0x02D1 0x0787 0x0796
2.06,0x0A,write,0x020,RAM_0x020,direct,1,0x00,0x0009
2.06,0x0A,write,0x021,RAM_0x021,direct,1,0x83,0x0007
2.06,0x0A,write,0x022,RAM_0x022,direct,1,0xD0,0x000C
2.06,0x0A,write,0x023,RAM_0x023,direct,1,0x00,0x000E
2.06,0x0A,write,0x024,RAM_0x024,direct,1,0x00,0x0010
2.06,0x0A,write,0x025,RAM_0x025,direct,1,0x24,0x0012
2.06,0x0A,write,0x026,RAM_0x026,direct,1,0x00,0x0014
2.06,0x0A,write,0x027,RAM_0x027,direct,1,0x00,0x0016
2.06,0x0A,write,0x031,RAM_0x031,direct,1,0xD0,0x01A7
2.06,0x0A,write,0x038,RAM_0x038,direct,1,0x00,0x01B1
2.06,0x0A,write,0x077,RAM_0x077,direct,1,0x00,0x002C
2.06,0x0A,write,0x078,RAM_0x078,direct,1,0x00,0x002E
2.06,0x0A,write,0x079,RAM_0x079,direct,1,0x24,0x0030
2.06,0x0A,write,0x07A,RAM_0x07A,direct,1,0x00,0x0032
2.06,0x0A,write,0x07B,RAM_0x07B,direct,1,0x00,0x0034
2.06,0x0A,write,0x07F,RAM_0x07F,direct,2,0x00,0x0004 0x0039
2.06,0x0A,write,0x0A1,RAM_0x0A1,direct,1,0x0A,0x0CFA
2.06,0x0A,write,0x0CA,RAM_0x0CA,direct,1,0x00,0x0D77
2.06,0x0A,write,0x0CC,RAM_0x0CC,direct,1,0x0A,0x0CF4
2.06,0x0A,write,0x0CD,RAM_0x0CD,direct,2,0x7A 0x7B,0x0CF5 0x0D78
2.06,0x0A,write,0x0D6,RAM_0x0D6,direct,1,0x0A,0x0E58
2.06,0x0A,write,0x0D7,RAM_0x0D7,direct,1,0x00,0x0E5A
2.06,0x0A,write,0x0D8,RAM_0x0D8,direct,2,0x00 0x0A,0x078A 0x078F
2.06,0x0A,write,0x0D9,RAM_0x0D9,direct,4,0x00 0xA0,0x02D5 0x02D7
2.06,0x0A,write,0x0DA,RAM_0x0DA,direct,8,0x00 0x0A,0x02BE 0x02D9 0x02DE
2.06,0x0A,write,0x0DB,RAM_0x0DB,direct,4,0x30 0x61,0x02C5 0x02C9
2.06,0x0B,read,0x003,STATUS,direct,64,0x04 0x18 0x1A 0x1B 0x1C 0x1E 0x1F 0x38 0x39 0x3A 0x3B 0x3C 0x3E 0x3F,0x0005 0x0017 0x0018 0x01B2 0x02BD 0x02C1 0x02CC 0x02D3 0x02DA 0x02DC 0x02DF 0x0788 0x078B 0x078D 0x0790 0x0CF2 0x0CF6 0x0CF9 0x0CFB 0x0D0D 0x0D1D 0x0D29 0x0D39 0x0D45 0x0D51 0x0D5D 0x0D69 0x0D72 0x0D7B 0x0D7D 0x0D7F 0x0D84 0x0D97 0x0DA3 0x0DAC 0x0DB8 0x0DC0 0x0DC8 0x0DCE 0x0DD6 0x0DDE 0x0DE6 0x0DEE 0x0DF6 0x0DFF 0x0E09 0x0E10 0x0E17 0x0E20 0x0E29 0x0E5C
2.06,0x0B,read,0x004,FSR,direct,1,0xD0,0x000B
2.06,0x0B,read,0x00A,PCLATH,direct,6,0x00 0x08,0x0008 0x0042 0x0043 0x01B7 0x01B8 0x0E5B
2.06,0x0B,read,0x00B,INTCON,direct,2,0x54,0x0019 0x001B
2.06,0x0B,read,0x00C,PIR1,direct,9,0x59 0x5B,0x0021 0x0027 0x01B6 0x02CD 0x0785 0x0794
2.06,0x0B,read,0x020,RAM_0x020,direct,1,0x00,0x0035
2.06,0x0B,read,0x021,RAM_0x021,direct,1,0x83,0x0037
2.06,0x0B,read,0x022,RAM_0x022,direct,1,0xD0,0x0029
2.06,0x0B,read,0x023,RAM_0x023,direct,1,0x00,0x002B
2.06,0x0B,read,0x024,RAM_0x024,direct,1,0x00,0x002D
2.06,0x0B,read,0x025,RAM_0x025,direct,1,0x24,0x002F
2.06,0x0B,read,0x026,RAM_0x026,direct,1,0x00,0x0031
2.06,0x0B,read,0x027,RAM_0x027,direct,1,0x00,0x0033
2.06,0x0B,read,0x031,RAM_0x031,direct,1,0xCF,0x01A7
2.06,0x0B,read,0x038,RAM_0x038,direct,1,0x00,0x01B1
2.06,0x0B,read,0x039,RAM_0x039,direct,1,0x00,0x0D7E
2.06,0x0B,read,0x04C,RAM_0x04C,direct,1,0x00,0x01AB
2.06,0x0B,read,0x051,RAM_0x051,direct,1,0x00,0x0CF7
2.06,0x0B,read,0x077,RAM_0x077,direct,1,0x00,0x000D
2.06,0x0B,read,0x078,RAM_0x078,direct,1,0x00,0x000F
2.06,0x0B,read,0x079,RAM_0x079,direct,1,0x24,0x0011
2.06,0x0B,read,0x07A,RAM_0x07A,direct,1,0x00,0x0013
2.06,0x0B,read,0x07B,RAM_0x07B,direct,1,0x00,0x0015
2.06,0x0B,read,0x07F,RAM_0x07F,direct,2,0x00,0x0039 0x003A
2.06,0x0B,read,0x08C,PIE1,indirect,2,0x22,0x001F 0x0025
2.06,0x0B,read,0x0A1,RAM_0x0A1,direct,33,0x0B,0x0CF3 0x0CFA 0x0D02 0x0D0B 0x0D1B 0x0D27 0x0D37 0x0D43 0x0D4F 0x0D5B 0x0D67 0x0D70 0x0D79 0x0D82 0x0D95 0x0DA1 0x0DAA 0x0DB6 0x0DBE 0x0DC6 0x0DCC 0x0DD4 0x0DDC 0x0DE4 0x0DEC 0x0DF4 0x0DFD 0x0E07 0x0E0E 0x0E15 0x0E1E 0x0E27 0x0E57
2.06,0x0B,read,0x0CA,RAM_0x0CA,direct,1,0x00,0x0E59
2.06,0x0B,read,0x0CD,RAM_0x0CD,direct,3,0x7A 0x7B,0x0CF5 0x0D81 0x0E4C
2.06,0x0B,read,0x0D6,RAM_0x0D6,direct,1,0x0B,0x0789
2.06,0x0B,read,0x0D7,RAM_0x0D7,direct,1,0x00,0x078E
2.06,0x0B,read,0x0D8,RAM_0x0D8,direct,4,0x00 0x0B,0x02D4 0x02DD
2.06,0x0B,read,0x0D9,RAM_0x0D9,direct,4,0x00 0xB0,0x02D7 0x02D8
2.06,0x0B,read,0x0DA,RAM_0x0DA,direct,12,0x00 0x0B,0x02BE 0x02BF 0x02C4 0x02C8
2.06,0x0B,read,0x0DB,RAM_0x0DB,direct,4,0x30 0x62,0x02CA
2.06,0x0B,write,0x003,STATUS,direct,30,0x00 0x04 0x18 0x1A 0x1B 0x1C 0x1E 0x1F 0x38 0x3A 0x3B 0x3C 0x3E 0x3F,0x0006 0x0017 0x0018 0x0038 0x02BD 0x02CC 0x02D3 0x02DA 0x02DC 0x02DF 0x0788 0x078B 0x078D 0x0790 0x0CF2 0x0CF6 0x0CF9 0x0D7D 0x0D7F 0x0E5C
2.06,0x0B,write,0x004,FSR,direct,3,0x8C 0xD0,0x001E 0x0024 0x002A
2.06,0x0B,write,0x00A,PCLATH,direct,7,0x00,0x000A 0x0036 0x0042 0x0043 0x01B7 0x01B8 0x0E5B
2.06,0x0B,write,0x00C,PIR1,direct,1,0x59,0x01B6
2.06,0x0B,write,0x019,TXREG,direct,6,0x0A 0x30 0x54 0x62,0x02D1 0x0787 0x0796
2.06,0x0B,write,0x020,RAM_0x020,direct,1,0x00,0x0009
2.06,0x0B,write,0x021,RAM_0x021,direct,1,0x83,0x0007
2.06,0x0B,write,0x022,RAM_0x022,direct,1,0xD0,0x000C
2.06,0x0B,write,0x023,RAM_0x023,direct,1,0x00,0x000E
2.06,0x0B,write,0x024,RAM_0x024,direct,1,0x00,0x0010
2.06,0x0B,write,0x025,RAM_0x025,direct,1,0x24,0x0012
2.06,0x0B,write,0x026,RAM_0x026,direct,1,0x00,0x0014
2.06,0x0B,write,0x027,RAM_0x027,direct,1,0x00,0x0016
2.06,0x0B,write,0x031,RAM_0x031,direct,1,0xD0,0x01A7
2.06,0x0B,write,0x038,RAM_0x038,direct,1,0x00,0x01B1
2.06,0x0B,write,0x077,RAM_0x077,direct,1,0x00,0x002C
2.06,0x0B,write,0x078,RAM_0x078,direct,1,0x00,0x002E
2.06,0x0B,write,0x079,RAM_0x079,direct,1,0x24,0x0030
2.06,0x0B,write,0x07A,RAM_0x07A,direct,1,0x00,0x0032
2.06,0x0B,write,0x07B,RAM_0x07B,direct,1,0x00,0x0034
2.06,0x0B,write,0x07F,RAM_0x07F,direct,2,0x00,0x0004 0x0039
2.06,0x0B,write,0x0A1,RAM_0x0A1,direct,1,0x0B,0x0CFA
2.06,0x0B,write,0x0CA,RAM_0x0CA,direct,1,0x00,0x0D80
2.06,0x0B,write,0x0CC,RAM_0x0CC,direct,1,0x0B,0x0CF4
2.06,0x0B,write,0x0CD,RAM_0x0CD,direct,2,0x7A 0x7B,0x0CF5 0x0D81
2.06,0x0B,write,0x0D6,RAM_0x0D6,direct,1,0x0B,0x0E58
2.06,0x0B,write,0x0D7,RAM_0x0D7,direct,1,0x00,0x0E5A
2.06,0x0B,write,0x0D8,RAM_0x0D8,direct,2,0x00 0x0B,0x078A 0x078F
2.06,0x0B,write,0x0D9,RAM_0x0D9,direct,4,0x00 0xB0,0x02D5 0x02D7
2.06,0x0B,write,0x0DA,RAM_0x0DA,direct,8,0x00 0x0B,0x02BE 0x02D9 0x02DE
2.06,0x0B,write,0x0DB,RAM_0x0DB,direct,4,0x30 0x62,0x02C5 0x02C9
2.06,0x0C,read,0x003,STATUS,direct,137,0x04 0x18 0x1A 0x1B 0x1C 0x1E 0x1F 0x38 0x39 0x3A 0x3B 0x3C 0x3D 0x3E 0x3F 0x58 0x78,0x0005 0x0017 0x0018 0x01B2 0x02BD 0x02C1 0x02CC 0x02D3 0x02DA 0x02DC 0x02DF 0x02EE 0x02F1 0x02F3 0x02F6 0x03E9 0x03EF 0x03F3 0x03FD 0x0788 0x078B 0x078D 0x0790 0x0798 0x079B 0x079F 0x07A1 0x07A2 0x07A4 0x07A5 0x07A7 0x07AA 0x07AC 0x07AD 0x07B1 0x07BC 0x07BF 0x07C1 0x07C4 0x07D2 0x0CF2 0x0CF6 0x0CF9 0x0CFB 0x0D0D 0x0D1D 0x0D29 0x0D39 0x0D45 0x0D51 0x0D5D 0x0D69 0x0D72 0x0D7B 0x0D84 0x0D87 0x0D8B 0x0D91 0x0D93 0x0D97 0x0DA3 0x0DAC 0x0DB8 0x0DC0 0x0DC8 0x0DCE 0x0DD6 0x0DDE 0x0DE6 0x0DEE 0x0DF6 0x0DFF 0x0E09 0x0E10 0x0E17 0x0E20 0x0E29 0x0E53 0x0E56 0x0E5C
2.06,0x0C,read,0x004,FSR,direct,3,0xD0,0x000B
2.06,0x0C,read,0x00A,PCLATH,direct,20,0x00 0x08,0x0008 0x0042 0x0043 0x01B7 0x01B8 0x0D86 0x0D89 0x0E52 0x0E55 0x0E5B
2.06,0x0C,read,0x00B,INTCON,direct,6,0x54,0x0019 0x001B
2.06,0x0C,read,0x00C,PIR1,direct,22,0x59 0x5B,0x0021 0x0027 0x01B6 0x02CD 0x02E6 0x02EB 0x02FA 0x0785 0x0794
2.06,0x0C,read,0x020,RAM_0x020,direct,3,0x00 0x08,0x0035
2.06,0x0C,read,0x021,RAM_0x021,direct,3,0x83 0xB3 0xD3,0x0037
2.06,0x0C,read,0x022,RAM_0x022,direct,3,0xD0,0x0029
2.06,0x0C,read,0x023,RAM_0x023,direct,3,0x00 0x32,0x002B
2.06,0x0C,read,0x024,RAM_0x024,direct,3,0x80 0x91,0x002D
2.06,0x0C,read,0x025,RAM_0x025,direct,3,0x00 0x3E,0x002F
2.06,0x0C,read,0x026,RAM_0x026,direct,3,0x00 0x3E,0x0031
2.06,0x0C,read,0x027,RAM_0x027,direct,3,0x00,0x0033
2.06,0x0C,read,0x031,RAM_0x031,direct,3,0xCF 0xD0 0xD1,0x01A7
2.06,0x0C,read,0x038,RAM_0x038,direct,3,0x00,0x01B1
2.06,0x0C,read,0x04C,RAM_0x04C,direct,3,0x00,0x01AB
2.06,0x0C,read,0x051,RAM_0x051,direct,3,0x00,0x02E2 0x079C 0x0CF7
2.06,0x0C,read,0x06E,RAM_0x06E,direct,1,0x00,0x0D92
2.06,0x0C,read,0x077,RAM_0x077,direct,21,0x00 0x01 0x03 0x07 0x0F 0x19 0x1F 0x32 0x3E 0x64 0x7D,0x000D 0x03F2 0x03F8
2.06,0x0C,read,0x078,RAM_0x078,direct,21,0x00 0x01 0x02 0x04 0x09 0x12 0x19 0x23 0x24 0x32 0x46 0x48 0x64 0x80 0x8C 0x91,0x000F 0x03FA 0x07C3 0x0D8D
2.06,0x0C,read,0x079,RAM_0x079,direct,22,0x00 0x01 0x02 0x04 0x09 0x12 0x24 0x3E 0x40 0x7D 0x80 0xA0 0xD0 0xE8 0xF4 0xFA,0x0011 0x03F9 0x07D4 0x07D6 0x0D8A
2.06,0x0C,read,0x07A,RAM_0x07A,direct,22,0x00 0x3E,0x0013 0x03F6 0x03F7 0x07C9
2.06,0x0C,read,0x07B,RAM_0x07B,direct,3,0x00,0x0015
2.06,0x0C,read,0x07F,RAM_0x07F,direct,6,0x00 0x11 0xDF 0xFD,0x0039 0x003A
2.06,0x0C,read,0x08C,PIE1,indirect,6,0x22,0x001F 0x0025
2.06,0x0C,read,0x0A0,RAM_0x0A0,direct,1,0x0F,0x0799
2.06,0x0C,read,0x0A1,RAM_0x0A1,direct,33,0x0C,0x0CF3 0x0CFA 0x0D02 0x0D0B 0x0D1B 0x0D27 0x0D37 0x0D43 0x0D4F 0x0D5B 0x0D67 0x0D70 0x0D79 0x0D82 0x0D95 0x0DA1 0x0DAA 0x0DB6 0x0DBE 0x0DC6 0x0DCC 0x0DD4 0x0DDC 0x0DE4 0x0DEC 0x0DF4 0x0DFD 0x0E07 0x0E0E 0x0E15 0x0E1E 0x0E27 0x0E57
2.06,0x0C,read,0x0CA,RAM_0x0CA,direct,1,0x3E,0x0E59
2.06,0x0C,read,0x0CB,RAM_0x0CB,direct,1,0x00,0x0E50
2.06,0x0C,read,0x0CC,RAM_0x0CC,direct,1,0x0C,0x0E4E
2.06,0x0C,read,0x0CD,RAM_0x0CD,direct,2,0x7A,0x0CF5 0x0E4C
2.06,0x0C,read,0x0CF,RAM_0x0CF,direct,1,0x3E,0x0D8F
2.06,0x0C,read,0x0D3,RAM_0x0D3,direct,2,0x64,0x07C7 0x07D0
2.06,0x0C,read,0x0D4,RAM_0x0D4,direct,2,0x64 0x94,0x07A0 0x07A3
2.06,0x0C,read,0x0D5,RAM_0x0D5,direct,4,0x00 0x0C 0x64 0xBE,0x02EF 0x07AF 0x07B5 0x07CE
2.06,0x0C,read,0x0D6,RAM_0x0D6,direct,18,0x00 0x01 0x02 0x05 0x0A 0x0C 0x14 0x20 0x28 0x40 0x50 0x80 0x90 0xA0,0x02F4 0x03EE 0x0789
2.06,0x0C,read,0x0D7,RAM_0x0D7,direct,17,0x00 0x19 0x20 0x23 0x32 0x3E 0x40 0x46 0x64 0x80 0x8C 0x90 0x91 0xC8,0x03ED 0x078E
2.06,0x0C,read,0x0D8,RAM_0x0D8,direct,10,0x00 0x0C 0x3E 0x64,0x02D4 0x02DD 0x03F1
2.06,0x0C,read,0x0D9,RAM_0x0D9,direct,10,0x00 0x03 0xC0 0xE3,0x02D7 0x02D8 0x03F5
2.06,0x0C,read,0x0DA,RAM_0x0DA,direct,40,0x00 0x01 0x02 0x03 0x04 0x05 0x06 0x07 0x08 0x09 0x0A 0x0B 0x0C 0x0D 0x0E 0x0F 0x10 0x3E,0x02BE 0x02BF 0x02C4 0x02C8 0x03FB
2.06,0x0C,read,0x0DB,RAM_0x0DB,direct,8,0x30 0x33 0x63 0x65,0x02CA
2.06,0x0C,read,0x10C,EEDATA,direct,1,0xBE,0x07AB
2.06,0x0C,read,0x18C,EECON1,direct,2,0x00,0x07A8 0x07A9
2.06,0x0C,write,0x003,STATUS,direct,80,0x00 0x04 0x18 0x1A 0x1B 0x1C 0x1E 0x1F 0x38 0x3A 0x3B 0x3C 0x3D 0x3E 0x3F 0x58 0x78,0x0006 0x0017 0x0018 0x0038 0x02BD 0x02CC 0x02D3 0x02DA 0x02DC 0x02DF 0x02EE 0x02F1 0x02F3 0x02F6 0x03E9 0x03FD 0x0788 0x078B 0x078D 0x0790 0x0798 0x079B 0x079F 0x07A1 0x07A2 0x07A4 0x07A5 0x07A7 0x07AA 0x07AC 0x07AD 0x07BC 0x07BF 0x07C1 0x07C4 0x07D2 0x0CF2 0x0CF6 0x0CF9 0x0D87 0x0D8B 0x0D91 0x0D93 0x0E53 0x0E56 0x0E5C
2.06,0x0C,write,0x004,FSR,direct,9,0x8C 0xD0,0x001E 0x0024 0x002A
2.06,0x0C,write,0x00A,PCLATH,direct,23,0x00 0x08,0x000A 0x0036 0x0042 0x0043 0x01B7 0x01B8 0x0D86 0x0D89 0x0E52 0x0E55 0x0E5B
2.06,0x0C,write,0x00C,PIR1,direct,3,0x59,0x01B6
2.06,0x0C,write,0x019,TXREG,direct,13,0x0A 0x30 0x33 0x44 0x54 0x57 0x63 0x65,0x02D1 0x02E8 0x02ED 0x02FC 0x0787 0x0796
2.06,0x0C,write,0x020,RAM_0x020,direct,3,0x00 0x08,0x0009
2.06,0x0C,write,0x021,RAM_0x021,direct,3,0x83 0xB3 0xD3,0x0007
2.06,0x0C,write,0x022,RAM_0x022,direct,3,0xD0,0x000C
2.06,0x0C,write,0x023,RAM_0x023,direct,3,0x00 0x32,0x000E
2.06,0x0C,write,0x024,RAM_0x024,direct,3,0x80 0x91,0x0010
2.06,0x0C,write,0x025,RAM_0x025,direct,3,0x00 0x3E,0x0012
2.06,0x0C,write,0x026,RAM_0x026,direct,3,0x00 0x3E,0x0014
2.06,0x0C,write,0x027,RAM_0x027,direct,3,0x00,0x0016
2.06,0x0C,write,0x031,RAM_0x031,direct,3,0xD0 0xD1 0xD2,0x01A7
2.06,0x0C,write,0x038,RAM_0x038,direct,3,0x00,0x01B1
2.06,0x0C,write,0x077,RAM_0x077,direct,22,0x00 0x01 0x03 0x07 0x0F 0x19 0x1F 0x32 0x3E 0x64 0x7D,0x002C 0x03EB 0x03F2 0x03F8
2.06,0x0C,write,0x078,RAM_0x078,direct,20,0x00 0x01 0x02 0x04 0x09 0x12 0x19 0x23 0x24 0x32 0x46 0x48 0x64 0x80 0x8C 0x91,0x002E 0x03FA 0x07B6
2.06,0x0C,write,0x079,RAM_0x079,direct,20,0x00 0x01 0x02 0x04 0x09 0x12 0x3E 0x40 0x7D 0x80 0xA0 0xD0 0xE8 0xF4 0xFA,0x0030 0x03F9 0x07D7
2.06,0x0C,write,0x07A,RAM_0x07A,direct,24,0x00 0x3E,0x0032 0x03EC 0x03F6 0x03F7 0x07C6 0x07D5
2.06,0x0C,write,0x07B,RAM_0x07B,direct,3,0x00,0x0034
2.06,0x0C,write,0x07F,RAM_0x07F,direct,6,0x00 0x11 0xDF 0xFD,0x0004 0x0039
2.06,0x0C,write,0x0A1,RAM_0x0A1,direct,1,0x0C,0x0CFA
2.06,0x0C,write,0x0CA,RAM_0x0CA,direct,1,0x3E,0x0D90
2.06,0x0C,write,0x0CB,RAM_0x0CB,direct,1,0x00,0x0D94
2.06,0x0C,write,0x0CC,RAM_0x0CC,direct,1,0x0C,0x0CF4
2.06,0x0C,write,0x0CD,RAM_0x0CD,direct,1,0x7A,0x0CF5
2.06,0x0C,write,0x0CE,RAM_0x0CE,direct,1,0x80,0x0D8E
2.06,0x0C,write,0x0CF,RAM_0x0CF,direct,1,0x3E,0x0D8C
2.06,0x0C,write,0x0D3,RAM_0x0D3,direct,1,0x64,0x07C5
2.06,0x0C,write,0x0D4,RAM_0x0D4,direct,3,0x64 0x94,0x07A0 0x07C0 0x07C8
2.06,0x0C,write,0x0D5,RAM_0x0D5,direct,4,0x00 0x0C 0x64 0xBE,0x07AE 0x07B4 0x07CA 0x0E4F
2.06,0x0C,write,0x0D6,RAM_0x0D6,direct,19,0x00 0x01 0x02 0x05 0x0A 0x0C 0x14 0x20 0x28 0x40 0x50 0x80 0x90 0xA0 0xC8,0x03EE 0x07CD 0x0E51 0x0E58
2.06,0x0C,write,0x0D7,RAM_0x0D7,direct,18,0x00 0x19 0x20 0x23 0x32 0x3E 0x40 0x46 0x48 0x64 0x80 0x8C 0x90 0x91 0xC8,0x03ED 0x07CB 0x0E5A
2.06,0x0C,write,0x0D8,RAM_0x0D8,direct,5,0x00 0x0C 0x3E 0x64,0x02F0 0x02F5 0x078A 0x078F 0x07D1
2.06,0x0C,write,0x0D9,RAM_0x0D9,direct,9,0x00 0x03 0xC0 0xE3,0x02D5 0x02D7 0x07CF
2.06,0x0C,write,0x0DA,RAM_0x0DA,direct,33,0x00 0x01 0x02 0x03 0x04 0x05 0x06 0x07 0x08 0x09 0x0A 0x0B 0x0C 0x0D 0x0E 0x0F 0x10 0x3E,0x02BE 0x02D9 0x02DE 0x03EA 0x03FB
2.06,0x0C,write,0x0DB,RAM_0x0DB,direct,8,0x30 0x33 0x63 0x65,0x02C5 0x02C9
2.06,0x0C,write,0x10D,EEADR,direct,1,0x94,0x07A6
2.06,0x0C,write,0x18C,EECON1,direct,2,0x00 0x01,0x07A8 0x07A9
2.06,0x0D,read,0x003,STATUS,direct,105,0x04 0x18 0x1A 0x1B 0x1F 0x38 0x39 0x3A 0x3B 0x3C 0x3D 0x3F 0x58 0x78,0x0005 0x0017 0x0018 0x01B2 0x02BD 0x02C1 0x02CC 0x02D3 0x02DA 0x02DC 0x02DF 0x03E9 0x03EF 0x03F3 0x03FD 0x0788 0x078B 0x078D 0x0790 0x0798 0x079B 0x079F 0x07A1 0x07A2 0x07A4 0x07A5 0x07A7 0x07AA 0x07AC 0x07AD 0x07B1 0x07BC 0x07BF 0x07C1 0x07C4 0x07D2 0x0CF2 0x0CF6 0x0CF9 0x0CFB 0x0D0D 0x0D1D 0x0D29 0x0D39 0x0D45 0x0D51 0x0D5D 0x0D69 0x0D72 0x0D7B 0x0D84 0x0D97 0x0D9A 0x0D9E 0x0DA3 0x0DAC 0x0DB8 0x0DC0 0x0DC8 0x0DCE 0x0DD6 0x0DDE 0x0DE6 0x0DEE 0x0DF6 0x0DFF 0x0E09 0x0E10 0x0E17 0x0E20 0x0E29 0x0E5C
2.06,0x0D,read,0x004,FSR,direct,2,0xD0,0x000B
2.06,0x0D,read,0x00A,PCLATH,direct,13,0x00 0x08,0x0008 0x0042 0x0043 0x01B7 0x01B8 0x0D99 0x0D9C 0x0E5B
2.06,0x0D,read,0x00B,INTCON,direct,4,0x54,0x0019 0x001B
2.06,0x0D,read,0x00C,PIR1,direct,12,0x59 0x5B,0x0021 0x0027 0x01B6 0x02CD 0x0785 0x0794
2.06,0x0D,read,0x020,RAM_0x020,direct,2,0x00 0x08,0x0035
2.06,0x0D,read,0x021,RAM_0x021,direct,2,0xB3 0xC3,0x0037
2.06,0x0D,read,0x022,RAM_0x022,direct,2,0xD0,0x0029
2.06,0x0D,read,0x023,RAM_0x023,direct,2,0x00 0x64,0x002B
2.06,0x0D,read,0x024,RAM_0x024,direct,2,0x23 0x80,0x002D
2.06,0x0D,read,0x025,RAM_0x025,direct,2,0x01 0x3E,0x002F
2.06,0x0D,read,0x026,RAM_0x026,direct,2,0x00 0x3E,0x0031
2.06,0x0D,read,0x027,RAM_0x027,direct,2,0x00,0x0033
2.06,0x0D,read,0x031,RAM_0x031,direct,2,0xCF 0xD0,0x01A7
2.06,0x0D,read,0x038,RAM_0x038,direct,2,0x00,0x01B1
2.06,0x0D,read,0x04C,RAM_0x04C,direct,2,0x00,0x01AB
2.06,0x0D,read,0x051,RAM_0x051,direct,2,0x00,0x079C 0x0CF7
2.06,0x0D,read,0x077,RAM_0x077,direct,20,0x00 0x01 0x03 0x07 0x0F 0x19 0x1F 0x32 0x3E 0x64 0x7D,0x000D 0x03F2 0x03F8
2.06,0x0D,read,0x078,RAM_0x078,direct,20,0x00 0x01 0x02 0x04 0x09 0x12 0x19 0x23 0x24 0x32 0x46 0x48 0x64 0x80 0x8C 0x91,0x000F 0x03FA 0x07C3 0x0D9D
2.06,0x0D,read,0x079,RAM_0x079,direct,20,0x00 0x01 0x02 0x04 0x09 0x12 0x24 0x3E 0x40 0x7D 0x80 0xA0 0xD0 0xE8 0xF4 0xFA,0x0011 0x03F9 0x07D4 0x07D6
2.06,0x0D,read,0x07A,RAM_0x07A,direct,21,0x00 0x3E,0x0013 0x03F6 0x03F7 0x07C9
2.06,0x0D,read,0x07B,RAM_0x07B,direct,2,0x00,0x0015
2.06,0x0D,read,0x07F,RAM_0x07F,direct,4,0x00 0x02 0x20,0x0039 0x003A
2.06,0x0D,read,0x08C,PIE1,indirect,4,0x22,0x001F 0x0025
2.06,0x0D,read,0x0A0,RAM_0x0A0,direct,1,0x0F,0x0799
2.06,0x0D,read,0x0A1,RAM_0x0A1,direct,33,0x0D,0x0CF3 0x0CFA 0x0D02 0x0D0B 0x0D1B 0x0D27 0x0D37 0x0D43 0x0D4F 0x0D5B 0x0D67 0x0D70 0x0D79 0x0D82 0x0D95 0x0DA1 0x0DAA 0x0DB6 0x0DBE 0x0DC6 0x0DCC 0x0DD4 0x0DDC 0x0DE4 0x0DEC 0x0DF4 0x0DFD 0x0E07 0x0E0E 0x0E15 0x0E1E 0x0E27 0x0E57
2.06,0x0D,read,0x0CA,RAM_0x0CA,direct,1,0x80,0x0E59
2.06,0x0D,read,0x0CD,RAM_0x0CD,direct,3,0x7A 0x7B,0x0CF5 0x0DA0 0x0E4C
2.06,0x0D,read,0x0D3,RAM_0x0D3,direct,2,0x64,0x07C7 0x07D0
2.06,0x0D,read,0x0D4,RAM_0x0D4,direct,2,0x64 0x94,0x07A0 0x07A3
2.06,0x0D,read,0x0D5,RAM_0x0D5,direct,3,0x00 0x64 0xBE,0x07AF 0x07B5 0x07CE
2.06,0x0D,read,0x0D6,RAM_0x0D6,direct,17,0x00 0x01 0x02 0x05 0x0A 0x0D 0x14 0x20 0x28 0x40 0x50 0x80 0x90 0xA0,0x03EE 0x0789
2.06,0x0D,read,0x0D7,RAM_0x0D7,direct,17,0x00 0x19 0x20 0x23 0x32 0x40 0x46 0x64 0x80 0x8C 0x90 0x91 0xC8,0x03ED 0x078E
2.06,0x0D,read,0x0D8,RAM_0x0D8,direct,6,0x0D 0x64 0x80,0x02D4 0x02DD 0x03F1
2.06,0x0D,read,0x0D9,RAM_0x0D9,direct,6,0x00 0x08 0xD0,0x02D7 0x02D8 0x03F5
2.06,0x0D,read,0x0DA,RAM_0x0DA,direct,28,0x00 0x01 0x02 0x03 0x04 0x05 0x06 0x07 0x08 0x09 0x0A 0x0B 0x0C 0x0D 0x0E 0x0F 0x10 0x80,0x02BE 0x02BF 0x02C4 0x02C8 0x03FB
2.06,0x0D,read,0x0DB,RAM_0x0DB,direct,4,0x30 0x38 0x64,0x02CA
2.06,0x0D,read,0x10C,EEDATA,direct,1,0xBE,0x07AB
2.06,0x0D,read,0x18C,EECON1,direct,2,0x00,0x07A8 0x07A9
2.06,0x0D,write,0x003,STATUS,direct,52,0x00 0x04 0x18 0x1A 0x1B 0x1C 0x1F 0x38 0x3A 0x3B 0x3C 0x3F 0x58 0x78,0x0006 0x0017 0x0018 0x0038 0x02BD 0x02CC 0x02D3 0x02DA 0x02DC 0x02DF 0x03E9 0x03FD 0x0788 0x078B 0x078D 0x0790 0x0798 0x079B 0x079F 0x07A1 0x07A2 0x07A4 0x07A5 0x07A7 0x07AA 0x07AC 0x07AD 0x07BC 0x07BF 0x07C1 0x07C4 0x07D2 0x0CF2 0x0CF6 0x0CF9 0x0D9A 0x0D9E 0x0E5C
2.06,0x0D,write,0x004,FSR,direct,6,0x8C 0xD0,0x001E 0x0024 0x002A
2.06,0x0D,write,0x00A,PCLATH,direct,15,0x00 0x08,0x000A 0x0036 0x0042 0x0043 0x01B7 0x01B8 0x0D99 0x0D9C 0x0E5B
2.06,0x0D,write,0x00C,PIR1,direct,2,0x59,0x01B6
2.06,0x0D,write,0x019,TXREG,direct,6,0x0A 0x30 0x38 0x54 0x64,0x02D1 0x0787 0x0796
2.06,0x0D,write,0x020,RAM_0x020,direct,2,0x00 0x08,0x0009
2.06,0x0D,write,0x021,RAM_0x021,direct,2,0xB3 0xC3,0x0007
2.06,0x0D,write,0x022,RAM_0x022,direct,2,0xD0,0x000C
2.06,0x0D,write,0x023,RAM_0x023,direct,2,0x00 0x64,0x000E
2.06,0x0D,write,0x024,RAM_0x024,direct,2,0x23 0x80,0x0010
2.06,0x0D,write,0x025,RAM_0x025,direct,2,0x01 0x3E,0x0012
2.06,0x0D,write,0x026,RAM_0x026,direct,2,0x00 0x3E,0x0014
2.06,0x0D,write,0x027,RAM_0x027,direct,2,0x00,0x0016
2.06,0x0D,write,0x031,RAM_0x031,direct,2,0xD0 0xD1,0x01A7
2.06,0x0D,write,0x038,RAM_0x038,direct,2,0x00,0x01B1
2.06,0x0D,write,0x077,RAM_0x077,direct,21,0x00 0x01 0x03 0x07 0x0F 0x19 0x1F 0x32 0x3E 0x64 0x7D,0x002C 0x03EB 0x03F2 0x03F8
2.06,0x0D,write,0x078,RAM_0x078,direct,19,0x00 0x01 0x02 0x04 0x09 0x12 0x19 0x23 0x24 0x32 0x46 0x48 0x64 0x80 0x8C 0x91,0x002E 0x03FA 0x07B6
2.06,0x0D,write,0x079,RAM_0x079,direct,19,0x00 0x01 0x02 0x04 0x09 0x12 0x3E 0x40 0x7D 0x80 0xA0 0xD0 0xE8 0xF4 0xFA,0x0030 0x03F9 0x07D7
2.06,0x0D,write,0x07A,RAM_0x07A,direct,23,0x00 0x3E,0x0032 0x03EC 0x03F6 0x03F7 0x07C6 0x07D5
2.06,0x0D,write,0x07B,RAM_0x07B,direct,2,0x00,0x0034
2.06,0x0D,write,0x07F,RAM_0x07F,direct,4,0x00 0x02 0x20,0x0004 0x0039
2.06,0x0D,write,0x0A1,RAM_0x0A1,direct,1,0x0D,0x0CFA
2.06,0x0D,write,0x0CA,RAM_0x0CA,direct,1,0x80,0x0D9F
2.06,0x0D,write,0x0CC,RAM_0x0CC,direct,1,0x0D,0x0CF4
2.06,0x0D,write,0x0CD,RAM_0x0CD,direct,2,0x7A 0x7B,0x0CF5 0x0DA0
2.06,0x0D,write,0x0D3,RAM_0x0D3,direct,1,0x64,0x07C5
2.06,0x0D,write,0x0D4,RAM_0x0D4,direct,3,0x64 0x94,0x07A0 0x07C0 0x07C8
2.06,0x0D,write,0x0D5,RAM_0x0D5,direct,3,0x00 0x64 0xBE,0x07AE 0x07B4 0x07CA
2.06,0x0D,write,0x0D6,RAM_0x0D6,direct,18,0x00 0x01 0x02 0x05 0x0A 0x0D 0x14 0x20 0x28 0x40 0x50 0x80 0x90 0xA0 0xC8,0x03EE 0x07CD 0x0E58
2.06,0x0D,write,0x0D7,RAM_0x0D7,direct,18,0x00 0x19 0x20 0x23 0x32 0x40 0x46 0x48 0x64 0x80 0x8C 0x90 0x91 0xC8,0x03ED 0x07CB 0x0E5A
2.06,0x0D,write,0x0D8,RAM_0x0D8,direct,3,0x0D 0x64 0x80,0x078A 0x078F 0x07D1
2.06,0x0D,write,0x0D9,RAM_0x0D9,direct,5,0x00 0x08 0xD0,0x02D5 0x02D7 0x07CF
2.06,0x0D,write,0x0DA,RAM_0x0DA,direct,25,0x00 0x01 0x02 0x03 0x04 0x05 0x06 0x07 0x08 0x09 0x0A 0x0B 0x0C 0x0D 0x0E 0x0F 0x10 0x80,0x02BE 0x02D9 0x02DE 0x03EA 0x03FB
2.06,0x0D,write,0x0DB,RAM_0x0DB,direct,4,0x30 0x38 0x64,0x02C5 0x02C9
2.06,0x0D,write,0x10D,EEADR,direct,1,0x94,0x07A6
2.06,0x0D,write,0x18C,EECON1,direct,2,0x00 0x01,0x07A8 0x07A9
2.06,0x0E,read,0x003,STATUS,direct,64,0x04 0x18 0x1A 0x1B 0x1E 0x1F 0x38 0x39 0x3A 0x3B 0x3E 0x3F,0x0005 0x0017 0x0018 0x01B2 0x02BD 0x02C1 0x02CC 0x02D3 0x02DA 0x02DC 0x02DF 0x0788 0x078B 0x078D 0x0790 0x0CF2 0x0CF6 0x0CF9 0x0CFB 0x0D0D 0x0D1D 0x0D29 0x0D39 0x0D45 0x0D51 0x0D5D 0x0D69 0x0D72 0x0D7B 0x0D84 0x0D97 0x0DA3 0x0DA5 0x0DA7 0x0DAC 0x0DB8 0x0DC0 0x0DC8 0x0DCE 0x0DD6 0x0DDE 0x0DE6 0x0DEE 0x0DF6 0x0DFF 0x0E09 0x0E10 0x0E17 0x0E20 0x0E29 0x0E5C
2.06,0x0E,read,0x004,FSR,direct,1,0xD0,0x000B
2.06,0x0E,read,0x00A,PCLATH,direct,6,0x00 0x08,0x0008 0x0042 0x0043 0x01B7 0x01B8 0x0E5B
2.06,0x0E,read,0x00B,INTCON,direct,2,0x54,0x0019 0x001B
2.06,0x0E,read,0x00C,PIR1,direct,9,0x59 0x5B,0x0021 0x0027 0x01B6 0x02CD 0x0785 0x0794
2.06,0x0E,read,0x020,RAM_0x020,direct,1,0x00,0x0035
2.06,0x0E,read,0x021,RAM_0x021,direct,1,0x83,0x0037
2.06,0x0E,read,0x022,RAM_0x022,direct,1,0xD0,0x0029
2.06,0x0E,read,0x023,RAM_0x023,direct,1,0x00,0x002B
2.06,0x0E,read,0x024,RAM_0x024,direct,1,0x00,0x002D
2.06,0x0E,read,0x025,RAM_0x025,direct,1,0x24,0x002F
2.06,0x0E,read,0x026,RAM_0x026,direct,1,0x00,0x0031
2.06,0x0E,read,0x027,RAM_0x027,direct,1,0x00,0x0033
2.06,0x0E,read,0x031,RAM_0x031,direct,1,0xCF,0x01A7
2.06,0x0E,read,0x038,RAM_0x038,direct,1,0x00,0x01B1
2.06,0x0E,read,0x045,RAM_0x045,direct,1,0x05,0x0DA6
2.06,0x0E,read,0x04C,RAM_0x04C,direct,1,0x00,0x01AB
2.06,0x0E,read,0x051,RAM_0x051,direct,1,0x00,0x0CF7
2.06,0x0E,read,0x077,RAM_0x077,direct,1,0x00,0x000D
2.06,0x0E,read,0x078,RAM_0x078,direct,1,0x00,0x000F
2.06,0x0E,read,0x079,RAM_0x079,direct,1,0x24,0x0011
2.06,0x0E,read,0x07A,RAM_0x07A,direct,1,0x00,0x0013
2.06,0x0E,read,0x07B,RAM_0x07B,direct,1,0x00,0x0015
2.06,0x0E,read,0x07F,RAM_0x07F,direct,2,0x00,0x0039 0x003A
2.06,0x0E,read,0x08C,PIE1,indirect,2,0x22,0x001F 0x0025
2.06,0x0E,read,0x0A1,RAM_0x0A1,direct,33,0x0E,0x0CF3 0x0CFA 0x0D02 0x0D0B 0x0D1B 0x0D27 0x0D37 0x0D43 0x0D4F 0x0D5B 0x0D67 0x0D70 0x0D79 0x0D82 0x0D95 0x0DA1 0x0DAA 0x0DB6 0x0DBE 0x0DC6 0x0DCC 0x0DD4 0x0DDC 0x0DE4 0x0DEC 0x0DF4 0x0DFD 0x0E07 0x0E0E 0x0E15 0x0E1E 0x0E27 0x0E57
2.06,0x0E,read,0x0CA,RAM_0x0CA,direct,1,0x05,0x0E59
2.06,0x0E,read,0x0CD,RAM_0x0CD,direct,3,0x7A 0x7B,0x0CF5 0x0DA9 0x0E4C
2.06,0x0E,read,0x0D6,RAM_0x0D6,direct,1,0x0E,0x0789
2.06,0x0E,read,0x0D7,RAM_0x0D7,direct,1,0x05,0x078E
2.06,0x0E,read,0x0D8,RAM_0x0D8,direct,4,0x05 0x0E,0x02D4 0x02DD
2.06,0x0E,read,0x0D9,RAM_0x0D9,direct,4,0x00 0x50 0xE0,0x02D7 0x02D8
2.06,0x0E,read,0x0DA,RAM_0x0DA,direct,12,0x00 0x05 0x0E,0x02BE 0x02BF 0x02C4 0x02C8
2.06,0x0E,read,0x0DB,RAM_0x0DB,direct,4,0x30 0x35 0x65,0x02CA
2.06,0x0E,write,0x003,STATUS,direct,30,0x00 0x04 0x18 0x1A 0x1B 0x1E 0x1F 0x38 0x3A 0x3B 0x3E 0x3F,0x0006 0x0017 0x0018 0x0038 0x02BD 0x02CC 0x02D3 0x02DA 0x02DC 0x02DF 0x0788 0x078B 0x078D 0x0790 0x0CF2 0x0CF6 0x0CF9 0x0DA5 0x0DA7 0x0E5C
2.06,0x0E,write,0x004,FSR,direct,3,0x8C 0xD0,0x001E 0x0024 0x002A
2.06,0x0E,write,0x00A,PCLATH,direct,7,0x00,0x000A 0x0036 0x0042 0x0043 0x01B7 0x01B8 0x0E5B
2.06,0x0E,write,0x00C,PIR1,direct,1,0x59,0x01B6
2.06,0x0E,write,0x019,TXREG,direct,6,0x0A 0x30 0x35 0x54 0x65,0x02D1 0x0787 0x0796
2.06,0x0E,write,0x020,RAM_0x020,direct,1,0x00,0x0009
2.06,0x0E,write,0x021,RAM_0x021,direct,1,0x83,0x0007
2.06,0x0E,write,0x022,RAM_0x022,direct,1,0xD0,0x000C
2.06,0x0E,write,0x023,RAM_0x023,direct,1,0x00,0x000E
2.06,0x0E,write,0x024,RAM_0x024,direct,1,0x00,0x0010
2.06,0x0E,write,0x025,RAM_0x025,direct,1,0x24,0x0012
2.06,0x0E,write,0x026,RAM_0x026,direct,1,0x00,0x0014
2.06,0x0E,write,0x027,RAM_0x027,direct,1,0x00,0x0016
2.06,0x0E,write,0x031,RAM_0x031,direct,1,0xD0,0x01A7
2.06,0x0E,write,0x038,RAM_0x038,direct,1,0x00,0x01B1
2.06,0x0E,write,0x077,RAM_0x077,direct,1,0x00,0x002C
2.06,0x0E,write,0x078,RAM_0x078,direct,1,0x00,0x002E
2.06,0x0E,write,0x079,RAM_0x079,direct,1,0x24,0x0030
2.06,0x0E,write,0x07A,RAM_0x07A,direct,1,0x00,0x0032
2.06,0x0E,write,0x07B,RAM_0x07B,direct,1,0x00,0x0034
2.06,0x0E,write,0x07F,RAM_0x07F,direct,2,0x00,0x0004 0x0039
2.06,0x0E,write,0x0A1,RAM_0x0A1,direct,1,0x0E,0x0CFA
2.06,0x0E,write,0x0CA,RAM_0x0CA,direct,1,0x05,0x0DA8
2.06,0x0E,write,0x0CC,RAM_0x0CC,direct,1,0x0E,0x0CF4
2.06,0x0E,write,0x0CD,RAM_0x0CD,direct,2,0x7A 0x7B,0x0CF5 0x0DA9
2.06,0x0E,write,0x0D6,RAM_0x0D6,direct,1,0x0E,0x0E58
2.06,0x0E,write,0x0D7,RAM_0x0D7,direct,1,0x05,0x0E5A
2.06,0x0E,write,0x0D8,RAM_0x0D8,direct,2,0x05 0x0E,0x078A 0x078F
2.06,0x0E,write,0x0D9,RAM_0x0D9,direct,4,0x00 0x50 0xE0,0x02D5 0x02D7
2.06,0x0E,write,0x0DA,RAM_0x0DA,direct,8,0x00 0x05 0x0E,0x02BE 0x02D9 0x02DE
2.06,0x0E,write,0x0DB,RAM_0x0DB,direct,4,0x30 0x35 0x65,0x02C5 0x02C9
2.06,0x0F,read,0x003,STATUS,direct,96,0x04 0x18 0x1A 0x1B 0x1C 0x1E 0x1F 0x38 0x39 0x3A 0x3B 0x3C 0x3E 0x3F,0x0005 0x0017 0x0018 0x01B2 0x02BD 0x02C1 0x02CC 0x02D3 0x02DA 0x02DC 0x02DF 0x02EE 0x02F1 0x02F3 0x02F6 0x0788 0x078B 0x078D 0x0790 0x0CF2 0x0CF6 0x0CF9 0x0CFB 0x0D0D 0x0D1D 0x0D29 0x0D39 0x0D45 0x0D51 0x0D5D 0x0D69 0x0D72 0x0D7B 0x0D84 0x0D97 0x0DA3 0x0DAC 0x0DAE 0x0DB0 0x0DB2 0x0DB4 0x0DB8 0x0DC0 0x0DC8 0x0DCE 0x0DD6 0x0DDE 0x0DE6 0x0DEE 0x0DF6 0x0DFF 0x0E09 0x0E10 0x0E17 0x0E20 0x0E29 0x0E53 0x0E56 0x0E5C
2.06,0x0F,read,0x004,FSR,direct,2,0xD0,0x000B
2.06,0x0F,read,0x00A,PCLATH,direct,13,0x00 0x08,0x0008 0x0042 0x0043 0x01B7 0x01B8 0x0E52 0x0E55 0x0E5B
2.06,0x0F,read,0x00B,INTCON,direct,4,0x54,0x0019 0x001B
2.06,0x0F,read,0x00C,PIR1,direct,19,0x59 0x5B,0x0021 0x0027 0x01B6 0x02CD 0x02E6 0x02EB 0x02FA 0x0785 0x0794
2.06,0x0F,read,0x020,RAM_0x020,direct,2,0x00,0x0035
2.06,0x0F,read,0x021,RAM_0x021,direct,2,0x81 0x83,0x0037
2.06,0x0F,read,0x022,RAM_0x022,direct,2,0xD0,0x0029
2.06,0x0F,read,0x023,RAM_0x023,direct,2,0x00,0x002B
2.06,0x0F,read,0x024,RAM_0x024,direct,2,0x00,0x002D
2.06,0x0F,read,0x025,RAM_0x025,direct,2,0x24,0x002F
2.06,0x0F,read,0x026,RAM_0x026,direct,2,0x00,0x0031
2.06,0x0F,read,0x027,RAM_0x027,direct,2,0x00,0x0033
2.06,0x0F,read,0x031,RAM_0x031,direct,2,0xCF 0xD0,0x01A7
2.06,0x0F,read,0x038,RAM_0x038,direct,2,0x00,0x01B1
2.06,0x0F,read,0x044,RAM_0x044,direct,1,0x14,0x0DAF
2.06,0x0F,read,0x04C,RAM_0x04C,direct,2,0x00,0x01AB
2.06,0x0F,read,0x051,RAM_0x051,direct,2,0x00,0x02E2 0x0CF7
2.06,0x0F,read,0x060,RAM_0x060,direct,1,0x00,0x0DB3
2.06,0x0F,read,0x077,RAM_0x077,direct,2,0x00,0x000D
2.06,0x0F,read,0x078,RAM_0x078,direct,2,0x00,0x000F
2.06,0x0F,read,0x079,RAM_0x079,direct,2,0x24,0x0011
2.06,0x0F,read,0x07A,RAM_0x07A,direct,2,0x00,0x0013
2.06,0x0F,read,0x07B,RAM_0x07B,direct,2,0x00,0x0015
2.06,0x0F,read,0x07F,RAM_0x07F,direct,4,0x03 0x14 0x30 0x41,0x0039 0x003A
2.06,0x0F,read,0x08C,PIE1,indirect,4,0x22,0x001F 0x0025
2.06,0x0F,read,0x0A1,RAM_0x0A1,direct,33,0x0F,0x0CF3 0x0CFA 0x0D02 0x0D0B 0x0D1B 0x0D27 0x0D37 0x0D43 0x0D4F 0x0D5B 0x0D67 0x0D70 0x0D79 0x0D82 0x0D95 0x0DA1 0x0DAA 0x0DB6 0x0DBE 0x0DC6 0x0DCC 0x0DD4 0x0DDC 0x0DE4 0x0DEC 0x0DF4 0x0DFD 0x0E07 0x0E0E 0x0E15 0x0E1E 0x0E27 0x0E57
2.06,0x0F,read,0x0CA,RAM_0x0CA,direct,1,0x14,0x0E59
2.06,0x0F,read,0x0CB,RAM_0x0CB,direct,1,0x00,0x0E50
2.06,0x0F,read,0x0CC,RAM_0x0CC,direct,1,0x0F,0x0E4E
2.06,0x0F,read,0x0CD,RAM_0x0CD,direct,2,0x7A,0x0CF5 0x0E4C
2.06,0x0F,read,0x0D5,RAM_0x0D5,direct,1,0x0F,0x02EF
2.06,0x0F,read,0x0D6,RAM_0x0D6,direct,2,0x00 0x0F,0x02F4 0x0789
2.06,0x0F,read,0x0D7,RAM_0x0D7,direct,1,0x14,0x078E
2.06,0x0F,read,0x0D8,RAM_0x0D8,direct,8,0x00 0x0F 0x14,0x02D4 0x02DD
2.06,0x0F,read,0x0D9,RAM_0x0D9,direct,8,0x00 0x01 0x41 0xF0,0x02D7 0x02D8
2.06,0x0F,read,0x0DA,RAM_0x0DA,direct,24,0x00 0x01 0x04 0x0F 0x14,0x02BE 0x02BF 0x02C4 0x02C8
2.06,0x0F,read,0x0DB,RAM_0x0DB,direct,8,0x30 0x31 0x34 0x66,0x02CA
2.06,0x0F,write,0x003,STATUS,direct,58,0x00 0x04 0x18 0x1A 0x1B 0x1C 0x1E 0x1F 0x38 0x3A 0x3B 0x3C 0x3E 0x3F,0x0006 0x0017 0x0018 0x0038 0x02BD 0x02CC 0x02D3 0x02DA 0x02DC 0x02DF 0x02EE 0x02F1 0x02F3 0x02F6 0x0788 0x078B 0x078D 0x0790 0x0CF2 0x0CF6 0x0CF9 0x0DAE 0x0DB0 0x0DB2 0x0DB4 0x0E53 0x0E56 0x0E5C
2.06,0x0F,write,0x004,FSR,direct,6,0x8C 0xD0,0x001E 0x0024 0x002A
2.06,0x0F,write,0x00A,PCLATH,direct,15,0x00 0x08,0x000A 0x0036 0x0042 0x0043 0x01B7 0x01B8 0x0E52 0x0E55 0x0E5B
2.06,0x0F,write,0x00C,PIR1,direct,2,0x59,0x01B6
2.06,0x0F,write,0x019,TXREG,direct,13,0x0A 0x30 0x31 0x34 0x44 0x54 0x57 0x66,0x02D1 0x02E8 0x02ED 0x02FC 0x0787 0x0796
2.06,0x0F,write,0x020,RAM_0x020,direct,2,0x00,0x0009
2.06,0x0F,write,0x021,RAM_0x021,direct,2,0x81 0x83,0x0007
2.06,0x0F,write,0x022,RAM_0x022,direct,2,0xD0,0x000C
2.06,0x0F,write,0x023,RAM_0x023,direct,2,0x00,0x000E
2.06,0x0F,write,0x024,RAM_0x024,direct,2,0x00,0x0010
2.06,0x0F,write,0x025,RAM_0x025,direct,2,0x24,0x0012
2.06,0x0F,write,0x026,RAM_0x026,direct,2,0x00,0x0014
2.06,0x0F,write,0x027,RAM_0x027,direct,2,0x00,0x0016
2.06,0x0F,write,0x031,RAM_0x031,direct,2,0xD0 0xD1,0x01A7
2.06,0x0F,write,0x038,RAM_0x038,direct,2,0x00,0x01B1
2.06,0x0F,write,0x077,RAM_0x077,direct,2,0x00,0x002C
2.06,0x0F,write,0x078,RAM_0x078,direct,2,0x00,0x002E
2.06,0x0F,write,0x079,RAM_0x079,direct,2,0x24,0x0030
2.06,0x0F,write,0x07A,RAM_0x07A,direct,2,0x00,0x0032
2.06,0x0F,write,0x07B,RAM_0x07B,direct,2,0x00,0x0034
2.06,0x0F,write,0x07F,RAM_0x07F,direct,4,0x03 0x14 0x30 0x41,0x0004 0x0039
2.06,0x0F,write,0x0A1,RAM_0x0A1,direct,1,0x0F,0x0CFA
2.06,0x0F,write,0x0CA,RAM_0x0CA,direct,1,0x14,0x0DB1
2.06,0x0F,write,0x0CB,RAM_0x0CB,direct,1,0x00,0x0DB5
2.06,0x0F,write,0x0CC,RAM_0x0CC,direct,1,0x0F,0x0CF4
2.06,0x0F,write,0x0CD,RAM_0x0CD,direct,1,0x7A,0x0CF5
2.06,0x0F,write,0x0D5,RAM_0x0D5,direct,1,0x0F,0x0E4F
2.06,0x0F,write,0x0D6,RAM_0x0D6,direct,2,0x00 0x0F,0x0E51 0x0E58
2.06,0x0F,write,0x0D7,RAM_0x0D7,direct,1,0x14,0x0E5A
2.06,0x0F,write,0x0D8,RAM_0x0D8,direct,4,0x00 0x0F 0x14,0x02F0 0x02F5 0x078A 0x078F
2.06,0x0F,write,0x0D9,RAM_0x0D9,direct,8,0x00 0x01 0x41 0xF0,0x02D5 0x02D7
2.06,0x0F,write,0x0DA,RAM_0x0DA,direct,16,0x00 0x01 0x04 0x0F 0x14,0x02BE 0x02D9 0x02DE
2.06,0x0F,write,0x0DB,RAM_0x0DB,direct,8,0x30 0x31 0x34 0x66,0x02C5 0x02C9
2.06,0x10,read,0x003,STATUS,direct,101,0x04 0x18 0x1A 0x1B 0x1C 0x38 0x3A 0x3B 0x3C,0x0005 0x0017 0x0018 0x01B2 0x02BD 0x02C1 0x02CC 0x02D3 0x02DA 0x02DC 0x02DF 0x02EE 0x02F1 0x02F3 0x02F6 0x0788 0x078B 0x078D 0x0790 0x0CF2 0x0CF6 0x0CF9 0x0CFB 0x0D0D 0x0D1D 0x0D29 0x0D39 0x0D45 0x0D51 0x0D5D 0x0D69 0x0D72 0x0D7B 0x0D84 0x0D97 0x0DA3 0x0DAC 0x0DB8 0x0DBA 0x0DBC 0x0DC0 0x0DC8 0x0DCE 0x0DD6 0x0DDE 0x0DE6 0x0DEE 0x0DF6 0x0DFF 0x0E09 0x0E10 0x0E17 0x0E20 0x0E29 0x0E2D 0x0E31 0x0E37 0x0E3A 0x0E41 0x0E44 0x0E49 0x0E53 0x0E56 0x0E5C
2.06,0x10,read,0x004,FSR,direct,2,0x63,0x000B
2.06,0x10,read,0x00A,PCLATH,direct,13,0x00 0x08,0x0008 0x0042 0x0043 0x01B7 0x01B8 0x0E52 0x0E55 0x0E5B
2.06,0x10,read,0x00B,INTCON,direct,4,0x54,0x0019 0x001B
2.06,0x10,read,0x00C,PIR1,direct,19,0x59 0x5B,0x0021 0x0027 0x01B6 0x02CD 0x02E6 0x02EB 0x02FA 0x0785 0x0794
2.06,0x10,read,0x020,RAM_0x020,direct,2,0x00,0x0035
2.06,0x10,read,0x021,RAM_0x021,direct,2,0x81 0x83,0x0037
2.06,0x10,read,0x022,RAM_0x022,direct,2,0x63,0x0029
2.06,0x10,read,0x023,RAM_0x023,direct,2,0x00,0x002B
2.06,0x10,read,0x024,RAM_0x024,direct,2,0x00,0x002D
2.06,0x10,read,0x025,RAM_0x025,direct,2,0x24,0x002F
2.06,0x10,read,0x026,RAM_0x026,direct,2,0x00,0x0031
2.06,0x10,read,0x027,RAM_0x027,direct,2,0x00,0x0033
2.06,0x10,read,0x030,RAM_0x030,direct,1,0x00,0x0E32
2.06,0x10,read,0x031,RAM_0x031,direct,2,0xCF 0xD0,0x01A7
2.06,0x10,read,0x038,RAM_0x038,direct,2,0x00,0x01B1
2.06,0x10,read,0x03E,RAM_0x03E,direct,1,0x1F,0x0DBB
2.06,0x10,read,0x04C,RAM_0x04C,direct,2,0x00,0x01AB
2.06,0x10,read,0x051,RAM_0x051,direct,2,0x00,0x02E2 0x0CF7
2.06,0x10,read,0x062,RAM_0x062,direct,2,0x00,0x0E3B 0x0E45
2.06,0x10,read,0x063,RAM_0x063,indirect,1,0x00,0x0E40
2.06,0x10,read,0x077,RAM_0x077,direct,2,0x00,0x000D
2.06,0x10,read,0x078,RAM_0x078,direct,2,0x00,0x000F
2.06,0x10,read,0x079,RAM_0x079,direct,2,0x24,0x0011
2.06,0x10,read,0x07A,RAM_0x07A,direct,2,0x00,0x0013
2.06,0x10,read,0x07B,RAM_0x07B,direct,2,0x00,0x0015
2.06,0x10,read,0x07F,RAM_0x07F,direct,4,0x01 0x10 0x28 0x82,0x0039 0x003A
2.06,0x10,read,0x08C,PIE1,indirect,4,0x22,0x001F 0x0025
2.06,0x10,read,0x0A0,RAM_0x0A0,direct,1,0x0F,0x0E2F
2.06,0x10,read,0x0A1,RAM_0x0A1,direct,36,0x10,0x0CF3 0x0CFA 0x0D02 0x0D0B 0x0D1B 0x0D27 0x0D37 0x0D43 0x0D4F 0x0D5B 0x0D67 0x0D70 0x0D79 0x0D82 0x0D95 0x0DA1 0x0DAA 0x0DB6 0x0DBE 0x0DC6 0x0DCC 0x0DD4 0x0DDC 0x0DE4 0x0DEC 0x0DF4 0x0DFD 0x0E07 0x0E0E 0x0E15 0x0E1E 0x0E27 0x0E2B 0x0E39 0x0E43 0x0E57
2.06,0x10,read,0x0CA,RAM_0x0CA,direct,1,0x1F,0x0E59
2.06,0x10,read,0x0CB,RAM_0x0CB,direct,1,0x00,0x0E50
2.06,0x10,read,0x0CC,RAM_0x0CC,direct,3,0x10 0x18 0x28,0x0E38 0x0E4A 0x0E4E
2.06,0x10,read,0x0CD,RAM_0x0CD,direct,2,0x7A,0x0CF5 0x0E4C
2.06,0x10,read,0x0D5,RAM_0x0D5,direct,1,0x28,0x02EF
2.06,0x10,read,0x0D6,RAM_0x0D6,direct,2,0x00 0x10,0x02F4 0x0789
2.06,0x10,read,0x0D7,RAM_0x0D7,direct,1,0x1F,0x078E
2.06,0x10,read,0x0D8,RAM_0x0D8,direct,8,0x00 0x10 0x1F 0x28,0x02D4 0x02DD
2.06,0x10,read,0x0D9,RAM_0x0D9,direct,8,0x00 0x01 0x02 0x82 0xF1,0x02D7 0x02D8
2.06,0x10,read,0x0DA,RAM_0x0DA,direct,24,0x00 0x01 0x02 0x08 0x0F 0x10 0x1F 0x28,0x02BE 0x02BF 0x02C4 0x02C8
2.06,0x10,read,0x0DB,RAM_0x0DB,direct,8,0x30 0x31 0x32 0x38 0x66,0x02CA
2.06,0x10,write,0x003,STATUS,direct,62,0x00 0x04 0x18 0x1A 0x1B 0x1C 0x38 0x3A 0x3B 0x3C,0x0006 0x0017 0x0018 0x0038 0x02BD 0x02CC 0x02D3 0x02DA 0x02DC 0x02DF 0x02EE 0x02F1 0x02F3 0x02F6 0x0788 0x078B 0x078D 0x0790 0x0CF2 0x0CF6 0x0CF9 0x0DBA 0x0DBC 0x0E31 0x0E37 0x0E3A 0x0E41 0x0E44 0x0E49 0x0E53 0x0E56 0x0E5C
2.06,0x10,write,0x004,FSR,direct,7,0x63 0x8C,0x001E 0x0024 0x002A 0x0E3F
2.06,0x10,write,0x00A,PCLATH,direct,15,0x00 0x08,0x000A 0x0036 0x0042 0x0043 0x01B7 0x01B8 0x0E52 0x0E55 0x0E5B
2.06,0x10,write,0x00C,PIR1,direct,2,0x59,0x01B6
2.06,0x10,write,0x019,TXREG,direct,13,0x0A 0x30 0x31 0x32 0x38 0x44 0x54 0x57 0x66,0x02D1 0x02E8 0x02ED 0x02FC 0x0787 0x0796
2.06,0x10,write,0x020,RAM_0x020,direct,2,0x00,0x0009
2.06,0x10,write,0x021,RAM_0x021,direct,2,0x81 0x83,0x0007
2.06,0x10,write,0x022,RAM_0x022,direct,2,0x63,0x000C
2.06,0x10,write,0x023,RAM_0x023,direct,2,0x00,0x000E
2.06,0x10,write,0x024,RAM_0x024,direct,2,0x00,0x0010
2.06,0x10,write,0x025,RAM_0x025,direct,2,0x24,0x0012
2.06,0x10,write,0x026,RAM_0x026,direct,2,0x00,0x0014
2.06,0x10,write,0x027,RAM_0x027,direct,2,0x00,0x0016
2.06,0x10,write,0x031,RAM_0x031,direct,2,0xD0 0xD1,0x01A7
2.06,0x10,write,0x038,RAM_0x038,direct,2,0x00,0x01B1
2.06,0x10,write,0x077,RAM_0x077,direct,2,0x00,0x002C
2.06,0x10,write,0x078,RAM_0x078,direct,2,0x00,0x002E
2.06,0x10,write,0x079,RAM_0x079,direct,2,0x24,0x0030
2.06,0x10,write,0x07A,RAM_0x07A,direct,2,0x00,0x0032
2.06,0x10,write,0x07B,RAM_0x07B,direct,2,0x00,0x0034
2.06,0x10,write,0x07F,RAM_0x07F,direct,4,0x01 0x10 0x28 0x82,0x0004 0x0039
2.06,0x10,write,0x0A1,RAM_0x0A1,direct,1,0x10,0x0CFA
2.06,0x10,write,0x0CA,RAM_0x0CA,direct,1,0x1F,0x0DBD
2.06,0x10,write,0x0CB,RAM_0x0CB,direct,1,0x00,0x0E42
2.06,0x10,write,0x0CC,RAM_0x0CC,direct,3,0x10 0x18 0x28,0x0CF4 0x0E38 0x0E4A
2.06,0x10,write,0x0CD,RAM_0x0CD,direct,1,0x7A,0x0CF5
2.06,0x10,write,0x0D5,RAM_0x0D5,direct,1,0x28,0x0E4F
2.06,0x10,write,0x0D6,RAM_0x0D6,direct,2,0x00 0x10,0x0E51 0x0E58
2.06,0x10,write,0x0D7,RAM_0x0D7,direct,1,0x1F,0x0E5A
2.06,0x10,write,0x0D8,RAM_0x0D8,direct,4,0x00 0x10 0x1F 0x28,0x02F0 0x02F5 0x078A 0x078F
2.06,0x10,write,0x0D9,RAM_0x0D9,direct,8,0x00 0x01 0x02 0x82 0xF1,0x02D5 0x02D7
2.06,0x10,write,0x0DA,RAM_0x0DA,direct,16,0x00 0x01 0x02 0x08 0x0F 0x10 0x1F 0x28,0x02BE 0x02D9 0x02DE
2.06,0x10,write,0x0DB,RAM_0x0DB,direct,8,0x30 0x31 0x32 0x38 0x66,0x02C5 0x02C9
2.06,0x11,read,0x003,STATUS,direct,103,0x04 0x18 0x1A 0x1B 0x1C 0x1E 0x38 0x3A 0x3B 0x3C 0x3E 0x3F,0x0005 0x0017 0x0018 0x01B2 0x02BD 0x02C1 0x02CC 0x02D3 0x02DA 0x02DC 0x02DF 0x02EE 0x02F1 0x02F3 0x02F6 0x0788 0x078B 0x078D 0x0790 0x0CF2 0x0CF6 0x0CF9 0x0CFB 0x0D0D 0x0D1D 0x0D29 0x0D39 0x0D45 0x0D51 0x0D5D 0x0D69 0x0D72 0x0D7B 0x0D84 0x0D97 0x0DA3 0x0DAC 0x0DB8 0x0DBA 0x0DBC 0x0DC0 0x0DC2 0x0DC4 0x0DC8 0x0DCE 0x0DD6 0x0DDE 0x0DE6 0x0DEE 0x0DF6 0x0DFF 0x0E09 0x0E10 0x0E17 0x0E20 0x0E29 0x0E2D 0x0E31 0x0E37 0x0E3A 0x0E41 0x0E44 0x0E49 0x0E53 0x0E56 0x0E5C
2.06,0x11,read,0x004,FSR,direct,2,0x64,0x000B
2.06,0x11,read,0x00A,PCLATH,direct,13,0x00 0x08,0x0008 0x0042 0x0043 0x01B7 0x01B8 0x0E52 0x0E55 0x0E5B
2.06,0x11,read,0x00B,INTCON,direct,4,0x54,0x0019 0x001B
2.06,0x11,read,0x00C,PIR1,direct,19,0x59 0x5B,0x0021 0x0027 0x01B6 0x02CD 0x02E6 0x02EB 0x02FA 0x0785 0x0794
2.06,0x11,read,0x020,RAM_0x020,direct,2,0x00,0x0035
2.06,0x11,read,0x021,RAM_0x021,direct,2,0x83 0xC1,0x0037
2.06,0x11,read,0x022,RAM_0x022,direct,2,0x64,0x0029
2.06,0x11,read,0x023,RAM_0x023,direct,2,0x00,0x002B
2.06,0x11,read,0x024,RAM_0x024,direct,2,0x00,0x002D
2.06,0x11,read,0x025,RAM_0x025,direct,2,0x24,0x002F
2.06,0x11,read,0x026,RAM_0x026,direct,2,0x00,0x0031
2.06,0x11,read,0x027,RAM_0x027,direct,2,0x00,0x0033
2.06,0x11,read,0x030,RAM_0x030,direct,1,0x00,0x0E32
2.06,0x11,read,0x031,RAM_0x031,direct,2,0xCF 0xD0,0x01A7
2.06,0x11,read,0x038,RAM_0x038,direct,2,0x00,0x01B1
2.06,0x11,read,0x03D,RAM_0x03D,direct,1,0x18,0x0DC3
2.06,0x11,read,0x03E,RAM_0x03E,direct,1,0x1F,0x0DBB
2.06,0x11,read,0x04C,RAM_0x04C,direct,2,0x00,0x01AB
2.06,0x11,read,0x051,RAM_0x051,direct,2,0x00,0x02E2 0x0CF7
2.06,0x11,read,0x062,RAM_0x062,direct,2,0x00,0x0E3B 0x0E45
2.06,0x11,read,0x064,RAM_0x064,indirect,1,0x00,0x0E40
2.06,0x11,read,0x077,RAM_0x077,direct,2,0x00,0x000D
2.06,0x11,read,0x078,RAM_0x078,direct,2,0x00,0x000F
2.06,0x11,read,0x079,RAM_0x079,direct,2,0x24,0x0011
2.06,0x11,read,0x07A,RAM_0x07A,direct,2,0x00,0x0013
2.06,0x11,read,0x07B,RAM_0x07B,direct,2,0x00,0x0015
2.06,0x11,read,0x07F,RAM_0x07F,direct,4,0x0F 0x57 0x75 0xF0,0x0039 0x003A
2.06,0x11,read,0x08C,PIE1,indirect,4,0x22,0x001F 0x0025
2.06,0x11,read,0x0A0,RAM_0x0A0,direct,1,0x0F,0x0E2F
2.06,0x11,read,0x0A1,RAM_0x0A1,direct,36,0x11,0x0CF3 0x0CFA 0x0D02 0x0D0B 0x0D1B 0x0D27 0x0D37 0x0D43 0x0D4F 0x0D5B 0x0D67 0x0D70 0x0D79 0x0D82 0x0D95 0x0DA1 0x0DAA 0x0DB6 0x0DBE 0x0DC6 0x0DCC 0x0DD4 0x0DDC 0x0DE4 0x0DEC 0x0DF4 0x0DFD 0x0E07 0x0E0E 0x0E15 0x0E1E 0x0E27 0x0E2B 0x0E39 0x0E43 0x0E57
2.06,0x11,read,0x0CA,RAM_0x0CA,direct,1,0x18,0x0E59
2.06,0x11,read,0x0CB,RAM_0x0CB,direct,1,0x00,0x0E50
2.06,0x11,read,0x0CC,RAM_0x0CC,direct,3,0x11 0x19 0x2A,0x0E38 0x0E4A 0x0E4E
2.06,0x11,read,0x0CD,RAM_0x0CD,direct,2,0x7A,0x0CF5 0x0E4C
2.06,0x11,read,0x0D5,RAM_0x0D5,direct,1,0x2A,0x02EF
2.06,0x11,read,0x0D6,RAM_0x0D6,direct,2,0x00 0x11,0x02F4 0x0789
2.06,0x11,read,0x0D7,RAM_0x0D7,direct,1,0x18,0x078E
2.06,0x11,read,0x0D8,RAM_0x0D8,direct,8,0x00 0x11 0x18 0x2A,0x02D4 0x02DD
2.06,0x11,read,0x0D9,RAM_0x0D9,direct,8,0x00 0x01 0x02 0x11 0x81 0xA2,0x02D7 0x02D8
2.06,0x11,read,0x0DA,RAM_0x0DA,direct,24,0x00 0x01 0x02 0x08 0x0A 0x11 0x18 0x2A,0x02BE 0x02BF 0x02C4 0x02C8
2.06,0x11,read,0x0DB,RAM_0x0DB,direct,8,0x30 0x31 0x32 0x38 0x61,0x02CA
2.06,0x11,write,0x003,STATUS,direct,64,0x00 0x04 0x18 0x1A 0x1B 0x1C 0x1E 0x1F 0x38 0x3A 0x3B 0x3C 0x3E,0x0006 0x0017 0x0018 0x0038 0x02BD 0x02CC 0x02D3 0x02DA 0x02DC 0x02DF 0x02EE 0x02F1 0x02F3 0x02F6 0x0788 0x078B 0x078D 0x0790 0x0CF2 0x0CF6 0x0CF9 0x0DBA 0x0DBC 0x0DC2 0x0DC4 0x0E31 0x0E37 0x0E3A 0x0E41 0x0E44 0x0E49 0x0E53 0x0E56 0x0E5C
2.06,0x11,write,0x004,FSR,direct,7,0x64 0x8C,0x001E 0x0024 0x002A 0x0E3F
2.06,0x11,write,0x00A,PCLATH,direct,15,0x00 0x08,0x000A 0x0036 0x0042 0x0043 0x01B7 0x01B8 0x0E52 0x0E55 0x0E5B
2.06,0x11,write,0x00C,PIR1,direct,2,0x59,0x01B6
2.06,0x11,write,0x019,TXREG,direct,13,0x0A 0x30 0x31 0x32 0x38 0x44 0x54 0x57 0x61,0x02D1 0x02E8 0x02ED 0x02FC 0x0787 0x0796
2.06,0x11,write,0x020,RAM_0x020,direct,2,0x00,0x0009
2.06,0x11,write,0x021,RAM_0x021,direct,2,0x83 0xC1,0x0007
2.06,0x11,write,0x022,RAM_0x022,direct,2,0x64,0x000C
2.06,0x11,write,0x023,RAM_0x023,direct,2,0x00,0x000E
2.06,0x11,write,0x024,RAM_0x024,direct,2,0x00,0x0010
2.06,0x11,write,0x025,RAM_0x025,direct,2,0x24,0x0012
2.06,0x11,write,0x026,RAM_0x026,direct,2,0x00,0x0014
2.06,0x11,write,0x027,RAM_0x027,direct,2,0x00,0x0016
2.06,0x11,write,0x031,RAM_0x031,direct,2,0xD0 0xD1,0x01A7
2.06,0x11,write,0x038,RAM_0x038,direct,2,0x00,0x01B1
2.06,0x11,write,0x077,RAM_0x077,direct,2,0x00,0x002C
2.06,0x11,write,0x078,RAM_0x078,direct,2,0x00,0x002E
2.06,0x11,write,0x079,RAM_0x079,direct,2,0x24,0x0030
2.06,0x11,write,0x07A,RAM_0x07A,direct,2,0x00,0x0032
2.06,0x11,write,0x07B,RAM_0x07B,direct,2,0x00,0x0034
2.06,0x11,write,0x07F,RAM_0x07F,direct,4,0x0F 0x57 0x75 0xF0,0x0004 0x0039
2.06,0x11,write,0x0A1,RAM_0x0A1,direct,1,0x11,0x0CFA
2.06,0x11,write,0x0CA,RAM_0x0CA,direct,2,0x18 0x1F,0x0DBD 0x0DC5
2.06,0x11,write,0x0CB,RAM_0x0CB,direct,1,0x00,0x0E42
2.06,0x11,write,0x0CC,RAM_0x0CC,direct,3,0x11 0x19 0x2A,0x0CF4 0x0E38 0x0E4A
2.06,0x11,write,0x0CD,RAM_0x0CD,direct,1,0x7A,0x0CF5
2.06,0x11,write,0x0D5,RAM_0x0D5,direct,1,0x2A,0x0E4F
2.06,0x11,write,0x0D6,RAM_0x0D6,direct,2,0x00 0x11,0x0E51 0x0E58
2.06,0x11,write,0x0D7,RAM_0x0D7,direct,1,0x18,0x0E5A
2.06,0x11,write,0x0D8,RAM_0x0D8,direct,4,0x00 0x11 0x18 0x2A,0x02F0 0x02F5 0x078A 0x078F
2.06,0x11,write,0x0D9,RAM_0x0D9,direct,8,0x00 0x01 0x02 0x11 0x81 0xA2,0x02D5 0x02D7
2.06,0x11,write,0x0DA,RAM_0x0DA,direct,16,0x00 0x01 0x02 0x08 0x0A 0x11 0x18 0x2A,0x02BE 0x02D9 0x02DE
2.06,0x11,write,0x0DB,RAM_0x0DB,direct,8,0x30 0x31 0x32 0x38 0x61,0x02C5 0x02C9
2.06,0x12,read,0x003,STATUS,direct,101,0x04 0x18 0x1A 0x1B 0x1C 0x1E 0x38 0x3A 0x3B 0x3C 0x3E 0x3F,0x0005 0x0017 0x0018 0x01B2 0x02BD 0x02C1 0x02CC 0x02D3 0x02DA 0x02DC 0x02DF 0x02EE 0x02F1 0x02F3 0x02F6 0x0788 0x078B 0x078D 0x0790 0x0CF2 0x0CF6 0x0CF9 0x0CFB 0x0D0D 0x0D1D 0x0D29 0x0D39 0x0D45 0x0D51 0x0D5D 0x0D69 0x0D72 0x0D7B 0x0D84 0x0D97 0x0DA3 0x0DAC 0x0DB8 0x0DBA 0x0DBC 0x0DC0 0x0DC8 0x0DCE 0x0DD6 0x0DDE 0x0DE6 0x0DEE 0x0DF6 0x0DFF 0x0E09 0x0E10 0x0E17 0x0E20 0x0E29 0x0E2D 0x0E31 0x0E37 0x0E3A 0x0E41 0x0E44 0x0E49 0x0E53 0x0E56 0x0E5C
2.06,0x12,read,0x004,FSR,direct,2,0x65,0x000B
2.06,0x12,read,0x00A,PCLATH,direct,13,0x00 0x08,0x0008 0x0042 0x0043 0x01B7 0x01B8 0x0E52 0x0E55 0x0E5B
2.06,0x12,read,0x00B,INTCON,direct,4,0x54,0x0019 0x001B
2.06,0x12,read,0x00C,PIR1,direct,19,0x59 0x5B,0x0021 0x0027 0x01B6 0x02CD 0x02E6 0x02EB 0x02FA 0x0785 0x0794
2.06,0x12,read,0x020,RAM_0x020,direct,2,0x00,0x0035
2.06,0x12,read,0x021,RAM_0x021,direct,2,0xC3,0x0037
2.06,0x12,read,0x022,RAM_0x022,direct,2,0x65,0x0029
2.06,0x12,read,0x023,RAM_0x023,direct,2,0x00,0x002B
2.06,0x12,read,0x024,RAM_0x024,direct,2,0x00,0x002D
2.06,0x12,read,0x025,RAM_0x025,direct,2,0x24,0x002F
2.06,0x12,read,0x026,RAM_0x026,direct,2,0x00,0x0031
2.06,0x12,read,0x027,RAM_0x027,direct,2,0x00,0x0033
2.06,0x12,read,0x030,RAM_0x030,direct,1,0x00,0x0E32
2.06,0x12,read,0x031,RAM_0x031,direct,2,0xCF 0xD0,0x01A7
2.06,0x12,read,0x038,RAM_0x038,direct,2,0x00,0x01B1
2.06,0x12,read,0x03E,RAM_0x03E,direct,1,0x1F,0x0DBB
2.06,0x12,read,0x04C,RAM_0x04C,direct,2,0x00,0x01AB
2.06,0x12,read,0x051,RAM_0x051,direct,2,0x00,0x02E2 0x0CF7
2.06,0x12,read,0x062,RAM_0x062,direct,2,0x00,0x0E3B 0x0E45
2.06,0x12,read,0x065,RAM_0x065,indirect,1,0x00,0x0E40
2.06,0x12,read,0x077,RAM_0x077,direct,2,0x00,0x000D
2.06,0x12,read,0x078,RAM_0x078,direct,2,0x00,0x000F
2.06,0x12,read,0x079,RAM_0x079,direct,2,0x24,0x0011
2.06,0x12,read,0x07A,RAM_0x07A,direct,2,0x00,0x0013
2.06,0x12,read,0x07B,RAM_0x07B,direct,2,0x00,0x0015
2.06,0x12,read,0x07F,RAM_0x07F,direct,4,0x00 0x57 0x75,0x0039 0x003A
2.06,0x12,read,0x08C,PIE1,indirect,4,0x22,0x001F 0x0025
2.06,0x12,read,0x0A0,RAM_0x0A0,direct,2,0x0F,0x0DCA 0x0E2F
2.06,0x12,read,0x0A1,RAM_0x0A1,direct,36,0x12,0x0CF3 0x0CFA 0x0D02 0x0D0B 0x0D1B 0x0D27 0x0D37 0x0D43 0x0D4F 0x0D5B 0x0D67 0x0D70 0x0D79 0x0D82 0x0D95 0x0DA1 0x0DAA 0x0DB6 0x0DBE 0x0DC6 0x0DCC 0x0DD4 0x0DDC 0x0DE4 0x0DEC 0x0DF4 0x0DFD 0x0E07 0x0E0E 0x0E15 0x0E1E 0x0E27 0x0E2B 0x0E39 0x0E43 0x0E57
2.06,0x12,read,0x0CA,RAM_0x0CA,direct,1,0x0F,0x0E59
2.06,0x12,read,0x0CB,RAM_0x0CB,direct,1,0x00,0x0E50
2.06,0x12,read,0x0CC,RAM_0x0CC,direct,3,0x12 0x1A 0x2C,0x0E38 0x0E4A 0x0E4E
2.06,0x12,read,0x0CD,RAM_0x0CD,direct,2,0x7A,0x0CF5 0x0E4C
2.06,0x12,read,0x0D5,RAM_0x0D5,direct,1,0x2C,0x02EF
2.06,0x12,read,0x0D6,RAM_0x0D6,direct,2,0x00 0x12,0x02F4 0x0789
2.06,0x12,read,0x0D7,RAM_0x0D7,direct,1,0x0F,0x078E
2.06,0x12,read,0x0D8,RAM_0x0D8,direct,8,0x00 0x0F 0x12 0x2C,0x02D4 0x02DD
2.06,0x12,read,0x0D9,RAM_0x0D9,direct,8,0x00 0x01 0x02 0x21 0xC2 0xF0,0x02D7 0x02D8
2.06,0x12,read,0x0DA,RAM_0x0DA,direct,24,0x00 0x01 0x02 0x0C 0x0F 0x12 0x2C,0x02BE 0x02BF 0x02C4 0x02C8
2.06,0x12,read,0x0DB,RAM_0x0DB,direct,8,0x30 0x31 0x32 0x63 0x66,0x02CA
2.06,0x12,write,0x003,STATUS,direct,62,0x00 0x04 0x18 0x1A 0x1B 0x1C 0x1E 0x38 0x3A 0x3B 0x3C 0x3E,0x0006 0x0017 0x0018 0x0038 0x02BD 0x02CC 0x02D3 0x02DA 0x02DC 0x02DF 0x02EE 0x02F1 0x02F3 0x02F6 0x0788 0x078B 0x078D 0x0790 0x0CF2 0x0CF6 0x0CF9 0x0DBA 0x0DBC 0x0E31 0x0E37 0x0E3A 0x0E41 0x0E44 0x0E49 0x0E53 0x0E56 0x0E5C
2.06,0x12,write,0x004,FSR,direct,7,0x65 0x8C,0x001E 0x0024 0x002A 0x0E3F
2.06,0x12,write,0x00A,PCLATH,direct,15,0x00 0x08,0x000A 0x0036 0x0042 0x0043 0x01B7 0x01B8 0x0E52 0x0E55 0x0E5B
2.06,0x12,write,0x00C,PIR1,direct,2,0x59,0x01B6
2.06,0x12,write,0x019,TXREG,direct,13,0x0A 0x30 0x31 0x32 0x44 0x54 0x57 0x63 0x66,0x02D1 0x02E8 0x02ED 0x02FC 0x0787 0x0796
2.06,0x12,write,0x020,RAM_0x020,direct,2,0x00,0x0009
2.06,0x12,write,0x021,RAM_0x021,direct,2,0xC3,0x0007
2.06,0x12,write,0x022,RAM_0x022,direct,2,0x65,0x000C
2.06,0x12,write,0x023,RAM_0x023,direct,2,0x00,0x000E
2.06,0x12,write,0x024,RAM_0x024,direct,2,0x00,0x0010
2.06,0x12,write,0x025,RAM_0x025,direct,2,0x24,0x0012
2.06,0x12,write,0x026,RAM_0x026,direct,2,0x00,0x0014
2.06,0x12,write,0x027,RAM_0x027,direct,2,0x00,0x0016
2.06,0x12,write,0x031,RAM_0x031,direct,2,0xD0 0xD1,0x01A7
2.06,0x12,write,0x038,RAM_0x038,direct,2,0x00,0x01B1
2.06,0x12,write,0x077,RAM_0x077,direct,2,0x00,0x002C
2.06,0x12,write,0x078,RAM_0x078,direct,2,0x00,0x002E
2.06,0x12,write,0x079,RAM_0x079,direct,2,0x24,0x0030
2.06,0x12,write,0x07A,RAM_0x07A,direct,2,0x00,0x0032
2.06,0x12,write,0x07B,RAM_0x07B,direct,2,0x00,0x0034
2.06,0x12,write,0x07F,RAM_0x07F,direct,4,0x00 0x57 0x75,0x0004 0x0039
2.06,0x12,write,0x0A1,RAM_0x0A1,direct,1,0x12,0x0CFA
2.06,0x12,write,0x0CA,RAM_0x0CA,direct,2,0x0F 0x1F,0x0DBD 0x0DCB
2.06,0x12,write,0x0CB,RAM_0x0CB,direct,1,0x00,0x0E42
2.06,0x12,write,0x0CC,RAM_0x0CC,direct,3,0x12 0x1A 0x2C,0x0CF4 0x0E38 0x0E4A
2.06,0x12,write,0x0CD,RAM_0x0CD,direct,1,0x7A,0x0CF5
2.06,0x12,write,0x0D5,RAM_0x0D5,direct,1,0x2C,0x0E4F
2.06,0x12,write,0x0D6,RAM_0x0D6,direct,2,0x00 0x12,0x0E51 0x0E58
2.06,0x12,write,0x0D7,RAM_0x0D7,direct,1,0x0F,0x0E5A
2.06,0x12,write,0x0D8,RAM_0x0D8,direct,4,0x00 0x0F 0x12 0x2C,0x02F0 0x02F5 0x078A 0x078F
2.06,0x12,write,0x0D9,RAM_0x0D9,direct,8,0x00 0x01 0x02 0x21 0xC2 0xF0,0x02D5 0x02D7
2.06,0x12,write,0x0DA,RAM_0x0DA,direct,16,0x00 0x01 0x02 0x0C 0x0F 0x12 0x2C,0x02BE 0x02D9 0x02DE
2.06,0x12,write,0x0DB,RAM_0x0DB,direct,8,0x30 0x31 0x32 0x63 0x66,0x02C5 0x02C9
2.06,0x13,read,0x003,STATUS,direct,103,0x04 0x18 0x1A 0x1B 0x1C 0x1E 0x1F 0x38 0x3A 0x3B 0x3C 0x3E 0x3F,0x0005 0x0017 0x0018 0x01B2 0x02BD 0x02C1 0x02CC 0x02D3 0x02DA 0x02DC 0x02DF 0x02EE 0x02F1 0x02F3 0x02F6 0x0788 0x078B 0x078D 0x0790 0x0CF2 0x0CF6 0x0CF9 0x0CFB 0x0D0D 0x0D1D 0x0D29 0x0D39 0x0D45 0x0D51 0x0D5D 0x0D69 0x0D72 0x0D7B 0x0D84 0x0D97 0x0DA3 0x0DAC 0x0DB8 0x0DBA 0x0DBC 0x0DC0 0x0DC8 0x0DCE 0x0DD0 0x0DD2 0x0DD6 0x0DDE 0x0DE6 0x0DEE 0x0DF6 0x0DFF 0x0E09 0x0E10 0x0E17 0x0E20 0x0E29 0x0E2D 0x0E31 0x0E37 0x0E3A 0x0E41 0x0E44 0x0E49 0x0E53 0x0E56 0x0E5C
2.06,0x13,read,0x004,FSR,direct,2,0x66,0x000B
2.06,0x13,read,0x00A,PCLATH,direct,13,0x00 0x08,0x0008 0x0042 0x0043 0x01B7 0x01B8 0x0E52 0x0E55 0x0E5B
2.06,0x13,read,0x00B,INTCON,direct,4,0x54,0x0019 0x001B
2.06,0x13,read,0x00C,PIR1,direct,19,0x59 0x5B,0x0021 0x0027 0x01B6 0x02CD 0x02E6 0x02EB 0x02FA 0x0785 0x0794
2.06,0x13,read,0x020,RAM_0x020,direct,2,0x00,0x0035
2.06,0x13,read,0x021,RAM_0x021,direct,2,0xC1 0xC3,0x0037
2.06,0x13,read,0x022,RAM_0x022,direct,2,0x66,0x0029
2.06,0x13,read,0x023,RAM_0x023,direct,2,0x00,0x002B
2.06,0x13,read,0x024,RAM_0x024,direct,2,0x00,0x002D
2.06,0x13,read,0x025,RAM_0x025,direct,2,0x24,0x002F
2.06,0x13,read,0x026,RAM_0x026,direct,2,0x00,0x0031
2.06,0x13,read,0x027,RAM_0x027,direct,2,0x00,0x0033
2.06,0x13,read,0x030,RAM_0x030,direct,1,0x00,0x0E32
2.06,0x13,read,0x031,RAM_0x031,direct,2,0xCF 0xD0,0x01A7
2.06,0x13,read,0x038,RAM_0x038,direct,2,0x00,0x01B1
2.06,0x13,read,0x03E,RAM_0x03E,direct,1,0x1F,0x0DBB
2.06,0x13,read,0x04C,RAM_0x04C,direct,2,0x00,0x01AB
2.06,0x13,read,0x04F,RAM_0x04F,direct,1,0x00,0x0DD1
2.06,0x13,read,0x051,RAM_0x051,direct,2,0x00,0x02E2 0x0CF7
2.06,0x13,read,0x062,RAM_0x062,direct,2,0x00,0x0E3B 0x0E45
2.06,0x13,read,0x066,RAM_0x066,indirect,1,0x00,0x0E40
2.06,0x13,read,0x077,RAM_0x077,direct,2,0x00,0x000D
2.06,0x13,read,0x078,RAM_0x078,direct,2,0x00,0x000F
2.06,0x13,read,0x079,RAM_0x079,direct,2,0x24,0x0011
2.06,0x13,read,0x07A,RAM_0x07A,direct,2,0x00,0x0013
2.06,0x13,read,0x07B,RAM_0x07B,direct,2,0x00,0x0015
2.06,0x13,read,0x07F,RAM_0x07F,direct,4,0x0F 0x57 0x75 0xF0,0x0039 0x003A
2.06,0x13,read,0x08C,PIE1,indirect,4,0x22,0x001F 0x0025
2.06,0x13,read,0x0A0,RAM_0x0A0,direct,1,0x0F,0x0E2F
2.06,0x13,read,0x0A1,RAM_0x0A1,direct,36,0x13,0x0CF3 0x0CFA 0x0D02 0x0D0B 0x0D1B 0x0D27 0x0D37 0x0D43 0x0D4F 0x0D5B 0x0D67 0x0D70 0x0D79 0x0D82 0x0D95 0x0DA1 0x0DAA 0x0DB6 0x0DBE 0x0DC6 0x0DCC 0x0DD4 0x0DDC 0x0DE4 0x0DEC 0x0DF4 0x0DFD 0x0E07 0x0E0E 0x0E15 0x0E1E 0x0E27 0x0E2B 0x0E39 0x0E43 0x0E57
2.06,0x13,read,0x0CA,RAM_0x0CA,direct,1,0x00,0x0E59
2.06,0x13,read,0x0CB,RAM_0x0CB,direct,1,0x00,0x0E50
2.06,0x13,read,0x0CC,RAM_0x0CC,direct,3,0x13 0x1B 0x2E,0x0E38 0x0E4A 0x0E4E
2.06,0x13,read,0x0CD,RAM_0x0CD,direct,2,0x7A,0x0CF5 0x0E4C
2.06,0x13,read,0x0D5,RAM_0x0D5,direct,1,0x2E,0x02EF
2.06,0x13,read,0x0D6,RAM_0x0D6,direct,2,0x00 0x13,0x02F4 0x0789
2.06,0x13,read,0x0D7,RAM_0x0D7,direct,1,0x00,0x078E
2.06,0x13,read,0x0D8,RAM_0x0D8,direct,8,0x00 0x13 0x2E,0x02D4 0x02DD
2.06,0x13,read,0x0D9,RAM_0x0D9,direct,8,0x00 0x01 0x02 0x31 0xE2,0x02D7 0x02D8
2.06,0x13,read,0x0DA,RAM_0x0DA,direct,24,0x00 0x01 0x02 0x03 0x0E 0x13 0x2E,0x02BE 0x02BF 0x02C4 0x02C8
2.06,0x13,read,0x0DB,RAM_0x0DB,direct,8,0x30 0x31 0x32 0x33 0x65,0x02CA
2.06,0x13,write,0x003,STATUS,direct,64,0x00 0x04 0x18 0x1A 0x1B 0x1C 0x1E 0x1F 0x38 0x3A 0x3B 0x3C 0x3E 0x3F,0x0006 0x0017 0x0018 0x0038 0x02BD 0x02CC 0x02D3 0x02DA 0x02DC 0x02DF 0x02EE 0x02F1 0x02F3 0x02F6 0x0788 0x078B 0x078D 0x0790 0x0CF2 0x0CF6 0x0CF9 0x0DBA 0x0DBC 0x0DD0 0x0DD2 0x0E31 0x0E37 0x0E3A 0x0E41 0x0E44 0x0E49 0x0E53 0x0E56 0x0E5C
2.06,0x13,write,0x004,FSR,direct,7,0x66 0x8C,0x001E 0x0024 0x002A 0x0E3F
2.06,0x13,write,0x00A,PCLATH,direct,15,0x00 0x08,0x000A 0x0036 0x0042 0x0043 0x01B7 0x01B8 0x0E52 0x0E55 0x0E5B
2.06,0x13,write,0x00C,PIR1,direct,2,0x59,0x01B6
2.06,0x13,write,0x019,TXREG,direct,13,0x0A 0x30 0x31 0x32 0x33 0x44 0x54 0x57 0x65,0x02D1 0x02E8 0x02ED 0x02FC 0x0787 0x0796
2.06,0x13,write,0x020,RAM_0x020,direct,2,0x00,0x0009
2.06,0x13,write,0x021,RAM_0x021,direct,2,0xC1 0xC3,0x0007
2.06,0x13,write,0x022,RAM_0x022,direct,2,0x66,0x000C
2.06,0x13,write,0x023,RAM_0x023,direct,2,0x00,0x000E
2.06,0x13,write,0x024,RAM_0x024,direct,2,0x00,0x0010
2.06,0x13,write,0x025,RAM_0x025,direct,2,0x24,0x0012
2.06,0x13,write,0x026,RAM_0x026,direct,2,0x00,0x0014
2.06,0x13,write,0x027,RAM_0x027,direct,2,0x00,0x0016
2.06,0x13,write,0x031,RAM_0x031,direct,2,0xD0 0xD1,0x01A7
2.06,0x13,write,0x038,RAM_0x038,direct,2,0x00,0x01B1
2.06,0x13,write,0x077,RAM_0x077,direct,2,0x00,0x002C
2.06,0x13,write,0x078,RAM_0x078,direct,2,0x00,0x002E
2.06,0x13,write,0x079,RAM_0x079,direct,2,0x24,0x0030
2.06,0x13,write,0x07A,RAM_0x07A,direct,2,0x00,0x0032
2.06,0x13,write,0x07B,RAM_0x07B,direct,2,0x00,0x0034
2.06,0x13,write,0x07F,RAM_0x07F,direct,4,0x0F 0x57 0x75 0xF0,0x0004 0x0039
2.06,0x13,write,0x0A1,RAM_0x0A1,direct,1,0x13,0x0CFA
2.06,0x13,write,0x0CA,RAM_0x0CA,direct,2,0x00 0x1F,0x0DBD 0x0DD3
2.06,0x13,write,0x0CB,RAM_0x0CB,direct,1,0x00,0x0E42
2.06,0x13,write,0x0CC,RAM_0x0CC,direct,3,0x13 0x1B 0x2E,0x0CF4 0x0E38 0x0E4A
2.06,0x13,write,0x0CD,RAM_0x0CD,direct,1,0x7A,0x0CF5
2.06,0x13,write,0x0D5,RAM_0x0D5,direct,1,0x2E,0x0E4F
2.06,0x13,write,0x0D6,RAM_0x0D6,direct,2,0x00 0x13,0x0E51 0x0E58
2.06,0x13,write,0x0D7,RAM_0x0D7,direct,1,0x00,0x0E5A
2.06,0x13,write,0x0D8,RAM_0x0D8,direct,4,0x00 0x13 0x2E,0x02F0 0x02F5 0x078A 0x078F
2.06,0x13,write,0x0D9,RAM_0x0D9,direct,8,0x00 0x01 0x02 0x31 0xE2,0x02D5 0x02D7
2.06,0x13,write,0x0DA,RAM_0x0DA,direct,16,0x00 0x01 0x02 0x03 0x0E 0x13 0x2E,0x02BE 0x02D9 0x02DE
2.06,0x13,write,0x0DB,RAM_0x0DB,direct,8,0x30 0x31 0x32 0x33 0x65,0x02C5 0x02C9
2.06,0x14,read,0x003,STATUS,direct,103,0x04 0x18 0x1A 0x1B 0x1C 0x1E 0x1F 0x38 0x3A 0x3B 0x3C 0x3E 0x3F,0x0005 0x0017 0x0018 0x01B2 0x02BD 0x02C1 0x02CC 0x02D3 0x02DA 0x02DC 0x02DF 0x02EE 0x02F1 0x02F3 0x02F6 0x0788 0x078B 0x078D 0x0790 0x0CF2 0x0CF6 0x0CF9 0x0CFB 0x0D0D 0x0D1D 0x0D29 0x0D39 0x0D45 0x0D51 0x0D5D 0x0D69 0x0D72 0x0D7B 0x0D84 0x0D97 0x0DA3 0x0DAC 0x0DB8 0x0DBA 0x0DBC 0x0DC0 0x0DC8 0x0DCE 0x0DD6 0x0DD8 0x0DDA 0x0DDE 0x0DE6 0x0DEE 0x0DF6 0x0DFF 0x0E09 0x0E10 0x0E17 0x0E20 0x0E29 0x0E2D 0x0E31 0x0E37 0x0E3A 0x0E41 0x0E44 0x0E49 0x0E53 0x0E56 0x0E5C
2.06,0x14,read,0x004,FSR,direct,2,0x67,0x000B
2.06,0x14,read,0x00A,PCLATH,direct,13,0x00 0x08,0x0008 0x0042 0x0043 0x01B7 0x01B8 0x0E52 0x0E55 0x0E5B
2.06,0x14,read,0x00B,INTCON,direct,4,0x54,0x0019 0x001B
2.06,0x14,read,0x00C,PIR1,direct,19,0x59 0x5B,0x0021 0x0027 0x01B6 0x02CD 0x02E6 0x02EB 0x02FA 0x0785 0x0794
2.06,0x14,read,0x020,RAM_0x020,direct,2,0x00,0x0035
2.06,0x14,read,0x021,RAM_0x021,direct,2,0xC3 0xE1,0x0037
2.06,0x14,read,0x022,RAM_0x022,direct,2,0x67,0x0029
2.06,0x14,read,0x023,RAM_0x023,direct,2,0x00,0x002B
2.06,0x14,read,0x024,RAM_0x024,direct,2,0x00,0x002D
2.06,0x14,read,0x025,RAM_0x025,direct,2,0x24,0x002F
2.06,0x14,read,0x026,RAM_0x026,direct,2,0x00,0x0031
2.06,0x14,read,0x027,RAM_0x027,direct,2,0x00,0x0033
2.06,0x14,read,0x030,RAM_0x030,direct,1,0x00,0x0E32
2.06,0x14,read,0x031,RAM_0x031,direct,2,0xCF 0xD0,0x01A7
2.06,0x14,read,0x038,RAM_0x038,direct,2,0x00,0x01B1
2.06,0x14,read,0x03E,RAM_0x03E,direct,1,0x1F,0x0DBB
2.06,0x14,read,0x04C,RAM_0x04C,direct,2,0x00,0x01AB
2.06,0x14,read,0x051,RAM_0x051,direct,2,0x00,0x02E2 0x0CF7
2.06,0x14,read,0x05D,RAM_0x05D,direct,1,0x00,0x0DD9
2.06,0x14,read,0x062,RAM_0x062,direct,2,0x00,0x0E3B 0x0E45
2.06,0x14,read,0x067,RAM_0x067,indirect,1,0x00,0x0E40
2.06,0x14,read,0x077,RAM_0x077,direct,2,0x00,0x000D
2.06,0x14,read,0x078,RAM_0x078,direct,2,0x00,0x000F
2.06,0x14,read,0x079,RAM_0x079,direct,2,0x24,0x0011
2.06,0x14,read,0x07A,RAM_0x07A,direct,2,0x00,0x0013
2.06,0x14,read,0x07B,RAM_0x07B,direct,2,0x00,0x0015
2.06,0x14,read,0x07F,RAM_0x07F,direct,4,0x0F 0x57 0x75 0xF0,0x0039 0x003A
2.06,0x14,read,0x08C,PIE1,indirect,4,0x22,0x001F 0x0025
2.06,0x14,read,0x0A0,RAM_0x0A0,direct,1,0x0F,0x0E2F
2.06,0x14,read,0x0A1,RAM_0x0A1,direct,36,0x14,0x0CF3 0x0CFA 0x0D02 0x0D0B 0x0D1B 0x0D27 0x0D37 0x0D43 0x0D4F 0x0D5B 0x0D67 0x0D70 0x0D79 0x0D82 0x0D95 0x0DA1 0x0DAA 0x0DB6 0x0DBE 0x0DC6 0x0DCC 0x0DD4 0x0DDC 0x0DE4 0x0DEC 0x0DF4 0x0DFD 0x0E07 0x0E0E 0x0E15 0x0E1E 0x0E27 0x0E2B 0x0E39 0x0E43 0x0E57
2.06,0x14,read,0x0CA,RAM_0x0CA,direct,1,0x00,0x0E59
2.06,0x14,read,0x0CB,RAM_0x0CB,direct,1,0x00,0x0E50
2.06,0x14,read,0x0CC,RAM_0x0CC,direct,3,0x14 0x1C 0x30,0x0E38 0x0E4A 0x0E4E
2.06,0x14,read,0x0CD,RAM_0x0CD,direct,2,0x7A,0x0CF5 0x0E4C
2.06,0x14,read,0x0D5,RAM_0x0D5,direct,1,0x30,0x02EF
2.06,0x14,read,0x0D6,RAM_0x0D6,direct,2,0x00 0x14,0x02F4 0x0789
2.06,0x14,read,0x0D7,RAM_0x0D7,direct,1,0x00,0x078E
2.06,0x14,read,0x0D8,RAM_0x0D8,direct,8,0x00 0x14 0x30,0x02D4 0x02DD
2.06,0x14,read,0x0D9,RAM_0x0D9,direct,8,0x00 0x01 0x03 0x41,0x02D7 0x02D8
2.06,0x14,read,0x0DA,RAM_0x0DA,direct,24,0x00 0x01 0x03 0x04 0x14 0x30,0x02BE 0x02BF 0x02C8
2.06,0x14,read,0x0DB,RAM_0x0DB,direct,8,0x30 0x31 0x33 0x34,0x02CA
2.06,0x14,write,0x003,STATUS,direct,64,0x00 0x04 0x18 0x1A 0x1B 0x1C 0x1E 0x1F 0x38 0x3A 0x3B 0x3C 0x3E 0x3F,0x0006 0x0017 0x0018 0x0038 0x02BD 0x02CC 0x02D3 0x02DA 0x02DC 0x02DF 0x02EE 0x02F1 0x02F3 0x02F6 0x0788 0x078B 0x078D 0x0790 0x0CF2 0x0CF6 0x0CF9 0x0DBA 0x0DBC 0x0DD8 0x0DDA 0x0E31 0x0E37 0x0E3A 0x0E41 0x0E44 0x0E49 0x0E53 0x0E56 0x0E5C
2.06,0x14,write,0x004,FSR,direct,7,0x67 0x8C,0x001E 0x0024 0x002A 0x0E3F
2.06,0x14,write,0x00A,PCLATH,direct,15,0x00 0x08,0x000A 0x0036 0x0042 0x0043 0x01B7 0x01B8 0x0E52 0x0E55 0x0E5B
2.06,0x14,write,0x00C,PIR1,direct,2,0x59,0x01B6
2.06,0x14,write,0x019,TXREG,direct,13,0x0A 0x30 0x31 0x33 0x34 0x44 0x54 0x57,0x02D1 0x02E8 0x02ED 0x02FC 0x0787 0x0796
2.06,0x14,write,0x020,RAM_0x020,direct,2,0x00,0x0009
2.06,0x14,write,0x021,RAM_0x021,direct,2,0xC3 0xE1,0x0007
2.06,0x14,write,0x022,RAM_0x022,direct,2,0x67,0x000C
2.06,0x14,write,0x023,RAM_0x023,direct,2,0x00,0x000E
2.06,0x14,write,0x024,RAM_0x024,direct,2,0x00,0x0010
2.06,0x14,write,0x025,RAM_0x025,direct,2,0x24,0x0012
2.06,0x14,write,0x026,RAM_0x026,direct,2,0x00,0x0014
2.06,0x14,write,0x027,RAM_0x027,direct,2,0x00,0x0016
2.06,0x14,write,0x031,RAM_0x031,direct,2,0xD0 0xD1,0x01A7
2.06,0x14,write,0x038,RAM_0x038,direct,2,0x00,0x01B1
2.06,0x14,write,0x077,RAM_0x077,direct,2,0x00,0x002C
2.06,0x14,write,0x078,RAM_0x078,direct,2,0x00,0x002E
2.06,0x14,write,0x079,RAM_0x079,direct,2,0x24,0x0030
2.06,0x14,write,0x07A,RAM_0x07A,direct,2,0x00,0x0032
2.06,0x14,write,0x07B,RAM_0x07B,direct,2,0x00,0x0034
2.06,0x14,write,0x07F,RAM_0x07F,direct,4,0x0F 0x57 0x75 0xF0,0x0004 0x0039
2.06,0x14,write,0x0A1,RAM_0x0A1,direct,1,0x14,0x0CFA
2.06,0x14,write,0x0CA,RAM_0x0CA,direct,2,0x00 0x1F,0x0DBD 0x0DDB
2.06,0x14,write,0x0CB,RAM_0x0CB,direct,1,0x00,0x0E42
2.06,0x14,write,0x0CC,RAM_0x0CC,direct,3,0x14 0x1C 0x30,0x0CF4 0x0E38 0x0E4A
2.06,0x14,write,0x0CD,RAM_0x0CD,direct,1,0x7A,0x0CF5
2.06,0x14,write,0x0D5,RAM_0x0D5,direct,1,0x30,0x0E4F
2.06,0x14,write,0x0D6,RAM_0x0D6,direct,2,0x00 0x14,0x0E51 0x0E58
2.06,0x14,write,0x0D7,RAM_0x0D7,direct,1,0x00,0x0E5A
2.06,0x14,write,0x0D8,RAM_0x0D8,direct,4,0x00 0x14 0x30,0x02F0 0x02F5 0x078A 0x078F
2.06,0x14,write,0x0D9,RAM_0x0D9,direct,8,0x00 0x01 0x03 0x41,0x02D5 0x02D7
2.06,0x14,write,0x0DA,RAM_0x0DA,direct,16,0x00 0x01 0x03 0x04 0x14 0x30,0x02BE 0x02D9 0x02DE
2.06,0x14,write,0x0DB,RAM_0x0DB,direct,8,0x30 0x31 0x33 0x34,0x02C9
2.06,0x15,read,0x003,STATUS,direct,103,0x04 0x18 0x1A 0x1B 0x1C 0x1E 0x1F 0x38 0x3A 0x3B 0x3C 0x3E 0x3F,0x0005 0x0017 0x0018 0x01B2 0x02BD 0x02C1 0x02CC 0x02D3 0x02DA 0x02DC 0x02DF 0x02EE 0x02F1 0x02F3 0x02F6 0x0788 0x078B 0x078D 0x0790 0x0CF2 0x0CF6 0x0CF9 0x0CFB 0x0D0D 0x0D1D 0x0D29 0x0D39 0x0D45 0x0D51 0x0D5D 0x0D69 0x0D72 0x0D7B 0x0D84 0x0D97 0x0DA3 0x0DAC 0x0DB8 0x0DBA 0x0DBC 0x0DC0 0x0DC8 0x0DCE 0x0DD6 0x0DDE 0x0DE0 0x0DE2 0x0DE6 0x0DEE 0x0DF6 0x0DFF 0x0E09 0x0E10 0x0E17 0x0E20 0x0E29 0x0E2D 0x0E31 0x0E37 0x0E3A 0x0E41 0x0E44 0x0E49 0x0E53 0x0E56 0x0E5C
2.06,0x15,read,0x004,FSR,direct,2,0x68,0x000B
2.06,0x15,read,0x00A,PCLATH,direct,13,0x00 0x08,0x0008 0x0042 0x0043 0x01B7 0x01B8 0x0E52 0x0E55 0x0E5B
2.06,0x15,read,0x00B,INTCON,direct,4,0x54,0x0019 0x001B
2.06,0x15,read,0x00C,PIR1,direct,19,0x59 0x5B,0x0021 0x0027 0x01B6 0x02CD 0x02E6 0x02EB 0x02FA 0x0785 0x0794
2.06,0x15,read,0x020,RAM_0x020,direct,2,0x00,0x0035
2.06,0x15,read,0x021,RAM_0x021,direct,2,0xC3 0xE1,0x0037
2.06,0x15,read,0x022,RAM_0x022,direct,2,0x68,0x0029
2.06,0x15,read,0x023,RAM_0x023,direct,2,0x00,0x002B
2.06,0x15,read,0x024,RAM_0x024,direct,2,0x00,0x002D
2.06,0x15,read,0x025,RAM_0x025,direct,2,0x24,0x002F
2.06,0x15,read,0x026,RAM_0x026,direct,2,0x00,0x0031
2.06,0x15,read,0x027,RAM_0x027,direct,2,0x00,0x0033
2.06,0x15,read,0x030,RAM_0x030,direct,1,0x00,0x0E32
2.06,0x15,read,0x031,RAM_0x031,direct,2,0xCF 0xD0,0x01A7
2.06,0x15,read,0x038,RAM_0x038,direct,2,0x00,0x01B1
2.06,0x15,read,0x03E,RAM_0x03E,direct,1,0x1F,0x0DBB
2.06,0x15,read,0x04C,RAM_0x04C,direct,2,0x00,0x01AB
2.06,0x15,read,0x051,RAM_0x051,direct,2,0x00,0x02E2 0x0CF7
2.06,0x15,read,0x058,RAM_0x058,direct,1,0x00,0x0DE1
2.06,0x15,read,0x062,RAM_0x062,direct,2,0x00,0x0E3B 0x0E45
2.06,0x15,read,0x068,RAM_0x068,indirect,1,0x00,0x0E40
2.06,0x15,read,0x077,RAM_0x077,direct,2,0x00,0x000D
2.06,0x15,read,0x078,RAM_0x078,direct,2,0x00,0x000F
2.06,0x15,read,0x079,RAM_0x079,direct,2,0x24,0x0011
2.06,0x15,read,0x07A,RAM_0x07A,direct,2,0x00,0x0013
2.06,0x15,read,0x07B,RAM_0x07B,direct,2,0x00,0x0015
2.06,0x15,read,0x07F,RAM_0x07F,direct,4,0x0F 0x57 0x75 0xF0,0x0039 0x003A
2.06,0x15,read,0x08C,PIE1,indirect,4,0x22,0x001F 0x0025
2.06,0x15,read,0x0A0,RAM_0x0A0,direct,1,0x0F,0x0E2F
2.06,0x15,read,0x0A1,RAM_0x0A1,direct,36,0x15,0x0CF3 0x0CFA 0x0D02 0x0D0B 0x0D1B 0x0D27 0x0D37 0x0D43 0x0D4F 0x0D5B 0x0D67 0x0D70 0x0D79 0x0D82 0x0D95 0x0DA1 0x0DAA 0x0DB6 0x0DBE 0x0DC6 0x0DCC 0x0DD4 0x0DDC 0x0DE4 0x0DEC 0x0DF4 0x0DFD 0x0E07 0x0E0E 0x0E15 0x0E1E 0x0E27 0x0E2B 0x0E39 0x0E43 0x0E57
2.06,0x15,read,0x0CA,RAM_0x0CA,direct,1,0x00,0x0E59
2.06,0x15,read,0x0CB,RAM_0x0CB,direct,1,0x00,0x0E50
2.06,0x15,read,0x0CC,RAM_0x0CC,direct,3,0x15 0x1D 0x32,0x0E38 0x0E4A 0x0E4E
2.06,0x15,read,0x0CD,RAM_0x0CD,direct,2,0x7A,0x0CF5 0x0E4C
2.06,0x15,read,0x0D5,RAM_0x0D5,direct,1,0x32,0x02EF
2.06,0x15,read,0x0D6,RAM_0x0D6,direct,2,0x00 0x15,0x02F4 0x0789
2.06,0x15,read,0x0D7,RAM_0x0D7,direct,1,0x00,0x078E
2.06,0x15,read,0x0D8,RAM_0x0D8,direct,8,0x00 0x15 0x32,0x02D4 0x02DD
2.06,0x15,read,0x0D9,RAM_0x0D9,direct,8,0x00 0x01 0x03 0x23 0x51,0x02D7 0x02D8
2.06,0x15,read,0x0DA,RAM_0x0DA,direct,24,0x00 0x01 0x02 0x03 0x05 0x15 0x32,0x02BE 0x02BF 0x02C8
2.06,0x15,read,0x0DB,RAM_0x0DB,direct,8,0x30 0x31 0x32 0x33 0x35,0x02CA
2.06,0x15,write,0x003,STATUS,direct,64,0x00 0x04 0x18 0x1A 0x1B 0x1C 0x1E 0x1F 0x38 0x3A 0x3B 0x3C 0x3E 0x3F,0x0006 0x0017 0x0018 0x0038 0x02BD 0x02CC 0x02D3 0x02DA 0x02DC 0x02DF 0x02EE 0x02F1 0x02F3 0x02F6 0x0788 0x078B 0x078D 0x0790 0x0CF2 0x0CF6 0x0CF9 0x0DBA 0x0DBC 0x0DE0 0x0DE2 0x0E31 0x0E37 0x0E3A 0x0E41 0x0E44 0x0E49 0x0E53 0x0E56 0x0E5C
2.06,0x15,write,0x004,FSR,direct,7,0x68 0x8C,0x001E 0x0024 0x002A 0x0E3F
2.06,0x15,write,0x00A,PCLATH,direct,15,0x00 0x08,0x000A 0x0036 0x0042 0x0043 0x01B7 0x01B8 0x0E52 0x0E55 0x0E5B
2.06,0x15,write,0x00C,PIR1,direct,2,0x59,0x01B6
2.06,0x15,write,0x019,TXREG,direct,13,0x0A 0x30 0x31 0x32 0x33 0x35 0x44 0x54 0x57,0x02D1 0x02E8 0x02ED 0x02FC 0x0787 0x0796
2.06,0x15,write,0x020,RAM_0x020,direct,2,0x00,0x0009
2.06,0x15,write,0x021,RAM_0x021,direct,2,0xC3 0xE1,0x0007
2.06,0x15,write,0x022,RAM_0x022,direct,2,0x68,0x000C
2.06,0x15,write,0x023,RAM_0x023,direct,2,0x00,0x000E
2.06,0x15,write,0x024,RAM_0x024,direct,2,0x00,0x0010
2.06,0x15,write,0x025,RAM_0x025,direct,2,0x24,0x0012
2.06,0x15,write,0x026,RAM_0x026,direct,2,0x00,0x0014
2.06,0x15,write,0x027,RAM_0x027,direct,2,0x00,0x0016
2.06,0x15,write,0x031,RAM_0x031,direct,2,0xD0 0xD1,0x01A7
2.06,0x15,write,0x038,RAM_0x038,direct,2,0x00,0x01B1
2.06,0x15,write,0x077,RAM_0x077,direct,2,0x00,0x002C
2.06,0x15,write,0x078,RAM_0x078,direct,2,0x00,0x002E
2.06,0x15,write,0x079,RAM_0x079,direct,2,0x24,0x0030
2.06,0x15,write,0x07A,RAM_0x07A,direct,2,0x00,0x0032
2.06,0x15,write,0x07B,RAM_0x07B,direct,2,0x00,0x0034
2.06,0x15,write,0x07F,RAM_0x07F,direct,4,0x0F 0x57 0x75 0xF0,0x0004 0x0039
2.06,0x15,write,0x0A1,RAM_0x0A1,direct,1,0x15,0x0CFA
2.06,0x15,write,0x0CA,RAM_0x0CA,direct,2,0x00 0x1F,0x0DBD 0x0DE3
2.06,0x15,write,0x0CB,RAM_0x0CB,direct,1,0x00,0x0E42
2.06,0x15,write,0x0CC,RAM_0x0CC,direct,3,0x15 0x1D 0x32,0x0CF4 0x0E38 0x0E4A
2.06,0x15,write,0x0CD,RAM_0x0CD,direct,1,0x7A,0x0CF5
2.06,0x15,write,0x0D5,RAM_0x0D5,direct,1,0x32,0x0E4F
2.06,0x15,write,0x0D6,RAM_0x0D6,direct,2,0x00 0x15,0x0E51 0x0E58
2.06,0x15,write,0x0D7,RAM_0x0D7,direct,1,0x00,0x0E5A
2.06,0x15,write,0x0D8,RAM_0x0D8,direct,4,0x00 0x15 0x32,0x02F0 0x02F5 0x078A 0x078F
2.06,0x15,write,0x0D9,RAM_0x0D9,direct,8,0x00 0x01 0x03 0x23 0x51,0x02D5 0x02D7
2.06,0x15,write,0x0DA,RAM_0x0DA,direct,16,0x00 0x01 0x02 0x03 0x05 0x15 0x32,0x02BE 0x02D9 0x02DE
2.06,0x15,write,0x0DB,RAM_0x0DB,direct,8,0x30 0x31 0x32 0x33 0x35,0x02C9
2.06,0x16,read,0x003,STATUS,direct,103,0x04 0x18 0x1A 0x1B 0x1C 0x1E 0x1F 0x38 0x3A 0x3B 0x3C 0x3E 0x3F,0x0005 0x0017 0x0018 0x01B2 0x02BD 0x02C1 0x02CC 0x02D3 0x02DA 0x02DC 0x02DF 0x02EE 0x02F1 0x02F3 0x02F6 0x0788 0x078B 0x078D 0x0790 0x0CF2 0x0CF6 0x0CF9 0x0CFB 0x0D0D 0x0D1D 0x0D29 0x0D39 0x0D45 0x0D51 0x0D5D 0x0D69 0x0D72 0x0D7B 0x0D84 0x0D97 0x0DA3 0x0DAC 0x0DB8 0x0DBA 0x0DBC 0x0DC0 0x0DC8 0x0DCE 0x0DD6 0x0DDE 0x0DE6 0x0DE8 0x0DEA 0x0DEE 0x0DF6 0x0DFF 0x0E09 0x0E10 0x0E17 0x0E20 0x0E29 0x0E2D 0x0E31 0x0E37 0x0E3A 0x0E41 0x0E44 0x0E49 0x0E53 0x0E56 0x0E5C
2.06,0x16,read,0x004,FSR,direct,2,0x69,0x000B
2.06,0x16,read,0x00A,PCLATH,direct,13,0x00 0x08,0x0008 0x0042 0x0043 0x01B7 0x01B8 0x0E52 0x0E55 0x0E5B
2.06,0x16,read,0x00B,INTCON,direct,4,0x54,0x0019 0x001B
2.06,0x16,read,0x00C,PIR1,direct,19,0x59 0x5B,0x0021 0x0027 0x01B6 0x02CD 0x02E6 0x02EB 0x02FA 0x0785 0x0794
2.06,0x16,read,0x020,RAM_0x020,direct,2,0x00,0x0035
2.06,0x16,read,0x021,RAM_0x021,direct,2,0xC3 0xE1,0x0037
2.06,0x16,read,0x022,RAM_0x022,direct,2,0x69,0x0029
2.06,0x16,read,0x023,RAM_0x023,direct,2,0x00,0x002B
2.06,0x16,read,0x024,RAM_0x024,direct,2,0x00,0x002D
2.06,0x16,read,0x025,RAM_0x025,direct,2,0x24,0x002F
2.06,0x16,read,0x026,RAM_0x026,direct,2,0x00,0x0031
2.06,0x16,read,0x027,RAM_0x027,direct,2,0x00,0x0033
2.06,0x16,read,0x030,RAM_0x030,direct,1,0x00,0x0E32
2.06,0x16,read,0x031,RAM_0x031,direct,2,0xCF 0xD0,0x01A7
2.06,0x16,read,0x038,RAM_0x038,direct,2,0x00,0x01B1
2.06,0x16,read,0x03E,RAM_0x03E,direct,1,0x1F,0x0DBB
2.06,0x16,read,0x04C,RAM_0x04C,direct,2,0x00,0x01AB
2.06,0x16,read,0x051,RAM_0x051,direct,2,0x00,0x02E2 0x0CF7
2.06,0x16,read,0x05F,RAM_0x05F,direct,1,0x00,0x0DE9
2.06,0x16,read,0x062,RAM_0x062,direct,2,0x00,0x0E3B 0x0E45
2.06,0x16,read,0x069,RAM_0x069,indirect,1,0x00,0x0E40
2.06,0x16,read,0x077,RAM_0x077,direct,2,0x00,0x000D
2.06,0x16,read,0x078,RAM_0x078,direct,2,0x00,0x000F
2.06,0x16,read,0x079,RAM_0x079,direct,2,0x24,0x0011
2.06,0x16,read,0x07A,RAM_0x07A,direct,2,0x00,0x0013
2.06,0x16,read,0x07B,RAM_0x07B,direct,2,0x00,0x0015
2.06,0x16,read,0x07F,RAM_0x07F,direct,4,0x0F 0x57 0x75 0xF0,0x0039 0x003A
2.06,0x16,read,0x08C,PIE1,indirect,4,0x22,0x001F 0x0025
2.06,0x16,read,0x0A0,RAM_0x0A0,direct,1,0x0F,0x0E2F
2.06,0x16,read,0x0A1,RAM_0x0A1,direct,36,0x16,0x0CF3 0x0CFA 0x0D02 0x0D0B 0x0D1B 0x0D27 0x0D37 0x0D43 0x0D4F 0x0D5B 0x0D67 0x0D70 0x0D79 0x0D82 0x0D95 0x0DA1 0x0DAA 0x0DB6 0x0DBE 0x0DC6 0x0DCC 0x0DD4 0x0DDC 0x0DE4 0x0DEC 0x0DF4 0x0DFD 0x0E07 0x0E0E 0x0E15 0x0E1E 0x0E27 0x0E2B 0x0E39 0x0E43 0x0E57
2.06,0x16,read,0x0CA,RAM_0x0CA,direct,1,0x00,0x0E59
2.06,0x16,read,0x0CB,RAM_0x0CB,direct,1,0x00,0x0E50
2.06,0x16,read,0x0CC,RAM_0x0CC,direct,3,0x16 0x1E 0x34,0x0E38 0x0E4A 0x0E4E
2.06,0x16,read,0x0CD,RAM_0x0CD,direct,2,0x7A,0x0CF5 0x0E4C
2.06,0x16,read,0x0D5,RAM_0x0D5,direct,1,0x34,0x02EF
2.06,0x16,read,0x0D6,RAM_0x0D6,direct,2,0x00 0x16,0x02F4 0x0789
2.06,0x16,read,0x0D7,RAM_0x0D7,direct,1,0x00,0x078E
2.06,0x16,read,0x0D8,RAM_0x0D8,direct,8,0x00 0x16 0x34,0x02D4 0x02DD
2.06,0x16,read,0x0D9,RAM_0x0D9,direct,8,0x00 0x01 0x03 0x43 0x61,0x02D7 0x02D8
2.06,0x16,read,0x0DA,RAM_0x0DA,direct,24,0x00 0x01 0x03 0x04 0x06 0x16 0x34,0x02BE 0x02BF 0x02C8
2.06,0x16,read,0x0DB,RAM_0x0DB,direct,8,0x30 0x31 0x33 0x34 0x36,0x02CA
2.06,0x16,write,0x003,STATUS,direct,64,0x00 0x04 0x18 0x1A 0x1B 0x1C 0x1E 0x1F 0x38 0x3A 0x3B 0x3C 0x3E 0x3F,0x0006 0x0017 0x0018 0x0038 0x02BD 0x02CC 0x02D3 0x02DA 0x02DC 0x02DF 0x02EE 0x02F1 0x02F3 0x02F6 0x0788 0x078B 0x078D 0x0790 0x0CF2 0x0CF6 0x0CF9 0x0DBA 0x0DBC 0x0DE8 0x0DEA 0x0E31 0x0E37 0x0E3A 0x0E41 0x0E44 0x0E49 0x0E53 0x0E56 0x0E5C
2.06,0x16,write,0x004,FSR,direct,7,0x69 0x8C,0x001E 0x0024 0x002A 0x0E3F
2.06,0x16,write,0x00A,PCLATH,direct,15,0x00 0x08,0x000A 0x0036 0x0042 0x0043 0x01B7 0x01B8 0x0E52 0x0E55 0x0E5B
2.06,0x16,write,0x00C,PIR1,direct,2,0x59,0x01B6
2.06,0x16,write,0x019,TXREG,direct,13,0x0A 0x30 0x31 0x33 0x34 0x36 0x44 0x54 0x57,0x02D1 0x02E8 0x02ED 0x02FC 0x0787 0x0796
2.06,0x16,write,0x020,RAM_0x020,direct,2,0x00,0x0009
2.06,0x16,write,0x021,RAM_0x021,direct,2,0xC3 0xE1,0x0007
2.06,0x16,write,0x022,RAM_0x022,direct,2,0x69,0x000C
2.06,0x16,write,0x023,RAM_0x023,direct,2,0x00,0x000E
2.06,0x16,write,0x024,RAM_0x024,direct,2,0x00,0x0010
2.06,0x16,write,0x025,RAM_0x025,direct,2,0x24,0x0012
2.06,0x16,write,0x026,RAM_0x026,direct,2,0x00,0x0014
2.06,0x16,write,0x027,RAM_0x027,direct,2,0x00,0x0016
2.06,0x16,write,0x031,RAM_0x031,direct,2,0xD0 0xD1,0x01A7
2.06,0x16,write,0x038,RAM_0x038,direct,2,0x00,0x01B1
2.06,0x16,write,0x077,RAM_0x077,direct,2,0x00,0x002C
2.06,0x16,write,0x078,RAM_0x078,direct,2,0x00,0x002E
2.06,0x16,write,0x079,RAM_0x079,direct,2,0x24,0x0030
2.06,0x16,write,0x07A,RAM_0x07A,direct,2,0x00,0x0032
2.06,0x16,write,0x07B,RAM_0x07B,direct,2,0x00,0x0034
2.06,0x16,write,0x07F,RAM_0x07F,direct,4,0x0F 0x57 0x75 0xF0,0x0004 0x0039
2.06,0x16,write,0x0A1,RAM_0x0A1,direct,1,0x16,0x0CFA
2.06,0x16,write,0x0CA,RAM_0x0CA,direct,2,0x00 0x1F,0x0DBD 0x0DEB
2.06,0x16,write,0x0CB,RAM_0x0CB,direct,1,0x00,0x0E42
2.06,0x16,write,0x0CC,RAM_0x0CC,direct,3,0x16 0x1E 0x34,0x0CF4 0x0E38 0x0E4A
2.06,0x16,write,0x0CD,RAM_0x0CD,direct,1,0x7A,0x0CF5
2.06,0x16,write,0x0D5,RAM_0x0D5,direct,1,0x34,0x0E4F
2.06,0x16,write,0x0D6,RAM_0x0D6,direct,2,0x00 0x16,0x0E51 0x0E58
2.06,0x16,write,0x0D7,RAM_0x0D7,direct,1,0x00,0x0E5A
2.06,0x16,write,0x0D8,RAM_0x0D8,direct,4,0x00 0x16 0x34,0x02F0 0x02F5 0x078A 0x078F
2.06,0x16,write,0x0D9,RAM_0x0D9,direct,8,0x00 0x01 0x03 0x43 0x61,0x02D5 0x02D7
2.06,0x16,write,0x0DA,RAM_0x0DA,direct,16,0x00 0x01 0x03 0x04 0x06 0x16 0x34,0x02BE 0x02D9 0x02DE
2.06,0x16,write,0x0DB,RAM_0x0DB,direct,8,0x30 0x31 0x33 0x34 0x36,0x02C9
2.06,0x17,read,0x003,STATUS,direct,103,0x04 0x18 0x1A 0x1C 0x1E 0x1F 0x38 0x3A 0x3B 0x3C 0x3E 0x3F,0x0005 0x0017 0x0018 0x01B2 0x02BD 0x02C1 0x02CC 0x02D3 0x02DA 0x02DC 0x02DF 0x02EE 0x02F1 0x02F3 0x02F6 0x0788 0x078B 0x078D 0x0790 0x0CF2 0x0CF6 0x0CF9 0x0CFB 0x0D0D 0x0D1D 0x0D29 0x0D39 0x0D45 0x0D51 0x0D5D 0x0D69 0x0D72 0x0D7B 0x0D84 0x0D97 0x0DA3 0x0DAC 0x0DB8 0x0DBA 0x0DBC 0x0DC0 0x0DC8 0x0DCE 0x0DD6 0x0DDE 0x0DE6 0x0DEE 0x0DF0 0x0DF2 0x0DF6 0x0DFF 0x0E09 0x0E10 0x0E17 0x0E20 0x0E29 0x0E2D 0x0E31 0x0E37 0x0E3A 0x0E41 0x0E44 0x0E49 0x0E53 0x0E56 0x0E5C
2.06,0x17,read,0x004,FSR,direct,2,0x6A,0x000B
2.06,0x17,read,0x00A,PCLATH,direct,13,0x00 0x08,0x0008 0x0042 0x0043 0x01B7 0x01B8 0x0E52 0x0E55 0x0E5B
2.06,0x17,read,0x00B,INTCON,direct,4,0x54,0x0019 0x001B
2.06,0x17,read,0x00C,PIR1,direct,19,0x59 0x5B,0x0021 0x0027 0x01B6 0x02CD 0x02E6 0x02EB 0x02FA 0x0785 0x0794
2.06,0x17,read,0x020,RAM_0x020,direct,2,0x00,0x0035
2.06,0x17,read,0x021,RAM_0x021,direct,2,0xC3 0xE1,0x0037
2.06,0x17,read,0x022,RAM_0x022,direct,2,0x6A,0x0029
2.06,0x17,read,0x023,RAM_0x023,direct,2,0x00,0x002B
2.06,0x17,read,0x024,RAM_0x024,direct,2,0x00,0x002D
2.06,0x17,read,0x025,RAM_0x025,direct,2,0x24,0x002F
2.06,0x17,read,0x026,RAM_0x026,direct,2,0x00,0x0031
2.06,0x17,read,0x027,RAM_0x027,direct,2,0x00,0x0033
2.06,0x17,read,0x030,RAM_0x030,direct,1,0x00,0x0E32
2.06,0x17,read,0x031,RAM_0x031,direct,2,0xCF 0xD0,0x01A7
2.06,0x17,read,0x038,RAM_0x038,direct,2,0x00,0x01B1
2.06,0x17,read,0x03E,RAM_0x03E,direct,1,0x1F,0x0DBB
2.06,0x17,read,0x04C,RAM_0x04C,direct,2,0x00,0x01AB
2.06,0x17,read,0x051,RAM_0x051,direct,2,0x00,0x02E2 0x0CF7
2.06,0x17,read,0x05E,RAM_0x05E,direct,1,0x00,0x0DF1
2.06,0x17,read,0x062,RAM_0x062,direct,2,0x00,0x0E3B 0x0E45
2.06,0x17,read,0x06A,RAM_0x06A,indirect,1,0x00,0x0E40
2.06,0x17,read,0x077,RAM_0x077,direct,2,0x00,0x000D
2.06,0x17,read,0x078,RAM_0x078,direct,2,0x00,0x000F
2.06,0x17,read,0x079,RAM_0x079,direct,2,0x24,0x0011
2.06,0x17,read,0x07A,RAM_0x07A,direct,2,0x00,0x0013
2.06,0x17,read,0x07B,RAM_0x07B,direct,2,0x00,0x0015
2.06,0x17,read,0x07F,RAM_0x07F,direct,4,0x0F 0x57 0x75 0xF0,0x0039 0x003A
2.06,0x17,read,0x08C,PIE1,indirect,4,0x22,0x001F 0x0025
2.06,0x17,read,0x0A0,RAM_0x0A0,direct,1,0x0F,0x0E2F
2.06,0x17,read,0x0A1,RAM_0x0A1,direct,36,0x17,0x0CF3 0x0CFA 0x0D02 0x0D0B 0x0D1B 0x0D27 0x0D37 0x0D43 0x0D4F 0x0D5B 0x0D67 0x0D70 0x0D79 0x0D82 0x0D95 0x0DA1 0x0DAA 0x0DB6 0x0DBE 0x0DC6 0x0DCC 0x0DD4 0x0DDC 0x0DE4 0x0DEC 0x0DF4 0x0DFD 0x0E07 0x0E0E 0x0E15 0x0E1E 0x0E27 0x0E2B 0x0E39 0x0E43 0x0E57
2.06,0x17,read,0x0CA,RAM_0x0CA,direct,1,0x00,0x0E59
2.06,0x17,read,0x0CB,RAM_0x0CB,direct,1,0x00,0x0E50
2.06,0x17,read,0x0CC,RAM_0x0CC,direct,3,0x17 0x1F 0x36,0x0E38 0x0E4A 0x0E4E
2.06,0x17,read,0x0CD,RAM_0x0CD,direct,2,0x7A,0x0CF5 0x0E4C
2.06,0x17,read,0x0D5,RAM_0x0D5,direct,1,0x36,0x02EF
2.06,0x17,read,0x0D6,RAM_0x0D6,direct,2,0x00 0x17,0x02F4 0x0789
2.06,0x17,read,0x0D7,RAM_0x0D7,direct,1,0x00,0x078E
2.06,0x17,read,0x0D8,RAM_0x0D8,direct,8,0x00 0x17 0x36,0x02D4 0x02DD
2.06,0x17,read,0x0D9,RAM_0x0D9,direct,8,0x00 0x01 0x03 0x63 0x71,0x02D7 0x02D8
2.06,0x17,read,0x0DA,RAM_0x0DA,direct,24,0x00 0x01 0x03 0x06 0x07 0x17 0x36,0x02BE 0x02BF 0x02C8
2.06,0x17,read,0x0DB,RAM_0x0DB,direct,8,0x30 0x31 0x33 0x36 0x37,0x02CA
2.06,0x17,write,0x003,STATUS,direct,64,0x00 0x04 0x18 0x1A 0x1C 0x1E 0x1F 0x38 0x3A 0x3C 0x3E 0x3F,0x0006 0x0017 0x0018 0x0038 0x02BD 0x02CC 0x02D3 0x02DA 0x02DC 0x02DF 0x02EE 0x02F1 0x02F3 0x02F6 0x0788 0x078B 0x078D 0x0790 0x0CF2 0x0CF6 0x0CF9 0x0DBA 0x0DBC 0x0DF0 0x0DF2 0x0E31 0x0E37 0x0E3A 0x0E41 0x0E44 0x0E49 0x0E53 0x0E56 0x0E5C
2.06,0x17,write,0x004,FSR,direct,7,0x6A 0x8C,0x001E 0x0024 0x002A 0x0E3F
2.06,0x17,write,0x00A,PCLATH,direct,15,0x00 0x08,0x000A 0x0036 0x0042 0x0043 0x01B7 0x01B8 0x0E52 0x0E55 0x0E5B
2.06,0x17,write,0x00C,PIR1,direct,2,0x59,0x01B6
2.06,0x17,write,0x019,TXREG,direct,13,0x0A 0x30 0x31 0x33 0x36 0x37 0x44 0x54 0x57,0x02D1 0x02E8 0x02ED 0x02FC 0x0787 0x0796
2.06,0x17,write,0x020,RAM_0x020,direct,2,0x00,0x0009
2.06,0x17,write,0x021,RAM_0x021,direct,2,0xC3 0xE1,0x0007
2.06,0x17,write,0x022,RAM_0x022,direct,2,0x6A,0x000C
2.06,0x17,write,0x023,RAM_0x023,direct,2,0x00,0x000E
2.06,0x17,write,0x024,RAM_0x024,direct,2,0x00,0x0010
2.06,0x17,write,0x025,RAM_0x025,direct,2,0x24,0x0012
2.06,0x17,write,0x026,RAM_0x026,direct,2,0x00,0x0014
2.06,0x17,write,0x027,RAM_0x027,direct,2,0x00,0x0016
2.06,0x17,write,0x031,RAM_0x031,direct,2,0xD0 0xD1,0x01A7
2.06,0x17,write,0x038,RAM_0x038,direct,2,0x00,0x01B1
2.06,0x17,write,0x077,RAM_0x077,direct,2,0x00,0x002C
2.06,0x17,write,0x078,RAM_0x078,direct,2,0x00,0x002E
2.06,0x17,write,0x079,RAM_0x079,direct,2,0x24,0x0030
2.06,0x17,write,0x07A,RAM_0x07A,direct,2,0x00,0x0032
2.06,0x17,write,0x07B,RAM_0x07B,direct,2,0x00,0x0034
2.06,0x17,write,0x07F,RAM_0x07F,direct,4,0x0F 0x57 0x75 0xF0,0x0004 0x0039
2.06,0x17,write,0x0A1,RAM_0x0A1,direct,1,0x17,0x0CFA
2.06,0x17,write,0x0CA,RAM_0x0CA,direct,2,0x00 0x1F,0x0DBD 0x0DF3
2.06,0x17,write,0x0CB,RAM_0x0CB,direct,1,0x00,0x0E42
2.06,0x17,write,0x0CC,RAM_0x0CC,direct,3,0x17 0x1F 0x36,0x0CF4 0x0E38 0x0E4A
2.06,0x17,write,0x0CD,RAM_0x0CD,direct,1,0x7A,0x0CF5
2.06,0x17,write,0x0D5,RAM_0x0D5,direct,1,0x36,0x0E4F
2.06,0x17,write,0x0D6,RAM_0x0D6,direct,2,0x00 0x17,0x0E51 0x0E58
2.06,0x17,write,0x0D7,RAM_0x0D7,direct,1,0x00,0x0E5A
2.06,0x17,write,0x0D8,RAM_0x0D8,direct,4,0x00 0x17 0x36,0x02F0 0x02F5 0x078A 0x078F
2.06,0x17,write,0x0D9,RAM_0x0D9,direct,8,0x00 0x01 0x03 0x63 0x71,0x02D5 0x02D7
2.06,0x17,write,0x0DA,RAM_0x0DA,direct,16,0x00 0x01 0x03 0x06 0x07 0x17 0x36,0x02BE 0x02D9 0x02DE
2.06,0x17,write,0x0DB,RAM_0x0DB,direct,8,0x30 0x31 0x33 0x36 0x37,0x02C9
2.06,0x18,read,0x003,STATUS,direct,67,0x04 0x18 0x1A 0x1B 0x38 0x3A 0x3B 0x3F,0x0005 0x0017 0x0018 0x01B2 0x02BD 0x02C1 0x02CC 0x02D3 0x02DA 0x02DC 0x02DF 0x0788 0x078B 0x078D 0x0790 0x0CF2 0x0CF6 0x0CF9 0x0CFB 0x0D0D 0x0D1D 0x0D29 0x0D39 0x0D45 0x0D51 0x0D5D 0x0D69 0x0D72 0x0D7B 0x0D84 0x0D97 0x0DA3 0x0DAC 0x0DB8 0x0DBA 0x0DBC 0x0DC0 0x0DC8 0x0DCE 0x0DD6 0x0DDE 0x0DE6 0x0DEE 0x0DF6 0x0DF8 0x0DFA 0x0DFF 0x0E09 0x0E10 0x0E17 0x0E20 0x0E29 0x0E2D 0x0E5C
2.06,0x18,read,0x004,FSR,direct,1,0xD0,0x000B
2.06,0x18,read,0x00A,PCLATH,direct,6,0x00 0x08,0x0008 0x0042 0x0043 0x01B7 0x01B8 0x0E5B
2.06,0x18,read,0x00B,INTCON,direct,2,0x54,0x0019 0x001B
2.06,0x18,read,0x00C,PIR1,direct,9,0x59 0x5B,0x0021 0x0027 0x01B6 0x02CD 0x0785 0x0794
2.06,0x18,read,0x020,RAM_0x020,direct,1,0x00,0x0035
2.06,0x18,read,0x021,RAM_0x021,direct,1,0x83,0x0037
2.06,0x18,read,0x022,RAM_0x022,direct,1,0xD0,0x0029
2.06,0x18,read,0x023,RAM_0x023,direct,1,0x00,0x002B
2.06,0x18,read,0x024,RAM_0x024,direct,1,0x00,0x002D
2.06,0x18,read,0x025,RAM_0x025,direct,1,0x24,0x002F
2.06,0x18,read,0x026,RAM_0x026,direct,1,0x00,0x0031
2.06,0x18,read,0x027,RAM_0x027,direct,1,0x00,0x0033
2.06,0x18,read,0x031,RAM_0x031,direct,1,0xCF,0x01A7
2.06,0x18,read,0x033,RAM_0x033,direct,1,0x57,0x0DF9
2.06,0x18,read,0x038,RAM_0x038,direct,1,0x00,0x01B1
2.06,0x18,read,0x03E,RAM_0x03E,direct,1,0x1F,0x0DBB
2.06,0x18,read,0x04C,RAM_0x04C,direct,1,0x00,0x01AB
2.06,0x18,read,0x051,RAM_0x051,direct,1,0x00,0x0CF7
2.06,0x18,read,0x077,RAM_0x077,direct,1,0x00,0x000D
2.06,0x18,read,0x078,RAM_0x078,direct,1,0x00,0x000F
2.06,0x18,read,0x079,RAM_0x079,direct,1,0x24,0x0011
2.06,0x18,read,0x07A,RAM_0x07A,direct,1,0x00,0x0013
2.06,0x18,read,0x07B,RAM_0x07B,direct,1,0x00,0x0015
2.06,0x18,read,0x07F,RAM_0x07F,direct,2,0x13 0x31,0x0039 0x003A
2.06,0x18,read,0x08C,PIE1,indirect,2,0x22,0x001F 0x0025
2.06,0x18,read,0x0A1,RAM_0x0A1,direct,34,0x18,0x0CF3 0x0CFA 0x0D02 0x0D0B 0x0D1B 0x0D27 0x0D37 0x0D43 0x0D4F 0x0D5B 0x0D67 0x0D70 0x0D79 0x0D82 0x0D95 0x0DA1 0x0DAA 0x0DB6 0x0DBE 0x0DC6 0x0DCC 0x0DD4 0x0DDC 0x0DE4 0x0DEC 0x0DF4 0x0DFD 0x0E07 0x0E0E 0x0E15 0x0E1E 0x0E27 0x0E2B 0x0E57
2.06,0x18,read,0x0CA,RAM_0x0CA,direct,1,0x57,0x0E59
2.06,0x18,read,0x0CD,RAM_0x0CD,direct,3,0x7A 0x7B,0x0CF5 0x0DFC 0x0E4C
2.06,0x18,read,0x0D6,RAM_0x0D6,direct,1,0x18,0x0789
2.06,0x18,read,0x0D7,RAM_0x0D7,direct,1,0x57,0x078E
2.06,0x18,read,0x0D8,RAM_0x0D8,direct,4,0x18 0x57,0x02D4 0x02DD
2.06,0x18,read,0x0D9,RAM_0x0D9,direct,4,0x01 0x05 0x75 0x81,0x02D7 0x02D8
2.06,0x18,read,0x0DA,RAM_0x0DA,direct,12,0x01 0x05 0x07 0x08 0x18 0x57,0x02BE 0x02BF 0x02C8
2.06,0x18,read,0x0DB,RAM_0x0DB,direct,4,0x31 0x35 0x37 0x38,0x02CA
2.06,0x18,write,0x003,STATUS,direct,32,0x00 0x04 0x18 0x1A 0x1F 0x38 0x3A 0x3B,0x0006 0x0017 0x0018 0x0038 0x02BD 0x02CC 0x02D3 0x02DA 0x02DC 0x02DF 0x0788 0x078B 0x078D 0x0790 0x0CF2 0x0CF6 0x0CF9 0x0DBA 0x0DBC 0x0DF8 0x0DFA 0x0E5C
2.06,0x18,write,0x004,FSR,direct,3,0x8C 0xD0,0x001E 0x0024 0x002A
2.06,0x18,write,0x00A,PCLATH,direct,7,0x00,0x000A 0x0036 0x0042 0x0043 0x01B7 0x01B8 0x0E5B
2.06,0x18,write,0x00C,PIR1,direct,1,0x59,0x01B6
2.06,0x18,write,0x019,TXREG,direct,6,0x0A 0x31 0x35 0x37 0x38 0x54,0x02D1 0x0787 0x0796
2.06,0x18,write,0x020,RAM_0x020,direct,1,0x00,0x0009
2.06,0x18,write,0x021,RAM_0x021,direct,1,0x83,0x0007
2.06,0x18,write,0x022,RAM_0x022,direct,1,0xD0,0x000C
2.06,0x18,write,0x023,RAM_0x023,direct,1,0x00,0x000E
2.06,0x18,write,0x024,RAM_0x024,direct,1,0x00,0x0010
2.06,0x18,write,0x025,RAM_0x025,direct,1,0x24,0x0012
2.06,0x18,write,0x026,RAM_0x026,direct,1,0x00,0x0014
2.06,0x18,write,0x027,RAM_0x027,direct,1,0x00,0x0016
2.06,0x18,write,0x031,RAM_0x031,direct,1,0xD0,0x01A7
2.06,0x18,write,0x038,RAM_0x038,direct,1,0x00,0x01B1
2.06,0x18,write,0x077,RAM_0x077,direct,1,0x00,0x002C
2.06,0x18,write,0x078,RAM_0x078,direct,1,0x00,0x002E
2.06,0x18,write,0x079,RAM_0x079,direct,1,0x24,0x0030
2.06,0x18,write,0x07A,RAM_0x07A,direct,1,0x00,0x0032
2.06,0x18,write,0x07B,RAM_0x07B,direct,1,0x00,0x0034
2.06,0x18,write,0x07F,RAM_0x07F,direct,2,0x13 0x31,0x0004 0x0039
2.06,0x18,write,0x0A1,RAM_0x0A1,direct,1,0x18,0x0CFA
2.06,0x18,write,0x0CA,RAM_0x0CA,direct,2,0x1F 0x57,0x0DBD 0x0DFB
2.06,0x18,write,0x0CC,RAM_0x0CC,direct,1,0x18,0x0CF4
2.06,0x18,write,0x0CD,RAM_0x0CD,direct,2,0x7A 0x7B,0x0CF5 0x0DFC
2.06,0x18,write,0x0D6,RAM_0x0D6,direct,1,0x18,0x0E58
2.06,0x18,write,0x0D7,RAM_0x0D7,direct,1,0x57,0x0E5A
2.06,0x18,write,0x0D8,RAM_0x0D8,direct,2,0x18 0x57,0x078A 0x078F
2.06,0x18,write,0x0D9,RAM_0x0D9,direct,4,0x01 0x05 0x75 0x81,0x02D5 0x02D7
2.06,0x18,write,0x0DA,RAM_0x0DA,direct,8,0x01 0x05 0x07 0x08 0x18 0x57,0x02BE 0x02D9 0x02DE
2.06,0x18,write,0x0DB,RAM_0x0DB,direct,4,0x31 0x35 0x37 0x38,0x02C9
2.06,0x19,read,0x002,PCL,direct,3,0x49 0x55,0x0048 0x0054
2.06,0x19,read,0x003,STATUS,direct,191,0x04 0x18 0x1A 0x1B 0x1C 0x1E 0x1F 0x38 0x3A 0x3B 0x3C 0x3D 0x3E 0x3F 0x58 0x78,0x0005 0x0017 0x0018 0x01B2 0x02BD 0x02C1 0x02CC 0x02D3 0x02DA 0x02DC 0x02DF 0x03E9 0x03EF 0x03F3 0x03FD 0x04D5 0x04D7 0x04DA 0x04DE 0x04E5 0x04E9 0x04F7 0x0788 0x078B 0x078D 0x0790 0x0798 0x079B 0x079F 0x07A1 0x07A2 0x07A4 0x07A5 0x07A7 0x07AA 0x07AC 0x07AD 0x07B1 0x07BC 0x07BF 0x07C1 0x07C4 0x07D2 0x0943 0x0947 0x0951 0x0954 0x0957 0x095B 0x095E 0x0962 0x0966 0x096B 0x096F 0x097D 0x097F 0x0981 0x0983 0x0995 0x0997 0x0999 0x099B 0x09A2 0x09AB 0x09B3 0x09B7 0x0CF2 0x0CF6 0x0CF9 0x0CFB 0x0D0D 0x0D1D 0x0D29 0x0D39 0x0D45 0x0D51 0x0D5D 0x0D69 0x0D72 0x0D7B 0x0D84 0x0D97 0x0DA3 0x0DAC 0x0DB8 0x0DBA 0x0DBC 0x0DC0 0x0DC8 0x0DCE 0x0DD6 0x0DDE 0x0DE6 0x0DEE 0x0DF6 0x0DFF 0x0E01 0x0E04 0x0E09 0x0E10 0x0E17 0x0E20 0x0E29 0x0E2D 0x0E5C
2.06,0x19,read,0x004,FSR,direct,4,0xD0,0x000B
2.06,0x19,read,0x00A,PCLATH,direct,40,0x00 0x08,0x0008 0x0042 0x0043 0x0045 0x0046 0x0047 0x0051 0x0052 0x0053 0x01B7 0x01B8 0x0953 0x0956 0x095A 0x095D 0x0961 0x0964 0x096A 0x096D 0x09A1 0x09A4 0x0E5B
2.06,0x19,read,0x00B,INTCON,direct,8,0x54,0x0019 0x001B
2.06,0x19,read,0x00C,PIR1,direct,18,0x59 0x5B,0x0021 0x0027 0x01B6 0x02CD 0x0785 0x0794
2.06,0x19,read,0x020,RAM_0x020,direct,4,0x00 0x08,0x0035
2.06,0x19,read,0x021,RAM_0x021,direct,4,0x83 0xA3 0xD3,0x0037
2.06,0x19,read,0x022,RAM_0x022,direct,4,0xD0,0x0029
2.06,0x19,read,0x023,RAM_0x023,direct,4,0x00 0x0A,0x002B
2.06,0x19,read,0x024,RAM_0x024,direct,4,0x00 0x1C 0x28,0x002D
2.06,0x19,read,0x025,RAM_0x025,direct,4,0x00 0x24 0xFA,0x002F
2.06,0x19,read,0x026,RAM_0x026,direct,4,0x00,0x0031
2.06,0x19,read,0x027,RAM_0x027,direct,4,0x00,0x0033
2.06,0x19,read,0x031,RAM_0x031,direct,4,0xCF 0xD0 0xD1 0xD2,0x01A7
2.06,0x19,read,0x038,RAM_0x038,direct,4,0x00,0x01B1
2.06,0x19,read,0x039,RAM_0x039,direct,1,0x00,0x099A
2.06,0x19,read,0x03A,RAM_0x03A,direct,2,0x00,0x097E 0x0996
2.06,0x19,read,0x03E,RAM_0x03E,direct,1,0x1F,0x0DBB
2.06,0x19,read,0x04C,RAM_0x04C,direct,6,0x00,0x01AB 0x0941 0x0948
2.06,0x19,read,0x051,RAM_0x051,direct,2,0x00,0x079C 0x0CF7
2.06,0x19,read,0x077,RAM_0x077,direct,55,0x00 0x01 0x03 0x07 0x0A 0x0F 0x19 0x1F 0x32 0x3E 0x64 0x7D,0x000D 0x03F2 0x03F8 0x04E1 0x04E8 0x09B2
2.06,0x19,read,0x078,RAM_0x078,direct,40,0x00 0x01 0x02 0x04 0x09 0x12 0x19 0x1C 0x23 0x24 0x28 0x32 0x46 0x48 0x64 0x80 0x8C 0x91,0x000F 0x03FA 0x04F2 0x07C3 0x0971 0x09A7 0x0E03
2.06,0x19,read,0x079,RAM_0x079,direct,41,0x00 0x01 0x02 0x04 0x09 0x12 0x24 0x3E 0x40 0x7D 0x80 0xA0 0xD0 0xE8 0xF4 0xFA,0x0011 0x03F9 0x04F3 0x07D4 0x07D6 0x096E 0x09A5 0x09AA
2.06,0x19,read,0x07A,RAM_0x07A,direct,55,0x00,0x0013 0x03F6 0x03F7 0x04E2 0x04E4 0x07C9
2.06,0x19,read,0x07B,RAM_0x07B,direct,4,0x00,0x0015
2.06,0x19,read,0x07F,RAM_0x07F,direct,8,0x00 0x03 0x06 0x30 0x60 0x6F 0xF6,0x0039 0x003A
2.06,0x19,read,0x08C,PIE1,indirect,8,0x22,0x001F 0x0025
2.06,0x19,read,0x0A0,RAM_0x0A0,direct,1,0x0F,0x0799
2.06,0x19,read,0x0A1,RAM_0x0A1,direct,34,0x19,0x0CF3 0x0CFA 0x0D02 0x0D0B 0x0D1B 0x0D27 0x0D37 0x0D43 0x0D4F 0x0D5B 0x0D67 0x0D70 0x0D79 0x0D82 0x0D95 0x0DA1 0x0DAA 0x0DB6 0x0DBE 0x0DC6 0x0DCC 0x0DD4 0x0DDC 0x0DE4 0x0DEC 0x0DF4 0x0DFD 0x0E07 0x0E0E 0x0E15 0x0E1E 0x0E27 0x0E2B 0x0E57
2.06,0x19,read,0x0CA,RAM_0x0CA,direct,1,0x1C,0x0E59
2.06,0x19,read,0x0CD,RAM_0x0CD,direct,3,0x7A 0x7B,0x0CF5 0x0E06 0x0E4C
2.06,0x19,read,0x0CE,RAM_0x0CE,direct,2,0x12 0x1C,0x09B4 0x09B5
2.06,0x19,read,0x0CF,RAM_0x0CF,direct,3,0x00,0x0945 0x0952 0x0960
2.06,0x19,read,0x0D0,RAM_0x0D0,direct,1,0x00,0x0959
2.06,0x19,read,0x0D1,RAM_0x0D1,direct,6,0x40 0xA0 0xD0 0xE8 0xF4 0xFA,0x0978 0x097A 0x098E 0x0990 0x0992 0x099F
2.06,0x19,read,0x0D2,RAM_0x0D2,direct,9,0x00 0x07 0x0F 0x1F 0x20 0x41 0x83,0x0977 0x0979 0x097C 0x0980 0x098D 0x098F 0x0991 0x0994 0x099D
2.06,0x19,read,0x0D3,RAM_0x0D3,direct,4,0x12 0x64 0x80,0x07C7 0x07D0 0x0968 0x0975
2.06,0x19,read,0x0D4,RAM_0x0D4,direct,4,0x28 0x3E 0x64 0x94,0x07A0 0x07A3 0x0967 0x0973
2.06,0x19,read,0x0D5,RAM_0x0D5,direct,3,0x00 0x64 0xBE,0x07AF 0x07B5 0x07CE
2.06,0x19,read,0x0D6,RAM_0x0D6,direct,33,0x00 0x01 0x02 0x05 0x0A 0x14 0x19 0x20 0x28 0x40 0x50 0x80 0x90 0xA0,0x03EE 0x04DF 0x0789
2.06,0x19,read,0x0D7,RAM_0x0D7,direct,33,0x00 0x19 0x1C 0x20 0x23 0x32 0x40 0x46 0x64 0x80 0x8C 0x90 0x91 0xC8,0x03ED 0x04E0 0x078E
2.06,0x19,read,0x0D8,RAM_0x0D8,direct,23,0x19 0x1C 0x64 0xFA,0x02D4 0x02DD 0x03F1 0x04D9 0x04E7
2.06,0x19,read,0x0D9,RAM_0x0D9,direct,23,0x00 0x01 0x91 0xC1,0x02D7 0x02D8 0x03F5 0x04D6 0x04E3
2.06,0x19,read,0x0DA,RAM_0x0DA,direct,44,0x01 0x02 0x03 0x04 0x05 0x06 0x07 0x08 0x09 0x0A 0x0B 0x0C 0x0D 0x0E 0x0F 0x10 0x19 0x1C,0x02BE 0x02BF 0x02C4 0x02C8 0x03FB 0x04F4
2.06,0x19,read,0x0DB,RAM_0x0DB,direct,4,0x31 0x39 0x63,0x02CA
2.06,0x19,read,0x10C,EEDATA,direct,1,0xBE,0x07AB
2.06,0x19,read,0x18C,EECON1,direct,2,0x00,0x07A8 0x07A9
2.06,0x19,write,0x002,PCL,direct,3,0x49 0x55,0x0048 0x0054
2.06,0x19,write,0x003,STATUS,direct,100,0x00 0x04 0x18 0x1A 0x1C 0x1E 0x1F 0x38 0x3A 0x3B 0x3C 0x3D 0x3E 0x3F 0x58 0x78,0x0006 0x0017 0x0018 0x0038 0x02BD 0x02CC 0x02D3 0x02DA 0x02DC 0x02DF 0x03E9 0x03FD 0x04D5 0x04DE 0x04F7 0x0788 0x078B 0x078D 0x0790 0x0798 0x079B 0x079F 0x07A1 0x07A2 0x07A4 0x07A5 0x07A7 0x07AA 0x07AC 0x07AD 0x07BC 0x07BF 0x07C1 0x07C4 0x07D2 0x0943 0x0947 0x0951 0x0954 0x0957 0x095B 0x095E 0x0962 0x0966 0x096B 0x096F 0x097D 0x097F 0x0995 0x0997 0x0999 0x099B 0x09A2 0x09B3 0x09B7 0x0CF2 0x0CF6 0x0CF9 0x0DBA 0x0DBC 0x0E01 0x0E04 0x0E5C
2.06,0x19,write,0x004,FSR,direct,12,0x8C 0xD0,0x001E 0x0024 0x002A
2.06,0x19,write,0x00A,PCLATH,direct,44,0x00 0x08,0x000A 0x0036 0x0042 0x0043 0x0045 0x0046 0x0047 0x0051 0x0052 0x0053 0x01B7 0x01B8 0x0953 0x0956 0x095A 0x095D 0x0961 0x0964 0x096A 0x096D 0x09A1 0x09A4 0x0E5B
2.06,0x19,write,0x00C,PIR1,direct,4,0x59,0x01B6
2.06,0x19,write,0x019,TXREG,direct,6,0x0A 0x31 0x39 0x54 0x63,0x02D1 0x0787 0x0796
2.06,0x19,write,0x020,RAM_0x020,direct,4,0x00 0x08,0x0009
2.06,0x19,write,0x021,RAM_0x021,direct,4,0x83 0xA3 0xD3,0x0007
2.06,0x19,write,0x022,RAM_0x022,direct,4,0xD0,0x000C
2.06,0x19,write,0x023,RAM_0x023,direct,4,0x00 0x0A,0x000E
2.06,0x19,write,0x024,RAM_0x024,direct,4,0x00 0x1C 0x28,0x0010
2.06,0x19,write,0x025,RAM_0x025,direct,4,0x00 0x24 0xFA,0x0012
2.06,0x19,write,0x026,RAM_0x026,direct,4,0x00,0x0014
2.06,0x19,write,0x027,RAM_0x027,direct,4,0x00,0x0016
2.06,0x19,write,0x031,RAM_0x031,direct,4,0xD0 0xD1 0xD2 0xD3,0x01A7
2.06,0x19,write,0x038,RAM_0x038,direct,4,0x00,0x01B1
2.06,0x19,write,0x077,RAM_0x077,direct,41,0x00 0x01 0x03 0x07 0x0A 0x0F 0x19 0x1F 0x32 0x3E 0x64 0x7D,0x002C 0x03EB 0x03F2 0x03F8 0x04D3 0x04E1 0x09A9
2.06,0x19,write,0x078,RAM_0x078,direct,40,0x00 0x01 0x02 0x04 0x09 0x12 0x19 0x1C 0x23 0x24 0x28 0x32 0x46 0x48 0x64 0x80 0x8C 0x91,0x002E 0x03FA 0x04D1 0x04F2 0x07B6 0x0965 0x09B6
2.06,0x19,write,0x079,RAM_0x079,direct,38,0x00 0x01 0x02 0x04 0x09 0x12 0x24 0x3E 0x40 0x7D 0x80 0xA0 0xD0 0xE8 0xF4 0xFA,0x0030 0x03F9 0x04D2 0x04F3 0x07D7
2.06,0x19,write,0x07A,RAM_0x07A,direct,44,0x00 0x3E,0x0032 0x03EC 0x03F6 0x03F7 0x04D4 0x04E2 0x07C6 0x07D5 0x09A6 0x09B1
2.06,0x19,write,0x07B,RAM_0x07B,direct,4,0x00,0x0034
2.06,0x19,write,0x07F,RAM_0x07F,direct,8,0x00 0x03 0x06 0x30 0x60 0x6F 0xF6,0x0004 0x0039
2.06,0x19,write,0x0A1,RAM_0x0A1,direct,1,0x19,0x0CFA
2.06,0x19,write,0x0CA,RAM_0x0CA,direct,2,0x1C 0x1F,0x0DBD 0x0E05
2.06,0x19,write,0x0CC,RAM_0x0CC,direct,1,0x19,0x0CF4
2.06,0x19,write,0x0CD,RAM_0x0CD,direct,2,0x7A 0x7B,0x0CF5 0x0E06
2.06,0x19,write,0x0CE,RAM_0x0CE,direct,2,0x12 0x1C,0x0969 0x09B4
2.06,0x19,write,0x0CF,RAM_0x0CF,direct,1,0x00,0x0944
2.06,0x19,write,0x0D0,RAM_0x0D0,direct,1,0x00,0x0946
2.06,0x19,write,0x0D1,RAM_0x0D1,direct,6,0x40 0xA0 0xD0 0xE8 0xF4 0xFA,0x0976 0x0978 0x097A 0x098E 0x0990 0x0992
2.06,0x19,write,0x0D2,RAM_0x0D2,direct,8,0x00 0x07 0x0F 0x1F 0x20 0x41 0x83,0x0974 0x0977 0x0979 0x097C 0x098D 0x098F 0x0991 0x0994
2.06,0x19,write,0x0D3,RAM_0x0D3,direct,3,0x12 0x64 0x80,0x07C5 0x0958 0x0972
2.06,0x19,write,0x0D4,RAM_0x0D4,direct,5,0x28 0x3E 0x64 0x94,0x07A0 0x07C0 0x07C8 0x095F 0x0970
2.06,0x19,write,0x0D5,RAM_0x0D5,direct,3,0x00 0x64 0xBE,0x07AE 0x07B4 0x07CA
2.06,0x19,write,0x0D6,RAM_0x0D6,direct,35,0x00 0x01 0x02 0x05 0x0A 0x14 0x19 0x20 0x28 0x40 0x50 0x80 0x90 0xA0 0xC8,0x03EE 0x04DF 0x07CD 0x099C 0x0E58
2.06,0x19,write,0x0D7,RAM_0x0D7,direct,35,0x00 0x19 0x1C 0x20 0x23 0x32 0x40 0x46 0x48 0x64 0x80 0x8C 0x90 0x91 0xC8,0x03ED 0x04E0 0x07CB 0x0998 0x0E5A
2.06,0x19,write,0x0D8,RAM_0x0D8,direct,4,0x19 0x1C 0x64 0xFA,0x078A 0x078F 0x07D1 0x09A0
2.06,0x19,write,0x0D9,RAM_0x0D9,direct,6,0x00 0x01 0x91 0xC1,0x02D5 0x02D7 0x07CF 0x099E
2.06,0x19,write,0x0DA,RAM_0x0DA,direct,42,0x00 0x01 0x02 0x03 0x04 0x05 0x06 0x07 0x08 0x09 0x0A 0x0B 0x0C 0x0D 0x0E 0x0F 0x10 0x19 0x1C,0x02BE 0x02D9 0x02DE 0x03EA 0x03FB 0x04DD 0x04F4
2.06,0x19,write,0x0DB,RAM_0x0DB,direct,4,0x31 0x39 0x63,0x02C5 0x02C9
2.06,0x19,write,0x10D,EEADR,direct,1,0x94,0x07A6
2.06,0x19,write,0x18C,EECON1,direct,2,0x00 0x01,0x07A8 0x07A9
2.06,0x1A,read,0x003,STATUS,direct,65,0x04 0x18 0x1A 0x1C 0x1E 0x38 0x3A 0x3B 0x3C 0x3E 0x3F,0x0005 0x0017 0x0018 0x01B2 0x02BD 0x02C1 0x02CC 0x02D3 0x02DA 0x02DC 0x02DF 0x0788 0x078B 0x078D 0x0790 0x0CF2 0x0CF6 0x0CF9 0x0CFB 0x0D0D 0x0D1D 0x0D29 0x0D39 0x0D45 0x0D51 0x0D5D 0x0D69 0x0D72 0x0D7B 0x0D84 0x0D97 0x0DA3 0x0DAC 0x0DB8 0x0DBA 0x0DBC 0x0DC0 0x0DC8 0x0DCE 0x0DD6 0x0DDE 0x0DE6 0x0DEE 0x0DF6 0x0DFF 0x0E09 0x0E10 0x0E17 0x0E20 0x0E29 0x0E2D 0x0E5C
2.06,0x1A,read,0x004,FSR,direct,1,0xD0,0x000B
2.06,0x1A,read,0x00A,PCLATH,direct,6,0x00 0x08,0x0008 0x0042 0x0043 0x01B7 0x01B8 0x0E5B
2.06,0x1A,read,0x00B,INTCON,direct,2,0x54,0x0019 0x001B
2.06,0x1A,read,0x00C,PIR1,direct,9,0x59 0x5B,0x0021 0x0027 0x01B6 0x02CD 0x0785 0x0794
2.06,0x1A,read,0x020,RAM_0x020,direct,1,0x00,0x0035
2.06,0x1A,read,0x021,RAM_0x021,direct,1,0x81,0x0037
2.06,0x1A,read,0x022,RAM_0x022,direct,1,0xD0,0x0029
2.06,0x1A,read,0x023,RAM_0x023,direct,1,0x00,0x002B
2.06,0x1A,read,0x024,RAM_0x024,direct,1,0x00,0x002D
2.06,0x1A,read,0x025,RAM_0x025,direct,1,0x24,0x002F
2.06,0x1A,read,0x026,RAM_0x026,direct,1,0x00,0x0031
2.06,0x1A,read,0x027,RAM_0x027,direct,1,0x00,0x0033
2.06,0x1A,read,0x031,RAM_0x031,direct,1,0xCF,0x01A7
2.06,0x1A,read,0x038,RAM_0x038,direct,1,0x00,0x01B1
2.06,0x1A,read,0x03E,RAM_0x03E,direct,1,0x1F,0x0DBB
2.06,0x1A,read,0x04C,RAM_0x04C,direct,1,0x00,0x01AB
2.06,0x1A,read,0x051,RAM_0x051,direct,1,0x00,0x0CF7
2.06,0x1A,read,0x077,RAM_0x077,direct,1,0x00,0x000D
2.06,0x1A,read,0x078,RAM_0x078,direct,1,0x00,0x000F
2.06,0x1A,read,0x079,RAM_0x079,direct,1,0x24,0x0011
2.06,0x1A,read,0x07A,RAM_0x07A,direct,1,0x00,0x0013
2.06,0x1A,read,0x07B,RAM_0x07B,direct,1,0x00,0x0015
2.06,0x1A,read,0x07F,RAM_0x07F,direct,2,0x13 0x31,0x0039 0x003A
2.06,0x1A,read,0x08C,PIE1,indirect,2,0x22,0x001F 0x0025
2.06,0x1A,read,0x0A1,RAM_0x0A1,direct,34,0x1A,0x0CF3 0x0CFA 0x0D02 0x0D0B 0x0D1B 0x0D27 0x0D37 0x0D43 0x0D4F 0x0D5B 0x0D67 0x0D70 0x0D79 0x0D82 0x0D95 0x0DA1 0x0DAA 0x0DB6 0x0DBE 0x0DC6 0x0DCC 0x0DD4 0x0DDC 0x0DE4 0x0DEC 0x0DF4 0x0DFD 0x0E07 0x0E0E 0x0E15 0x0E1E 0x0E27 0x0E2B 0x0E57
2.06,0x1A,read,0x0C9,RAM_0x0C9,direct,1,0x00,0x0E0B
2.06,0x1A,read,0x0CA,RAM_0x0CA,direct,1,0x00,0x0E59
2.06,0x1A,read,0x0CD,RAM_0x0CD,direct,3,0x7A 0x7B,0x0CF5 0x0E0D 0x0E4C
2.06,0x1A,read,0x0D6,RAM_0x0D6,direct,1,0x1A,0x0789
2.06,0x1A,read,0x0D7,RAM_0x0D7,direct,1,0x00,0x078E
2.06,0x1A,read,0x0D8,RAM_0x0D8,direct,4,0x00 0x1A,0x02D4 0x02DD
2.06,0x1A,read,0x0D9,RAM_0x0D9,direct,4,0x00 0x01 0xA1,0x02D7 0x02D8
2.06,0x1A,read,0x0DA,RAM_0x0DA,direct,12,0x00 0x01 0x0A 0x1A,0x02BE 0x02BF 0x02C4 0x02C8
2.06,0x1A,read,0x0DB,RAM_0x0DB,direct,4,0x30 0x31 0x61,0x02CA
2.06,0x1A,write,0x003,STATUS,direct,30,0x00 0x04 0x18 0x1A 0x1C 0x1E 0x38 0x3A 0x3C 0x3E,0x0006 0x0017 0x0018 0x0038 0x02BD 0x02CC 0x02D3 0x02DA 0x02DC 0x02DF 0x0788 0x078B 0x078D 0x0790 0x0CF2 0x0CF6 0x0CF9 0x0DBA 0x0DBC 0x0E5C
2.06,0x1A,write,0x004,FSR,direct,3,0x8C 0xD0,0x001E 0x0024 0x002A
2.06,0x1A,write,0x00A,PCLATH,direct,7,0x00,0x000A 0x0036 0x0042 0x0043 0x01B7 0x01B8 0x0E5B
2.06,0x1A,write,0x00C,PIR1,direct,1,0x59,0x01B6
2.06,0x1A,write,0x019,TXREG,direct,6,0x0A 0x30 0x31 0x54 0x61,0x02D1 0x0787 0x0796
2.06,0x1A,write,0x020,RAM_0x020,direct,1,0x00,0x0009
2.06,0x1A,write,0x021,RAM_0x021,direct,1,0x81,0x0007
2.06,0x1A,write,0x022,RAM_0x022,direct,1,0xD0,0x000C
2.06,0x1A,write,0x023,RAM_0x023,direct,1,0x00,0x000E
2.06,0x1A,write,0x024,RAM_0x024,direct,1,0x00,0x0010
2.06,0x1A,write,0x025,RAM_0x025,direct,1,0x24,0x0012
2.06,0x1A,write,0x026,RAM_0x026,direct,1,0x00,0x0014
2.06,0x1A,write,0x027,RAM_0x027,direct,1,0x00,0x0016
2.06,0x1A,write,0x031,RAM_0x031,direct,1,0xD0,0x01A7
2.06,0x1A,write,0x038,RAM_0x038,direct,1,0x00,0x01B1
2.06,0x1A,write,0x077,RAM_0x077,direct,1,0x00,0x002C
2.06,0x1A,write,0x078,RAM_0x078,direct,1,0x00,0x002E
2.06,0x1A,write,0x079,RAM_0x079,direct,1,0x24,0x0030
2.06,0x1A,write,0x07A,RAM_0x07A,direct,1,0x00,0x0032
2.06,0x1A,write,0x07B,RAM_0x07B,direct,1,0x00,0x0034
2.06,0x1A,write,0x07F,RAM_0x07F,direct,2,0x13 0x31,0x0004 0x0039
2.06,0x1A,write,0x0A1,RAM_0x0A1,direct,1,0x1A,0x0CFA
2.06,0x1A,write,0x0CA,RAM_0x0CA,direct,2,0x00 0x1F,0x0DBD 0x0E0C
2.06,0x1A,write,0x0CC,RAM_0x0CC,direct,1,0x1A,0x0CF4
2.06,0x1A,write,0x0CD,RAM_0x0CD,direct,2,0x7A 0x7B,0x0CF5 0x0E0D
2.06,0x1A,write,0x0D6,RAM_0x0D6,direct,1,0x1A,0x0E58
2.06,0x1A,write,0x0D7,RAM_0x0D7,direct,1,0x00,0x0E5A
2.06,0x1A,write,0x0D8,RAM_0x0D8,direct,2,0x00 0x1A,0x078A 0x078F
2.06,0x1A,write,0x0D9,RAM_0x0D9,direct,4,0x00 0x01 0xA1,0x02D5 0x02D7
2.06,0x1A,write,0x0DA,RAM_0x0DA,direct,8,0x00 0x01 0x0A 0x1A,0x02BE 0x02D9 0x02DE
2.06,0x1A,write,0x0DB,RAM_0x0DB,direct,4,0x30 0x31 0x61,0x02C5 0x02C9
2.06,0x1B,read,0x003,STATUS,direct,65,0x04 0x18 0x1A 0x1C 0x1E 0x38 0x3A 0x3B 0x3C 0x3E 0x3F,0x0005 0x0017 0x0018 0x01B2 0x02BD 0x02C1 0x02CC 0x02D3 0x02DA 0x02DC 0x02DF 0x0788 0x078B 0x078D 0x0790 0x0CF2 0x0CF6 0x0CF9 0x0CFB 0x0D0D 0x0D1D 0x0D29 0x0D39 0x0D45 0x0D51 0x0D5D 0x0D69 0x0D72 0x0D7B 0x0D84 0x0D97 0x0DA3 0x0DAC 0x0DB8 0x0DBA 0x0DBC 0x0DC0 0x0DC8 0x0DCE 0x0DD6 0x0DDE 0x0DE6 0x0DEE 0x0DF6 0x0DFF 0x0E09 0x0E10 0x0E17 0x0E20 0x0E29 0x0E2D 0x0E5C
2.06,0x1B,read,0x004,FSR,direct,1,0xD0,0x000B
2.06,0x1B,read,0x00A,PCLATH,direct,6,0x00 0x08,0x0008 0x0042 0x0043 0x01B7 0x01B8 0x0E5B
2.06,0x1B,read,0x00B,INTCON,direct,2,0x54,0x0019 0x001B
2.06,0x1B,read,0x00C,PIR1,direct,9,0x59 0x5B,0x0021 0x0027 0x01B6 0x02CD 0x0785 0x0794
2.06,0x1B,read,0x020,RAM_0x020,direct,1,0x00,0x0035
2.06,0x1B,read,0x021,RAM_0x021,direct,1,0x81,0x0037
2.06,0x1B,read,0x022,RAM_0x022,direct,1,0xD0,0x0029
2.06,0x1B,read,0x023,RAM_0x023,direct,1,0x00,0x002B
2.06,0x1B,read,0x024,RAM_0x024,direct,1,0x00,0x002D
2.06,0x1B,read,0x025,RAM_0x025,direct,1,0x24,0x002F
2.06,0x1B,read,0x026,RAM_0x026,direct,1,0x00,0x0031
2.06,0x1B,read,0x027,RAM_0x027,direct,1,0x00,0x0033
2.06,0x1B,read,0x031,RAM_0x031,direct,1,0xCF,0x01A7
2.06,0x1B,read,0x038,RAM_0x038,direct,1,0x00,0x01B1
2.06,0x1B,read,0x03E,RAM_0x03E,direct,1,0x1F,0x0DBB
2.06,0x1B,read,0x04C,RAM_0x04C,direct,1,0x00,0x01AB
2.06,0x1B,read,0x051,RAM_0x051,direct,1,0x00,0x0CF7
2.06,0x1B,read,0x077,RAM_0x077,direct,1,0x00,0x000D
2.06,0x1B,read,0x078,RAM_0x078,direct,1,0x00,0x000F
2.06,0x1B,read,0x079,RAM_0x079,direct,1,0x24,0x0011
2.06,0x1B,read,0x07A,RAM_0x07A,direct,1,0x00,0x0013
2.06,0x1B,read,0x07B,RAM_0x07B,direct,1,0x00,0x0015
2.06,0x1B,read,0x07F,RAM_0x07F,direct,2,0x13 0x31,0x0039 0x003A
2.06,0x1B,read,0x08C,PIE1,indirect,2,0x22,0x001F 0x0025
2.06,0x1B,read,0x0A1,RAM_0x0A1,direct,34,0x1B,0x0CF3 0x0CFA 0x0D02 0x0D0B 0x0D1B 0x0D27 0x0D37 0x0D43 0x0D4F 0x0D5B 0x0D67 0x0D70 0x0D79 0x0D82 0x0D95 0x0DA1 0x0DAA 0x0DB6 0x0DBE 0x0DC6 0x0DCC 0x0DD4 0x0DDC 0x0DE4 0x0DEC 0x0DF4 0x0DFD 0x0E07 0x0E0E 0x0E15 0x0E1E 0x0E27 0x0E2B 0x0E57
2.06,0x1B,read,0x0C8,RAM_0x0C8,direct,1,0x00,0x0E12
2.06,0x1B,read,0x0CA,RAM_0x0CA,direct,1,0x00,0x0E59
2.06,0x1B,read,0x0CD,RAM_0x0CD,direct,3,0x7A 0x7B,0x0CF5 0x0E14 0x0E4C
2.06,0x1B,read,0x0D6,RAM_0x0D6,direct,1,0x1B,0x0789
2.06,0x1B,read,0x0D7,RAM_0x0D7,direct,1,0x00,0x078E
2.06,0x1B,read,0x0D8,RAM_0x0D8,direct,4,0x00 0x1B,0x02D4 0x02DD
2.06,0x1B,read,0x0D9,RAM_0x0D9,direct,4,0x00 0x01 0xB1,0x02D7 0x02D8
2.06,0x1B,read,0x0DA,RAM_0x0DA,direct,12,0x00 0x01 0x0B 0x1B,0x02BE 0x02BF 0x02C4 0x02C8
2.06,0x1B,read,0x0DB,RAM_0x0DB,direct,4,0x30 0x31 0x62,0x02CA
2.06,0x1B,write,0x003,STATUS,direct,30,0x00 0x04 0x18 0x1A 0x1C 0x1E 0x38 0x3A 0x3C 0x3E,0x0006 0x0017 0x0018 0x0038 0x02BD 0x02CC 0x02D3 0x02DA 0x02DC 0x02DF 0x0788 0x078B 0x078D 0x0790 0x0CF2 0x0CF6 0x0CF9 0x0DBA 0x0DBC 0x0E5C
2.06,0x1B,write,0x004,FSR,direct,3,0x8C 0xD0,0x001E 0x0024 0x002A
2.06,0x1B,write,0x00A,PCLATH,direct,7,0x00,0x000A 0x0036 0x0042 0x0043 0x01B7 0x01B8 0x0E5B
2.06,0x1B,write,0x00C,PIR1,direct,1,0x59,0x01B6
2.06,0x1B,write,0x019,TXREG,direct,6,0x0A 0x30 0x31 0x54 0x62,0x02D1 0x0787 0x0796
2.06,0x1B,write,0x020,RAM_0x020,direct,1,0x00,0x0009
2.06,0x1B,write,0x021,RAM_0x021,direct,1,0x81,0x0007
2.06,0x1B,write,0x022,RAM_0x022,direct,1,0xD0,0x000C
2.06,0x1B,write,0x023,RAM_0x023,direct,1,0x00,0x000E
2.06,0x1B,write,0x024,RAM_0x024,direct,1,0x00,0x0010
2.06,0x1B,write,0x025,RAM_0x025,direct,1,0x24,0x0012
2.06,0x1B,write,0x026,RAM_0x026,direct,1,0x00,0x0014
2.06,0x1B,write,0x027,RAM_0x027,direct,1,0x00,0x0016
2.06,0x1B,write,0x031,RAM_0x031,direct,1,0xD0,0x01A7
2.06,0x1B,write,0x038,RAM_0x038,direct,1,0x00,0x01B1
2.06,0x1B,write,0x077,RAM_0x077,direct,1,0x00,0x002C
2.06,0x1B,write,0x078,RAM_0x078,direct,1,0x00,0x002E
2.06,0x1B,write,0x079,RAM_0x079,direct,1,0x24,0x0030
2.06,0x1B,write,0x07A,RAM_0x07A,direct,1,0x00,0x0032
2.06,0x1B,write,0x07B,RAM_0x07B,direct,1,0x00,0x0034
2.06,0x1B,write,0x07F,RAM_0x07F,direct,2,0x13 0x31,0x0004 0x0039
2.06,0x1B,write,0x0A1,RAM_0x0A1,direct,1,0x1B,0x0CFA
2.06,0x1B,write,0x0CA,RAM_0x0CA,direct,2,0x00 0x1F,0x0DBD 0x0E13
2.06,0x1B,write,0x0CC,RAM_0x0CC,direct,1,0x1B,0x0CF4
2.06,0x1B,write,0x0CD,RAM_0x0CD,direct,2,0x7A 0x7B,0x0CF5 0x0E14
2.06,0x1B,write,0x0D6,RAM_0x0D6,direct,1,0x1B,0x0E58
2.06,0x1B,write,0x0D7,RAM_0x0D7,direct,1,0x00,0x0E5A
2.06,0x1B,write,0x0D8,RAM_0x0D8,direct,2,0x00 0x1B,0x078A 0x078F
2.06,0x1B,write,0x0D9,RAM_0x0D9,direct,4,0x00 0x01 0xB1,0x02D5 0x02D7
2.06,0x1B,write,0x0DA,RAM_0x0DA,direct,8,0x00 0x01 0x0B 0x1B,0x02BE 0x02D9 0x02DE
2.06,0x1B,write,0x0DB,RAM_0x0DB,direct,4,0x30 0x31 0x62,0x02C5 0x02C9
2.06,0x1C,read,0x003,STATUS,direct,67,0x04 0x18 0x1A 0x1B 0x38 0x3A 0x3B 0x3F,0x0005 0x0017 0x0018 0x01B2 0x02BD 0x02C1 0x02CC 0x02D3 0x02DA 0x02DC 0x02DF 0x0788 0x078B 0x078D 0x0790 0x0CF2 0x0CF6 0x0CF9 0x0CFB 0x0D0D 0x0D1D 0x0D29 0x0D39 0x0D45 0x0D51 0x0D5D 0x0D69 0x0D72 0x0D7B 0x0D84 0x0D97 0x0DA3 0x0DAC 0x0DB8 0x0DBA 0x0DBC 0x0DC0 0x0DC8 0x0DCE 0x0DD6 0x0DDE 0x0DE6 0x0DEE 0x0DF6 0x0DFF 0x0E09 0x0E10 0x0E17 0x0E19 0x0E1B 0x0E20 0x0E29 0x0E2D 0x0E5C
2.06,0x1C,read,0x004,FSR,direct,1,0xD0,0x000B
2.06,0x1C,read,0x00A,PCLATH,direct,6,0x00 0x08,0x0008 0x0042 0x0043 0x01B7 0x01B8 0x0E5B
2.06,0x1C,read,0x00B,INTCON,direct,2,0x54,0x0019 0x001B
2.06,0x1C,read,0x00C,PIR1,direct,9,0x59 0x5B,0x0021 0x0027 0x01B6 0x02CD 0x0785 0x0794
2.06,0x1C,read,0x020,RAM_0x020,direct,1,0x00,0x0035
2.06,0x1C,read,0x021,RAM_0x021,direct,1,0x83,0x0037
2.06,0x1C,read,0x022,RAM_0x022,direct,1,0xD0,0x0029
2.06,0x1C,read,0x023,RAM_0x023,direct,1,0x00,0x002B
2.06,0x1C,read,0x024,RAM_0x024,direct,1,0x00,0x002D
2.06,0x1C,read,0x025,RAM_0x025,direct,1,0x24,0x002F
2.06,0x1C,read,0x026,RAM_0x026,direct,1,0x00,0x0031
2.06,0x1C,read,0x027,RAM_0x027,direct,1,0x00,0x0033
2.06,0x1C,read,0x031,RAM_0x031,direct,1,0xCF,0x01A7
2.06,0x1C,read,0x038,RAM_0x038,direct,1,0x00,0x01B1
2.06,0x1C,read,0x03E,RAM_0x03E,direct,1,0x1F,0x0DBB
2.06,0x1C,read,0x040,RAM_0x040,direct,1,0x24,0x0E1A
2.06,0x1C,read,0x04C,RAM_0x04C,direct,1,0x00,0x01AB
2.06,0x1C,read,0x051,RAM_0x051,direct,1,0x00,0x0CF7
2.06,0x1C,read,0x077,RAM_0x077,direct,1,0x00,0x000D
2.06,0x1C,read,0x078,RAM_0x078,direct,1,0x00,0x000F
2.06,0x1C,read,0x079,RAM_0x079,direct,1,0x24,0x0011
2.06,0x1C,read,0x07A,RAM_0x07A,direct,1,0x00,0x0013
2.06,0x1C,read,0x07B,RAM_0x07B,direct,1,0x00,0x0015
2.06,0x1C,read,0x07F,RAM_0x07F,direct,2,0x13 0x31,0x0039 0x003A
2.06,0x1C,read,0x08C,PIE1,indirect,2,0x22,0x001F 0x0025
2.06,0x1C,read,0x0A1,RAM_0x0A1,direct,34,0x1C,0x0CF3 0x0CFA 0x0D02 0x0D0B 0x0D1B 0x0D27 0x0D37 0x0D43 0x0D4F 0x0D5B 0x0D67 0x0D70 0x0D79 0x0D82 0x0D95 0x0DA1 0x0DAA 0x0DB6 0x0DBE 0x0DC6 0x0DCC 0x0DD4 0x0DDC 0x0DE4 0x0DEC 0x0DF4 0x0DFD 0x0E07 0x0E0E 0x0E15 0x0E1E 0x0E27 0x0E2B 0x0E57
2.06,0x1C,read,0x0CA,RAM_0x0CA,direct,1,0x24,0x0E59
2.06,0x1C,read,0x0CD,RAM_0x0CD,direct,3,0x7A 0x7B,0x0CF5 0x0E1D 0x0E4C
2.06,0x1C,read,0x0D6,RAM_0x0D6,direct,1,0x1C,0x0789
2.06,0x1C,read,0x0D7,RAM_0x0D7,direct,1,0x24,0x078E
2.06,0x1C,read,0x0D8,RAM_0x0D8,direct,4,0x1C 0x24,0x02D4 0x02DD
2.06,0x1C,read,0x0D9,RAM_0x0D9,direct,4,0x01 0x02 0x42 0xC1,0x02D7 0x02D8
2.06,0x1C,read,0x0DA,RAM_0x0DA,direct,12,0x01 0x02 0x04 0x0C 0x1C 0x24,0x02BE 0x02BF 0x02C4 0x02C8
2.06,0x1C,read,0x0DB,RAM_0x0DB,direct,4,0x31 0x32 0x34 0x63,0x02CA
2.06,0x1C,write,0x003,STATUS,direct,32,0x00 0x04 0x18 0x1A 0x1F 0x38 0x3A 0x3B,0x0006 0x0017 0x0018 0x0038 0x02BD 0x02CC 0x02D3 0x02DA 0x02DC 0x02DF 0x0788 0x078B 0x078D 0x0790 0x0CF2 0x0CF6 0x0CF9 0x0DBA 0x0DBC 0x0E19 0x0E1B 0x0E5C
2.06,0x1C,write,0x004,FSR,direct,3,0x8C 0xD0,0x001E 0x0024 0x002A
2.06,0x1C,write,0x00A,PCLATH,direct,7,0x00,0x000A 0x0036 0x0042 0x0043 0x01B7 0x01B8 0x0E5B
2.06,0x1C,write,0x00C,PIR1,direct,1,0x59,0x01B6
2.06,0x1C,write,0x019,TXREG,direct,6,0x0A 0x31 0x32 0x34 0x54 0x63,0x02D1 0x0787 0x0796
2.06,0x1C,write,0x020,RAM_0x020,direct,1,0x00,0x0009
2.06,0x1C,write,0x021,RAM_0x021,direct,1,0x83,0x0007
2.06,0x1C,write,0x022,RAM_0x022,direct,1,0xD0,0x000C
2.06,0x1C,write,0x023,RAM_0x023,direct,1,0x00,0x000E
2.06,0x1C,write,0x024,RAM_0x024,direct,1,0x00,0x0010
2.06,0x1C,write,0x025,RAM_0x025,direct,1,0x24,0x0012
2.06,0x1C,write,0x026,RAM_0x026,direct,1,0x00,0x0014
2.06,0x1C,write,0x027,RAM_0x027,direct,1,0x00,0x0016
2.06,0x1C,write,0x031,RAM_0x031,direct,1,0xD0,0x01A7
2.06,0x1C,write,0x038,RAM_0x038,direct,1,0x00,0x01B1
2.06,0x1C,write,0x077,RAM_0x077,direct,1,0x00,0x002C
2.06,0x1C,write,0x078,RAM_0x078,direct,1,0x00,0x002E
2.06,0x1C,write,0x079,RAM_0x079,direct,1,0x24,0x0030
2.06,0x1C,write,0x07A,RAM_0x07A,direct,1,0x00,0x0032
2.06,0x1C,write,0x07B,RAM_0x07B,direct,1,0x00,0x0034
2.06,0x1C,write,0x07F,RAM_0x07F,direct,2,0x13 0x31,0x0004 0x0039
2.06,0x1C,write,0x0A1,RAM_0x0A1,direct,1,0x1C,0x0CFA
2.06,0x1C,write,0x0CA,RAM_0x0CA,direct,2,0x1F 0x24,0x0DBD 0x0E1C
2.06,0x1C,write,0x0CC,RAM_0x0CC,direct,1,0x1C,0x0CF4
2.06,0x1C,write,0x0CD,RAM_0x0CD,direct,2,0x7A 0x7B,0x0CF5 0x0E1D
2.06,0x1C,write,0x0D6,RAM_0x0D6,direct,1,0x1C,0x0E58
2.06,0x1C,write,0x0D7,RAM_0x0D7,direct,1,0x24,0x0E5A
2.06,0x1C,write,0x0D8,RAM_0x0D8,direct,2,0x1C 0x24,0x078A 0x078F
2.06,0x1C,write,0x0D9,RAM_0x0D9,direct,4,0x01 0x02 0x42 0xC1,0x02D5 0x02D7
2.06,0x1C,write,0x0DA,RAM_0x0DA,direct,8,0x01 0x02 0x04 0x0C 0x1C 0x24,0x02BE 0x02D9 0x02DE
2.06,0x1C,write,0x0DB,RAM_0x0DB,direct,4,0x31 0x32 0x34 0x63,0x02C5 0x02C9
2.06,0x1D,read,0x003,STATUS,direct,67,0x04 0x18 0x1A 0x1B 0x38 0x3A 0x3B 0x3F,0x0005 0x0017 0x0018 0x01B2 0x02BD 0x02C1 0x02CC 0x02D3 0x02DA 0x02DC 0x02DF 0x0788 0x078B 0x078D 0x0790 0x0CF2 0x0CF6 0x0CF9 0x0CFB 0x0D0D 0x0D1D 0x0D29 0x0D39 0x0D45 0x0D51 0x0D5D 0x0D69 0x0D72 0x0D7B 0x0D84 0x0D97 0x0DA3 0x0DAC 0x0DB8 0x0DBA 0x0DBC 0x0DC0 0x0DC8 0x0DCE 0x0DD6 0x0DDE 0x0DE6 0x0DEE 0x0DF6 0x0DFF 0x0E09 0x0E10 0x0E17 0x0E20 0x0E22 0x0E24 0x0E29 0x0E2D 0x0E5C
2.06,0x1D,read,0x004,FSR,direct,1,0xD0,0x000B
2.06,0x1D,read,0x00A,PCLATH,direct,6,0x00 0x08,0x0008 0x0042 0x0043 0x01B7 0x01B8 0x0E5B
2.06,0x1D,read,0x00B,INTCON,direct,2,0x54,0x0019 0x001B
2.06,0x1D,read,0x00C,PIR1,direct,9,0x59 0x5B,0x0021 0x0027 0x01B6 0x02CD 0x0785 0x0794
2.06,0x1D,read,0x020,RAM_0x020,direct,1,0x00,0x0035
2.06,0x1D,read,0x021,RAM_0x021,direct,1,0x83,0x0037
2.06,0x1D,read,0x022,RAM_0x022,direct,1,0xD0,0x0029
2.06,0x1D,read,0x023,RAM_0x023,direct,1,0x00,0x002B
2.06,0x1D,read,0x024,RAM_0x024,direct,1,0x00,0x002D
2.06,0x1D,read,0x025,RAM_0x025,direct,1,0x24,0x002F
2.06,0x1D,read,0x026,RAM_0x026,direct,1,0x00,0x0031
2.06,0x1D,read,0x027,RAM_0x027,direct,1,0x00,0x0033
2.06,0x1D,read,0x031,RAM_0x031,direct,1,0xCF,0x01A7
2.06,0x1D,read,0x038,RAM_0x038,direct,1,0x00,0x01B1
2.06,0x1D,read,0x03E,RAM_0x03E,direct,1,0x1F,0x0DBB
2.06,0x1D,read,0x03F,RAM_0x03F,direct,1,0x2C,0x0E23
2.06,0x1D,read,0x04C,RAM_0x04C,direct,1,0x00,0x01AB
2.06,0x1D,read,0x051,RAM_0x051,direct,1,0x00,0x0CF7
2.06,0x1D,read,0x077,RAM_0x077,direct,1,0x00,0x000D
2.06,0x1D,read,0x078,RAM_0x078,direct,1,0x00,0x000F
2.06,0x1D,read,0x079,RAM_0x079,direct,1,0x24,0x0011
2.06,0x1D,read,0x07A,RAM_0x07A,direct,1,0x00,0x0013
2.06,0x1D,read,0x07B,RAM_0x07B,direct,1,0x00,0x0015
2.06,0x1D,read,0x07F,RAM_0x07F,direct,2,0x13 0x31,0x0039 0x003A
2.06,0x1D,read,0x08C,PIE1,indirect,2,0x22,0x001F 0x0025
2.06,0x1D,read,0x0A1,RAM_0x0A1,direct,34,0x1D,0x0CF3 0x0CFA 0x0D02 0x0D0B 0x0D1B 0x0D27 0x0D37 0x0D43 0x0D4F 0x0D5B 0x0D67 0x0D70 0x0D79 0x0D82 0x0D95 0x0DA1 0x0DAA 0x0DB6 0x0DBE 0x0DC6 0x0DCC 0x0DD4 0x0DDC 0x0DE4 0x0DEC 0x0DF4 0x0DFD 0x0E07 0x0E0E 0x0E15 0x0E1E 0x0E27 0x0E2B 0x0E57
2.06,0x1D,read,0x0CA,RAM_0x0CA,direct,1,0x2C,0x0E59
2.06,0x1D,read,0x0CD,RAM_0x0CD,direct,3,0x7A 0x7B,0x0CF5 0x0E26 0x0E4C
2.06,0x1D,read,0x0D6,RAM_0x0D6,direct,1,0x1D,0x0789
2.06,0x1D,read,0x0D7,RAM_0x0D7,direct,1,0x2C,0x078E
2.06,0x1D,read,0x0D8,RAM_0x0D8,direct,4,0x1D 0x2C,0x02D4 0x02DD
2.06,0x1D,read,0x0D9,RAM_0x0D9,direct,4,0x01 0x02 0xC2 0xD1,0x02D7 0x02D8
2.06,0x1D,read,0x0DA,RAM_0x0DA,direct,12,0x01 0x02 0x0C 0x0D 0x1D 0x2C,0x02BE 0x02BF 0x02C4 0x02C8
2.06,0x1D,read,0x0DB,RAM_0x0DB,direct,4,0x31 0x32 0x63 0x64,0x02CA
2.06,0x1D,write,0x003,STATUS,direct,32,0x00 0x04 0x18 0x1A 0x1F 0x38 0x3A 0x3B,0x0006 0x0017 0x0018 0x0038 0x02BD 0x02CC 0x02D3 0x02DA 0x02DC 0x02DF 0x0788 0x078B 0x078D 0x0790 0x0CF2 0x0CF6 0x0CF9 0x0DBA 0x0DBC 0x0E22 0x0E24 0x0E5C
2.06,0x1D,write,0x004,FSR,direct,3,0x8C 0xD0,0x001E 0x0024 0x002A
2.06,0x1D,write,0x00A,PCLATH,direct,7,0x00,0x000A 0x0036 0x0042 0x0043 0x01B7 0x01B8 0x0E5B
2.06,0x1D,write,0x00C,PIR1,direct,1,0x59,0x01B6
2.06,0x1D,write,0x019,TXREG,direct,6,0x0A 0x31 0x32 0x54 0x63 0x64,0x02D1 0x0787 0x0796
2.06,0x1D,write,0x020,RAM_0x020,direct,1,0x00,0x0009
2.06,0x1D,write,0x021,RAM_0x021,direct,1,0x83,0x0007
2.06,0x1D,write,0x022,RAM_0x022,direct,1,0xD0,0x000C
2.06,0x1D,write,0x023,RAM_0x023,direct,1,0x00,0x000E
2.06,0x1D,write,0x024,RAM_0x024,direct,1,0x00,0x0010
2.06,0x1D,write,0x025,RAM_0x025,direct,1,0x24,0x0012
2.06,0x1D,write,0x026,RAM_0x026,direct,1,0x00,0x0014
2.06,0x1D,write,0x027,RAM_0x027,direct,1,0x00,0x0016
2.06,0x1D,write,0x031,RAM_0x031,direct,1,0xD0,0x01A7
2.06,0x1D,write,0x038,RAM_0x038,direct,1,0x00,0x01B1
2.06,0x1D,write,0x077,RAM_0x077,direct,1,0x00,0x002C
2.06,0x1D,write,0x078,RAM_0x078,direct,1,0x00,0x002E
2.06,0x1D,write,0x079,RAM_0x079,direct,1,0x24,0x0030
2.06,0x1D,write,0x07A,RAM_0x07A,direct,1,0x00,0x0032
2.06,0x1D,write,0x07B,RAM_0x07B,direct,1,0x00,0x0034
2.06,0x1D,write,0x07F,RAM_0x07F,direct,2,0x13 0x31,0x0004 0x0039
2.06,0x1D,write,0x0A1,RAM_0x0A1,direct,1,0x1D,0x0CFA
2.06,0x1D,write,0x0CA,RAM_0x0CA,direct,2,0x1F 0x2C,0x0DBD 0x0E25
2.06,0x1D,write,0x0CC,RAM_0x0CC,direct,1,0x1D,0x0CF4
2.06,0x1D,write,0x0CD,RAM_0x0CD,direct,2,0x7A 0x7B,0x0CF5 0x0E26
2.06,0x1D,write,0x0D6,RAM_0x0D6,direct,1,0x1D,0x0E58
2.06,0x1D,write,0x0D7,RAM_0x0D7,direct,1,0x2C,0x0E5A
2.06,0x1D,write,0x0D8,RAM_0x0D8,direct,2,0x1D 0x2C,0x078A 0x078F
2.06,0x1D,write,0x0D9,RAM_0x0D9,direct,4,0x01 0x02 0xC2 0xD1,0x02D5 0x02D7
2.06,0x1D,write,0x0DA,RAM_0x0DA,direct,8,0x01 0x02 0x0C 0x0D 0x1D 0x2C,0x02BE 0x02D9 0x02DE
2.06,0x1D,write,0x0DB,RAM_0x0DB,direct,4,0x31 0x32 0x63 0x64,0x02C5 0x02C9
2.70,0x00,read,0x003,STATUS,direct,92,0x04 0x18 0x1C 0x1F 0x38 0x3B 0x3C 0x3F,0x0005 0x0017 0x0018 0x0196 0x0298 0x029C 0x02A6 0x02AD 0x02B4 0x02B6 0x02B9 0x02C6 0x02C9 0x02CB 0x02CE 0x0775 0x0778 0x077A 0x077D 0x0DBD 0x0DC1 0x0DC4 0x0DC6 0x0DD8 0x0DE8 0x0DF1 0x0E01 0x0E0D 0x0E19 0x0E25 0x0E31 0x0E3A 0x0E43 0x0E4C 0x0E5D 0x0E67 0x0E70 0x0E7C 0x0E84 0x0E8C 0x0E92 0x0E9A 0x0EA2 0x0EAA 0x0EB7 0x0EE8 0x0EF2 0x0EFC 0x0F03 0x0F0A 0x0F13 0x0F1C 0x0F45 0x0F48 0x0F4E
2.70,0x00,read,0x004,FSR,direct,2,0xCE,0x000B
2.70,0x00,read,0x00A,PCLATH,direct,13,0x00 0x08,0x0008 0x0042 0x0043 0x019B 0x019C 0x0F44 0x0F47 0x0F4D
2.70,0x00,read,0x00B,INTCON,direct,4,0x54,0x0019 0x001B
2.70,0x00,read,0x00C,PIR1,direct,19,0x59 0x5B,0x0021 0x0027 0x019A 0x02A7 0x02BF 0x02C3 0x02D1 0x0772 0x0780
2.70,0x00,read,0x020,RAM_0x020,direct,2,0x00,0x0035
2.70,0x00,read,0x021,RAM_0x021,direct,2,0x81 0xC3,0x0037
2.70,0x00,read,0x022,RAM_0x022,direct,2,0xCE,0x0029
2.70,0x00,read,0x023,RAM_0x023,direct,2,0x00,0x002B
2.70,0x00,read,0x024,RAM_0x024,direct,2,0x77,0x002D
2.70,0x00,read,0x025,RAM_0x025,direct,2,0x24,0x002F
2.70,0x00,read,0x026,RAM_0x026,direct,2,0x00,0x0031
2.70,0x00,read,0x027,RAM_0x027,direct,2,0x00,0x0033
2.70,0x00,read,0x031,RAM_0x031,direct,2,0xCF 0xD0,0x018B
2.70,0x00,read,0x038,RAM_0x038,direct,2,0x00,0x0195
2.70,0x00,read,0x04C,RAM_0x04C,direct,2,0x00,0x018F
2.70,0x00,read,0x051,RAM_0x051,direct,2,0x00,0x02BC 0x0DC2
2.70,0x00,read,0x077,RAM_0x077,direct,2,0x00,0x000D
2.70,0x00,read,0x078,RAM_0x078,direct,2,0x77,0x000F
2.70,0x00,read,0x079,RAM_0x079,direct,2,0x24,0x0011
2.70,0x00,read,0x07A,RAM_0x07A,direct,2,0x00,0x0013
2.70,0x00,read,0x07B,RAM_0x07B,direct,2,0x00,0x0015
2.70,0x00,read,0x07E,RAM_0x07E,direct,1,0x0F,0x0DCB
2.70,0x00,read,0x07F,RAM_0x07F,direct,4,0x00,0x0039 0x003A
2.70,0x00,read,0x08C,PIE1,indirect,4,0x22,0x001F 0x0025
2.70,0x00,read,0x0A0,RAM_0x0A0,direct,33,0x00,0x0DBE 0x0DC5 0x0DCD 0x0DD6 0x0DE6 0x0DEF 0x0DFF 0x0E0B 0x0E17 0x0E23 0x0E2F 0x0E38 0x0E41 0x0E4A 0x0E5B 0x0E65 0x0E6E 0x0E7A 0x0E82 0x0E8A 0x0E90 0x0E98 0x0EA0 0x0EA8 0x0EB5 0x0EE6 0x0EF0 0x0EFA 0x0F01 0x0F08 0x0F11 0x0F1A 0x0F49
2.70,0x00,read,0x0A2,RAM_0x0A2,direct,1,0x41,0x0DC8
2.70,0x00,read,0x0C8,RAM_0x0C8,direct,1,0x41,0x0F4B
2.70,0x00,read,0x0C9,RAM_0x0C9,direct,1,0x00,0x0F42
2.70,0x00,read,0x0CA,RAM_0x0CA,direct,1,0x00,0x0F40
2.70,0x00,read,0x0CB,RAM_0x0CB,direct,2,0x7A,0x0DC0 0x0F3E
2.70,0x00,read,0x0D3,RAM_0x0D3,direct,1,0x00,0x02C7
2.70,0x00,read,0x0D4,RAM_0x0D4,direct,2,0x00,0x02CC 0x0776
2.70,0x00,read,0x0D5,RAM_0x0D5,direct,1,0x41,0x077B
2.70,0x00,read,0x0D6,RAM_0x0D6,direct,8,0x00 0x41,0x02AE 0x02B7
2.70,0x00,read,0x0D7,RAM_0x0D7,direct,8,0x00 0x04 0x14,0x02B1 0x02B2
2.70,0x00,read,0x0D8,RAM_0x0D8,direct,24,0x00 0x01 0x04 0x41,0x0299 0x029A 0x02A3
2.70,0x00,read,0x0D9,RAM_0x0D9,direct,8,0x30 0x31 0x34,0x02A5
2.70,0x00,write,0x003,STATUS,direct,54,0x00 0x04 0x18 0x1C 0x1F 0x38 0x3C 0x3F,0x0006 0x0017 0x0018 0x0038 0x0298 0x02A6 0x02AD 0x02B4 0x02B6 0x02B9 0x02C6 0x02C9 0x02CB 0x02CE 0x0775 0x0778 0x077A 0x077D 0x0DBD 0x0DC1 0x0DC4 0x0F45 0x0F48 0x0F4E
2.70,0x00,write,0x004,FSR,direct,6,0x8C 0xCE,0x001E 0x0024 0x002A
2.70,0x00,write,0x00A,PCLATH,direct,15,0x00 0x08,0x000A 0x0036 0x0042 0x0043 0x019B 0x019C 0x0F44 0x0F47 0x0F4D
2.70,0x00,write,0x00C,PIR1,direct,2,0x59,0x019A
2.70,0x00,write,0x019,TXREG,direct,13,0x0A 0x30 0x31 0x34 0x44 0x54 0x57,0x02AB 0x02C1 0x02C5 0x02D3 0x0774 0x0782
2.70,0x00,write,0x020,RAM_0x020,direct,2,0x00,0x0009
2.70,0x00,write,0x021,RAM_0x021,direct,2,0x81 0xC3,0x0007
2.70,0x00,write,0x022,RAM_0x022,direct,2,0xCE,0x000C
2.70,0x00,write,0x023,RAM_0x023,direct,2,0x00,0x000E
2.70,0x00,write,0x024,RAM_0x024,direct,2,0x77,0x0010
2.70,0x00,write,0x025,RAM_0x025,direct,2,0x24,0x0012
2.70,0x00,write,0x026,RAM_0x026,direct,2,0x00,0x0014
2.70,0x00,write,0x027,RAM_0x027,direct,2,0x00,0x0016
2.70,0x00,write,0x031,RAM_0x031,direct,2,0xD0 0xD1,0x018B
2.70,0x00,write,0x038,RAM_0x038,direct,2,0x00,0x0195
2.70,0x00,write,0x077,RAM_0x077,direct,2,0x00,0x002C
2.70,0x00,write,0x078,RAM_0x078,direct,2,0x77,0x002E
2.70,0x00,write,0x079,RAM_0x079,direct,2,0x24,0x0030
2.70,0x00,write,0x07A,RAM_0x07A,direct,2,0x00,0x0032
2.70,0x00,write,0x07B,RAM_0x07B,direct,2,0x00,0x0034
2.70,0x00,write,0x07F,RAM_0x07F,direct,4,0x00,0x0004 0x0039
2.70,0x00,write,0x0A0,RAM_0x0A0,direct,1,0x00,0x0DC5
2.70,0x00,write,0x0C8,RAM_0x0C8,direct,1,0x41,0x0DC9
2.70,0x00,write,0x0C9,RAM_0x0C9,direct,1,0x00,0x0DCA
2.70,0x00,write,0x0CA,RAM_0x0CA,direct,1,0x00,0x0DBF
2.70,0x00,write,0x0CB,RAM_0x0CB,direct,1,0x7A,0x0DC0
2.70,0x00,write,0x0D3,RAM_0x0D3,direct,1,0x00,0x0F41
2.70,0x00,write,0x0D4,RAM_0x0D4,direct,2,0x00,0x0F43 0x0F4A
2.70,0x00,write,0x0D5,RAM_0x0D5,direct,1,0x41,0x0F4C
2.70,0x00,write,0x0D6,RAM_0x0D6,direct,4,0x00 0x41,0x02C8 0x02CD 0x0777 0x077C
2.70,0x00,write,0x0D7,RAM_0x0D7,direct,8,0x00 0x04 0x14,0x02AF 0x02B1
2.70,0x00,write,0x0D8,RAM_0x0D8,direct,16,0x00 0x01 0x04 0x41,0x0299 0x02B3 0x02B8
2.70,0x00,write,0x0D9,RAM_0x0D9,direct,8,0x30 0x31 0x34,0x02A4
2.70,0x01,read,0x003,STATUS,direct,94,0x04 0x18 0x1B 0x1C 0x1F 0x38 0x3B 0x3C 0x3F,0x0005 0x0017 0x0018 0x0196 0x0298 0x029C 0x02A6 0x02AD 0x02B4 0x02B6 0x02B9 0x02C6 0x02C9 0x02CB 0x02CE 0x0775 0x0778 0x077A 0x077D 0x0DBD 0x0DC1 0x0DC4 0x0DC6 0x0DCF 0x0DD1 0x0DD8 0x0DE8 0x0DF1 0x0E01 0x0E0D 0x0E19 0x0E25 0x0E31 0x0E3A 0x0E43 0x0E4C 0x0E5D 0x0E67 0x0E70 0x0E7C 0x0E84 0x0E8C 0x0E92 0x0E9A 0x0EA2 0x0EAA 0x0EB7 0x0EE8 0x0EF2 0x0EFC 0x0F03 0x0F0A 0x0F13 0x0F1C 0x0F45 0x0F48 0x0F4E
2.70,0x01,read,0x004,FSR,direct,2,0xCE,0x000B
2.70,0x01,read,0x00A,PCLATH,direct,13,0x00 0x08,0x0008 0x0042 0x0043 0x019B 0x019C 0x0F44 0x0F47 0x0F4D
2.70,0x01,read,0x00B,INTCON,direct,4,0x54,0x0019 0x001B
2.70,0x01,read,0x00C,PIR1,direct,19,0x59 0x5B,0x0021 0x0027 0x019A 0x02A7 0x02BF 0x02C3 0x02D1 0x0772 0x0780
2.70,0x01,read,0x020,RAM_0x020,direct,2,0x00,0x0035
2.70,0x01,read,0x021,RAM_0x021,direct,2,0x81,0x0037
2.70,0x01,read,0x022,RAM_0x022,direct,2,0xCE,0x0029
2.70,0x01,read,0x023,RAM_0x023,direct,2,0x00,0x002B
2.70,0x01,read,0x024,RAM_0x024,direct,2,0x77,0x002D
2.70,0x01,read,0x025,RAM_0x025,direct,2,0x24,0x002F
2.70,0x01,read,0x026,RAM_0x026,direct,2,0x00,0x0031
2.70,0x01,read,0x027,RAM_0x027,direct,2,0x00,0x0033
2.70,0x01,read,0x031,RAM_0x031,direct,2,0xCF 0xD0,0x018B
2.70,0x01,read,0x038,RAM_0x038,direct,2,0x00,0x0195
2.70,0x01,read,0x04C,RAM_0x04C,direct,2,0x00,0x018F
2.70,0x01,read,0x051,RAM_0x051,direct,2,0x00,0x02BC 0x0DC2
2.70,0x01,read,0x057,RAM_0x057,direct,1,0x00,0x0DD0
2.70,0x01,read,0x077,RAM_0x077,direct,2,0x00,0x000D
2.70,0x01,read,0x078,RAM_0x078,direct,2,0x77,0x000F
2.70,0x01,read,0x079,RAM_0x079,direct,2,0x24,0x0011
2.70,0x01,read,0x07A,RAM_0x07A,direct,2,0x00,0x0013
2.70,0x01,read,0x07B,RAM_0x07B,direct,2,0x00,0x0015
2.70,0x01,read,0x07E,RAM_0x07E,direct,1,0x0F,0x0DD4
2.70,0x01,read,0x07F,RAM_0x07F,direct,4,0x00 0x03 0x30,0x0039 0x003A
2.70,0x01,read,0x08C,PIE1,indirect,4,0x22,0x001F 0x0025
2.70,0x01,read,0x0A0,RAM_0x0A0,direct,33,0x01,0x0DBE 0x0DC5 0x0DCD 0x0DD6 0x0DE6 0x0DEF 0x0DFF 0x0E0B 0x0E17 0x0E23 0x0E2F 0x0E38 0x0E41 0x0E4A 0x0E5B 0x0E65 0x0E6E 0x0E7A 0x0E82 0x0E8A 0x0E90 0x0E98 0x0EA0 0x0EA8 0x0EB5 0x0EE6 0x0EF0 0x0EFA 0x0F01 0x0F08 0x0F11 0x0F1A 0x0F49
2.70,0x01,read,0x0C8,RAM_0x0C8,direct,1,0x00,0x0F4B
2.70,0x01,read,0x0C9,RAM_0x0C9,direct,1,0x00,0x0F42
2.70,0x01,read,0x0CA,RAM_0x0CA,direct,1,0x01,0x0F40
2.70,0x01,read,0x0CB,RAM_0x0CB,direct,2,0x7A,0x0DC0 0x0F3E
2.70,0x01,read,0x0D3,RAM_0x0D3,direct,1,0x01,0x02C7
2.70,0x01,read,0x0D4,RAM_0x0D4,direct,2,0x00 0x01,0x02CC 0x0776
2.70,0x01,read,0x0D5,RAM_0x0D5,direct,1,0x00,0x077B
2.70,0x01,read,0x0D6,RAM_0x0D6,direct,8,0x00 0x01,0x02AE 0x02B7
2.70,0x01,read,0x0D7,RAM_0x0D7,direct,8,0x00 0x10,0x02B1 0x02B2
2.70,0x01,read,0x0D8,RAM_0x0D8,direct,24,0x00 0x01,0x0299 0x029A 0x02A3
2.70,0x01,read,0x0D9,RAM_0x0D9,direct,8,0x30 0x31,0x02A5
2.70,0x01,write,0x003,STATUS,direct,56,0x00 0x04 0x18 0x1B 0x1C 0x1F 0x38 0x3B 0x3C 0x3F,0x0006 0x0017 0x0018 0x0038 0x0298 0x02A6 0x02AD 0x02B4 0x02B6 0x02B9 0x02C6 0x02C9 0x02CB 0x02CE 0x0775 0x0778 0x077A 0x077D 0x0DBD 0x0DC1 0x0DC4 0x0DCF 0x0DD1 0x0F45 0x0F48 0x0F4E
2.70,0x01,write,0x004,FSR,direct,6,0x8C 0xCE,0x001E 0x0024 0x002A
2.70,0x01,write,0x00A,PCLATH,direct,15,0x00 0x08,0x000A 0x0036 0x0042 0x0043 0x019B 0x019C 0x0F44 0x0F47 0x0F4D
2.70,0x01,write,0x00C,PIR1,direct,2,0x59,0x019A
2.70,0x01,write,0x019,TXREG,direct,13,0x0A 0x30 0x31 0x44 0x54 0x57,0x02AB 0x02C1 0x02C5 0x02D3 0x0774 0x0782
2.70,0x01,write,0x020,RAM_0x020,direct,2,0x00,0x0009
2.70,0x01,write,0x021,RAM_0x021,direct,2,0x81,0x0007
2.70,0x01,write,0x022,RAM_0x022,direct,2,0xCE,0x000C
2.70,0x01,write,0x023,RAM_0x023,direct,2,0x00,0x000E
2.70,0x01,write,0x024,RAM_0x024,direct,2,0x77,0x0010
2.70,0x01,write,0x025,RAM_0x025,direct,2,0x24,0x0012
2.70,0x01,write,0x026,RAM_0x026,direct,2,0x00,0x0014
2.70,0x01,write,0x027,RAM_0x027,direct,2,0x00,0x0016
2.70,0x01,write,0x031,RAM_0x031,direct,2,0xD0 0xD1,0x018B
2.70,0x01,write,0x038,RAM_0x038,direct,2,0x00,0x0195
2.70,0x01,write,0x077,RAM_0x077,direct,2,0x00,0x002C
2.70,0x01,write,0x078,RAM_0x078,direct,2,0x77,0x002E
2.70,0x01,write,0x079,RAM_0x079,direct,2,0x24,0x0030
2.70,0x01,write,0x07A,RAM_0x07A,direct,2,0x00,0x0032
2.70,0x01,write,0x07B,RAM_0x07B,direct,2,0x00,0x0034
2.70,0x01,write,0x07F,RAM_0x07F,direct,4,0x00 0x03 0x30,0x0004 0x0039
2.70,0x01,write,0x0A0,RAM_0x0A0,direct,1,0x01,0x0DC5
2.70,0x01,write,0x0C8,RAM_0x0C8,direct,1,0x00,0x0DD2
2.70,0x01,write,0x0C9,RAM_0x0C9,direct,1,0x00,0x0DD3
2.70,0x01,write,0x0CA,RAM_0x0CA,direct,1,0x01,0x0DBF
2.70,0x01,write,0x0CB,RAM_0x0CB,direct,1,0x7A,0x0DC0
2.70,0x01,write,0x0D3,RAM_0x0D3,direct,1,0x01,0x0F41
2.70,0x01,write,0x0D4,RAM_0x0D4,direct,2,0x00 0x01,0x0F43 0x0F4A
2.70,0x01,write,0x0D5,RAM_0x0D5,direct,1,0x00,0x0F4C
2.70,0x01,write,0x0D6,RAM_0x0D6,direct,4,0x00 0x01,0x02C8 0x02CD 0x0777 0x077C
2.70,0x01,write,0x0D7,RAM_0x0D7,direct,8,0x00 0x10,0x02AF 0x02B1
2.70,0x01,write,0x0D8,RAM_0x0D8,direct,16,0x00 0x01,0x0299 0x02B3 0x02B8
2.70,0x01,write,0x0D9,RAM_0x0D9,direct,8,0x30 0x31,0x02A4
2.70,0x02,read,0x003,STATUS,direct,96,0x04 0x18 0x1B 0x1C 0x1F 0x38 0x39 0x3B 0x3C 0x3F,0x0005 0x0017 0x0018 0x0196 0x0298 0x029C 0x02A6 0x02AD 0x02B4 0x02B6 0x02B9 0x02C6 0x02C9 0x02CB 0x02CE 0x0775 0x0778 0x077A 0x077D 0x0DBD 0x0DC1 0x0DC4 0x0DC6 0x0DD8 0x0DDA 0x0DDC 0x0DDF 0x0DE5 0x0DE8 0x0DF1 0x0E01 0x0E0D 0x0E19 0x0E25 0x0E31 0x0E3A 0x0E43 0x0E4C 0x0E5D 0x0E67 0x0E70 0x0E7C 0x0E84 0x0E8C 0x0E92 0x0E9A 0x0EA2 0x0EAA 0x0EB7 0x0EE8 0x0EF2 0x0EFC 0x0F03 0x0F0A 0x0F13 0x0F1C 0x0F45 0x0F48 0x0F4E
2.70,0x02,read,0x004,FSR,direct,2,0xCE,0x000B
2.70,0x02,read,0x00A,PCLATH,direct,13,0x00 0x08,0x0008 0x0042 0x0043 0x019B 0x019C 0x0F44 0x0F47 0x0F4D
2.70,0x02,read,0x00B,INTCON,direct,4,0x54,0x0019 0x001B
2.70,0x02,read,0x00C,PIR1,direct,19,0x59 0x5B,0x0021 0x0027 0x019A 0x02A7 0x02BF 0x02C3 0x02D1 0x0772 0x0780
2.70,0x02,read,0x020,RAM_0x020,direct,2,0x00,0x0035
2.70,0x02,read,0x021,RAM_0x021,direct,2,0x81 0x83,0x0037
2.70,0x02,read,0x022,RAM_0x022,direct,2,0xCE,0x0029
2.70,0x02,read,0x023,RAM_0x023,direct,2,0x00,0x002B
2.70,0x02,read,0x024,RAM_0x024,direct,2,0x77,0x002D
2.70,0x02,read,0x025,RAM_0x025,direct,2,0x24,0x002F
2.70,0x02,read,0x026,RAM_0x026,direct,2,0x00,0x0031
2.70,0x02,read,0x027,RAM_0x027,direct,2,0x00,0x0033
2.70,0x02,read,0x02E,RAM_0x02E,direct,1,0x00,0x0DDB
2.70,0x02,read,0x030,RAM_0x030,direct,1,0x00,0x0DE0
2.70,0x02,read,0x031,RAM_0x031,direct,2,0xCF 0xD0,0x018B
2.70,0x02,read,0x038,RAM_0x038,direct,2,0x00,0x0195
2.70,0x02,read,0x04C,RAM_0x04C,direct,2,0x00,0x018F
2.70,0x02,read,0x051,RAM_0x051,direct,2,0x00,0x02BC 0x0DC2
2.70,0x02,read,0x077,RAM_0x077,direct,2,0x00,0x000D
2.70,0x02,read,0x078,RAM_0x078,direct,2,0x77,0x000F
2.70,0x02,read,0x079,RAM_0x079,direct,2,0x24,0x0011
2.70,0x02,read,0x07A,RAM_0x07A,direct,2,0x00,0x0013
2.70,0x02,read,0x07B,RAM_0x07B,direct,2,0x00,0x0015
2.70,0x02,read,0x07F,RAM_0x07F,direct,4,0x03 0x30,0x0039 0x003A
2.70,0x02,read,0x08C,PIE1,indirect,4,0x22,0x001F 0x0025
2.70,0x02,read,0x0A0,RAM_0x0A0,direct,33,0x02,0x0DBE 0x0DC5 0x0DCD 0x0DD6 0x0DE6 0x0DEF 0x0DFF 0x0E0B 0x0E17 0x0E23 0x0E2F 0x0E38 0x0E41 0x0E4A 0x0E5B 0x0E65 0x0E6E 0x0E7A 0x0E82 0x0E8A 0x0E90 0x0E98 0x0EA0 0x0EA8 0x0EB5 0x0EE6 0x0EF0 0x0EFA 0x0F01 0x0F08 0x0F11 0x0F1A 0x0F49
2.70,0x02,read,0x0C8,RAM_0x0C8,direct,1,0x00,0x0F4B
2.70,0x02,read,0x0C9,RAM_0x0C9,direct,1,0x00,0x0F42
2.70,0x02,read,0x0CA,RAM_0x0CA,direct,1,0x02,0x0F40
2.70,0x02,read,0x0CB,RAM_0x0CB,direct,2,0x7A,0x0DC0 0x0F3E
2.70,0x02,read,0x0D3,RAM_0x0D3,direct,1,0x02,0x02C7
2.70,0x02,read,0x0D4,RAM_0x0D4,direct,2,0x00 0x02,0x02CC 0x0776
2.70,0x02,read,0x0D5,RAM_0x0D5,direct,1,0x00,0x077B
2.70,0x02,read,0x0D6,RAM_0x0D6,direct,8,0x00 0x02,0x02AE 0x02B7
2.70,0x02,read,0x0D7,RAM_0x0D7,direct,8,0x00 0x20,0x02B1 0x02B2
2.70,0x02,read,0x0D8,RAM_0x0D8,direct,24,0x00 0x02,0x0299 0x029A 0x02A3
2.70,0x02,read,0x0D9,RAM_0x0D9,direct,8,0x30 0x32,0x02A5
2.70,0x02,write,0x003,STATUS,direct,58,0x00 0x04 0x18 0x1B 0x1C 0x1F 0x38 0x3B 0x3C 0x3F,0x0006 0x0017 0x0018 0x0038 0x0298 0x02A6 0x02AD 0x02B4 0x02B6 0x02B9 0x02C6 0x02C9 0x02CB 0x02CE 0x0775 0x0778 0x077A 0x077D 0x0DBD 0x0DC1 0x0DC4 0x0DDA 0x0DDC 0x0DDF 0x0DE5 0x0F45 0x0F48 0x0F4E
2.70,0x02,write,0x004,FSR,direct,6,0x8C 0xCE,0x001E 0x0024 0x002A
2.70,0x02,write,0x00A,PCLATH,direct,15,0x00 0x08,0x000A 0x0036 0x0042 0x0043 0x019B 0x019C 0x0F44 0x0F47 0x0F4D
2.70,0x02,write,0x00C,PIR1,direct,2,0x59,0x019A
2.70,0x02,write,0x019,TXREG,direct,13,0x0A 0x30 0x32 0x44 0x54 0x57,0x02AB 0x02C1 0x02C5 0x02D3 0x0774 0x0782
2.70,0x02,write,0x020,RAM_0x020,direct,2,0x00,0x0009
2.70,0x02,write,0x021,RAM_0x021,direct,2,0x81 0x83,0x0007
2.70,0x02,write,0x022,RAM_0x022,direct,2,0xCE,0x000C
2.70,0x02,write,0x023,RAM_0x023,direct,2,0x00,0x000E
2.70,0x02,write,0x024,RAM_0x024,direct,2,0x77,0x0010
2.70,0x02,write,0x025,RAM_0x025,direct,2,0x24,0x0012
2.70,0x02,write,0x026,RAM_0x026,direct,2,0x00,0x0014
2.70,0x02,write,0x027,RAM_0x027,direct,2,0x00,0x0016
2.70,0x02,write,0x031,RAM_0x031,direct,2,0xD0 0xD1,0x018B
2.70,0x02,write,0x038,RAM_0x038,direct,2,0x00,0x0195
2.70,0x02,write,0x077,RAM_0x077,direct,2,0x00,0x002C
2.70,0x02,write,0x078,RAM_0x078,direct,2,0x77,0x002E
2.70,0x02,write,0x079,RAM_0x079,direct,2,0x24,0x0030
2.70,0x02,write,0x07A,RAM_0x07A,direct,2,0x00,0x0032
2.70,0x02,write,0x07B,RAM_0x07B,direct,2,0x00,0x0034
2.70,0x02,write,0x07F,RAM_0x07F,direct,4,0x03 0x30,0x0004 0x0039
2.70,0x02,write,0x0A0,RAM_0x0A0,direct,1,0x02,0x0DC5
2.70,0x02,write,0x0C8,RAM_0x0C8,direct,1,0x00,0x0DDD
2.70,0x02,write,0x0C9,RAM_0x0C9,direct,1,0x00,0x0DDE
2.70,0x02,write,0x0CA,RAM_0x0CA,direct,1,0x02,0x0DBF
2.70,0x02,write,0x0CB,RAM_0x0CB,direct,1,0x7A,0x0DC0
2.70,0x02,write,0x0D3,RAM_0x0D3,direct,1,0x02,0x0F41
2.70,0x02,write,0x0D4,RAM_0x0D4,direct,2,0x00 0x02,0x0F43 0x0F4A
2.70,0x02,write,0x0D5,RAM_0x0D5,direct,1,0x00,0x0F4C
2.70,0x02,write,0x0D6,RAM_0x0D6,direct,4,0x00 0x02,0x02C8 0x02CD 0x0777 0x077C
2.70,0x02,write,0x0D7,RAM_0x0D7,direct,8,0x00 0x20,0x02AF 0x02B1
2.70,0x02,write,0x0D8,RAM_0x0D8,direct,16,0x00 0x02,0x0299 0x02B3 0x02B8
2.70,0x02,write,0x0D9,RAM_0x0D9,direct,8,0x30 0x32,0x02A4
2.70,0x03,read,0x003,STATUS,direct,94,0x04 0x18 0x1B 0x1C 0x1F 0x38 0x39 0x3B 0x3C 0x3F,0x0005 0x0017 0x0018 0x0196 0x0298 0x029C 0x02A6 0x02AD 0x02B4 0x02B6 0x02B9 0x02C6 0x02C9 0x02CB 0x02CE 0x0775 0x0778 0x077A 0x077D 0x0DBD 0x0DC1 0x0DC4 0x0DC6 0x0DD8 0x0DE8 0x0DEA 0x0DEC 0x0DF1 0x0E01 0x0E0D 0x0E19 0x0E25 0x0E31 0x0E3A 0x0E43 0x0E4C 0x0E5D 0x0E67 0x0E70 0x0E7C 0x0E84 0x0E8C 0x0E92 0x0E9A 0x0EA2 0x0EAA 0x0EB7 0x0EE8 0x0EF2 0x0EFC 0x0F03 0x0F0A 0x0F13 0x0F1C 0x0F45 0x0F48 0x0F4E
2.70,0x03,read,0x004,FSR,direct,2,0xCE,0x000B
2.70,0x03,read,0x00A,PCLATH,direct,13,0x00 0x08,0x0008 0x0042 0x0043 0x019B 0x019C 0x0F44 0x0F47 0x0F4D
2.70,0x03,read,0x00B,INTCON,direct,4,0x54,0x0019 0x001B
2.70,0x03,read,0x00C,PIR1,direct,19,0x59 0x5B,0x0021 0x0027 0x019A 0x02A7 0x02BF 0x02C3 0x02D1 0x0772 0x0780
2.70,0x03,read,0x020,RAM_0x020,direct,2,0x00,0x0035
2.70,0x03,read,0x021,RAM_0x021,direct,2,0x81 0x83,0x0037
2.70,0x03,read,0x022,RAM_0x022,direct,2,0xCE,0x0029
2.70,0x03,read,0x023,RAM_0x023,direct,2,0x00,0x002B
2.70,0x03,read,0x024,RAM_0x024,direct,2,0x77,0x002D
2.70,0x03,read,0x025,RAM_0x025,direct,2,0x24,0x002F
2.70,0x03,read,0x026,RAM_0x026,direct,2,0x00,0x0031
2.70,0x03,read,0x027,RAM_0x027,direct,2,0x00,0x0033
2.70,0x03,read,0x02F,RAM_0x02F,direct,1,0x00,0x0DEB
2.70,0x03,read,0x031,RAM_0x031,direct,2,0xCF 0xD0,0x018B
2.70,0x03,read,0x038,RAM_0x038,direct,2,0x00,0x0195
2.70,0x03,read,0x04C,RAM_0x04C,direct,2,0x00,0x018F
2.70,0x03,read,0x051,RAM_0x051,direct,2,0x00,0x02BC 0x0DC2
2.70,0x03,read,0x077,RAM_0x077,direct,2,0x00,0x000D
2.70,0x03,read,0x078,RAM_0x078,direct,2,0x77,0x000F
2.70,0x03,read,0x079,RAM_0x079,direct,2,0x24,0x0011
2.70,0x03,read,0x07A,RAM_0x07A,direct,2,0x00,0x0013
2.70,0x03,read,0x07B,RAM_0x07B,direct,2,0x00,0x0015
2.70,0x03,read,0x07F,RAM_0x07F,direct,4,0x00 0x03 0x30,0x0039 0x003A
2.70,0x03,read,0x08C,PIE1,indirect,4,0x22,0x001F 0x0025
2.70,0x03,read,0x0A0,RAM_0x0A0,direct,33,0x03,0x0DBE 0x0DC5 0x0DCD 0x0DD6 0x0DE6 0x0DEF 0x0DFF 0x0E0B 0x0E17 0x0E23 0x0E2F 0x0E38 0x0E41 0x0E4A 0x0E5B 0x0E65 0x0E6E 0x0E7A 0x0E82 0x0E8A 0x0E90 0x0E98 0x0EA0 0x0EA8 0x0EB5 0x0EE6 0x0EF0 0x0EFA 0x0F01 0x0F08 0x0F11 0x0F1A 0x0F49
2.70,0x03,read,0x0C8,RAM_0x0C8,direct,1,0x00,0x0F4B
2.70,0x03,read,0x0C9,RAM_0x0C9,direct,1,0x00,0x0F42
2.70,0x03,read,0x0CA,RAM_0x0CA,direct,1,0x03,0x0F40
2.70,0x03,read,0x0CB,RAM_0x0CB,direct,2,0x7A,0x0DC0 0x0F3E
2.70,0x03,read,0x0D3,RAM_0x0D3,direct,1,0x03,0x02C7
2.70,0x03,read,0x0D4,RAM_0x0D4,direct,2,0x00 0x03,0x02CC 0x0776
2.70,0x03,read,0x0D5,RAM_0x0D5,direct,1,0x00,0x077B
2.70,0x03,read,0x0D6,RAM_0x0D6,direct,8,0x00 0x03,0x02AE 0x02B7
2.70,0x03,read,0x0D7,RAM_0x0D7,direct,8,0x00 0x30,0x02B1 0x02B2
2.70,0x03,read,0x0D8,RAM_0x0D8,direct,24,0x00 0x03,0x0299 0x029A 0x02A3
2.70,0x03,read,0x0D9,RAM_0x0D9,direct,8,0x30 0x33,0x02A5
2.70,0x03,write,0x003,STATUS,direct,56,0x00 0x04 0x18 0x1B 0x1C 0x1F 0x38 0x3B 0x3C 0x3F,0x0006 0x0017 0x0018 0x0038 0x0298 0x02A6 0x02AD 0x02B4 0x02B6 0x02B9 0x02C6 0x02C9 0x02CB 0x02CE 0x0775 0x0778 0x077A 0x077D 0x0DBD 0x0DC1 0x0DC4 0x0DEA 0x0DEC 0x0F45 0x0F48 0x0F4E
2.70,0x03,write,0x004,FSR,direct,6,0x8C 0xCE,0x001E 0x0024 0x002A
2.70,0x03,write,0x00A,PCLATH,direct,15,0x00 0x08,0x000A 0x0036 0x0042 0x0043 0x019B 0x019C 0x0F44 0x0F47 0x0F4D
2.70,0x03,write,0x00C,PIR1,direct,2,0x59,0x019A
2.70,0x03,write,0x019,TXREG,direct,13,0x0A 0x30 0x33 0x44 0x54 0x57,0x02AB 0x02C1 0x02C5 0x02D3 0x0774 0x0782
2.70,0x03,write,0x020,RAM_0x020,direct,2,0x00,0x0009
2.70,0x03,write,0x021,RAM_0x021,direct,2,0x81 0x83,0x0007
2.70,0x03,write,0x022,RAM_0x022,direct,2,0xCE,0x000C
2.70,0x03,write,0x023,RAM_0x023,direct,2,0x00,0x000E
2.70,0x03,write,0x024,RAM_0x024,direct,2,0x77,0x0010
2.70,0x03,write,0x025,RAM_0x025,direct,2,0x24,0x0012
2.70,0x03,write,0x026,RAM_0x026,direct,2,0x00,0x0014
2.70,0x03,write,0x027,RAM_0x027,direct,2,0x00,0x0016
2.70,0x03,write,0x031,RAM_0x031,direct,2,0xD0 0xD1,0x018B
2.70,0x03,write,0x038,RAM_0x038,direct,2,0x00,0x0195
2.70,0x03,write,0x077,RAM_0x077,direct,2,0x00,0x002C
2.70,0x03,write,0x078,RAM_0x078,direct,2,0x77,0x002E
2.70,0x03,write,0x079,RAM_0x079,direct,2,0x24,0x0030
2.70,0x03,write,0x07A,RAM_0x07A,direct,2,0x00,0x0032
2.70,0x03,write,0x07B,RAM_0x07B,direct,2,0x00,0x0034
2.70,0x03,write,0x07F,RAM_0x07F,direct,4,0x00 0x03 0x30,0x0004 0x0039
2.70,0x03,write,0x0A0,RAM_0x0A0,direct,1,0x03,0x0DC5
2.70,0x03,write,0x0C8,RAM_0x0C8,direct,1,0x00,0x0DED
2.70,0x03,write,0x0C9,RAM_0x0C9,direct,1,0x00,0x0DEE
2.70,0x03,write,0x0CA,RAM_0x0CA,direct,1,0x03,0x0DBF
2.70,0x03,write,0x0CB,RAM_0x0CB,direct,1,0x7A,0x0DC0
2.70,0x03,write,0x0D3,RAM_0x0D3,direct,1,0x03,0x0F41
2.70,0x03,write,0x0D4,RAM_0x0D4,direct,2,0x00 0x03,0x0F43 0x0F4A
2.70,0x03,write,0x0D5,RAM_0x0D5,direct,1,0x00,0x0F4C
2.70,0x03,write,0x0D6,RAM_0x0D6,direct,4,0x00 0x03,0x02C8 0x02CD 0x0777 0x077C
2.70,0x03,write,0x0D7,RAM_0x0D7,direct,8,0x00 0x30,0x02AF 0x02B1
2.70,0x03,write,0x0D8,RAM_0x0D8,direct,16,0x00 0x03,0x0299 0x02B3 0x02B8
2.70,0x03,write,0x0D9,RAM_0x0D9,direct,8,0x30 0x33,0x02A4
2.70,0x04,read,0x003,STATUS,direct,96,0x04 0x18 0x1B 0x1C 0x1F 0x38 0x39 0x3B 0x3C 0x3F,0x0005 0x0017 0x0018 0x0196 0x0298 0x029C 0x02A6 0x02AD 0x02B4 0x02B6 0x02B9 0x02C6 0x02C9 0x02CB 0x02CE 0x0775 0x0778 0x077A 0x077D 0x0DBD 0x0DC1 0x0DC4 0x0DC6 0x0DD8 0x0DE8 0x0DF1 0x0DF3 0x0DF5 0x0DF8 0x0DFE 0x0E01 0x0E0D 0x0E19 0x0E25 0x0E31 0x0E3A 0x0E43 0x0E4C 0x0E5D 0x0E67 0x0E70 0x0E7C 0x0E84 0x0E8C 0x0E92 0x0E9A 0x0EA2 0x0EAA 0x0EB7 0x0EE8 0x0EF2 0x0EFC 0x0F03 0x0F0A 0x0F13 0x0F1C 0x0F45 0x0F48 0x0F4E
2.70,0x04,read,0x004,FSR,direct,2,0xCE,0x000B
2.70,0x04,read,0x00A,PCLATH,direct,13,0x00 0x08,0x0008 0x0042 0x0043 0x019B 0x019C 0x0F44 0x0F47 0x0F4D
2.70,0x04,read,0x00B,INTCON,direct,4,0x54,0x0019 0x001B
2.70,0x04,read,0x00C,PIR1,direct,19,0x59 0x5B,0x0021 0x0027 0x019A 0x02A7 0x02BF 0x02C3 0x02D1 0x0772 0x0780
2.70,0x04,read,0x020,RAM_0x020,direct,2,0x00,0x0035
2.70,0x04,read,0x021,RAM_0x021,direct,2,0x81 0x83,0x0037
2.70,0x04,read,0x022,RAM_0x022,direct,2,0xCE,0x0029
2.70,0x04,read,0x023,RAM_0x023,direct,2,0x00,0x002B
2.70,0x04,read,0x024,RAM_0x024,direct,2,0x77,0x002D
2.70,0x04,read,0x025,RAM_0x025,direct,2,0x24,0x002F
2.70,0x04,read,0x026,RAM_0x026,direct,2,0x00,0x0031
2.70,0x04,read,0x027,RAM_0x027,direct,2,0x00,0x0033
2.70,0x04,read,0x031,RAM_0x031,direct,2,0xCF 0xD0,0x018B
2.70,0x04,read,0x034,RAM_0x034,direct,1,0x00,0x0DF4
2.70,0x04,read,0x038,RAM_0x038,direct,2,0x00,0x0195
2.70,0x04,read,0x04C,RAM_0x04C,direct,2,0x00,0x018F
2.70,0x04,read,0x050,RAM_0x050,direct,1,0x00,0x0DF9
2.70,0x04,read,0x051,RAM_0x051,direct,2,0x00,0x02BC 0x0DC2
2.70,0x04,read,0x077,RAM_0x077,direct,2,0x00,0x000D
2.70,0x04,read,0x078,RAM_0x078,direct,2,0x77,0x000F
2.70,0x04,read,0x079,RAM_0x079,direct,2,0x24,0x0011
2.70,0x04,read,0x07A,RAM_0x07A,direct,2,0x00,0x0013
2.70,0x04,read,0x07B,RAM_0x07B,direct,2,0x00,0x0015
2.70,0x04,read,0x07F,RAM_0x07F,direct,4,0x03 0x30,0x0039 0x003A
2.70,0x04,read,0x08C,PIE1,indirect,4,0x22,0x001F 0x0025
2.70,0x04,read,0x0A0,RAM_0x0A0,direct,33,0x04,0x0DBE 0x0DC5 0x0DCD 0x0DD6 0x0DE6 0x0DEF 0x0DFF 0x0E0B 0x0E17 0x0E23 0x0E2F 0x0E38 0x0E41 0x0E4A 0x0E5B 0x0E65 0x0E6E 0x0E7A 0x0E82 0x0E8A 0x0E90 0x0E98 0x0EA0 0x0EA8 0x0EB5 0x0EE6 0x0EF0 0x0EFA 0x0F01 0x0F08 0x0F11 0x0F1A 0x0F49
2.70,0x04,read,0x0C8,RAM_0x0C8,direct,1,0x00,0x0F4B
2.70,0x04,read,0x0C9,RAM_0x0C9,direct,1,0x00,0x0F42
2.70,0x04,read,0x0CA,RAM_0x0CA,direct,1,0x04,0x0F40
2.70,0x04,read,0x0CB,RAM_0x0CB,direct,2,0x7A,0x0DC0 0x0F3E
2.70,0x04,read,0x0D3,RAM_0x0D3,direct,1,0x04,0x02C7
2.70,0x04,read,0x0D4,RAM_0x0D4,direct,2,0x00 0x04,0x02CC 0x0776
2.70,0x04,read,0x0D5,RAM_0x0D5,direct,1,0x00,0x077B
2.70,0x04,read,0x0D6,RAM_0x0D6,direct,8,0x00 0x04,0x02AE 0x02B7
2.70,0x04,read,0x0D7,RAM_0x0D7,direct,8,0x00 0x40,0x02B1 0x02B2
2.70,0x04,read,0x0D8,RAM_0x0D8,direct,24,0x00 0x04,0x0299 0x029A 0x02A3
2.70,0x04,read,0x0D9,RAM_0x0D9,direct,8,0x30 0x34,0x02A5
2.70,0x04,write,0x003,STATUS,direct,58,0x00 0x04 0x18 0x1B 0x1C 0x1F 0x38 0x3B 0x3C 0x3F,0x0006 0x0017 0x0018 0x0038 0x0298 0x02A6 0x02AD 0x02B4 0x02B6 0x02B9 0x02C6 0x02C9 0x02CB 0x02CE 0x0775 0x0778 0x077A 0x077D 0x0DBD 0x0DC1 0x0DC4 0x0DF3 0x0DF5 0x0DF8 0x0DFE 0x0F45 0x0F48 0x0F4E
2.70,0x04,write,0x004,FSR,direct,6,0x8C 0xCE,0x001E 0x0024 0x002A
2.70,0x04,write,0x00A,PCLATH,direct,15,0x00 0x08,0x000A 0x0036 0x0042 0x0043 0x019B 0x019C 0x0F44 0x0F47 0x0F4D
2.70,0x04,write,0x00C,PIR1,direct,2,0x59,0x019A
2.70,0x04,write,0x019,TXREG,direct,13,0x0A 0x30 0x34 0x44 0x54 0x57,0x02AB 0x02C1 0x02C5 0x02D3 0x0774 0x0782
2.70,0x04,write,0x020,RAM_0x020,direct,2,0x00,0x0009
2.70,0x04,write,0x021,RAM_0x021,direct,2,0x81 0x83,0x0007
2.70,0x04,write,0x022,RAM_0x022,direct,2,0xCE,0x000C
2.70,0x04,write,0x023,RAM_0x023,direct,2,0x00,0x000E
2.70,0x04,write,0x024,RAM_0x024,direct,2,0x77,0x0010
2.70,0x04,write,0x025,RAM_0x025,direct,2,0x24,0x0012
2.70,0x04,write,0x026,RAM_0x026,direct,2,0x00,0x0014
2.70,0x04,write,0x027,RAM_0x027,direct,2,0x00,0x0016
2.70,0x04,write,0x031,RAM_0x031,direct,2,0xD0 0xD1,0x018B
2.70,0x04,write,0x038,RAM_0x038,direct,2,0x00,0x0195
2.70,0x04,write,0x077,RAM_0x077,direct,2,0x00,0x002C
2.70,0x04,write,0x078,RAM_0x078,direct,2,0x77,0x002E
2.70,0x04,write,0x079,RAM_0x079,direct,2,0x24,0x0030
2.70,0x04,write,0x07A,RAM_0x07A,direct,2,0x00,0x0032
2.70,0x04,write,0x07B,RAM_0x07B,direct,2,0x00,0x0034
2.70,0x04,write,0x07F,RAM_0x07F,direct,4,0x03 0x30,0x0004 0x0039
2.70,0x04,write,0x0A0,RAM_0x0A0,direct,1,0x04,0x0DC5
2.70,0x04,write,0x0C8,RAM_0x0C8,direct,1,0x00,0x0DF6
2.70,0x04,write,0x0C9,RAM_0x0C9,direct,1,0x00,0x0DF7
2.70,0x04,write,0x0CA,RAM_0x0CA,direct,1,0x04,0x0DBF
2.70,0x04,write,0x0CB,RAM_0x0CB,direct,1,0x7A,0x0DC0
2.70,0x04,write,0x0D3,RAM_0x0D3,direct,1,0x04,0x0F41
2.70,0x04,write,0x0D4,RAM_0x0D4,direct,2,0x00 0x04,0x0F43 0x0F4A
2.70,0x04,write,0x0D5,RAM_0x0D5,direct,1,0x00,0x0F4C
2.70,0x04,write,0x0D6,RAM_0x0D6,direct,4,0x00 0x04,0x02C8 0x02CD 0x0777 0x077C
2.70,0x04,write,0x0D7,RAM_0x0D7,direct,8,0x00 0x40,0x02AF 0x02B1
2.70,0x04,write,0x0D8,RAM_0x0D8,direct,16,0x00 0x04,0x0299 0x02B3 0x02B8
2.70,0x04,write,0x0D9,RAM_0x0D9,direct,8,0x30 0x34,0x02A4
2.70,0x05,read,0x003,STATUS,direct,96,0x04 0x18 0x1B 0x1C 0x1F 0x38 0x39 0x3B 0x3C 0x3F,0x0005 0x0017 0x0018 0x0196 0x0298 0x029C 0x02A6 0x02AD 0x02B4 0x02B6 0x02B9 0x02C6 0x02C9 0x02CB 0x02CE 0x0775 0x0778 0x077A 0x077D 0x0DBD 0x0DC1 0x0DC4 0x0DC6 0x0DD8 0x0DE8 0x0DF1 0x0E01 0x0E03 0x0E05 0x0E07 0x0E09 0x0E0D 0x0E19 0x0E25 0x0E31 0x0E3A 0x0E43 0x0E4C 0x0E5D 0x0E67 0x0E70 0x0E7C 0x0E84 0x0E8C 0x0E92 0x0E9A 0x0EA2 0x0EAA 0x0EB7 0x0EE8 0x0EF2 0x0EFC 0x0F03 0x0F0A 0x0F13 0x0F1C 0x0F45 0x0F48 0x0F4E
2.70,0x05,read,0x004,FSR,direct,2,0xCE,0x000B
2.70,0x05,read,0x00A,PCLATH,direct,13,0x00 0x08,0x0008 0x0042 0x0043 0x019B 0x019C 0x0F44 0x0F47 0x0F4D
2.70,0x05,read,0x00B,INTCON,direct,4,0x54,0x0019 0x001B
2.70,0x05,read,0x00C,PIR1,direct,19,0x59 0x5B,0x0021 0x0027 0x019A 0x02A7 0x02BF 0x02C3 0x02D1 0x0772 0x0780
2.70,0x05,read,0x020,RAM_0x020,direct,2,0x00,0x0035
2.70,0x05,read,0x021,RAM_0x021,direct,2,0x81,0x0037
2.70,0x05,read,0x022,RAM_0x022,direct,2,0xCE,0x0029
2.70,0x05,read,0x023,RAM_0x023,direct,2,0x00,0x002B
2.70,0x05,read,0x024,RAM_0x024,direct,2,0x77,0x002D
2.70,0x05,read,0x025,RAM_0x025,direct,2,0x24,0x002F
2.70,0x05,read,0x026,RAM_0x026,direct,2,0x00,0x0031
2.70,0x05,read,0x027,RAM_0x027,direct,2,0x00,0x0033
2.70,0x05,read,0x031,RAM_0x031,direct,2,0xCF 0xD0,0x018B
2.70,0x05,read,0x037,RAM_0x037,direct,1,0x00,0x0E04
2.70,0x05,read,0x038,RAM_0x038,direct,2,0x00,0x0195
2.70,0x05,read,0x04C,RAM_0x04C,direct,2,0x00,0x018F
2.70,0x05,read,0x051,RAM_0x051,direct,2,0x00,0x02BC 0x0DC2
2.70,0x05,read,0x062,RAM_0x062,direct,1,0x00,0x0E08
2.70,0x05,read,0x077,RAM_0x077,direct,2,0x00,0x000D
2.70,0x05,read,0x078,RAM_0x078,direct,2,0x77,0x000F
2.70,0x05,read,0x079,RAM_0x079,direct,2,0x24,0x0011
2.70,0x05,read,0x07A,RAM_0x07A,direct,2,0x00,0x0013
2.70,0x05,read,0x07B,RAM_0x07B,direct,2,0x00,0x0015
2.70,0x05,read,0x07F,RAM_0x07F,direct,4,0x03 0x30,0x0039 0x003A
2.70,0x05,read,0x08C,PIE1,indirect,4,0x22,0x001F 0x0025
2.70,0x05,read,0x0A0,RAM_0x0A0,direct,33,0x05,0x0DBE 0x0DC5 0x0DCD 0x0DD6 0x0DE6 0x0DEF 0x0DFF 0x0E0B 0x0E17 0x0E23 0x0E2F 0x0E38 0x0E41 0x0E4A 0x0E5B 0x0E65 0x0E6E 0x0E7A 0x0E82 0x0E8A 0x0E90 0x0E98 0x0EA0 0x0EA8 0x0EB5 0x0EE6 0x0EF0 0x0EFA 0x0F01 0x0F08 0x0F11 0x0F1A 0x0F49
2.70,0x05,read,0x0C8,RAM_0x0C8,direct,1,0x00,0x0F4B
2.70,0x05,read,0x0C9,RAM_0x0C9,direct,1,0x00,0x0F42
2.70,0x05,read,0x0CA,RAM_0x0CA,direct,1,0x05,0x0F40
2.70,0x05,read,0x0CB,RAM_0x0CB,direct,2,0x7A,0x0DC0 0x0F3E
2.70,0x05,read,0x0D3,RAM_0x0D3,direct,1,0x05,0x02C7
2.70,0x05,read,0x0D4,RAM_0x0D4,direct,2,0x00 0x05,0x02CC 0x0776
2.70,0x05,read,0x0D5,RAM_0x0D5,direct,1,0x00,0x077B
2.70,0x05,read,0x0D6,RAM_0x0D6,direct,8,0x00 0x05,0x02AE 0x02B7
2.70,0x05,read,0x0D7,RAM_0x0D7,direct,8,0x00 0x50,0x02B1 0x02B2
2.70,0x05,read,0x0D8,RAM_0x0D8,direct,24,0x00 0x05,0x0299 0x029A 0x02A3
2.70,0x05,read,0x0D9,RAM_0x0D9,direct,8,0x30 0x35,0x02A5
2.70,0x05,write,0x003,STATUS,direct,58,0x00 0x04 0x18 0x1B 0x1C 0x1F 0x38 0x3B 0x3C 0x3F,0x0006 0x0017 0x0018 0x0038 0x0298 0x02A6 0x02AD 0x02B4 0x02B6 0x02B9 0x02C6 0x02C9 0x02CB 0x02CE 0x0775 0x0778 0x077A 0x077D 0x0DBD 0x0DC1 0x0DC4 0x0E03 0x0E05 0x0E07 0x0E09 0x0F45 0x0F48 0x0F4E
2.70,0x05,write,0x004,FSR,direct,6,0x8C 0xCE,0x001E 0x0024 0x002A
2.70,0x05,write,0x00A,PCLATH,direct,15,0x00 0x08,0x000A 0x0036 0x0042 0x0043 0x019B 0x019C 0x0F44 0x0F47 0x0F4D
2.70,0x05,write,0x00C,PIR1,direct,2,0x59,0x019A
2.70,0x05,write,0x019,TXREG,direct,13,0x0A 0x30 0x35 0x44 0x54 0x57,0x02AB 0x02C1 0x02C5 0x02D3 0x0774 0x0782
2.70,0x05,write,0x020,RAM_0x020,direct,2,0x00,0x0009
2.70,0x05,write,0x021,RAM_0x021,direct,2,0x81,0x0007
2.70,0x05,write,0x022,RAM_0x022,direct,2,0xCE,0x000C
2.70,0x05,write,0x023,RAM_0x023,direct,2,0x00,0x000E
2.70,0x05,write,0x024,RAM_0x024,direct,2,0x77,0x0010
2.70,0x05,write,0x025,RAM_0x025,direct,2,0x24,0x0012
2.70,0x05,write,0x026,RAM_0x026,direct,2,0x00,0x0014
2.70,0x05,write,0x027,RAM_0x027,direct,2,0x00,0x0016
2.70,0x05,write,0x031,RAM_0x031,direct,2,0xD0 0xD1,0x018B
2.70,0x05,write,0x038,RAM_0x038,direct,2,0x00,0x0195
2.70,0x05,write,0x077,RAM_0x077,direct,2,0x00,0x002C
2.70,0x05,write,0x078,RAM_0x078,direct,2,0x77,0x002E
2.70,0x05,write,0x079,RAM_0x079,direct,2,0x24,0x0030
2.70,0x05,write,0x07A,RAM_0x07A,direct,2,0x00,0x0032
2.70,0x05,write,0x07B,RAM_0x07B,direct,2,0x00,0x0034
2.70,0x05,write,0x07F,RAM_0x07F,direct,4,0x03 0x30,0x0004 0x0039
2.70,0x05,write,0x0A0,RAM_0x0A0,direct,1,0x05,0x0DC5
2.70,0x05,write,0x0C8,RAM_0x0C8,direct,1,0x00,0x0E06
2.70,0x05,write,0x0C9,RAM_0x0C9,direct,1,0x00,0x0E0A
2.70,0x05,write,0x0CA,RAM_0x0CA,direct,1,0x05,0x0DBF
2.70,0x05,write,0x0CB,RAM_0x0CB,direct,1,0x7A,0x0DC0
2.70,0x05,write,0x0D3,RAM_0x0D3,direct,1,0x05,0x0F41
2.70,0x05,write,0x0D4,RAM_0x0D4,direct,2,0x00 0x05,0x0F43 0x0F4A
2.70,0x05,write,0x0D5,RAM_0x0D5,direct,1,0x00,0x0F4C
2.70,0x05,write,0x0D6,RAM_0x0D6,direct,4,0x00 0x05,0x02C8 0x02CD 0x0777 0x077C
2.70,0x05,write,0x0D7,RAM_0x0D7,direct,8,0x00 0x50,0x02AF 0x02B1
2.70,0x05,write,0x0D8,RAM_0x0D8,direct,16,0x00 0x05,0x0299 0x02B3 0x02B8
2.70,0x05,write,0x0D9,RAM_0x0D9,direct,8,0x30 0x35,0x02A4
2.70,0x06,read,0x003,STATUS,direct,96,0x04 0x18 0x1B 0x1C 0x1F 0x38 0x39 0x3B 0x3C 0x3F,0x0005 0x0017 0x0018 0x0196 0x0298 0x029C 0x02A6 0x02AD 0x02B4 0x02B6 0x02B9 0x02C6 0x02C9 0x02CB 0x02CE 0x0775 0x0778 0x077A 0x077D 0x0DBD 0x0DC1 0x0DC4 0x0DC6 0x0DD8 0x0DE8 0x0DF1 0x0E01 0x0E0D 0x0E0F 0x0E11 0x0E13 0x0E15 0x0E19 0x0E25 0x0E31 0x0E3A 0x0E43 0x0E4C 0x0E5D 0x0E67 0x0E70 0x0E7C 0x0E84 0x0E8C 0x0E92 0x0E9A 0x0EA2 0x0EAA 0x0EB7 0x0EE8 0x0EF2 0x0EFC 0x0F03 0x0F0A 0x0F13 0x0F1C 0x0F45 0x0F48 0x0F4E
2.70,0x06,read,0x004,FSR,direct,2,0xCE,0x000B
2.70,0x06,read,0x00A,PCLATH,direct,13,0x00 0x08,0x0008 0x0042 0x0043 0x019B 0x019C 0x0F44 0x0F47 0x0F4D
2.70,0x06,read,0x00B,INTCON,direct,4,0x54,0x0019 0x001B
2.70,0x06,read,0x00C,PIR1,direct,19,0x59 0x5B,0x0021 0x0027 0x019A 0x02A7 0x02BF 0x02C3 0x02D1 0x0772 0x0780
2.70,0x06,read,0x020,RAM_0x020,direct,2,0x00,0x0035
2.70,0x06,read,0x021,RAM_0x021,direct,2,0x81,0x0037
2.70,0x06,read,0x022,RAM_0x022,direct,2,0xCE,0x0029
2.70,0x06,read,0x023,RAM_0x023,direct,2,0x00,0x002B
2.70,0x06,read,0x024,RAM_0x024,direct,2,0x77,0x002D
2.70,0x06,read,0x025,RAM_0x025,direct,2,0x24,0x002F
2.70,0x06,read,0x026,RAM_0x026,direct,2,0x00,0x0031
2.70,0x06,read,0x027,RAM_0x027,direct,2,0x00,0x0033
2.70,0x06,read,0x029,RAM_0x029,direct,1,0x19,0x0E10
2.70,0x06,read,0x031,RAM_0x031,direct,2,0xCF 0xD0,0x018B
2.70,0x06,read,0x038,RAM_0x038,direct,2,0x00,0x0195
2.70,0x06,read,0x04C,RAM_0x04C,direct,2,0x00,0x018F
2.70,0x06,read,0x051,RAM_0x051,direct,2,0x00,0x02BC 0x0DC2
2.70,0x06,read,0x06B,RAM_0x06B,direct,1,0x00,0x0E14
2.70,0x06,read,0x077,RAM_0x077,direct,2,0x00,0x000D
2.70,0x06,read,0x078,RAM_0x078,direct,2,0x77,0x000F
2.70,0x06,read,0x079,RAM_0x079,direct,2,0x24,0x0011
2.70,0x06,read,0x07A,RAM_0x07A,direct,2,0x00,0x0013
2.70,0x06,read,0x07B,RAM_0x07B,direct,2,0x00,0x0015
2.70,0x06,read,0x07F,RAM_0x07F,direct,4,0x03 0x30 0x39 0x93,0x0039 0x003A
2.70,0x06,read,0x08C,PIE1,indirect,4,0x22,0x001F 0x0025
2.70,0x06,read,0x0A0,RAM_0x0A0,direct,33,0x06,0x0DBE 0x0DC5 0x0DCD 0x0DD6 0x0DE6 0x0DEF 0x0DFF 0x0E0B 0x0E17 0x0E23 0x0E2F 0x0E38 0x0E41 0x0E4A 0x0E5B 0x0E65 0x0E6E 0x0E7A 0x0E82 0x0E8A 0x0E90 0x0E98 0x0EA0 0x0EA8 0x0EB5 0x0EE6 0x0EF0 0x0EFA 0x0F01 0x0F08 0x0F11 0x0F1A 0x0F49
2.70,0x06,read,0x0C8,RAM_0x0C8,direct,1,0x19,0x0F4B
2.70,0x06,read,0x0C9,RAM_0x0C9,direct,1,0x00,0x0F42
2.70,0x06,read,0x0CA,RAM_0x0CA,direct,1,0x06,0x0F40
2.70,0x06,read,0x0CB,RAM_0x0CB,direct,2,0x7A,0x0DC0 0x0F3E
2.70,0x06,read,0x0D3,RAM_0x0D3,direct,1,0x06,0x02C7
2.70,0x06,read,0x0D4,RAM_0x0D4,direct,2,0x00 0x06,0x02CC 0x0776
2.70,0x06,read,0x0D5,RAM_0x0D5,direct,1,0x19,0x077B
2.70,0x06,read,0x0D6,RAM_0x0D6,direct,8,0x00 0x06 0x19,0x02AE 0x02B7
2.70,0x06,read,0x0D7,RAM_0x0D7,direct,8,0x00 0x01 0x60 0x91,0x02B1 0x02B2
2.70,0x06,read,0x0D8,RAM_0x0D8,direct,24,0x00 0x01 0x06 0x09 0x19,0x0299 0x029A 0x02A3
2.70,0x06,read,0x0D9,RAM_0x0D9,direct,8,0x30 0x31 0x36 0x39,0x02A5
2.70,0x06,write,0x003,STATUS,direct,58,0x00 0x04 0x18 0x1B 0x1C 0x1F 0x38 0x3B 0x3C 0x3F,0x0006 0x0017 0x0018 0x0038 0x0298 0x02A6 0x02AD 0x02B4 0x02B6 0x02B9 0x02C6 0x02C9 0x02CB 0x02CE 0x0775 0x0778 0x077A 0x077D 0x0DBD 0x0DC1 0x0DC4 0x0E0F 0x0E11 0x0E13 0x0E15 0x0F45 0x0F48 0x0F4E
2.70,0x06,write,0x004,FSR,direct,6,0x8C 0xCE,0x001E 0x0024 0x002A
2.70,0x06,write,0x00A,PCLATH,direct,15,0x00 0x08,0x000A 0x0036 0x0042 0x0043 0x019B 0x019C 0x0F44 0x0F47 0x0F4D
2.70,0x06,write,0x00C,PIR1,direct,2,0x59,0x019A
2.70,0x06,write,0x019,TXREG,direct,13,0x0A 0x30 0x31 0x36 0x39 0x44 0x54 0x57,0x02AB 0x02C1 0x02C5 0x02D3 0x0774 0x0782
2.70,0x06,write,0x020,RAM_0x020,direct,2,0x00,0x0009
2.70,0x06,write,0x021,RAM_0x021,direct,2,0x81,0x0007
2.70,0x06,write,0x022,RAM_0x022,direct,2,0xCE,0x000C
2.70,0x06,write,0x023,RAM_0x023,direct,2,0x00,0x000E
2.70,0x06,write,0x024,RAM_0x024,direct,2,0x77,0x0010
2.70,0x06,write,0x025,RAM_0x025,direct,2,0x24,0x0012
2.70,0x06,write,0x026,RAM_0x026,direct,2,0x00,0x0014
2.70,0x06,write,0x027,RAM_0x027,direct,2,0x00,0x0016
2.70,0x06,write,0x031,RAM_0x031,direct,2,0xD0 0xD1,0x018B
2.70,0x06,write,0x038,RAM_0x038,direct,2,0x00,0x0195
2.70,0x06,write,0x077,RAM_0x077,direct,2,0x00,0x002C
2.70,0x06,write,0x078,RAM_0x078,direct,2,0x77,0x002E
2.70,0x06,write,0x079,RAM_0x079,direct,2,0x24,0x0030
2.70,0x06,write,0x07A,RAM_0x07A,direct,2,0x00,0x0032
2.70,0x06,write,0x07B,RAM_0x07B,direct,2,0x00,0x0034
2.70,0x06,write,0x07F,RAM_0x07F,direct,4,0x03 0x30 0x39 0x93,0x0004 0x0039
2.70,0x06,write,0x0A0,RAM_0x0A0,direct,1,0x06,0x0DC5
2.70,0x06,write,0x0C8,RAM_0x0C8,direct,1,0x19,0x0E12
2.70,0x06,write,0x0C9,RAM_0x0C9,direct,1,0x00,0x0E16
2.70,0x06,write,0x0CA,RAM_0x0CA,direct,1,0x06,0x0DBF
2.70,0x06,write,0x0CB,RAM_0x0CB,direct,1,0x7A,0x0DC0
2.70,0x06,write,0x0D3,RAM_0x0D3,direct,1,0x06,0x0F41
2.70,0x06,write,0x0D4,RAM_0x0D4,direct,2,0x00 0x06,0x0F43 0x0F4A
2.70,0x06,write,0x0D5,RAM_0x0D5,direct,1,0x19,0x0F4C
2.70,0x06,write,0x0D6,RAM_0x0D6,direct,4,0x00 0x06 0x19,0x02C8 0x02CD 0x0777 0x077C
2.70,0x06,write,0x0D7,RAM_0x0D7,direct,8,0x00 0x01 0x60 0x91,0x02AF 0x02B1
2.70,0x06,write,0x0D8,RAM_0x0D8,direct,16,0x00 0x01 0x06 0x09 0x19,0x0299 0x02B3 0x02B8
2.70,0x06,write,0x0D9,RAM_0x0D9,direct,8,0x30 0x31 0x36 0x39,0x02A4
2.70,0x07,read,0x003,STATUS,direct,96,0x04 0x18 0x1B 0x1C 0x1F 0x38 0x39 0x3B 0x3C 0x3F,0x0005 0x0017 0x0018 0x0196 0x0298 0x029C 0x02A6 0x02AD 0x02B4 0x02B6 0x02B9 0x02C6 0x02C9 0x02CB 0x02CE 0x0775 0x0778 0x077A 0x077D 0x0DBD 0x0DC1 0x0DC4 0x0DC6 0x0DD8 0x0DE8 0x0DF1 0x0E01 0x0E0D 0x0E19 0x0E1B 0x0E1D 0x0E1F 0x0E21 0x0E25 0x0E31 0x0E3A 0x0E43 0x0E4C 0x0E5D 0x0E67 0x0E70 0x0E7C 0x0E84 0x0E8C 0x0E92 0x0E9A 0x0EA2 0x0EAA 0x0EB7 0x0EE8 0x0EF2 0x0EFC 0x0F03 0x0F0A 0x0F13 0x0F1C 0x0F45 0x0F48 0x0F4E
2.70,0x07,read,0x004,FSR,direct,2,0xCE,0x000B
2.70,0x07,read,0x00A,PCLATH,direct,13,0x00 0x08,0x0008 0x0042 0x0043 0x019B 0x019C 0x0F44 0x0F47 0x0F4D
2.70,0x07,read,0x00B,INTCON,direct,4,0x54,0x0019 0x001B
2.70,0x07,read,0x00C,PIR1,direct,19,0x59 0x5B,0x0021 0x0027 0x019A 0x02A7 0x02BF 0x02C3 0x02D1 0x0772 0x0780
2.70,0x07,read,0x020,RAM_0x020,direct,2,0x00,0x0035
2.70,0x07,read,0x021,RAM_0x021,direct,2,0x81,0x0037
2.70,0x07,read,0x022,RAM_0x022,direct,2,0xCE,0x0029
2.70,0x07,read,0x023,RAM_0x023,direct,2,0x00,0x002B
2.70,0x07,read,0x024,RAM_0x024,direct,2,0x77,0x002D
2.70,0x07,read,0x025,RAM_0x025,direct,2,0x24,0x002F
2.70,0x07,read,0x026,RAM_0x026,direct,2,0x00,0x0031
2.70,0x07,read,0x027,RAM_0x027,direct,2,0x00,0x0033
2.70,0x07,read,0x031,RAM_0x031,direct,2,0xCF 0xD0,0x018B
2.70,0x07,read,0x038,RAM_0x038,direct,2,0x00,0x0195
2.70,0x07,read,0x048,RAM_0x048,direct,1,0x00,0x0E1C
2.70,0x07,read,0x04C,RAM_0x04C,direct,2,0x00,0x018F
2.70,0x07,read,0x051,RAM_0x051,direct,2,0x00,0x02BC 0x0DC2
2.70,0x07,read,0x061,RAM_0x061,direct,1,0x00,0x0E20
2.70,0x07,read,0x077,RAM_0x077,direct,2,0x00,0x000D
2.70,0x07,read,0x078,RAM_0x078,direct,2,0x77,0x000F
2.70,0x07,read,0x079,RAM_0x079,direct,2,0x24,0x0011
2.70,0x07,read,0x07A,RAM_0x07A,direct,2,0x00,0x0013
2.70,0x07,read,0x07B,RAM_0x07B,direct,2,0x00,0x0015
2.70,0x07,read,0x07F,RAM_0x07F,direct,4,0x03 0x30,0x0039 0x003A
2.70,0x07,read,0x08C,PIE1,indirect,4,0x22,0x001F 0x0025
2.70,0x07,read,0x0A0,RAM_0x0A0,direct,33,0x07,0x0DBE 0x0DC5 0x0DCD 0x0DD6 0x0DE6 0x0DEF 0x0DFF 0x0E0B 0x0E17 0x0E23 0x0E2F 0x0E38 0x0E41 0x0E4A 0x0E5B 0x0E65 0x0E6E 0x0E7A 0x0E82 0x0E8A 0x0E90 0x0E98 0x0EA0 0x0EA8 0x0EB5 0x0EE6 0x0EF0 0x0EFA 0x0F01 0x0F08 0x0F11 0x0F1A 0x0F49
2.70,0x07,read,0x0C8,RAM_0x0C8,direct,1,0x00,0x0F4B
2.70,0x07,read,0x0C9,RAM_0x0C9,direct,1,0x00,0x0F42
2.70,0x07,read,0x0CA,RAM_0x0CA,direct,1,0x07,0x0F40
2.70,0x07,read,0x0CB,RAM_0x0CB,direct,2,0x7A,0x0DC0 0x0F3E
2.70,0x07,read,0x0D3,RAM_0x0D3,direct,1,0x07,0x02C7
2.70,0x07,read,0x0D4,RAM_0x0D4,direct,2,0x00 0x07,0x02CC 0x0776
2.70,0x07,read,0x0D5,RAM_0x0D5,direct,1,0x00,0x077B
2.70,0x07,read,0x0D6,RAM_0x0D6,direct,8,0x00 0x07,0x02AE 0x02B7
2.70,0x07,read,0x0D7,RAM_0x0D7,direct,8,0x00 0x70,0x02B1 0x02B2
2.70,0x07,read,0x0D8,RAM_0x0D8,direct,24,0x00 0x07,0x0299 0x029A 0x02A3
2.70,0x07,read,0x0D9,RAM_0x0D9,direct,8,0x30 0x37,0x02A5
2.70,0x07,write,0x003,STATUS,direct,58,0x00 0x04 0x18 0x1B 0x1C 0x1F 0x38 0x3B 0x3C 0x3F,0x0006 0x0017 0x0018 0x0038 0x0298 0x02A6 0x02AD 0x02B4 0x02B6 0x02B9 0x02C6 0x02C9 0x02CB 0x02CE 0x0775 0x0778 0x077A 0x077D 0x0DBD 0x0DC1 0x0DC4 0x0E1B 0x0E1D 0x0E1F 0x0E21 0x0F45 0x0F48 0x0F4E
2.70,0x07,write,0x004,FSR,direct,6,0x8C 0xCE,0x001E 0x0024 0x002A
2.70,0x07,write,0x00A,PCLATH,direct,15,0x00 0x08,0x000A 0x0036 0x0042 0x0043 0x019B 0x019C 0x0F44 0x0F47 0x0F4D
2.70,0x07,write,0x00C,PIR1,direct,2,0x59,0x019A
2.70,0x07,write,0x019,TXREG,direct,13,0x0A 0x30 0x37 0x44 0x54 0x57,0x02AB 0x02C1 0x02C5 0x02D3 0x0774 0x0782
2.70,0x07,write,0x020,RAM_0x020,direct,2,0x00,0x0009
2.70,0x07,write,0x021,RAM_0x021,direct,2,0x81,0x0007
2.70,0x07,write,0x022,RAM_0x022,direct,2,0xCE,0x000C
2.70,0x07,write,0x023,RAM_0x023,direct,2,0x00,0x000E
2.70,0x07,write,0x024,RAM_0x024,direct,2,0x77,0x0010
2.70,0x07,write,0x025,RAM_0x025,direct,2,0x24,0x0012
2.70,0x07,write,0x026,RAM_0x026,direct,2,0x00,0x0014
2.70,0x07,write,0x027,RAM_0x027,direct,2,0x00,0x0016
2.70,0x07,write,0x031,RAM_0x031,direct,2,0xD0 0xD1,0x018B
2.70,0x07,write,0x038,RAM_0x038,direct,2,0x00,0x0195
2.70,0x07,write,0x077,RAM_0x077,direct,2,0x00,0x002C
2.70,0x07,write,0x078,RAM_0x078,direct,2,0x77,0x002E
2.70,0x07,write,0x079,RAM_0x079,direct,2,0x24,0x0030
2.70,0x07,write,0x07A,RAM_0x07A,direct,2,0x00,0x0032
2.70,0x07,write,0x07B,RAM_0x07B,direct,2,0x00,0x0034
2.70,0x07,write,0x07F,RAM_0x07F,direct,4,0x03 0x30,0x0004 0x0039
2.70,0x07,write,0x0A0,RAM_0x0A0,direct,1,0x07,0x0DC5
2.70,0x07,write,0x0C8,RAM_0x0C8,direct,1,0x00,0x0E1E
2.70,0x07,write,0x0C9,RAM_0x0C9,direct,1,0x00,0x0E22
2.70,0x07,write,0x0CA,RAM_0x0CA,direct,1,0x07,0x0DBF
2.70,0x07,write,0x0CB,RAM_0x0CB,direct,1,0x7A,0x0DC0
2.70,0x07,write,0x0D3,RAM_0x0D3,direct,1,0x07,0x0F41
2.70,0x07,write,0x0D4,RAM_0x0D4,direct,2,0x00 0x07,0x0F43 0x0F4A
2.70,0x07,write,0x0D5,RAM_0x0D5,direct,1,0x00,0x0F4C
2.70,0x07,write,0x0D6,RAM_0x0D6,direct,4,0x00 0x07,0x02C8 0x02CD 0x0777 0x077C
2.70,0x07,write,0x0D7,RAM_0x0D7,direct,8,0x00 0x70,0x02AF 0x02B1
2.70,0x07,write,0x0D8,RAM_0x0D8,direct,16,0x00 0x07,0x0299 0x02B3 0x02B8
2.70,0x07,write,0x0D9,RAM_0x0D9,direct,8,0x30 0x37,0x02A4
2.70,0x08,read,0x003,STATUS,direct,96,0x04 0x18 0x1B 0x1C 0x1F 0x38 0x39 0x3B 0x3C 0x3F,0x0005 0x0017 0x0018 0x0196 0x0298 0x029C 0x02A6 0x02AD 0x02B4 0x02B6 0x02B9 0x02C6 0x02C9 0x02CB 0x02CE 0x0775 0x0778 0x077A 0x077D 0x0DBD 0x0DC1 0x0DC4 0x0DC6 0x0DD8 0x0DE8 0x0DF1 0x0E01 0x0E0D 0x0E19 0x0E25 0x0E27 0x0E29 0x0E2B 0x0E2D 0x0E31 0x0E3A 0x0E43 0x0E4C 0x0E5D 0x0E67 0x0E70 0x0E7C 0x0E84 0x0E8C 0x0E92 0x0E9A 0x0EA2 0x0EAA 0x0EB7 0x0EE8 0x0EF2 0x0EFC 0x0F03 0x0F0A 0x0F13 0x0F1C 0x0F45 0x0F48 0x0F4E
2.70,0x08,read,0x004,FSR,direct,2,0xCE,0x000B
2.70,0x08,read,0x00A,PCLATH,direct,13,0x00 0x08,0x0008 0x0042 0x0043 0x019B 0x019C 0x0F44 0x0F47 0x0F4D
2.70,0x08,read,0x00B,INTCON,direct,4,0x54,0x0019 0x001B
2.70,0x08,read,0x00C,PIR1,direct,19,0x59 0x5B,0x0021 0x0027 0x019A 0x02A7 0x02BF 0x02C3 0x02D1 0x0772 0x0780
2.70,0x08,read,0x020,RAM_0x020,direct,2,0x00,0x0035
2.70,0x08,read,0x021,RAM_0x021,direct,2,0x81,0x0037
2.70,0x08,read,0x022,RAM_0x022,direct,2,0xCE,0x0029
2.70,0x08,read,0x023,RAM_0x023,direct,2,0x00,0x002B
2.70,0x08,read,0x024,RAM_0x024,direct,2,0x77,0x002D
2.70,0x08,read,0x025,RAM_0x025,direct,2,0x24,0x002F
2.70,0x08,read,0x026,RAM_0x026,direct,2,0x00,0x0031
2.70,0x08,read,0x027,RAM_0x027,direct,2,0x00,0x0033
2.70,0x08,read,0x02D,RAM_0x02D,direct,1,0x07,0x0E28
2.70,0x08,read,0x031,RAM_0x031,direct,2,0xCF 0xD0,0x018B
2.70,0x08,read,0x038,RAM_0x038,direct,2,0x00,0x0195
2.70,0x08,read,0x04C,RAM_0x04C,direct,2,0x00,0x018F
2.70,0x08,read,0x051,RAM_0x051,direct,2,0x00,0x02BC 0x0DC2
2.70,0x08,read,0x06C,RAM_0x06C,direct,1,0x00,0x0E2C
2.70,0x08,read,0x077,RAM_0x077,direct,2,0x00,0x000D
2.70,0x08,read,0x078,RAM_0x078,direct,2,0x77,0x000F
2.70,0x08,read,0x079,RAM_0x079,direct,2,0x24,0x0011
2.70,0x08,read,0x07A,RAM_0x07A,direct,2,0x00,0x0013
2.70,0x08,read,0x07B,RAM_0x07B,direct,2,0x00,0x0015
2.70,0x08,read,0x07F,RAM_0x07F,direct,4,0x03 0x30 0x37 0x73,0x0039 0x003A
2.70,0x08,read,0x08C,PIE1,indirect,4,0x22,0x001F 0x0025
2.70,0x08,read,0x0A0,RAM_0x0A0,direct,33,0x08,0x0DBE 0x0DC5 0x0DCD 0x0DD6 0x0DE6 0x0DEF 0x0DFF 0x0E0B 0x0E17 0x0E23 0x0E2F 0x0E38 0x0E41 0x0E4A 0x0E5B 0x0E65 0x0E6E 0x0E7A 0x0E82 0x0E8A 0x0E90 0x0E98 0x0EA0 0x0EA8 0x0EB5 0x0EE6 0x0EF0 0x0EFA 0x0F01 0x0F08 0x0F11 0x0F1A 0x0F49
2.70,0x08,read,0x0C8,RAM_0x0C8,direct,1,0x07,0x0F4B
2.70,0x08,read,0x0C9,RAM_0x0C9,direct,1,0x00,0x0F42
2.70,0x08,read,0x0CA,RAM_0x0CA,direct,1,0x08,0x0F40
2.70,0x08,read,0x0CB,RAM_0x0CB,direct,2,0x7A,0x0DC0 0x0F3E
2.70,0x08,read,0x0D3,RAM_0x0D3,direct,1,0x08,0x02C7
2.70,0x08,read,0x0D4,RAM_0x0D4,direct,2,0x00 0x08,0x02CC 0x0776
2.70,0x08,read,0x0D5,RAM_0x0D5,direct,1,0x07,0x077B
2.70,0x08,read,0x0D6,RAM_0x0D6,direct,8,0x00 0x07 0x08,0x02AE 0x02B7
2.70,0x08,read,0x0D7,RAM_0x0D7,direct,8,0x00 0x70 0x80,0x02B1 0x02B2
2.70,0x08,read,0x0D8,RAM_0x0D8,direct,24,0x00 0x07 0x08,0x0299 0x029A 0x02A3
2.70,0x08,read,0x0D9,RAM_0x0D9,direct,8,0x30 0x37 0x38,0x02A5
2.70,0x08,write,0x003,STATUS,direct,58,0x00 0x04 0x18 0x1B 0x1C 0x1F 0x38 0x3B 0x3C 0x3F,0x0006 0x0017 0x0018 0x0038 0x0298 0x02A6 0x02AD 0x02B4 0x02B6 0x02B9 0x02C6 0x02C9 0x02CB 0x02CE 0x0775 0x0778 0x077A 0x077D 0x0DBD 0x0DC1 0x0DC4 0x0E27 0x0E29 0x0E2B 0x0E2D 0x0F45 0x0F48 0x0F4E
2.70,0x08,write,0x004,FSR,direct,6,0x8C 0xCE,0x001E 0x0024 0x002A
2.70,0x08,write,0x00A,PCLATH,direct,15,0x00 0x08,0x000A 0x0036 0x0042 0x0043 0x019B 0x019C 0x0F44 0x0F47 0x0F4D
2.70,0x08,write,0x00C,PIR1,direct,2,0x59,0x019A
2.70,0x08,write,0x019,TXREG,direct,13,0x0A 0x30 0x37 0x38 0x44 0x54 0x57,0x02AB 0x02C1 0x02C5 0x02D3 0x0774 0x0782
2.70,0x08,write,0x020,RAM_0x020,direct,2,0x00,0x0009
2.70,0x08,write,0x021,RAM_0x021,direct,2,0x81,0x0007
2.70,0x08,write,0x022,RAM_0x022,direct,2,0xCE,0x000C
2.70,0x08,write,0x023,RAM_0x023,direct,2,0x00,0x000E
2.70,0x08,write,0x024,RAM_0x024,direct,2,0x77,0x0010
2.70,0x08,write,0x025,RAM_0x025,direct,2,0x24,0x0012
2.70,0x08,write,0x026,RAM_0x026,direct,2,0x00,0x0014
2.70,0x08,write,0x027,RAM_0x027,direct,2,0x00,0x0016
2.70,0x08,write,0x031,RAM_0x031,direct,2,0xD0 0xD1,0x018B
2.70,0x08,write,0x038,RAM_0x038,direct,2,0x00,0x0195
2.70,0x08,write,0x077,RAM_0x077,direct,2,0x00,0x002C
2.70,0x08,write,0x078,RAM_0x078,direct,2,0x77,0x002E
2.70,0x08,write,0x079,RAM_0x079,direct,2,0x24,0x0030
2.70,0x08,write,0x07A,RAM_0x07A,direct,2,0x00,0x0032
2.70,0x08,write,0x07B,RAM_0x07B,direct,2,0x00,0x0034
2.70,0x08,write,0x07F,RAM_0x07F,direct,4,0x03 0x30 0x37 0x73,0x0004 0x0039
2.70,0x08,write,0x0A0,RAM_0x0A0,direct,1,0x08,0x0DC5
2.70,0x08,write,0x0C8,RAM_0x0C8,direct,1,0x07,0x0E2A
2.70,0x08,write,0x0C9,RAM_0x0C9,direct,1,0x00,0x0E2E
2.70,0x08,write,0x0CA,RAM_0x0CA,direct,1,0x08,0x0DBF
2.70,0x08,write,0x0CB,RAM_0x0CB,direct,1,0x7A,0x0DC0
2.70,0x08,write,0x0D3,RAM_0x0D3,direct,1,0x08,0x0F41
2.70,0x08,write,0x0D4,RAM_0x0D4,direct,2,0x00 0x08,0x0F43 0x0F4A
2.70,0x08,write,0x0D5,RAM_0x0D5,direct,1,0x07,0x0F4C
2.70,0x08,write,0x0D6,RAM_0x0D6,direct,4,0x00 0x07 0x08,0x02C8 0x02CD 0x0777 0x077C
2.70,0x08,write,0x0D7,RAM_0x0D7,direct,8,0x00 0x70 0x80,0x02AF 0x02B1
2.70,0x08,write,0x0D8,RAM_0x0D8,direct,16,0x00 0x07 0x08,0x0299 0x02B3 0x02B8
2.70,0x08,write,0x0D9,RAM_0x0D9,direct,8,0x30 0x37 0x38,0x02A4
2.70,0x09,read,0x003,STATUS,direct,64,0x04 0x18 0x1B 0x1C 0x1F 0x38 0x39 0x3B 0x3C 0x3F,0x0005 0x0017 0x0018 0x0196 0x0298 0x029C 0x02A6 0x02AD 0x02B4 0x02B6 0x02B9 0x0775 0x0778 0x077A 0x077D 0x0DBD 0x0DC1 0x0DC4 0x0DC6 0x0DD8 0x0DE8 0x0DF1 0x0E01 0x0E0D 0x0E19 0x0E25 0x0E31 0x0E33 0x0E35 0x0E3A 0x0E43 0x0E4C 0x0E5D 0x0E67 0x0E70 0x0E7C 0x0E84 0x0E8C 0x0E92 0x0E9A 0x0EA2 0x0EAA 0x0EB7 0x0EE8 0x0EF2 0x0EFC 0x0F03 0x0F0A 0x0F13 0x0F1C 0x0F4E
2.70,0x09,read,0x004,FSR,direct,1,0xCE,0x000B
2.70,0x09,read,0x00A,PCLATH,direct,6,0x00 0x08,0x0008 0x0042 0x0043 0x019B 0x019C 0x0F4D
2.70,0x09,read,0x00B,INTCON,direct,2,0x54,0x0019 0x001B
2.70,0x09,read,0x00C,PIR1,direct,9,0x59 0x5B,0x0021 0x0027 0x019A 0x02A7 0x0772 0x0780
2.70,0x09,read,0x020,RAM_0x020,direct,1,0x00,0x0035
2.70,0x09,read,0x021,RAM_0x021,direct,1,0x81,0x0037
2.70,0x09,read,0x022,RAM_0x022,direct,1,0xCE,0x0029
2.70,0x09,read,0x023,RAM_0x023,direct,1,0x00,0x002B
2.70,0x09,read,0x024,RAM_0x024,direct,1,0x77,0x002D
2.70,0x09,read,0x025,RAM_0x025,direct,1,0x24,0x002F
2.70,0x09,read,0x026,RAM_0x026,direct,1,0x00,0x0031
2.70,0x09,read,0x027,RAM_0x027,direct,1,0x00,0x0033
2.70,0x09,read,0x031,RAM_0x031,direct,1,0xCF,0x018B
2.70,0x09,read,0x038,RAM_0x038,direct,1,0x00,0x0195
2.70,0x09,read,0x04C,RAM_0x04C,direct,2,0x00,0x018F 0x0E34
2.70,0x09,read,0x051,RAM_0x051,direct,1,0x00,0x0DC2
2.70,0x09,read,0x077,RAM_0x077,direct,1,0x00,0x000D
2.70,0x09,read,0x078,RAM_0x078,direct,1,0x77,0x000F
2.70,0x09,read,0x079,RAM_0x079,direct,1,0x24,0x0011
2.70,0x09,read,0x07A,RAM_0x07A,direct,1,0x00,0x0013
2.70,0x09,read,0x07B,RAM_0x07B,direct,1,0x00,0x0015
2.70,0x09,read,0x07F,RAM_0x07F,direct,2,0x09 0x90,0x0039 0x003A
2.70,0x09,read,0x08C,PIE1,indirect,2,0x22,0x001F 0x0025
2.70,0x09,read,0x0A0,RAM_0x0A0,direct,33,0x09,0x0DBE 0x0DC5 0x0DCD 0x0DD6 0x0DE6 0x0DEF 0x0DFF 0x0E0B 0x0E17 0x0E23 0x0E2F 0x0E38 0x0E41 0x0E4A 0x0E5B 0x0E65 0x0E6E 0x0E7A 0x0E82 0x0E8A 0x0E90 0x0E98 0x0EA0 0x0EA8 0x0EB5 0x0EE6 0x0EF0 0x0EFA 0x0F01 0x0F08 0x0F11 0x0F1A 0x0F49
2.70,0x09,read,0x0C8,RAM_0x0C8,direct,1,0x00,0x0F4B
2.70,0x09,read,0x0CB,RAM_0x0CB,direct,3,0x7A 0x7B,0x0DC0 0x0E37 0x0F3E
2.70,0x09,read,0x0D4,RAM_0x0D4,direct,1,0x09,0x0776
2.70,0x09,read,0x0D5,RAM_0x0D5,direct,1,0x00,0x077B
2.70,0x09,read,0x0D6,RAM_0x0D6,direct,4,0x00 0x09,0x02AE 0x02B7
2.70,0x09,read,0x0D7,RAM_0x0D7,direct,4,0x00 0x90,0x02B1 0x02B2
2.70,0x09,read,0x0D8,RAM_0x0D8,direct,12,0x00 0x09,0x0299 0x029A 0x02A3
2.70,0x09,read,0x0D9,RAM_0x0D9,direct,4,0x30 0x39,0x02A5
2.70,0x09,write,0x003,STATUS,direct,30,0x00 0x04 0x18 0x1B 0x1C 0x1F 0x38 0x3B 0x3C 0x3F,0x0006 0x0017 0x0018 0x0038 0x0298 0x02A6 0x02AD 0x02B4 0x02B6 0x02B9 0x0775 0x0778 0x077A 0x077D 0x0DBD 0x0DC1 0x0DC4 0x0E33 0x0E35 0x0F4E
2.70,0x09,write,0x004,FSR,direct,3,0x8C 0xCE,0x001E 0x0024 0x002A
2.70,0x09,write,0x00A,PCLATH,direct,7,0x00,0x000A 0x0036 0x0042 0x0043 0x019B 0x019C 0x0F4D
2.70,0x09,write,0x00C,PIR1,direct,1,0x59,0x019A
2.70,0x09,write,0x019,TXREG,direct,6,0x0A 0x30 0x39 0x54,0x02AB 0x0774 0x0782
2.70,0x09,write,0x020,RAM_0x020,direct,1,0x00,0x0009
2.70,0x09,write,0x021,RAM_0x021,direct,1,0x81,0x0007
2.70,0x09,write,0x022,RAM_0x022,direct,1,0xCE,0x000C
2.70,0x09,write,0x023,RAM_0x023,direct,1,0x00,0x000E
2.70,0x09,write,0x024,RAM_0x024,direct,1,0x77,0x0010
2.70,0x09,write,0x025,RAM_0x025,direct,1,0x24,0x0012
2.70,0x09,write,0x026,RAM_0x026,direct,1,0x00,0x0014
2.70,0x09,write,0x027,RAM_0x027,direct,1,0x00,0x0016
2.70,0x09,write,0x031,RAM_0x031,direct,1,0xD0,0x018B
2.70,0x09,write,0x038,RAM_0x038,direct,1,0x00,0x0195
2.70,0x09,write,0x077,RAM_0x077,direct,1,0x00,0x002C
2.70,0x09,write,0x078,RAM_0x078,direct,1,0x77,0x002E
2.70,0x09,write,0x079,RAM_0x079,direct,1,0x24,0x0030
2.70,0x09,write,0x07A,RAM_0x07A,direct,1,0x00,0x0032
2.70,0x09,write,0x07B,RAM_0x07B,direct,1,0x00,0x0034
2.70,0x09,write,0x07F,RAM_0x07F,direct,2,0x09 0x90,0x0004 0x0039
2.70,0x09,write,0x0A0,RAM_0x0A0,direct,1,0x09,0x0DC5
2.70,0x09,write,0x0C8,RAM_0x0C8,direct,1,0x00,0x0E36
2.70,0x09,write,0x0CA,RAM_0x0CA,direct,1,0x09,0x0DBF
2.70,0x09,write,0x0CB,RAM_0x0CB,direct,2,0x7A 0x7B,0x0DC0 0x0E37
2.70,0x09,write,0x0D4,RAM_0x0D4,direct,1,0x09,0x0F4A
2.70,0x09,write,0x0D5,RAM_0x0D5,direct,1,0x00,0x0F4C
2.70,0x09,write,0x0D6,RAM_0x0D6,direct,2,0x00 0x09,0x0777 0x077C
2.70,0x09,write,0x0D7,RAM_0x0D7,direct,4,0x00 0x90,0x02AF 0x02B1
2.70,0x09,write,0x0D8,RAM_0x0D8,direct,8,0x00 0x09,0x0299 0x02B3 0x02B8
2.70,0x09,write,0x0D9,RAM_0x0D9,direct,4,0x30 0x39,0x02A4
2.70,0x0A,read,0x003,STATUS,direct,64,0x04 0x18 0x1A 0x1B 0x1C 0x1E 0x1F 0x38 0x39 0x3A 0x3B 0x3C 0x3E 0x3F,0x0005 0x0017 0x0018 0x0196 0x0298 0x029C 0x02A6 0x02AD 0x02B4 0x02B6 0x02B9 0x0775 0x0778 0x077A 0x077D 0x0DBD 0x0DC1 0x0DC4 0x0DC6 0x0DD8 0x0DE8 0x0DF1 0x0E01 0x0E0D 0x0E19 0x0E25 0x0E31 0x0E3A 0x0E3C 0x0E3E 0x0E43 0x0E4C 0x0E5D 0x0E67 0x0E70 0x0E7C 0x0E84 0x0E8C 0x0E92 0x0E9A 0x0EA2 0x0EAA 0x0EB7 0x0EE8 0x0EF2 0x0EFC 0x0F03 0x0F0A 0x0F13 0x0F1C 0x0F4E
2.70,0x0A,read,0x004,FSR,direct,1,0xCE,0x000B
2.70,0x0A,read,0x00A,PCLATH,direct,6,0x00 0x08,0x0008 0x0042 0x0043 0x019B 0x019C 0x0F4D
2.70,0x0A,read,0x00B,INTCON,direct,2,0x54,0x0019 0x001B
2.70,0x0A,read,0x00C,PIR1,direct,9,0x59 0x5B,0x0021 0x0027 0x019A 0x02A7 0x0772 0x0780
2.70,0x0A,read,0x020,RAM_0x020,direct,1,0x00,0x0035
2.70,0x0A,read,0x021,RAM_0x021,direct,1,0x81,0x0037
2.70,0x0A,read,0x022,RAM_0x022,direct,1,0xCE,0x0029
2.70,0x0A,read,0x023,RAM_0x023,direct,1,0x00,0x002B
2.70,0x0A,read,0x024,RAM_0x024,direct,1,0x77,0x002D
2.70,0x0A,read,0x025,RAM_0x025,direct,1,0x24,0x002F
2.70,0x0A,read,0x026,RAM_0x026,direct,1,0x00,0x0031
2.70,0x0A,read,0x027,RAM_0x027,direct,1,0x00,0x0033
2.70,0x0A,read,0x031,RAM_0x031,direct,1,0xCF,0x018B
2.70,0x0A,read,0x038,RAM_0x038,direct,1,0x00,0x0195
2.70,0x0A,read,0x03A,RAM_0x03A,direct,1,0x00,0x0E3D
2.70,0x0A,read,0x04C,RAM_0x04C,direct,1,0x00,0x018F
2.70,0x0A,read,0x051,RAM_0x051,direct,1,0x00,0x0DC2
2.70,0x0A,read,0x077,RAM_0x077,direct,1,0x00,0x000D
2.70,0x0A,read,0x078,RAM_0x078,direct,1,0x77,0x000F
2.70,0x0A,read,0x079,RAM_0x079,direct,1,0x24,0x0011
2.70,0x0A,read,0x07A,RAM_0x07A,direct,1,0x00,0x0013
2.70,0x0A,read,0x07B,RAM_0x07B,direct,1,0x00,0x0015
2.70,0x0A,read,0x07F,RAM_0x07F,direct,2,0x0A 0xA0,0x0039 0x003A
2.70,0x0A,read,0x08C,PIE1,indirect,2,0x22,0x001F 0x0025
2.70,0x0A,read,0x0A0,RAM_0x0A0,direct,33,0x0A,0x0DBE 0x0DC5 0x0DCD 0x0DD6 0x0DE6 0x0DEF 0x0DFF 0x0E0B 0x0E17 0x0E23 0x0E2F 0x0E38 0x0E41 0x0E4A 0x0E5B 0x0E65 0x0E6E 0x0E7A 0x0E82 0x0E8A 0x0E90 0x0E98 0x0EA0 0x0EA8 0x0EB5 0x0EE6 0x0EF0 0x0EFA 0x0F01 0x0F08 0x0F11 0x0F1A 0x0F49
2.70,0x0A,read,0x0C8,RAM_0x0C8,direct,1,0x00,0x0F4B
2.70,0x0A,read,0x0CB,RAM_0x0CB,direct,3,0x7A 0x7B,0x0DC0 0x0E40 0x0F3E
2.70,0x0A,read,0x0D4,RAM_0x0D4,direct,1,0x0A,0x0776
2.70,0x0A,read,0x0D5,RAM_0x0D5,direct,1,0x00,0x077B
2.70,0x0A,read,0x0D6,RAM_0x0D6,direct,4,0x00 0x0A,0x02AE 0x02B7
2.70,0x0A,read,0x0D7,RAM_0x0D7,direct,4,0x00 0xA0,0x02B1 0x02B2
2.70,0x0A,read,0x0D8,RAM_0x0D8,direct,12,0x00 0x0A,0x0299 0x029A 0x029F 0x02A3
2.70,0x0A,read,0x0D9,RAM_0x0D9,direct,4,0x30 0x61,0x02A5
2.70,0x0A,write,0x003,STATUS,direct,30,0x00 0x04 0x18 0x1A 0x1B 0x1C 0x1E 0x1F 0x38 0x3A 0x3B 0x3C 0x3E 0x3F,0x0006 0x0017 0x0018 0x0038 0x0298 0x02A6 0x02AD 0x02B4 0x02B6 0x02B9 0x0775 0x0778 0x077A 0x077D 0x0DBD 0x0DC1 0x0DC4 0x0E3C 0x0E3E 0x0F4E
2.70,0x0A,write,0x004,FSR,direct,3,0x8C 0xCE,0x001E 0x0024 0x002A
2.70,0x0A,write,0x00A,PCLATH,direct,7,0x00,0x000A 0x0036 0x0042 0x0043 0x019B 0x019C 0x0F4D
2.70,0x0A,write,0x00C,PIR1,direct,1,0x59,0x019A
2.70,0x0A,write,0x019,TXREG,direct,6,0x0A 0x30 0x54 0x61,0x02AB 0x0774 0x0782
2.70,0x0A,write,0x020,RAM_0x020,direct,1,0x00,0x0009
2.70,0x0A,write,0x021,RAM_0x021,direct,1,0x81,0x0007
2.70,0x0A,write,0x022,RAM_0x022,direct,1,0xCE,0x000C
2.70,0x0A,write,0x023,RAM_0x023,direct,1,0x00,0x000E
2.70,0x0A,write,0x024,RAM_0x024,direct,1,0x77,0x0010
2.70,0x0A,write,0x025,RAM_0x025,direct,1,0x24,0x0012
2.70,0x0A,write,0x026,RAM_0x026,direct,1,0x00,0x0014
2.70,0x0A,write,0x027,RAM_0x027,direct,1,0x00,0x0016
2.70,0x0A,write,0x031,RAM_0x031,direct,1,0xD0,0x018B
2.70,0x0A,write,0x038,RAM_0x038,direct,1,0x00,0x0195
2.70,0x0A,write,0x077,RAM_0x077,direct,1,0x00,0x002C
2.70,0x0A,write,0x078,RAM_0x078,direct,1,0x77,0x002E
2.70,0x0A,write,0x079,RAM_0x079,direct,1,0x24,0x0030
2.70,0x0A,write,0x07A,RAM_0x07A,direct,1,0x00,0x0032
2.70,0x0A,write,0x07B,RAM_0x07B,direct,1,0x00,0x0034
2.70,0x0A,write,0x07F,RAM_0x07F,direct,2,0x0A 0xA0,0x0004 0x0039
2.70,0x0A,write,0x0A0,RAM_0x0A0,direct,1,0x0A,0x0DC5
2.70,0x0A,write,0x0C8,RAM_0x0C8,direct,1,0x00,0x0E3F
2.70,0x0A,write,0x0CA,RAM_0x0CA,direct,1,0x0A,0x0DBF
2.70,0x0A,write,0x0CB,RAM_0x0CB,direct,2,0x7A 0x7B,0x0DC0 0x0E40
2.70,0x0A,write,0x0D4,RAM_0x0D4,direct,1,0x0A,0x0F4A
2.70,0x0A,write,0x0D5,RAM_0x0D5,direct,1,0x00,0x0F4C
2.70,0x0A,write,0x0D6,RAM_0x0D6,direct,2,0x00 0x0A,0x0777 0x077C
2.70,0x0A,write,0x0D7,RAM_0x0D7,direct,4,0x00 0xA0,0x02AF 0x02B1
2.70,0x0A,write,0x0D8,RAM_0x0D8,direct,8,0x00 0x0A,0x0299 0x02B3 0x02B8
2.70,0x0A,write,0x0D9,RAM_0x0D9,direct,4,0x30 0x61,0x02A0 0x02A4
2.70,0x0B,read,0x003,STATUS,direct,64,0x04 0x18 0x1A 0x1B 0x1C 0x1E 0x1F 0x38 0x39 0x3A 0x3B 0x3C 0x3E 0x3F,0x0005 0x0017 0x0018 0x0196 0x0298 0x029C 0x02A6 0x02AD 0x02B4 0x02B6 0x02B9 0x0775 0x0778 0x077A 0x077D 0x0DBD 0x0DC1 0x0DC4 0x0DC6 0x0DD8 0x0DE8 0x0DF1 0x0E01 0x0E0D 0x0E19 0x0E25 0x0E31 0x0E3A 0x0E43 0x0E45 0x0E47 0x0E4C 0x0E5D 0x0E67 0x0E70 0x0E7C 0x0E84 0x0E8C 0x0E92 0x0E9A 0x0EA2 0x0EAA 0x0EB7 0x0EE8 0x0EF2 0x0EFC 0x0F03 0x0F0A 0x0F13 0x0F1C 0x0F4E
2.70,0x0B,read,0x004,FSR,direct,1,0xCE,0x000B
2.70,0x0B,read,0x00A,PCLATH,direct,6,0x00 0x08,0x0008 0x0042 0x0043 0x019B 0x019C 0x0F4D
2.70,0x0B,read,0x00B,INTCON,direct,2,0x54,0x0019 0x001B
2.70,0x0B,read,0x00C,PIR1,direct,9,0x59 0x5B,0x0021 0x0027 0x019A 0x02A7 0x0772 0x0780
2.70,0x0B,read,0x020,RAM_0x020,direct,1,0x00,0x0035
2.70,0x0B,read,0x021,RAM_0x021,direct,1,0x81,0x0037
2.70,0x0B,read,0x022,RAM_0x022,direct,1,0xCE,0x0029
2.70,0x0B,read,0x023,RAM_0x023,direct,1,0x00,0x002B
2.70,0x0B,read,0x024,RAM_0x024,direct,1,0x77,0x002D
2.70,0x0B,read,0x025,RAM_0x025,direct,1,0x24,0x002F
2.70,0x0B,read,0x026,RAM_0x026,direct,1,0x00,0x0031
2.70,0x0B,read,0x027,RAM_0x027,direct,1,0x00,0x0033
2.70,0x0B,read,0x031,RAM_0x031,direct,1,0xCF,0x018B
2.70,0x0B,read,0x038,RAM_0x038,direct,1,0x00,0x0195
2.70,0x0B,read,0x039,RAM_0x039,direct,1,0x00,0x0E46
2.70,0x0B,read,0x04C,RAM_0x04C,direct,1,0x00,0x018F
2.70,0x0B,read,0x051,RAM_0x051,direct,1,0x00,0x0DC2
2.70,0x0B,read,0x077,RAM_0x077,direct,1,0x00,0x000D
2.70,0x0B,read,0x078,RAM_0x078,direct,1,0x77,0x000F
2.70,0x0B,read,0x079,RAM_0x079,direct,1,0x24,0x0011
2.70,0x0B,read,0x07A,RAM_0x07A,direct,1,0x00,0x0013
2.70,0x0B,read,0x07B,RAM_0x07B,direct,1,0x00,0x0015
2.70,0x0B,read,0x07F,RAM_0x07F,direct,2,0x0B 0xB0,0x0039 0x003A
2.70,0x0B,read,0x08C,PIE1,indirect,2,0x22,0x001F 0x0025
2.70,0x0B,read,0x0A0,RAM_0x0A0,direct,33,0x0B,0x0DBE 0x0DC5 0x0DCD 0x0DD6 0x0DE6 0x0DEF 0x0DFF 0x0E0B 0x0E17 0x0E23 0x0E2F 0x0E38 0x0E41 0x0E4A 0x0E5B 0x0E65 0x0E6E 0x0E7A 0x0E82 0x0E8A 0x0E90 0x0E98 0x0EA0 0x0EA8 0x0EB5 0x0EE6 0x0EF0 0x0EFA 0x0F01 0x0F08 0x0F11 0x0F1A 0x0F49
2.70,0x0B,read,0x0C8,RAM_0x0C8,direct,1,0x00,0x0F4B
2.70,0x0B,read,0x0CB,RAM_0x0CB,direct,3,0x7A 0x7B,0x0DC0 0x0E49 0x0F3E
2.70,0x0B,read,0x0D4,RAM_0x0D4,direct,1,0x0B,0x0776
2.70,0x0B,read,0x0D5,RAM_0x0D5,direct,1,0x00,0x077B
2.70,0x0B,read,0x0D6,RAM_0x0D6,direct,4,0x00 0x0B,0x02AE 0x02B7
2.70,0x0B,read,0x0D7,RAM_0x0D7,direct,4,0x00 0xB0,0x02B1 0x02B2
2.70,0x0B,read,0x0D8,RAM_0x0D8,direct,12,0x00 0x0B,0x0299 0x029A 0x029F 0x02A3
2.70,0x0B,read,0x0D9,RAM_0x0D9,direct,4,0x30 0x62,0x02A5
2.70,0x0B,write,0x003,STATUS,direct,30,0x00 0x04 0x18 0x1A 0x1B 0x1C 0x1E 0x1F 0x38 0x3A 0x3B 0x3C 0x3E 0x3F,0x0006 0x0017 0x0018 0x0038 0x0298 0x02A6 0x02AD 0x02B4 0x02B6 0x02B9 0x0775 0x0778 0x077A 0x077D 0x0DBD 0x0DC1 0x0DC4 0x0E45 0x0E47 0x0F4E
2.70,0x0B,write,0x004,FSR,direct,3,0x8C 0xCE,0x001E 0x0024 0x002A
2.70,0x0B,write,0x00A,PCLATH,direct,7,0x00,0x000A 0x0036 0x0042 0x0043 0x019B 0x019C 0x0F4D
2.70,0x0B,write,0x00C,PIR1,direct,1,0x59,0x019A
2.70,0x0B,write,0x019,TXREG,direct,6,0x0A 0x30 0x54 0x62,0x02AB 0x0774 0x0782
2.70,0x0B,write,0x020,RAM_0x020,direct,1,0x00,0x0009
2.70,0x0B,write,0x021,RAM_0x021,direct,1,0x81,0x0007
2.70,0x0B,write,0x022,RAM_0x022,direct,1,0xCE,0x000C
2.70,0x0B,write,0x023,RAM_0x023,direct,1,0x00,0x000E
2.70,0x0B,write,0x024,RAM_0x024,direct,1,0x77,0x0010
2.70,0x0B,write,0x025,RAM_0x025,direct,1,0x24,0x0012
2.70,0x0B,write,0x026,RAM_0x026,direct,1,0x00,0x0014
2.70,0x0B,write,0x027,RAM_0x027,direct,1,0x00,0x0016
2.70,0x0B,write,0x031,RAM_0x031,direct,1,0xD0,0x018B
2.70,0x0B,write,0x038,RAM_0x038,direct,1,0x00,0x0195
2.70,0x0B,write,0x077,RAM_0x077,direct,1,0x00,0x002C
2.70,0x0B,write,0x078,RAM_0x078,direct,1,0x77,0x002E
2.70,0x0B,write,0x079,RAM_0x079,direct,1,0x24,0x0030
2.70,0x0B,write,0x07A,RAM_0x07A,direct,1,0x00,0x0032
2.70,0x0B,write,0x07B,RAM_0x07B,direct,1,0x00,0x0034
2.70,0x0B,write,0x07F,RAM_0x07F,direct,2,0x0B 0xB0,0x0004 0x0039
2.70,0x0B,write,0x0A0,RAM_0x0A0,direct,1,0x0B,0x0DC5
2.70,0x0B,write,0x0C8,RAM_0x0C8,direct,1,0x00,0x0E48
2.70,0x0B,write,0x0CA,RAM_0x0CA,direct,1,0x0B,0x0DBF
2.70,0x0B,write,0x0CB,RAM_0x0CB,direct,2,0x7A 0x7B,0x0DC0 0x0E49
2.70,0x0B,write,0x0D4,RAM_0x0D4,direct,1,0x0B,0x0F4A
2.70,0x0B,write,0x0D5,RAM_0x0D5,direct,1,0x00,0x0F4C
2.70,0x0B,write,0x0D6,RAM_0x0D6,direct,2,0x00 0x0B,0x0777 0x077C
2.70,0x0B,write,0x0D7,RAM_0x0D7,direct,4,0x00 0xB0,0x02AF 0x02B1
2.70,0x0B,write,0x0D8,RAM_0x0D8,direct,8,0x00 0x0B,0x0299 0x02B3 0x02B8
2.70,0x0B,write,0x0D9,RAM_0x0D9,direct,4,0x30 0x62,0x02A0 0x02A4
2.70,0x0C,read,0x003,STATUS,direct,153,0x04 0x18 0x1A 0x1B 0x1C 0x1E 0x1F 0x38 0x39 0x3A 0x3B 0x3C 0x3D 0x3E 0x3F 0x58 0x78,0x0005 0x0017 0x0018 0x0196 0x0298 0x029C 0x02A6 0x02AD 0x02B4 0x02B6 0x02B9 0x02C6 0x02C9 0x02CB 0x02CE 0x03BA 0x03C0 0x03C4 0x03CE 0x03D3 0x03D5 0x03D6 0x03D8 0x03D9 0x03DB 0x03DE 0x03E0 0x03E1 0x03E5 0x0775 0x0778 0x077A 0x077D 0x08CC 0x08D0 0x08D4 0x08D8 0x08E5 0x0914 0x0916 0x0919 0x0922 0x0925 0x092F 0x09CA 0x09CF 0x0DBD 0x0DC1 0x0DC4 0x0DC6 0x0DD8 0x0DE8 0x0DF1 0x0E01 0x0E0D 0x0E19 0x0E25 0x0E31 0x0E3A 0x0E43 0x0E4C 0x0E4E 0x0E51 0x0E57 0x0E59 0x0E5D 0x0E67 0x0E70 0x0E7C 0x0E84 0x0E8C 0x0E92 0x0E9A 0x0EA2 0x0EAA 0x0EB7 0x0EE8 0x0EF2 0x0EFC 0x0F03 0x0F0A 0x0F13 0x0F1C 0x0F45 0x0F48 0x0F4E
2.70,0x0C,read,0x004,FSR,direct,3,0xCE,0x000B
2.70,0x0C,read,0x00A,PCLATH,direct,24,0x00 0x08,0x0008 0x0042 0x0043 0x019B 0x019C 0x08CF 0x08D2 0x0921 0x0924 0x092E 0x0931 0x0F44 0x0F47 0x0F4D
2.70,0x0C,read,0x00B,INTCON,direct,6,0x54,0x0019 0x001B
2.70,0x0C,read,0x00C,PIR1,direct,22,0x59 0x5B,0x0021 0x0027 0x019A 0x02A7 0x02BF 0x02C3 0x02D1 0x0772 0x0780
2.70,0x0C,read,0x020,RAM_0x020,direct,3,0x00 0x08,0x0035
2.70,0x0C,read,0x021,RAM_0x021,direct,3,0x83 0x93,0x0037
2.70,0x0C,read,0x022,RAM_0x022,direct,3,0xCE,0x0029
2.70,0x0C,read,0x023,RAM_0x023,direct,3,0x00 0x64,0x002B
2.70,0x0C,read,0x024,RAM_0x024,direct,3,0x23 0x80,0x002D
2.70,0x0C,read,0x025,RAM_0x025,direct,3,0x01 0x3E,0x002F
2.70,0x0C,read,0x026,RAM_0x026,direct,3,0x00,0x0031
2.70,0x0C,read,0x027,RAM_0x027,direct,3,0x00,0x0033
2.70,0x0C,read,0x031,RAM_0x031,direct,3,0xCF 0xD0 0xD1,0x018B
2.70,0x0C,read,0x038,RAM_0x038,direct,3,0x00,0x0195
2.70,0x0C,read,0x04C,RAM_0x04C,direct,3,0x00,0x018F
2.70,0x0C,read,0x051,RAM_0x051,direct,4,0x00,0x02BC 0x03D0 0x0DC2
2.70,0x0C,read,0x06D,RAM_0x06D,direct,1,0x00,0x0E58
2.70,0x0C,read,0x077,RAM_0x077,direct,21,0x00 0x01 0x03 0x07 0x0F 0x19 0x1F 0x32 0x3E 0x64 0x7D,0x000D 0x03C3 0x03C9
2.70,0x0C,read,0x078,RAM_0x078,direct,24,0x00 0x01 0x02 0x04 0x09 0x12 0x19 0x23 0x24 0x30 0x32 0x46 0x48 0x64 0x80 0x8C 0x91 0xBE,0x000F 0x03CB 0x08D3 0x0918 0x092A 0x0932 0x0E53
2.70,0x0C,read,0x079,RAM_0x079,direct,21,0x00 0x01 0x02 0x04 0x09 0x12 0x24 0x3E 0x40 0x7D 0x80 0xA0 0xD0 0xE8 0xF4 0xFA,0x0011 0x03CA 0x0928 0x0E50
2.70,0x0C,read,0x07A,RAM_0x07A,direct,21,0x00,0x0013 0x03C7 0x03C8
2.70,0x0C,read,0x07B,RAM_0x07B,direct,3,0x00,0x0015
2.70,0x0C,read,0x07E,RAM_0x07E,direct,1,0x0F,0x08CA
2.70,0x0C,read,0x07F,RAM_0x07F,direct,6,0x06 0x0C 0x46 0x60 0x64 0xC0,0x0039 0x003A
2.70,0x0C,read,0x08C,PIE1,indirect,6,0x22,0x001F 0x0025
2.70,0x0C,read,0x0A0,RAM_0x0A0,direct,33,0x0C,0x0DBE 0x0DC5 0x0DCD 0x0DD6 0x0DE6 0x0DEF 0x0DFF 0x0E0B 0x0E17 0x0E23 0x0E2F 0x0E38 0x0E41 0x0E4A 0x0E5B 0x0E65 0x0E6E 0x0E7A 0x0E82 0x0E8A 0x0E90 0x0E98 0x0EA0 0x0EA8 0x0EB5 0x0EE6 0x0EF0 0x0EFA 0x0F01 0x0F08 0x0F11 0x0F1A 0x0F49
2.70,0x0C,read,0x0C8,RAM_0x0C8,direct,1,0x3E,0x0F4B
2.70,0x0C,read,0x0C9,RAM_0x0C9,direct,1,0x00,0x0F42
2.70,0x0C,read,0x0CA,RAM_0x0CA,direct,1,0x0C,0x0F40
2.70,0x0C,read,0x0CB,RAM_0x0CB,direct,2,0x7A,0x0DC0 0x0F3E
2.70,0x0C,read,0x0CD,RAM_0x0CD,direct,1,0x3E,0x0E55
2.70,0x0C,read,0x0D1,RAM_0x0D1,direct,1,0x80,0x09CB
2.70,0x0C,read,0x0D2,RAM_0x0D2,direct,1,0x3E,0x09CD
2.70,0x0C,read,0x0D3,RAM_0x0D3,direct,1,0x0C,0x02C7
2.70,0x0C,read,0x0D4,RAM_0x0D4,direct,2,0x00 0x0C,0x02CC 0x0776
2.70,0x0C,read,0x0D5,RAM_0x0D5,direct,2,0x3E 0x64,0x077B 0x091F
2.70,0x0C,read,0x0D6,RAM_0x0D6,direct,25,0x00 0x01 0x02 0x05 0x0A 0x0C 0x14 0x20 0x28 0x3E 0x40 0x50 0x64 0x80 0x90 0xA0,0x02AE 0x02B7 0x03BF 0x08CD
2.70,0x0C,read,0x0D7,RAM_0x0D7,direct,26,0x00 0x03 0x19 0x20 0x23 0x32 0x40 0x46 0x64 0x80 0x8C 0x90 0x91 0xBE 0xC0 0xC8 0xE3,0x02B1 0x02B2 0x03BE 0x08D6 0x08DC
2.70,0x0C,read,0x0D8,RAM_0x0D8,direct,26,0x00 0x03 0x0C 0x0E 0x3E 0x64,0x0299 0x029A 0x029F 0x02A3 0x03C2
2.70,0x0C,read,0x0D9,RAM_0x0D9,direct,10,0x00 0x30 0x33 0x63 0x65,0x02A5 0x03C6
2.70,0x0C,read,0x0DA,RAM_0x0DA,direct,20,0x01 0x02 0x03 0x04 0x05 0x06 0x07 0x08 0x09 0x0A 0x0B 0x0C 0x0D 0x0E 0x0F 0x10 0x64 0x6E 0x94 0x9E,0x03CC 0x03D4 0x03D7
2.70,0x0C,read,0x0DB,RAM_0x0DB,direct,2,0x30 0xBE,0x03E3
2.70,0x0C,read,0x10C,EEDATA,direct,2,0x30 0xBE,0x03DF
2.70,0x0C,read,0x18C,EECON1,direct,4,0x00,0x03DC 0x03DD
2.70,0x0C,write,0x003,STATUS,direct,96,0x00 0x04 0x18 0x1A 0x1B 0x1C 0x1E 0x1F 0x38 0x39 0x3A 0x3B 0x3C 0x3E 0x3F 0x58 0x78,0x0006 0x0017 0x0018 0x0038 0x0298 0x02A6 0x02AD 0x02B4 0x02B6 0x02B9 0x02C6 0x02C9 0x02CB 0x02CE 0x03BA 0x03CE 0x03D3 0x03D5 0x03D6 0x03D8 0x03D9 0x03DB 0x03DE 0x03E0 0x03E1 0x03E5 0x0775 0x0778 0x077A 0x077D 0x08CC 0x08D0 0x08D4 0x08E5 0x0914 0x0916 0x0919 0x0922 0x0925 0x092F 0x09CA 0x09CF 0x0DBD 0x0DC1 0x0DC4 0x0E4E 0x0E51 0x0E57 0x0E59 0x0F45 0x0F48 0x0F4E
2.70,0x0C,write,0x004,FSR,direct,9,0x8C 0xCE,0x001E 0x0024 0x002A
2.70,0x0C,write,0x00A,PCLATH,direct,27,0x00 0x08,0x000A 0x0036 0x0042 0x0043 0x019B 0x019C 0x08CF 0x08D2 0x0921 0x0924 0x092E 0x0931 0x0F44 0x0F47 0x0F4D
2.70,0x0C,write,0x00C,PIR1,direct,3,0x59,0x019A
2.70,0x0C,write,0x019,TXREG,direct,13,0x0A 0x30 0x33 0x44 0x54 0x57 0x63 0x65,0x02AB 0x02C1 0x02C5 0x02D3 0x0774 0x0782
2.70,0x0C,write,0x020,RAM_0x020,direct,3,0x00 0x08,0x0009
2.70,0x0C,write,0x021,RAM_0x021,direct,3,0x83 0x93,0x0007
2.70,0x0C,write,0x022,RAM_0x022,direct,3,0xCE,0x000C
2.70,0x0C,write,0x023,RAM_0x023,direct,3,0x00 0x64,0x000E
2.70,0x0C,write,0x024,RAM_0x024,direct,3,0x23 0x80,0x0010
2.70,0x0C,write,0x025,RAM_0x025,direct,3,0x01 0x3E,0x0012
2.70,0x0C,write,0x026,RAM_0x026,direct,3,0x00,0x0014
2.70,0x0C,write,0x027,RAM_0x027,direct,3,0x00,0x0016
2.70,0x0C,write,0x031,RAM_0x031,direct,3,0xD0 0xD1 0xD2,0x018B
2.70,0x0C,write,0x038,RAM_0x038,direct,3,0x00,0x0195
2.70,0x0C,write,0x077,RAM_0x077,direct,22,0x00 0x01 0x03 0x07 0x0F 0x19 0x1F 0x32 0x3E 0x64 0x7D,0x002C 0x03BC 0x03C3 0x03C9
2.70,0x0C,write,0x078,RAM_0x078,direct,23,0x00 0x01 0x02 0x04 0x09 0x12 0x19 0x23 0x24 0x30 0x32 0x46 0x48 0x64 0x80 0x8C 0x91 0xBE,0x002E 0x03CB 0x03E4 0x08DD 0x09CC
2.70,0x0C,write,0x079,RAM_0x079,direct,20,0x00 0x01 0x02 0x04 0x09 0x12 0x3E 0x40 0x7D 0x80 0xA0 0xD0 0xE8 0xF4 0xFA,0x0030 0x03CA 0x09CE
2.70,0x0C,write,0x07A,RAM_0x07A,direct,22,0x00,0x0032 0x03BD 0x03C7 0x03C8
2.70,0x0C,write,0x07B,RAM_0x07B,direct,3,0x00,0x0034
2.70,0x0C,write,0x07F,RAM_0x07F,direct,6,0x06 0x0C 0x46 0x60 0x64 0xC0,0x0004 0x0039
2.70,0x0C,write,0x0A0,RAM_0x0A0,direct,1,0x0C,0x0DC5
2.70,0x0C,write,0x0C8,RAM_0x0C8,direct,1,0x3E,0x0E56
2.70,0x0C,write,0x0C9,RAM_0x0C9,direct,1,0x00,0x0E5A
2.70,0x0C,write,0x0CA,RAM_0x0CA,direct,1,0x0C,0x0DBF
2.70,0x0C,write,0x0CB,RAM_0x0CB,direct,1,0x7A,0x0DC0
2.70,0x0C,write,0x0CC,RAM_0x0CC,direct,1,0x80,0x0E54
2.70,0x0C,write,0x0CD,RAM_0x0CD,direct,1,0x3E,0x0E52
2.70,0x0C,write,0x0D1,RAM_0x0D1,direct,1,0x80,0x092B
2.70,0x0C,write,0x0D2,RAM_0x0D2,direct,1,0x3E,0x0929
2.70,0x0C,write,0x0D3,RAM_0x0D3,direct,2,0x00 0x0C,0x0927 0x0F41
2.70,0x0C,write,0x0D4,RAM_0x0D4,direct,3,0x00 0x0C,0x0926 0x0F43 0x0F4A
2.70,0x0C,write,0x0D5,RAM_0x0D5,direct,2,0x3E 0x64,0x091A 0x0F4C
2.70,0x0C,write,0x0D6,RAM_0x0D6,direct,22,0x00 0x01 0x02 0x05 0x0A 0x0C 0x14 0x20 0x28 0x3E 0x40 0x50 0x64 0x80 0x90 0xA0 0xC8,0x02C8 0x02CD 0x03BF 0x0777 0x077C 0x0915 0x091D
2.70,0x0C,write,0x0D7,RAM_0x0D7,direct,27,0x00 0x03 0x19 0x20 0x23 0x32 0x40 0x46 0x48 0x64 0x80 0x8C 0x90 0x91 0xBE 0xC0 0xC8 0xE3,0x02AF 0x02B1 0x03BE 0x08D5 0x08DB 0x091B
2.70,0x0C,write,0x0D8,RAM_0x0D8,direct,17,0x00 0x03 0x0C 0x0E 0x3E 0x64,0x0299 0x02B3 0x02B8 0x0920
2.70,0x0C,write,0x0D9,RAM_0x0D9,direct,9,0x00 0x30 0x33 0x63 0x65,0x02A0 0x02A4 0x091E
2.70,0x0C,write,0x0DA,RAM_0x0DA,direct,21,0x00 0x01 0x02 0x03 0x04 0x05 0x06 0x07 0x08 0x09 0x0A 0x0B 0x0C 0x0D 0x0E 0x0F 0x10 0x64 0x6E 0x94 0x9E,0x03BB 0x03CC 0x03D4 0x08CE 0x092D
2.70,0x0C,write,0x0DB,RAM_0x0DB,direct,2,0x30 0xBE,0x03E2
2.70,0x0C,write,0x10D,EEADR,direct,2,0x94 0x9E,0x03DA
2.70,0x0C,write,0x18C,EECON1,direct,4,0x00 0x01,0x03DC 0x03DD
2.70,0x0D,read,0x003,STATUS,direct,121,0x04 0x18 0x1A 0x1B 0x1C 0x1F 0x38 0x39 0x3A 0x3B 0x3C 0x3D 0x3F 0x58 0x78,0x0005 0x0017 0x0018 0x0196 0x0298 0x029C 0x02A6 0x02AD 0x02B4 0x02B6 0x02B9 0x03BA 0x03C0 0x03C4 0x03CE 0x03D3 0x03D5 0x03D6 0x03D8 0x03D9 0x03DB 0x03DE 0x03E0 0x03E1 0x03E5 0x0775 0x0778 0x077A 0x077D 0x08CC 0x08D0 0x08D4 0x08D8 0x08E5 0x0914 0x0916 0x0919 0x0922 0x0925 0x092F 0x09CA 0x09CF 0x0DBD 0x0DC1 0x0DC4 0x0DC6 0x0DD8 0x0DE8 0x0DF1 0x0E01 0x0E0D 0x0E19 0x0E25 0x0E31 0x0E3A 0x0E43 0x0E4C 0x0E5D 0x0E5F 0x0E62 0x0E67 0x0E70 0x0E7C 0x0E84 0x0E8C 0x0E92 0x0E9A 0x0EA2 0x0EAA 0x0EB7 0x0EE8 0x0EF2 0x0EFC 0x0F03 0x0F0A 0x0F13 0x0F1C 0x0F4E
2.70,0x0D,read,0x004,FSR,direct,2,0xCE,0x000B
2.70,0x0D,read,0x00A,PCLATH,direct,17,0x00 0x08,0x0008 0x0042 0x0043 0x019B 0x019C 0x08CF 0x08D2 0x0921 0x0924 0x092E 0x0931 0x0F4D
2.70,0x0D,read,0x00B,INTCON,direct,4,0x54,0x0019 0x001B
2.70,0x0D,read,0x00C,PIR1,direct,12,0x59 0x5B,0x0021 0x0027 0x019A 0x02A7 0x0772 0x0780
2.70,0x0D,read,0x020,RAM_0x020,direct,2,0x00 0x08,0x0035
2.70,0x0D,read,0x021,RAM_0x021,direct,2,0x93 0xD3,0x0037
2.70,0x0D,read,0x022,RAM_0x022,direct,2,0xCE,0x0029
2.70,0x0D,read,0x023,RAM_0x023,direct,2,0x00,0x002B
2.70,0x0D,read,0x024,RAM_0x024,direct,2,0x23 0x80,0x002D
2.70,0x0D,read,0x025,RAM_0x025,direct,2,0x01 0x3E,0x002F
2.70,0x0D,read,0x026,RAM_0x026,direct,2,0x00,0x0031
2.70,0x0D,read,0x027,RAM_0x027,direct,2,0x00,0x0033
2.70,0x0D,read,0x031,RAM_0x031,direct,2,0xCF 0xD0,0x018B
2.70,0x0D,read,0x038,RAM_0x038,direct,2,0x00,0x0195
2.70,0x0D,read,0x04C,RAM_0x04C,direct,2,0x00,0x018F
2.70,0x0D,read,0x051,RAM_0x051,direct,3,0x00,0x03D0 0x0DC2
2.70,0x0D,read,0x077,RAM_0x077,direct,20,0x00 0x01 0x03 0x07 0x0F 0x19 0x1F 0x32 0x3E 0x64 0x7D,0x000D 0x03C3 0x03C9
2.70,0x0D,read,0x078,RAM_0x078,direct,23,0x00 0x01 0x02 0x04 0x09 0x12 0x19 0x23 0x24 0x30 0x32 0x46 0x48 0x64 0x80 0x8C 0x91 0xBE,0x000F 0x03CB 0x08D3 0x0918 0x092A 0x0932 0x0E61
2.70,0x0D,read,0x079,RAM_0x079,direct,19,0x00 0x01 0x02 0x04 0x09 0x12 0x24 0x3E 0x40 0x7D 0x80 0xA0 0xD0 0xE8 0xF4 0xFA,0x0011 0x03CA 0x0928
2.70,0x0D,read,0x07A,RAM_0x07A,direct,20,0x00,0x0013 0x03C7 0x03C8
2.70,0x0D,read,0x07B,RAM_0x07B,direct,2,0x00,0x0015
2.70,0x0D,read,0x07E,RAM_0x07E,direct,1,0x0F,0x08CA
2.70,0x0D,read,0x07F,RAM_0x07F,direct,4,0x01 0x0D 0x10 0xD0,0x0039 0x003A
2.70,0x0D,read,0x08C,PIE1,indirect,4,0x22,0x001F 0x0025
2.70,0x0D,read,0x0A0,RAM_0x0A0,direct,33,0x0D,0x0DBE 0x0DC5 0x0DCD 0x0DD6 0x0DE6 0x0DEF 0x0DFF 0x0E0B 0x0E17 0x0E23 0x0E2F 0x0E38 0x0E41 0x0E4A 0x0E5B 0x0E65 0x0E6E 0x0E7A 0x0E82 0x0E8A 0x0E90 0x0E98 0x0EA0 0x0EA8 0x0EB5 0x0EE6 0x0EF0 0x0EFA 0x0F01 0x0F08 0x0F11 0x0F1A 0x0F49
2.70,0x0D,read,0x0C8,RAM_0x0C8,direct,1,0x80,0x0F4B
2.70,0x0D,read,0x0CB,RAM_0x0CB,direct,3,0x7A 0x7B,0x0DC0 0x0E64 0x0F3E
2.70,0x0D,read,0x0D1,RAM_0x0D1,direct,1,0x80,0x09CB
2.70,0x0D,read,0x0D2,RAM_0x0D2,direct,1,0x3E,0x09CD
2.70,0x0D,read,0x0D4,RAM_0x0D4,direct,1,0x0D,0x0776
2.70,0x0D,read,0x0D5,RAM_0x0D5,direct,2,0x64 0x80,0x077B 0x091F
2.70,0x0D,read,0x0D6,RAM_0x0D6,direct,21,0x00 0x01 0x02 0x05 0x0A 0x0D 0x14 0x20 0x28 0x40 0x50 0x64 0x80 0x90 0xA0,0x02AE 0x02B7 0x03BF 0x08CD
2.70,0x0D,read,0x0D7,RAM_0x0D7,direct,22,0x00 0x08 0x19 0x20 0x23 0x32 0x40 0x46 0x64 0x80 0x8C 0x90 0x91 0xBE 0xC8 0xD0,0x02B1 0x02B2 0x03BE 0x08D6 0x08DC
2.70,0x0D,read,0x0D8,RAM_0x0D8,direct,14,0x00 0x08 0x0D 0x64 0x80,0x0299 0x029A 0x029F 0x02A3 0x03C2
2.70,0x0D,read,0x0D9,RAM_0x0D9,direct,6,0x00 0x30 0x38 0x64,0x02A5 0x03C6
2.70,0x0D,read,0x0DA,RAM_0x0DA,direct,20,0x01 0x02 0x03 0x04 0x05 0x06 0x07 0x08 0x09 0x0A 0x0B 0x0C 0x0D 0x0E 0x0F 0x10 0x64 0x6E 0x94 0x9E,0x03CC 0x03D4 0x03D7
2.70,0x0D,read,0x0DB,RAM_0x0DB,direct,2,0x30 0xBE,0x03E3
2.70,0x0D,read,0x10C,EEDATA,direct,2,0x30 0xBE,0x03DF
2.70,0x0D,read,0x18C,EECON1,direct,4,0x00,0x03DC 0x03DD
2.70,0x0D,write,0x003,STATUS,direct,68,0x00 0x04 0x18 0x1A 0x1B 0x1C 0x1F 0x38 0x39 0x3A 0x3B 0x3C 0x3D 0x3F 0x58 0x78,0x0006 0x0017 0x0018 0x0038 0x0298 0x02A6 0x02AD 0x02B4 0x02B6 0x02B9 0x03BA 0x03CE 0x03D3 0x03D5 0x03D6 0x03D8 0x03D9 0x03DB 0x03DE 0x03E0 0x03E1 0x03E5 0x0775 0x0778 0x077A 0x077D 0x08CC 0x08D0 0x08D4 0x08E5 0x0914 0x0916 0x0919 0x0922 0x0925 0x092F 0x09CA 0x09CF 0x0DBD 0x0DC1 0x0DC4 0x0E5F 0x0E62 0x0F4E
2.70,0x0D,write,0x004,FSR,direct,6,0x8C 0xCE,0x001E 0x0024 0x002A
2.70,0x0D,write,0x00A,PCLATH,direct,19,0x00 0x08,0x000A 0x0036 0x0042 0x0043 0x019B 0x019C 0x08CF 0x08D2 0x0921 0x0924 0x092E 0x0931 0x0F4D
2.70,0x0D,write,0x00C,PIR1,direct,2,0x59,0x019A
2.70,0x0D,write,0x019,TXREG,direct,6,0x0A 0x30 0x38 0x54 0x64,0x02AB 0x0774 0x0782
2.70,0x0D,write,0x020,RAM_0x020,direct,2,0x00 0x08,0x0009
2.70,0x0D,write,0x021,RAM_0x021,direct,2,0x93 0xD3,0x0007
2.70,0x0D,write,0x022,RAM_0x022,direct,2,0xCE,0x000C
2.70,0x0D,write,0x023,RAM_0x023,direct,2,0x00,0x000E
2.70,0x0D,write,0x024,RAM_0x024,direct,2,0x23 0x80,0x0010
2.70,0x0D,write,0x025,RAM_0x025,direct,2,0x01 0x3E,0x0012
2.70,0x0D,write,0x026,RAM_0x026,direct,2,0x00,0x0014
2.70,0x0D,write,0x027,RAM_0x027,direct,2,0x00,0x0016
2.70,0x0D,write,0x031,RAM_0x031,direct,2,0xD0 0xD1,0x018B
2.70,0x0D,write,0x038,RAM_0x038,direct,2,0x00,0x0195
2.70,0x0D,write,0x077,RAM_0x077,direct,21,0x00 0x01 0x03 0x07 0x0F 0x19 0x1F 0x32 0x3E 0x64 0x7D,0x002C 0x03BC 0x03C3 0x03C9
2.70,0x0D,write,0x078,RAM_0x078,direct,22,0x00 0x01 0x02 0x04 0x09 0x12 0x19 0x23 0x24 0x30 0x32 0x46 0x48 0x64 0x80 0x8C 0x91 0xBE,0x002E 0x03CB 0x03E4 0x08DD 0x09CC
2.70,0x0D,write,0x079,RAM_0x079,direct,19,0x00 0x01 0x02 0x04 0x09 0x12 0x3E 0x40 0x7D 0x80 0xA0 0xD0 0xE8 0xF4 0xFA,0x0030 0x03CA 0x09CE
2.70,0x0D,write,0x07A,RAM_0x07A,direct,21,0x00,0x0032 0x03BD 0x03C7 0x03C8
2.70,0x0D,write,0x07B,RAM_0x07B,direct,2,0x00,0x0034
2.70,0x0D,write,0x07F,RAM_0x07F,direct,4,0x01 0x0D 0x10 0xD0,0x0004 0x0039
2.70,0x0D,write,0x0A0,RAM_0x0A0,direct,1,0x0D,0x0DC5
2.70,0x0D,write,0x0C8,RAM_0x0C8,direct,1,0x80,0x0E63
2.70,0x0D,write,0x0CA,RAM_0x0CA,direct,1,0x0D,0x0DBF
2.70,0x0D,write,0x0CB,RAM_0x0CB,direct,2,0x7A 0x7B,0x0DC0 0x0E64
2.70,0x0D,write,0x0D1,RAM_0x0D1,direct,1,0x80,0x092B
2.70,0x0D,write,0x0D2,RAM_0x0D2,direct,1,0x3E,0x0929
2.70,0x0D,write,0x0D3,RAM_0x0D3,direct,1,0x00,0x0927
2.70,0x0D,write,0x0D4,RAM_0x0D4,direct,2,0x00 0x0D,0x0926 0x0F4A
2.70,0x0D,write,0x0D5,RAM_0x0D5,direct,2,0x64 0x80,0x091A 0x0F4C
2.70,0x0D,write,0x0D6,RAM_0x0D6,direct,20,0x00 0x01 0x02 0x05 0x0A 0x0D 0x14 0x20 0x28 0x40 0x50 0x64 0x80 0x90 0xA0 0xC8,0x03BF 0x0777 0x077C 0x0915 0x091D
2.70,0x0D,write,0x0D7,RAM_0x0D7,direct,23,0x00 0x08 0x19 0x20 0x23 0x32 0x40 0x46 0x48 0x64 0x80 0x8C 0x90 0x91 0xBE 0xC8 0xD0,0x02AF 0x02B1 0x03BE 0x08D5 0x08DB 0x091B
2.70,0x0D,write,0x0D8,RAM_0x0D8,direct,9,0x00 0x08 0x0D 0x64 0x80,0x0299 0x02B3 0x02B8 0x0920
2.70,0x0D,write,0x0D9,RAM_0x0D9,direct,5,0x00 0x30 0x38 0x64,0x02A0 0x02A4 0x091E
2.70,0x0D,write,0x0DA,RAM_0x0DA,direct,21,0x00 0x01 0x02 0x03 0x04 0x05 0x06 0x07 0x08 0x09 0x0A 0x0B 0x0C 0x0D 0x0E 0x0F 0x10 0x64 0x6E 0x94 0x9E,0x03BB 0x03CC 0x03D4 0x08CE 0x092D
2.70,0x0D,write,0x0DB,RAM_0x0DB,direct,2,0x30 0xBE,0x03E2
2.70,0x0D,write,0x10D,EEADR,direct,2,0x94 0x9E,0x03DA
2.70,0x0D,write,0x18C,EECON1,direct,4,0x00 0x01,0x03DC 0x03DD
2.70,0x0E,read,0x003,STATUS,direct,64,0x04 0x18 0x1A 0x1B 0x1E 0x1F 0x38 0x39 0x3A 0x3B 0x3E 0x3F,0x0005 0x0017 0x0018 0x0196 0x0298 0x029C 0x02A6 0x02AD 0x02B4 0x02B6 0x02B9 0x0775 0x0778 0x077A 0x077D 0x0DBD 0x0DC1 0x0DC4 0x0DC6 0x0DD8 0x0DE8 0x0DF1 0x0E01 0x0E0D 0x0E19 0x0E25 0x0E31 0x0E3A 0x0E43 0x0E4C 0x0E5D 0x0E67 0x0E69 0x0E6B 0x0E70 0x0E7C 0x0E84 0x0E8C 0x0E92 0x0E9A 0x0EA2 0x0EAA 0x0EB7 0x0EE8 0x0EF2 0x0EFC 0x0F03 0x0F0A 0x0F13 0x0F1C 0x0F4E
2.70,0x0E,read,0x004,FSR,direct,1,0xCE,0x000B
2.70,0x0E,read,0x00A,PCLATH,direct,6,0x00 0x08,0x0008 0x0042 0x0043 0x019B 0x019C 0x0F4D
2.70,0x0E,read,0x00B,INTCON,direct,2,0x54,0x0019 0x001B
2.70,0x0E,read,0x00C,PIR1,direct,9,0x59 0x5B,0x0021 0x0027 0x019A 0x02A7 0x0772 0x0780
2.70,0x0E,read,0x020,RAM_0x020,direct,1,0x00,0x0035
2.70,0x0E,read,0x021,RAM_0x021,direct,1,0x81,0x0037
2.70,0x0E,read,0x022,RAM_0x022,direct,1,0xCE,0x0029
2.70,0x0E,read,0x023,RAM_0x023,direct,1,0x00,0x002B
2.70,0x0E,read,0x024,RAM_0x024,direct,1,0x77,0x002D
2.70,0x0E,read,0x025,RAM_0x025,direct,1,0x24,0x002F
2.70,0x0E,read,0x026,RAM_0x026,direct,1,0x00,0x0031
2.70,0x0E,read,0x027,RAM_0x027,direct,1,0x00,0x0033
2.70,0x0E,read,0x031,RAM_0x031,direct,1,0xCF,0x018B
2.70,0x0E,read,0x038,RAM_0x038,direct,1,0x00,0x0195
2.70,0x0E,read,0x045,RAM_0x045,direct,1,0x05,0x0E6A
2.70,0x0E,read,0x04C,RAM_0x04C,direct,1,0x00,0x018F
2.70,0x0E,read,0x051,RAM_0x051,direct,1,0x00,0x0DC2
2.70,0x0E,read,0x077,RAM_0x077,direct,1,0x00,0x000D
2.70,0x0E,read,0x078,RAM_0x078,direct,1,0x77,0x000F
2.70,0x0E,read,0x079,RAM_0x079,direct,1,0x24,0x0011
2.70,0x0E,read,0x07A,RAM_0x07A,direct,1,0x00,0x0013
2.70,0x0E,read,0x07B,RAM_0x07B,direct,1,0x00,0x0015
2.70,0x0E,read,0x07F,RAM_0x07F,direct,2,0x0E 0xE0,0x0039 0x003A
2.70,0x0E,read,0x08C,PIE1,indirect,2,0x22,0x001F 0x0025
2.70,0x0E,read,0x0A0,RAM_0x0A0,direct,33,0x0E,0x0DBE 0x0DC5 0x0DCD 0x0DD6 0x0DE6 0x0DEF 0x0DFF 0x0E0B 0x0E17 0x0E23 0x0E2F 0x0E38 0x0E41 0x0E4A 0x0E5B 0x0E65 0x0E6E 0x0E7A 0x0E82 0x0E8A 0x0E90 0x0E98 0x0EA0 0x0EA8 0x0EB5 0x0EE6 0x0EF0 0x0EFA 0x0F01 0x0F08 0x0F11 0x0F1A 0x0F49
2.70,0x0E,read,0x0C8,RAM_0x0C8,direct,1,0x05,0x0F4B
2.70,0x0E,read,0x0CB,RAM_0x0CB,direct,3,0x7A 0x7B,0x0DC0 0x0E6D 0x0F3E
2.70,0x0E,read,0x0D4,RAM_0x0D4,direct,1,0x0E,0x0776
2.70,0x0E,read,0x0D5,RAM_0x0D5,direct,1,0x05,0x077B
2.70,0x0E,read,0x0D6,RAM_0x0D6,direct,4,0x05 0x0E,0x02AE 0x02B7
2.70,0x0E,read,0x0D7,RAM_0x0D7,direct,4,0x00 0x50 0xE0,0x02B1 0x02B2
2.70,0x0E,read,0x0D8,RAM_0x0D8,direct,12,0x00 0x05 0x0E,0x0299 0x029A 0x029F 0x02A3
2.70,0x0E,read,0x0D9,RAM_0x0D9,direct,4,0x30 0x35 0x65,0x02A5
2.70,0x0E,write,0x003,STATUS,direct,30,0x00 0x04 0x18 0x1A 0x1B 0x1E 0x1F 0x38 0x3A 0x3B 0x3E 0x3F,0x0006 0x0017 0x0018 0x0038 0x0298 0x02A6 0x02AD 0x02B4 0x02B6 0x02B9 0x0775 0x0778 0x077A 0x077D 0x0DBD 0x0DC1 0x0DC4 0x0E69 0x0E6B 0x0F4E
2.70,0x0E,write,0x004,FSR,direct,3,0x8C 0xCE,0x001E 0x0024 0x002A
2.70,0x0E,write,0x00A,PCLATH,direct,7,0x00,0x000A 0x0036 0x0042 0x0043 0x019B 0x019C 0x0F4D
2.70,0x0E,write,0x00C,PIR1,direct,1,0x59,0x019A
2.70,0x0E,write,0x019,TXREG,direct,6,0x0A 0x30 0x35 0x54 0x65,0x02AB 0x0774 0x0782
2.70,0x0E,write,0x020,RAM_0x020,direct,1,0x00,0x0009
2.70,0x0E,write,0x021,RAM_0x021,direct,1,0x81,0x0007
2.70,0x0E,write,0x022,RAM_0x022,direct,1,0xCE,0x000C
2.70,0x0E,write,0x023,RAM_0x023,direct,1,0x00,0x000E
2.70,0x0E,write,0x024,RAM_0x024,direct,1,0x77,0x0010
2.70,0x0E,write,0x025,RAM_0x025,direct,1,0x24,0x0012
2.70,0x0E,write,0x026,RAM_0x026,direct,1,0x00,0x0014
2.70,0x0E,write,0x027,RAM_0x027,direct,1,0x00,0x0016
2.70,0x0E,write,0x031,RAM_0x031,direct,1,0xD0,0x018B
2.70,0x0E,write,0x038,RAM_0x038,direct,1,0x00,0x0195
2.70,0x0E,write,0x077,RAM_0x077,direct,1,0x00,0x002C
2.70,0x0E,write,0x078,RAM_0x078,direct,1,0x77,0x002E
2.70,0x0E,write,0x079,RAM_0x079,direct,1,0x24,0x0030
2.70,0x0E,write,0x07A,RAM_0x07A,direct,1,0x00,0x0032
2.70,0x0E,write,0x07B,RAM_0x07B,direct,1,0x00,0x0034
2.70,0x0E,write,0x07F,RAM_0x07F,direct,2,0x0E 0xE0,0x0004 0x0039
2.70,0x0E,write,0x0A0,RAM_0x0A0,direct,1,0x0E,0x0DC5
2.70,0x0E,write,0x0C8,RAM_0x0C8,direct,1,0x05,0x0E6C
2.70,0x0E,write,0x0CA,RAM_0x0CA,direct,1,0x0E,0x0DBF
2.70,0x0E,write,0x0CB,RAM_0x0CB,direct,2,0x7A 0x7B,0x0DC0 0x0E6D
2.70,0x0E,write,0x0D4,RAM_0x0D4,direct,1,0x0E,0x0F4A
2.70,0x0E,write,0x0D5,RAM_0x0D5,direct,1,0x05,0x0F4C
2.70,0x0E,write,0x0D6,RAM_0x0D6,direct,2,0x05 0x0E,0x0777 0x077C
2.70,0x0E,write,0x0D7,RAM_0x0D7,direct,4,0x00 0x50 0xE0,0x02AF 0x02B1
2.70,0x0E,write,0x0D8,RAM_0x0D8,direct,8,0x00 0x05 0x0E,0x0299 0x02B3 0x02B8
2.70,0x0E,write,0x0D9,RAM_0x0D9,direct,4,0x30 0x35 0x65,0x02A0 0x02A4
2.70,0x0F,read,0x003,STATUS,direct,96,0x04 0x18 0x1A 0x1B 0x1C 0x1E 0x1F 0x38 0x39 0x3A 0x3B 0x3C 0x3E 0x3F,0x0005 0x0017 0x0018 0x0196 0x0298 0x029C 0x02A6 0x02AD 0x02B4 0x02B6 0x02B9 0x02C6 0x02C9 0x02CB 0x02CE 0x0775 0x0778 0x077A 0x077D 0x0DBD 0x0DC1 0x0DC4 0x0DC6 0x0DD8 0x0DE8 0x0DF1 0x0E01 0x0E0D 0x0E19 0x0E25 0x0E31 0x0E3A 0x0E43 0x0E4C 0x0E5D 0x0E67 0x0E70 0x0E72 0x0E74 0x0E76 0x0E78 0x0E7C 0x0E84 0x0E8C 0x0E92 0x0E9A 0x0EA2 0x0EAA 0x0EB7 0x0EE8 0x0EF2 0x0EFC 0x0F03 0x0F0A 0x0F13 0x0F1C 0x0F45 0x0F48 0x0F4E
2.70,0x0F,read,0x004,FSR,direct,2,0xCE,0x000B
2.70,0x0F,read,0x00A,PCLATH,direct,13,0x00 0x08,0x0008 0x0042 0x0043 0x019B 0x019C 0x0F44 0x0F47 0x0F4D
2.70,0x0F,read,0x00B,INTCON,direct,4,0x54,0x0019 0x001B
2.70,0x0F,read,0x00C,PIR1,direct,19,0x59 0x5B,0x0021 0x0027 0x019A 0x02A7 0x02BF 0x02C3 0x02D1 0x0772 0x0780
2.70,0x0F,read,0x020,RAM_0x020,direct,2,0x00,0x0035
2.70,0x0F,read,0x021,RAM_0x021,direct,2,0x81,0x0037
2.70,0x0F,read,0x022,RAM_0x022,direct,2,0xCE,0x0029
2.70,0x0F,read,0x023,RAM_0x023,direct,2,0x00,0x002B
2.70,0x0F,read,0x024,RAM_0x024,direct,2,0x77,0x002D
2.70,0x0F,read,0x025,RAM_0x025,direct,2,0x24,0x002F
2.70,0x0F,read,0x026,RAM_0x026,direct,2,0x00,0x0031
2.70,0x0F,read,0x027,RAM_0x027,direct,2,0x00,0x0033
2.70,0x0F,read,0x031,RAM_0x031,direct,2,0xCF 0xD0,0x018B
2.70,0x0F,read,0x038,RAM_0x038,direct,2,0x00,0x0195
2.70,0x0F,read,0x044,RAM_0x044,direct,1,0x14,0x0E73
2.70,0x0F,read,0x04C,RAM_0x04C,direct,2,0x00,0x018F
2.70,0x0F,read,0x051,RAM_0x051,direct,2,0x00,0x02BC 0x0DC2
2.70,0x0F,read,0x060,RAM_0x060,direct,1,0x00,0x0E77
2.70,0x0F,read,0x077,RAM_0x077,direct,2,0x00,0x000D
2.70,0x0F,read,0x078,RAM_0x078,direct,2,0x77,0x000F
2.70,0x0F,read,0x079,RAM_0x079,direct,2,0x24,0x0011
2.70,0x0F,read,0x07A,RAM_0x07A,direct,2,0x00,0x0013
2.70,0x0F,read,0x07B,RAM_0x07B,direct,2,0x00,0x0015
2.70,0x0F,read,0x07F,RAM_0x07F,direct,4,0x03 0x30 0x34 0x43,0x0039 0x003A
2.70,0x0F,read,0x08C,PIE1,indirect,4,0x22,0x001F 0x0025
2.70,0x0F,read,0x0A0,RAM_0x0A0,direct,33,0x0F,0x0DBE 0x0DC5 0x0DCD 0x0DD6 0x0DE6 0x0DEF 0x0DFF 0x0E0B 0x0E17 0x0E23 0x0E2F 0x0E38 0x0E41 0x0E4A 0x0E5B 0x0E65 0x0E6E 0x0E7A 0x0E82 0x0E8A 0x0E90 0x0E98 0x0EA0 0x0EA8 0x0EB5 0x0EE6 0x0EF0 0x0EFA 0x0F01 0x0F08 0x0F11 0x0F1A 0x0F49
2.70,0x0F,read,0x0C8,RAM_0x0C8,direct,1,0x14,0x0F4B
2.70,0x0F,read,0x0C9,RAM_0x0C9,direct,1,0x00,0x0F42
2.70,0x0F,read,0x0CA,RAM_0x0CA,direct,1,0x0F,0x0F40
2.70,0x0F,read,0x0CB,RAM_0x0CB,direct,2,0x7A,0x0DC0 0x0F3E
2.70,0x0F,read,0x0D3,RAM_0x0D3,direct,1,0x0F,0x02C7
2.70,0x0F,read,0x0D4,RAM_0x0D4,direct,2,0x00 0x0F,0x02CC 0x0776
2.70,0x0F,read,0x0D5,RAM_0x0D5,direct,1,0x14,0x077B
2.70,0x0F,read,0x0D6,RAM_0x0D6,direct,8,0x00 0x0F 0x14,0x02AE 0x02B7
2.70,0x0F,read,0x0D7,RAM_0x0D7,direct,8,0x00 0x01 0x41 0xF0,0x02B1 0x02B2
2.70,0x0F,read,0x0D8,RAM_0x0D8,direct,24,0x00 0x01 0x04 0x0F 0x14,0x0299 0x029A 0x029F 0x02A3
2.70,0x0F,read,0x0D9,RAM_0x0D9,direct,8,0x30 0x31 0x34 0x66,0x02A5
2.70,0x0F,write,0x003,STATUS,direct,58,0x00 0x04 0x18 0x1A 0x1B 0x1C 0x1E 0x1F 0x38 0x3A 0x3B 0x3C 0x3E 0x3F,0x0006 0x0017 0x0018 0x0038 0x0298 0x02A6 0x02AD 0x02B4 0x02B6 0x02B9 0x02C6 0x02C9 0x02CB 0x02CE 0x0775 0x0778 0x077A 0x077D 0x0DBD 0x0DC1 0x0DC4 0x0E72 0x0E74 0x0E76 0x0E78 0x0F45 0x0F48 0x0F4E
2.70,0x0F,write,0x004,FSR,direct,6,0x8C 0xCE,0x001E 0x0024 0x002A
2.70,0x0F,write,0x00A,PCLATH,direct,15,0x00 0x08,0x000A 0x0036 0x0042 0x0043 0x019B 0x019C 0x0F44 0x0F47 0x0F4D
2.70,0x0F,write,0x00C,PIR1,direct,2,0x59,0x019A
2.70,0x0F,write,0x019,TXREG,direct,13,0x0A 0x30 0x31 0x34 0x44 0x54 0x57 0x66,0x02AB 0x02C1 0x02C5 0x02D3 0x0774 0x0782
2.70,0x0F,write,0x020,RAM_0x020,direct,2,0x00,0x0009
2.70,0x0F,write,0x021,RAM_0x021,direct,2,0x81,0x0007
2.70,0x0F,write,0x022,RAM_0x022,direct,2,0xCE,0x000C
2.70,0x0F,write,0x023,RAM_0x023,direct,2,0x00,0x000E
2.70,0x0F,write,0x024,RAM_0x024,direct,2,0x77,0x0010
2.70,0x0F,write,0x025,RAM_0x025,direct,2,0x24,0x0012
2.70,0x0F,write,0x026,RAM_0x026,direct,2,0x00,0x0014
2.70,0x0F,write,0x027,RAM_0x027,direct,2,0x00,0x0016
2.70,0x0F,write,0x031,RAM_0x031,direct,2,0xD0 0xD1,0x018B
2.70,0x0F,write,0x038,RAM_0x038,direct,2,0x00,0x0195
2.70,0x0F,write,0x077,RAM_0x077,direct,2,0x00,0x002C
2.70,0x0F,write,0x078,RAM_0x078,direct,2,0x77,0x002E
2.70,0x0F,write,0x079,RAM_0x079,direct,2,0x24,0x0030
2.70,0x0F,write,0x07A,RAM_0x07A,direct,2,0x00,0x0032
2.70,0x0F,write,0x07B,RAM_0x07B,direct,2,0x00,0x0034
2.70,0x0F,write,0x07F,RAM_0x07F,direct,4,0x03 0x30 0x34 0x43,0x0004 0x0039
2.70,0x0F,write,0x0A0,RAM_0x0A0,direct,1,0x0F,0x0DC5
2.70,0x0F,write,0x0C8,RAM_0x0C8,direct,1,0x14,0x0E75
2.70,0x0F,write,0x0C9,RAM_0x0C9,direct,1,0x00,0x0E79
2.70,0x0F,write,0x0CA,RAM_0x0CA,direct,1,0x0F,0x0DBF
2.70,0x0F,write,0x0CB,RAM_0x0CB,direct,1,0x7A,0x0DC0
2.70,0x0F,write,0x0D3,RAM_0x0D3,direct,1,0x0F,0x0F41
2.70,0x0F,write,0x0D4,RAM_0x0D4,direct,2,0x00 0x0F,0x0F43 0x0F4A
2.70,0x0F,write,0x0D5,RAM_0x0D5,direct,1,0x14,0x0F4C
2.70,0x0F,write,0x0D6,RAM_0x0D6,direct,4,0x00 0x0F 0x14,0x02C8 0x02CD 0x0777 0x077C
2.70,0x0F,write,0x0D7,RAM_0x0D7,direct,8,0x00 0x01 0x41 0xF0,0x02AF 0x02B1
2.70,0x0F,write,0x0D8,RAM_0x0D8,direct,16,0x00 0x01 0x04 0x0F 0x14,0x0299 0x02B3 0x02B8
2.70,0x0F,write,0x0D9,RAM_0x0D9,direct,8,0x30 0x31 0x34 0x66,0x02A0 0x02A4
2.70,0x10,read,0x003,STATUS,direct,101,0x04 0x18 0x1A 0x1B 0x1C 0x38 0x3A 0x3B 0x3C,0x0005 0x0017 0x0018 0x0196 0x0298 0x029C 0x02A6 0x02AD 0x02B4 0x02B6 0x02B9 0x02C6 0x02C9 0x02CB 0x02CE 0x0775 0x0778 0x077A 0x077D 0x0DBD 0x0DC1 0x0DC4 0x0DC6 0x0DD8 0x0DE8 0x0DF1 0x0E01 0x0E0D 0x0E19 0x0E25 0x0E31 0x0E3A 0x0E43 0x0E4C 0x0E5D 0x0E67 0x0E70 0x0E7C 0x0E7E 0x0E80 0x0E84 0x0E8C 0x0E92 0x0E9A 0x0EA2 0x0EAA 0x0EB7 0x0EE8 0x0EF2 0x0EFC 0x0F03 0x0F0A 0x0F13 0x0F1C 0x0F20 0x0F24 0x0F2A 0x0F2D 0x0F34 0x0F37 0x0F3C 0x0F45 0x0F48 0x0F4E
2.70,0x10,read,0x004,FSR,direct,2,0x63,0x000B
2.70,0x10,read,0x00A,PCLATH,direct,13,0x00 0x08,0x0008 0x0042 0x0043 0x019B 0x019C 0x0F44 0x0F47 0x0F4D
2.70,0x10,read,0x00B,INTCON,direct,4,0x54,0x0019 0x001B
2.70,0x10,read,0x00C,PIR1,direct,19,0x59 0x5B,0x0021 0x0027 0x019A 0x02A7 0x02BF 0x02C3 0x02D1 0x0772 0x0780
2.70,0x10,read,0x020,RAM_0x020,direct,2,0x00,0x0035
2.70,0x10,read,0x021,RAM_0x021,direct,2,0x81 0x83,0x0037
2.70,0x10,read,0x022,RAM_0x022,direct,2,0x63,0x0029
2.70,0x10,read,0x023,RAM_0x023,direct,2,0x00,0x002B
2.70,0x10,read,0x024,RAM_0x024,direct,2,0x77,0x002D
2.70,0x10,read,0x025,RAM_0x025,direct,2,0x24,0x002F
2.70,0x10,read,0x026,RAM_0x026,direct,2,0x00,0x0031
2.70,0x10,read,0x027,RAM_0x027,direct,2,0x00,0x0033
2.70,0x10,read,0x030,RAM_0x030,direct,1,0x00,0x0F25
2.70,0x10,read,0x031,RAM_0x031,direct,2,0xCF 0xD0,0x018B
2.70,0x10,read,0x038,RAM_0x038,direct,2,0x00,0x0195
2.70,0x10,read,0x03E,RAM_0x03E,direct,1,0x1F,0x0E7F
2.70,0x10,read,0x04C,RAM_0x04C,direct,2,0x00,0x018F
2.70,0x10,read,0x051,RAM_0x051,direct,2,0x00,0x02BC 0x0DC2
2.70,0x10,read,0x062,RAM_0x062,direct,2,0x00,0x0F2E 0x0F38
2.70,0x10,read,0x063,RAM_0x063,indirect,1,0x00,0x0F33
2.70,0x10,read,0x077,RAM_0x077,direct,2,0x00,0x000D
2.70,0x10,read,0x078,RAM_0x078,direct,2,0x77,0x000F
2.70,0x10,read,0x079,RAM_0x079,direct,2,0x24,0x0011
2.70,0x10,read,0x07A,RAM_0x07A,direct,2,0x00,0x0013
2.70,0x10,read,0x07B,RAM_0x07B,direct,2,0x00,0x0015
2.70,0x10,read,0x07E,RAM_0x07E,direct,1,0x0F,0x0F22
2.70,0x10,read,0x07F,RAM_0x07F,direct,4,0x13 0x28 0x31 0x82,0x0039 0x003A
2.70,0x10,read,0x08C,PIE1,indirect,4,0x22,0x001F 0x0025
2.70,0x10,read,0x0A0,RAM_0x0A0,direct,36,0x10,0x0DBE 0x0DC5 0x0DCD 0x0DD6 0x0DE6 0x0DEF 0x0DFF 0x0E0B 0x0E17 0x0E23 0x0E2F 0x0E38 0x0E41 0x0E4A 0x0E5B 0x0E65 0x0E6E 0x0E7A 0x0E82 0x0E8A 0x0E90 0x0E98 0x0EA0 0x0EA8 0x0EB5 0x0EE6 0x0EF0 0x0EFA 0x0F01 0x0F08 0x0F11 0x0F1A 0x0F1E 0x0F2C 0x0F36 0x0F49
2.70,0x10,read,0x0C8,RAM_0x0C8,direct,1,0x1F,0x0F4B
2.70,0x10,read,0x0C9,RAM_0x0C9,direct,1,0x00,0x0F42
2.70,0x10,read,0x0CA,RAM_0x0CA,direct,3,0x10 0x18 0x28,0x0F2B 0x0F3D 0x0F40
2.70,0x10,read,0x0CB,RAM_0x0CB,direct,2,0x7A,0x0DC0 0x0F3E
2.70,0x10,read,0x0D3,RAM_0x0D3,direct,1,0x28,0x02C7
2.70,0x10,read,0x0D4,RAM_0x0D4,direct,2,0x00 0x10,0x02CC 0x0776
2.70,0x10,read,0x0D5,RAM_0x0D5,direct,1,0x1F,0x077B
2.70,0x10,read,0x0D6,RAM_0x0D6,direct,8,0x00 0x10 0x1F 0x28,0x02AE 0x02B7
2.70,0x10,read,0x0D7,RAM_0x0D7,direct,8,0x00 0x01 0x02 0x82 0xF1,0x02B1 0x02B2
2.70,0x10,read,0x0D8,RAM_0x0D8,direct,24,0x00 0x01 0x02 0x08 0x0F 0x10 0x1F 0x28,0x0299 0x029A 0x029F 0x02A3
2.70,0x10,read,0x0D9,RAM_0x0D9,direct,8,0x30 0x31 0x32 0x38 0x66,0x02A5
2.70,0x10,write,0x003,STATUS,direct,62,0x00 0x04 0x18 0x1A 0x1B 0x1C 0x38 0x3A 0x3B 0x3C,0x0006 0x0017 0x0018 0x0038 0x0298 0x02A6 0x02AD 0x02B4 0x02B6 0x02B9 0x02C6 0x02C9 0x02CB 0x02CE 0x0775 0x0778 0x077A 0x077D 0x0DBD 0x0DC1 0x0DC4 0x0E7E 0x0E80 0x0F24 0x0F2A 0x0F2D 0x0F34 0x0F37 0x0F3C 0x0F45 0x0F48 0x0F4E
2.70,0x10,write,0x004,FSR,direct,7,0x63 0x8C,0x001E 0x0024 0x002A 0x0F32
2.70,0x10,write,0x00A,PCLATH,direct,15,0x00 0x08,0x000A 0x0036 0x0042 0x0043 0x019B 0x019C 0x0F44 0x0F47 0x0F4D
2.70,0x10,write,0x00C,PIR1,direct,2,0x59,0x019A
2.70,0x10,write,0x019,TXREG,direct,13,0x0A 0x30 0x31 0x32 0x38 0x44 0x54 0x57 0x66,0x02AB 0x02C1 0x02C5 0x02D3 0x0774 0x0782
2.70,0x10,write,0x020,RAM_0x020,direct,2,0x00,0x0009
2.70,0x10,write,0x021,RAM_0x021,direct,2,0x81 0x83,0x0007
2.70,0x10,write,0x022,RAM_0x022,direct,2,0x63,0x000C
2.70,0x10,write,0x023,RAM_0x023,direct,2,0x00,0x000E
2.70,0x10,write,0x024,RAM_0x024,direct,2,0x77,0x0010
2.70,0x10,write,0x025,RAM_0x025,direct,2,0x24,0x0012
2.70,0x10,write,0x026,RAM_0x026,direct,2,0x00,0x0014
2.70,0x10,write,0x027,RAM_0x027,direct,2,0x00,0x0016
2.70,0x10,write,0x031,RAM_0x031,direct,2,0xD0 0xD1,0x018B
2.70,0x10,write,0x038,RAM_0x038,direct,2,0x00,0x0195
2.70,0x10,write,0x077,RAM_0x077,direct,2,0x00,0x002C
2.70,0x10,write,0x078,RAM_0x078,direct,2,0x77,0x002E
2.70,0x10,write,0x079,RAM_0x079,direct,2,0x24,0x0030
2.70,0x10,write,0x07A,RAM_0x07A,direct,2,0x00,0x0032
2.70,0x10,write,0x07B,RAM_0x07B,direct,2,0x00,0x0034
2.70,0x10,write,0x07F,RAM_0x07F,direct,4,0x13 0x28 0x31 0x82,0x0004 0x0039
2.70,0x10,write,0x0A0,RAM_0x0A0,direct,1,0x10,0x0DC5
2.70,0x10,write,0x0C8,RAM_0x0C8,direct,1,0x1F,0x0E81
2.70,0x10,write,0x0C9,RAM_0x0C9,direct,1,0x00,0x0F35
2.70,0x10,write,0x0CA,RAM_0x0CA,direct,3,0x10 0x18 0x28,0x0DBF 0x0F2B 0x0F3D
2.70,0x10,write,0x0CB,RAM_0x0CB,direct,1,0x7A,0x0DC0
2.70,0x10,write,0x0D3,RAM_0x0D3,direct,1,0x28,0x0F41
2.70,0x10,write,0x0D4,RAM_0x0D4,direct,2,0x00 0x10,0x0F43 0x0F4A
2.70,0x10,write,0x0D5,RAM_0x0D5,direct,1,0x1F,0x0F4C
2.70,0x10,write,0x0D6,RAM_0x0D6,direct,4,0x00 0x10 0x1F 0x28,0x02C8 0x02CD 0x0777 0x077C
2.70,0x10,write,0x0D7,RAM_0x0D7,direct,8,0x00 0x01 0x02 0x82 0xF1,0x02AF 0x02B1
2.70,0x10,write,0x0D8,RAM_0x0D8,direct,16,0x00 0x01 0x02 0x08 0x0F 0x10 0x1F 0x28,0x0299 0x02B3 0x02B8
2.70,0x10,write,0x0D9,RAM_0x0D9,direct,8,0x30 0x31 0x32 0x38 0x66,0x02A0 0x02A4
2.70,0x11,read,0x003,STATUS,direct,103,0x04 0x18 0x1A 0x1B 0x1C 0x1E 0x38 0x3A 0x3B 0x3C 0x3E 0x3F,0x0005 0x0017 0x0018 0x0196 0x0298 0x029C 0x02A6 0x02AD 0x02B4 0x02B6 0x02B9 0x02C6 0x02C9 0x02CB 0x02CE 0x0775 0x0778 0x077A 0x077D 0x0DBD 0x0DC1 0x0DC4 0x0DC6 0x0DD8 0x0DE8 0x0DF1 0x0E01 0x0E0D 0x0E19 0x0E25 0x0E31 0x0E3A 0x0E43 0x0E4C 0x0E5D 0x0E67 0x0E70 0x0E7C 0x0E7E 0x0E80 0x0E84 0x0E86 0x0E88 0x0E8C 0x0E92 0x0E9A 0x0EA2 0x0EAA 0x0EB7 0x0EE8 0x0EF2 0x0EFC 0x0F03 0x0F0A 0x0F13 0x0F1C 0x0F20 0x0F24 0x0F2A 0x0F2D 0x0F34 0x0F37 0x0F3C 0x0F45 0x0F48 0x0F4E
2.70,0x11,read,0x004,FSR,direct,2,0x64,0x000B
2.70,0x11,read,0x00A,PCLATH,direct,13,0x00 0x08,0x0008 0x0042 0x0043 0x019B 0x019C 0x0F44 0x0F47 0x0F4D
2.70,0x11,read,0x00B,INTCON,direct,4,0x54,0x0019 0x001B
2.70,0x11,read,0x00C,PIR1,direct,19,0x59 0x5B,0x0021 0x0027 0x019A 0x02A7 0x02BF 0x02C3 0x02D1 0x0772 0x0780
2.70,0x11,read,0x020,RAM_0x020,direct,2,0x00,0x0035
2.70,0x11,read,0x021,RAM_0x021,direct,2,0x83 0xB3,0x0037
2.70,0x11,read,0x022,RAM_0x022,direct,2,0x64,0x0029
2.70,0x11,read,0x023,RAM_0x023,direct,2,0x00,0x002B
2.70,0x11,read,0x024,RAM_0x024,direct,2,0x77,0x002D
2.70,0x11,read,0x025,RAM_0x025,direct,2,0x24,0x002F
2.70,0x11,read,0x026,RAM_0x026,direct,2,0x00,0x0031
2.70,0x11,read,0x027,RAM_0x027,direct,2,0x00,0x0033
2.70,0x11,read,0x030,RAM_0x030,direct,1,0x00,0x0F25
2.70,0x11,read,0x031,RAM_0x031,direct,2,0xCF 0xD0,0x018B
2.70,0x11,read,0x038,RAM_0x038,direct,2,0x00,0x0195
2.70,0x11,read,0x03D,RAM_0x03D,direct,1,0x18,0x0E87
2.70,0x11,read,0x03E,RAM_0x03E,direct,1,0x1F,0x0E7F
2.70,0x11,read,0x04C,RAM_0x04C,direct,2,0x00,0x018F
2.70,0x11,read,0x051,RAM_0x051,direct,2,0x00,0x02BC 0x0DC2
2.70,0x11,read,0x062,RAM_0x062,direct,2,0x00,0x0F2E 0x0F38
2.70,0x11,read,0x064,RAM_0x064,indirect,1,0x00,0x0F33
2.70,0x11,read,0x077,RAM_0x077,direct,2,0x00,0x000D
2.70,0x11,read,0x078,RAM_0x078,direct,2,0x77,0x000F
2.70,0x11,read,0x079,RAM_0x079,direct,2,0x24,0x0011
2.70,0x11,read,0x07A,RAM_0x07A,direct,2,0x00,0x0013
2.70,0x11,read,0x07B,RAM_0x07B,direct,2,0x00,0x0015
2.70,0x11,read,0x07E,RAM_0x07E,direct,1,0x0F,0x0F22
2.70,0x11,read,0x07F,RAM_0x07F,direct,4,0x08 0x2A 0x80 0xA2,0x0039 0x003A
2.70,0x11,read,0x08C,PIE1,indirect,4,0x22,0x001F 0x0025
2.70,0x11,read,0x0A0,RAM_0x0A0,direct,36,0x11,0x0DBE 0x0DC5 0x0DCD 0x0DD6 0x0DE6 0x0DEF 0x0DFF 0x0E0B 0x0E17 0x0E23 0x0E2F 0x0E38 0x0E41 0x0E4A 0x0E5B 0x0E65 0x0E6E 0x0E7A 0x0E82 0x0E8A 0x0E90 0x0E98 0x0EA0 0x0EA8 0x0EB5 0x0EE6 0x0EF0 0x0EFA 0x0F01 0x0F08 0x0F11 0x0F1A 0x0F1E 0x0F2C 0x0F36 0x0F49
2.70,0x11,read,0x0C8,RAM_0x0C8,direct,1,0x18,0x0F4B
2.70,0x11,read,0x0C9,RAM_0x0C9,direct,1,0x00,0x0F42
2.70,0x11,read,0x0CA,RAM_0x0CA,direct,3,0x11 0x19 0x2A,0x0F2B 0x0F3D 0x0F40
2.70,0x11,read,0x0CB,RAM_0x0CB,direct,2,0x7A,0x0DC0 0x0F3E
2.70,0x11,read,0x0D3,RAM_0x0D3,direct,1,0x2A,0x02C7
2.70,0x11,read,0x0D4,RAM_0x0D4,direct,2,0x00 0x11,0x02CC 0x0776
2.70,0x11,read,0x0D5,RAM_0x0D5,direct,1,0x18,0x077B
2.70,0x11,read,0x0D6,RAM_0x0D6,direct,8,0x00 0x11 0x18 0x2A,0x02AE 0x02B7
2.70,0x11,read,0x0D7,RAM_0x0D7,direct,8,0x00 0x01 0x02 0x11 0x81 0xA2,0x02B1 0x02B2
2.70,0x11,read,0x0D8,RAM_0x0D8,direct,24,0x00 0x01 0x02 0x08 0x0A 0x11 0x18 0x2A,0x0299 0x029A 0x029F 0x02A3
2.70,0x11,read,0x0D9,RAM_0x0D9,direct,8,0x30 0x31 0x32 0x38 0x61,0x02A5
2.70,0x11,write,0x003,STATUS,direct,64,0x00 0x04 0x18 0x1A 0x1B 0x1C 0x1E 0x1F 0x38 0x3A 0x3B 0x3C 0x3E,0x0006 0x0017 0x0018 0x0038 0x0298 0x02A6 0x02AD 0x02B4 0x02B6 0x02B9 0x02C6 0x02C9 0x02CB 0x02CE 0x0775 0x0778 0x077A 0x077D 0x0DBD 0x0DC1 0x0DC4 0x0E7E 0x0E80 0x0E86 0x0E88 0x0F24 0x0F2A 0x0F2D 0x0F34 0x0F37 0x0F3C 0x0F45 0x0F48 0x0F4E
2.70,0x11,write,0x004,FSR,direct,7,0x64 0x8C,0x001E 0x0024 0x002A 0x0F32
2.70,0x11,write,0x00A,PCLATH,direct,15,0x00 0x08,0x000A 0x0036 0x0042 0x0043 0x019B 0x019C 0x0F44 0x0F47 0x0F4D
2.70,0x11,write,0x00C,PIR1,direct,2,0x59,0x019A
2.70,0x11,write,0x019,TXREG,direct,13,0x0A 0x30 0x31 0x32 0x38 0x44 0x54 0x57 0x61,0x02AB 0x02C1 0x02C5 0x02D3 0x0774 0x0782
2.70,0x11,write,0x020,RAM_0x020,direct,2,0x00,0x0009
2.70,0x11,write,0x021,RAM_0x021,direct,2,0x83 0xB3,0x0007
2.70,0x11,write,0x022,RAM_0x022,direct,2,0x64,0x000C
2.70,0x11,write,0x023,RAM_0x023,direct,2,0x00,0x000E
2.70,0x11,write,0x024,RAM_0x024,direct,2,0x77,0x0010
2.70,0x11,write,0x025,RAM_0x025,direct,2,0x24,0x0012
2.70,0x11,write,0x026,RAM_0x026,direct,2,0x00,0x0014
2.70,0x11,write,0x027,RAM_0x027,direct,2,0x00,0x0016
2.70,0x11,write,0x031,RAM_0x031,direct,2,0xD0 0xD1,0x018B
2.70,0x11,write,0x038,RAM_0x038,direct,2,0x00,0x0195
2.70,0x11,write,0x077,RAM_0x077,direct,2,0x00,0x002C
2.70,0x11,write,0x078,RAM_0x078,direct,2,0x77,0x002E
2.70,0x11,write,0x079,RAM_0x079,direct,2,0x24,0x0030
2.70,0x11,write,0x07A,RAM_0x07A,direct,2,0x00,0x0032
2.70,0x11,write,0x07B,RAM_0x07B,direct,2,0x00,0x0034
2.70,0x11,write,0x07F,RAM_0x07F,direct,4,0x08 0x2A 0x80 0xA2,0x0004 0x0039
2.70,0x11,write,0x0A0,RAM_0x0A0,direct,1,0x11,0x0DC5
2.70,0x11,write,0x0C8,RAM_0x0C8,direct,2,0x18 0x1F,0x0E81 0x0E89
2.70,0x11,write,0x0C9,RAM_0x0C9,direct,1,0x00,0x0F35
2.70,0x11,write,0x0CA,RAM_0x0CA,direct,3,0x11 0x19 0x2A,0x0DBF 0x0F2B 0x0F3D
2.70,0x11,write,0x0CB,RAM_0x0CB,direct,1,0x7A,0x0DC0
2.70,0x11,write,0x0D3,RAM_0x0D3,direct,1,0x2A,0x0F41
2.70,0x11,write,0x0D4,RAM_0x0D4,direct,2,0x00 0x11,0x0F43 0x0F4A
2.70,0x11,write,0x0D5,RAM_0x0D5,direct,1,0x18,0x0F4C
2.70,0x11,write,0x0D6,RAM_0x0D6,direct,4,0x00 0x11 0x18 0x2A,0x02C8 0x02CD 0x0777 0x077C
2.70,0x11,write,0x0D7,RAM_0x0D7,direct,8,0x00 0x01 0x02 0x11 0x81 0xA2,0x02AF 0x02B1
2.70,0x11,write,0x0D8,RAM_0x0D8,direct,16,0x00 0x01 0x02 0x08 0x0A 0x11 0x18 0x2A,0x0299 0x02B3 0x02B8
2.70,0x11,write,0x0D9,RAM_0x0D9,direct,8,0x30 0x31 0x32 0x38 0x61,0x02A0 0x02A4
2.70,0x12,read,0x003,STATUS,direct,101,0x04 0x18 0x1A 0x1B 0x1C 0x1E 0x38 0x3A 0x3B 0x3C 0x3E 0x3F,0x0005 0x0017 0x0018 0x0196 0x0298 0x029C 0x02A6 0x02AD 0x02B4 0x02B6 0x02B9 0x02C6 0x02C9 0x02CB 0x02CE 0x0775 0x0778 0x077A 0x077D 0x0DBD 0x0DC1 0x0DC4 0x0DC6 0x0DD8 0x0DE8 0x0DF1 0x0E01 0x0E0D 0x0E19 0x0E25 0x0E31 0x0E3A 0x0E43 0x0E4C 0x0E5D 0x0E67 0x0E70 0x0E7C 0x0E7E 0x0E80 0x0E84 0x0E8C 0x0E92 0x0E9A 0x0EA2 0x0EAA 0x0EB7 0x0EE8 0x0EF2 0x0EFC 0x0F03 0x0F0A 0x0F13 0x0F1C 0x0F20 0x0F24 0x0F2A 0x0F2D 0x0F34 0x0F37 0x0F3C 0x0F45 0x0F48 0x0F4E
2.70,0x12,read,0x004,FSR,direct,2,0x65,0x000B
2.70,0x12,read,0x00A,PCLATH,direct,13,0x00 0x08,0x0008 0x0042 0x0043 0x019B 0x019C 0x0F44 0x0F47 0x0F4D
2.70,0x12,read,0x00B,INTCON,direct,4,0x54,0x0019 0x001B
2.70,0x12,read,0x00C,PIR1,direct,19,0x59 0x5B,0x0021 0x0027 0x019A 0x02A7 0x02BF 0x02C3 0x02D1 0x0772 0x0780
2.70,0x12,read,0x020,RAM_0x020,direct,2,0x00,0x0035
2.70,0x12,read,0x021,RAM_0x021,direct,2,0x81 0x83,0x0037
2.70,0x12,read,0x022,RAM_0x022,direct,2,0x65,0x0029
2.70,0x12,read,0x023,RAM_0x023,direct,2,0x00,0x002B
2.70,0x12,read,0x024,RAM_0x024,direct,2,0x77,0x002D
2.70,0x12,read,0x025,RAM_0x025,direct,2,0x24,0x002F
2.70,0x12,read,0x026,RAM_0x026,direct,2,0x00,0x0031
2.70,0x12,read,0x027,RAM_0x027,direct,2,0x00,0x0033
2.70,0x12,read,0x030,RAM_0x030,direct,1,0x00,0x0F25
2.70,0x12,read,0x031,RAM_0x031,direct,2,0xCF 0xD0,0x018B
2.70,0x12,read,0x038,RAM_0x038,direct,2,0x00,0x0195
2.70,0x12,read,0x03E,RAM_0x03E,direct,1,0x1F,0x0E7F
2.70,0x12,read,0x04C,RAM_0x04C,direct,2,0x00,0x018F
2.70,0x12,read,0x051,RAM_0x051,direct,2,0x00,0x02BC 0x0DC2
2.70,0x12,read,0x062,RAM_0x062,direct,2,0x00,0x0F2E 0x0F38
2.70,0x12,read,0x065,RAM_0x065,indirect,1,0x00,0x0F33
2.70,0x12,read,0x077,RAM_0x077,direct,2,0x00,0x000D
2.70,0x12,read,0x078,RAM_0x078,direct,2,0x77,0x000F
2.70,0x12,read,0x079,RAM_0x079,direct,2,0x24,0x0011
2.70,0x12,read,0x07A,RAM_0x07A,direct,2,0x00,0x0013
2.70,0x12,read,0x07B,RAM_0x07B,direct,2,0x00,0x0015
2.70,0x12,read,0x07E,RAM_0x07E,direct,2,0x0F,0x0E8E 0x0F22
2.70,0x12,read,0x07F,RAM_0x07F,direct,4,0x03 0x2C 0x30 0xC2,0x0039 0x003A
2.70,0x12,read,0x08C,PIE1,indirect,4,0x22,0x001F 0x0025
2.70,0x12,read,0x0A0,RAM_0x0A0,direct,36,0x12,0x0DBE 0x0DC5 0x0DCD 0x0DD6 0x0DE6 0x0DEF 0x0DFF 0x0E0B 0x0E17 0x0E23 0x0E2F 0x0E38 0x0E41 0x0E4A 0x0E5B 0x0E65 0x0E6E 0x0E7A 0x0E82 0x0E8A 0x0E90 0x0E98 0x0EA0 0x0EA8 0x0EB5 0x0EE6 0x0EF0 0x0EFA 0x0F01 0x0F08 0x0F11 0x0F1A 0x0F1E 0x0F2C 0x0F36 0x0F49
2.70,0x12,read,0x0C8,RAM_0x0C8,direct,1,0x0F,0x0F4B
2.70,0x12,read,0x0C9,RAM_0x0C9,direct,1,0x00,0x0F42
2.70,0x12,read,0x0CA,RAM_0x0CA,direct,3,0x12 0x1A 0x2C,0x0F2B 0x0F3D 0x0F40
2.70,0x12,read,0x0CB,RAM_0x0CB,direct,2,0x7A,0x0DC0 0x0F3E
2.70,0x12,read,0x0D3,RAM_0x0D3,direct,1,0x2C,0x02C7
2.70,0x12,read,0x0D4,RAM_0x0D4,direct,2,0x00 0x12,0x02CC 0x0776
2.70,0x12,read,0x0D5,RAM_0x0D5,direct,1,0x0F,0x077B
2.70,0x12,read,0x0D6,RAM_0x0D6,direct,8,0x00 0x0F 0x12 0x2C,0x02AE 0x02B7
2.70,0x12,read,0x0D7,RAM_0x0D7,direct,8,0x00 0x01 0x02 0x21 0xC2 0xF0,0x02B1 0x02B2
2.70,0x12,read,0x0D8,RAM_0x0D8,direct,24,0x00 0x01 0x02 0x0C 0x0F 0x12 0x2C,0x0299 0x029A 0x029F 0x02A3
2.70,0x12,read,0x0D9,RAM_0x0D9,direct,8,0x30 0x31 0x32 0x63 0x66,0x02A5
2.70,0x12,write,0x003,STATUS,direct,62,0x00 0x04 0x18 0x1A 0x1B 0x1C 0x1E 0x38 0x3A 0x3B 0x3C 0x3E,0x0006 0x0017 0x0018 0x0038 0x0298 0x02A6 0x02AD 0x02B4 0x02B6 0x02B9 0x02C6 0x02C9 0x02CB 0x02CE 0x0775 0x0778 0x077A 0x077D 0x0DBD 0x0DC1 0x0DC4 0x0E7E 0x0E80 0x0F24 0x0F2A 0x0F2D 0x0F34 0x0F37 0x0F3C 0x0F45 0x0F48 0x0F4E
2.70,0x12,write,0x004,FSR,direct,7,0x65 0x8C,0x001E 0x0024 0x002A 0x0F32
2.70,0x12,write,0x00A,PCLATH,direct,15,0x00 0x08,0x000A 0x0036 0x0042 0x0043 0x019B 0x019C 0x0F44 0x0F47 0x0F4D
2.70,0x12,write,0x00C,PIR1,direct,2,0x59,0x019A
2.70,0x12,write,0x019,TXREG,direct,13,0x0A 0x30 0x31 0x32 0x44 0x54 0x57 0x63 0x66,0x02AB 0x02C1 0x02C5 0x02D3 0x0774 0x0782
2.70,0x12,write,0x020,RAM_0x020,direct,2,0x00,0x0009
2.70,0x12,write,0x021,RAM_0x021,direct,2,0x81 0x83,0x0007
2.70,0x12,write,0x022,RAM_0x022,direct,2,0x65,0x000C
2.70,0x12,write,0x023,RAM_0x023,direct,2,0x00,0x000E
2.70,0x12,write,0x024,RAM_0x024,direct,2,0x77,0x0010
2.70,0x12,write,0x025,RAM_0x025,direct,2,0x24,0x0012
2.70,0x12,write,0x026,RAM_0x026,direct,2,0x00,0x0014
2.70,0x12,write,0x027,RAM_0x027,direct,2,0x00,0x0016
2.70,0x12,write,0x031,RAM_0x031,direct,2,0xD0 0xD1,0x018B
2.70,0x12,write,0x038,RAM_0x038,direct,2,0x00,0x0195
2.70,0x12,write,0x077,RAM_0x077,direct,2,0x00,0x002C
2.70,0x12,write,0x078,RAM_0x078,direct,2,0x77,0x002E
2.70,0x12,write,0x079,RAM_0x079,direct,2,0x24,0x0030
2.70,0x12,write,0x07A,RAM_0x07A,direct,2,0x00,0x0032
2.70,0x12,write,0x07B,RAM_0x07B,direct,2,0x00,0x0034
2.70,0x12,write,0x07F,RAM_0x07F,direct,4,0x03 0x2C 0x30 0xC2,0x0004 0x0039
2.70,0x12,write,0x0A0,RAM_0x0A0,direct,1,0x12,0x0DC5
2.70,0x12,write,0x0C8,RAM_0x0C8,direct,2,0x0F 0x1F,0x0E81 0x0E8F
2.70,0x12,write,0x0C9,RAM_0x0C9,direct,1,0x00,0x0F35
2.70,0x12,write,0x0CA,RAM_0x0CA,direct,3,0x12 0x1A 0x2C,0x0DBF 0x0F2B 0x0F3D
2.70,0x12,write,0x0CB,RAM_0x0CB,direct,1,0x7A,0x0DC0
2.70,0x12,write,0x0D3,RAM_0x0D3,direct,1,0x2C,0x0F41
2.70,0x12,write,0x0D4,RAM_0x0D4,direct,2,0x00 0x12,0x0F43 0x0F4A
2.70,0x12,write,0x0D5,RAM_0x0D5,direct,1,0x0F,0x0F4C
2.70,0x12,write,0x0D6,RAM_0x0D6,direct,4,0x00 0x0F 0x12 0x2C,0x02C8 0x02CD 0x0777 0x077C
2.70,0x12,write,0x0D7,RAM_0x0D7,direct,8,0x00 0x01 0x02 0x21 0xC2 0xF0,0x02AF 0x02B1
2.70,0x12,write,0x0D8,RAM_0x0D8,direct,16,0x00 0x01 0x02 0x0C 0x0F 0x12 0x2C,0x0299 0x02B3 0x02B8
2.70,0x12,write,0x0D9,RAM_0x0D9,direct,8,0x30 0x31 0x32 0x63 0x66,0x02A0 0x02A4
2.70,0x13,read,0x003,STATUS,direct,103,0x04 0x18 0x1A 0x1B 0x1C 0x1E 0x1F 0x38 0x3A 0x3B 0x3C 0x3E 0x3F,0x0005 0x0017 0x0018 0x0196 0x0298 0x029C 0x02A6 0x02AD 0x02B4 0x02B6 0x02B9 0x02C6 0x02C9 0x02CB 0x02CE 0x0775 0x0778 0x077A 0x077D 0x0DBD 0x0DC1 0x0DC4 0x0DC6 0x0DD8 0x0DE8 0x0DF1 0x0E01 0x0E0D 0x0E19 0x0E25 0x0E31 0x0E3A 0x0E43 0x0E4C 0x0E5D 0x0E67 0x0E70 0x0E7C 0x0E7E 0x0E80 0x0E84 0x0E8C 0x0E92 0x0E94 0x0E96 0x0E9A 0x0EA2 0x0EAA 0x0EB7 0x0EE8 0x0EF2 0x0EFC 0x0F03 0x0F0A 0x0F13 0x0F1C 0x0F20 0x0F24 0x0F2A 0x0F2D 0x0F34 0x0F37 0x0F3C 0x0F45 0x0F48 0x0F4E
2.70,0x13,read,0x004,FSR,direct,2,0x66,0x000B
2.70,0x13,read,0x00A,PCLATH,direct,13,0x00 0x08,0x0008 0x0042 0x0043 0x019B 0x019C 0x0F44 0x0F47 0x0F4D
2.70,0x13,read,0x00B,INTCON,direct,4,0x54,0x0019 0x001B
2.70,0x13,read,0x00C,PIR1,direct,19,0x59 0x5B,0x0021 0x0027 0x019A 0x02A7 0x02BF 0x02C3 0x02D1 0x0772 0x0780
2.70,0x13,read,0x020,RAM_0x020,direct,2,0x00,0x0035
2.70,0x13,read,0x021,RAM_0x021,direct,2,0x83 0xB3,0x0037
2.70,0x13,read,0x022,RAM_0x022,direct,2,0x66,0x0029
2.70,0x13,read,0x023,RAM_0x023,direct,2,0x00,0x002B
2.70,0x13,read,0x024,RAM_0x024,direct,2,0x77,0x002D
2.70,0x13,read,0x025,RAM_0x025,direct,2,0x24,0x002F
2.70,0x13,read,0x026,RAM_0x026,direct,2,0x00,0x0031
2.70,0x13,read,0x027,RAM_0x027,direct,2,0x00,0x0033
2.70,0x13,read,0x030,RAM_0x030,direct,1,0x00,0x0F25
2.70,0x13,read,0x031,RAM_0x031,direct,2,0xCF 0xD0,0x018B
2.70,0x13,read,0x038,RAM_0x038,direct,2,0x00,0x0195
2.70,0x13,read,0x03E,RAM_0x03E,direct,1,0x1F,0x0E7F
2.70,0x13,read,0x04C,RAM_0x04C,direct,2,0x00,0x018F
2.70,0x13,read,0x04F,RAM_0x04F,direct,1,0x00,0x0E95
2.70,0x13,read,0x051,RAM_0x051,direct,2,0x00,0x02BC 0x0DC2
2.70,0x13,read,0x062,RAM_0x062,direct,2,0x00,0x0F2E 0x0F38
2.70,0x13,read,0x066,RAM_0x066,indirect,1,0x00,0x0F33
2.70,0x13,read,0x077,RAM_0x077,direct,2,0x00,0x000D
2.70,0x13,read,0x078,RAM_0x078,direct,2,0x77,0x000F
2.70,0x13,read,0x079,RAM_0x079,direct,2,0x24,0x0011
2.70,0x13,read,0x07A,RAM_0x07A,direct,2,0x00,0x0013
2.70,0x13,read,0x07B,RAM_0x07B,direct,2,0x00,0x0015
2.70,0x13,read,0x07E,RAM_0x07E,direct,1,0x0F,0x0F22
2.70,0x13,read,0x07F,RAM_0x07F,direct,4,0x09 0x2E 0x90 0xE2,0x0039 0x003A
2.70,0x13,read,0x08C,PIE1,indirect,4,0x22,0x001F 0x0025
2.70,0x13,read,0x0A0,RAM_0x0A0,direct,36,0x13,0x0DBE 0x0DC5 0x0DCD 0x0DD6 0x0DE6 0x0DEF 0x0DFF 0x0E0B 0x0E17 0x0E23 0x0E2F 0x0E38 0x0E41 0x0E4A 0x0E5B 0x0E65 0x0E6E 0x0E7A 0x0E82 0x0E8A 0x0E90 0x0E98 0x0EA0 0x0EA8 0x0EB5 0x0EE6 0x0EF0 0x0EFA 0x0F01 0x0F08 0x0F11 0x0F1A 0x0F1E 0x0F2C 0x0F36 0x0F49
2.70,0x13,read,0x0C8,RAM_0x0C8,direct,1,0x00,0x0F4B
2.70,0x13,read,0x0C9,RAM_0x0C9,direct,1,0x00,0x0F42
2.70,0x13,read,0x0CA,RAM_0x0CA,direct,3,0x13 0x1B 0x2E,0x0F2B 0x0F3D 0x0F40
2.70,0x13,read,0x0CB,RAM_0x0CB,direct,2,0x7A,0x0DC0 0x0F3E
2.70,0x13,read,0x0D3,RAM_0x0D3,direct,1,0x2E,0x02C7
2.70,0x13,read,0x0D4,RAM_0x0D4,direct,2,0x00 0x13,0x02CC 0x0776
2.70,0x13,read,0x0D5,RAM_0x0D5,direct,1,0x00,0x077B
2.70,0x13,read,0x0D6,RAM_0x0D6,direct,8,0x00 0x13 0x2E,0x02AE 0x02B7
2.70,0x13,read,0x0D7,RAM_0x0D7,direct,8,0x00 0x01 0x02 0x31 0xE2,0x02B1 0x02B2
2.70,0x13,read,0x0D8,RAM_0x0D8,direct,24,0x00 0x01 0x02 0x03 0x0E 0x13 0x2E,0x0299 0x029A 0x029F 0x02A3
2.70,0x13,read,0x0D9,RAM_0x0D9,direct,8,0x30 0x31 0x32 0x33 0x65,0x02A5
2.70,0x13,write,0x003,STATUS,direct,64,0x00 0x04 0x18 0x1A 0x1B 0x1C 0x1E 0x1F 0x38 0x3A 0x3B 0x3C 0x3E 0x3F,0x0006 0x0017 0x0018 0x0038 0x0298 0x02A6 0x02AD 0x02B4 0x02B6 0x02B9 0x02C6 0x02C9 0x02CB 0x02CE 0x0775 0x0778 0x077A 0x077D 0x0DBD 0x0DC1 0x0DC4 0x0E7E 0x0E80 0x0E94 0x0E96 0x0F24 0x0F2A 0x0F2D 0x0F34 0x0F37 0x0F3C 0x0F45 0x0F48 0x0F4E
2.70,0x13,write,0x004,FSR,direct,7,0x66 0x8C,0x001E 0x0024 0x002A 0x0F32
2.70,0x13,write,0x00A,PCLATH,direct,15,0x00 0x08,0x000A 0x0036 0x0042 0x0043 0x019B 0x019C 0x0F44 0x0F47 0x0F4D
2.70,0x13,write,0x00C,PIR1,direct,2,0x59,0x019A
2.70,0x13,write,0x019,TXREG,direct,13,0x0A 0x30 0x31 0x32 0x33 0x44 0x54 0x57 0x65,0x02AB 0x02C1 0x02C5 0x02D3 0x0774 0x0782
2.70,0x13,write,0x020,RAM_0x020,direct,2,0x00,0x0009
2.70,0x13,write,0x021,RAM_0x021,direct,2,0x83 0xB3,0x0007
2.70,0x13,write,0x022,RAM_0x022,direct,2,0x66,0x000C
2.70,0x13,write,0x023,RAM_0x023,direct,2,0x00,0x000E
2.70,0x13,write,0x024,RAM_0x024,direct,2,0x77,0x0010
2.70,0x13,write,0x025,RAM_0x025,direct,2,0x24,0x0012
2.70,0x13,write,0x026,RAM_0x026,direct,2,0x00,0x0014
2.70,0x13,write,0x027,RAM_0x027,direct,2,0x00,0x0016
2.70,0x13,write,0x031,RAM_0x031,direct,2,0xD0 0xD1,0x018B
2.70,0x13,write,0x038,RAM_0x038,direct,2,0x00,0x0195
2.70,0x13,write,0x077,RAM_0x077,direct,2,0x00,0x002C
2.70,0x13,write,0x078,RAM_0x078,direct,2,0x77,0x002E
2.70,0x13,write,0x079,RAM_0x079,direct,2,0x24,0x0030
2.70,0x13,write,0x07A,RAM_0x07A,direct,2,0x00,0x0032
2.70,0x13,write,0x07B,RAM_0x07B,direct,2,0x00,0x0034
2.70,0x13,write,0x07F,RAM_0x07F,direct,4,0x09 0x2E 0x90 0xE2,0x0004 0x0039
2.70,0x13,write,0x0A0,RAM_0x0A0,direct,1,0x13,0x0DC5
2.70,0x13,write,0x0C8,RAM_0x0C8,direct,2,0x00 0x1F,0x0E81 0x0E97
2.70,0x13,write,0x0C9,RAM_0x0C9,direct,1,0x00,0x0F35
2.70,0x13,write,0x0CA,RAM_0x0CA,direct,3,0x13 0x1B 0x2E,0x0DBF 0x0F2B 0x0F3D
2.70,0x13,write,0x0CB,RAM_0x0CB,direct,1,0x7A,0x0DC0
2.70,0x13,write,0x0D3,RAM_0x0D3,direct,1,0x2E,0x0F41
2.70,0x13,write,0x0D4,RAM_0x0D4,direct,2,0x00 0x13,0x0F43 0x0F4A
2.70,0x13,write,0x0D5,RAM_0x0D5,direct,1,0x00,0x0F4C
2.70,0x13,write,0x0D6,RAM_0x0D6,direct,4,0x00 0x13 0x2E,0x02C8 0x02CD 0x0777 0x077C
2.70,0x13,write,0x0D7,RAM_0x0D7,direct,8,0x00 0x01 0x02 0x31 0xE2,0x02AF 0x02B1
2.70,0x13,write,0x0D8,RAM_0x0D8,direct,16,0x00 0x01 0x02 0x03 0x0E 0x13 0x2E,0x0299 0x02B3 0x02B8
2.70,0x13,write,0x0D9,RAM_0x0D9,direct,8,0x30 0x31 0x32 0x33 0x65,0x02A0 0x02A4
2.70,0x14,read,0x003,STATUS,direct,103,0x04 0x18 0x1A 0x1B 0x1C 0x1E 0x1F 0x38 0x3A 0x3B 0x3C 0x3E 0x3F,0x0005 0x0017 0x0018 0x0196 0x0298 0x029C 0x02A6 0x02AD 0x02B4 0x02B6 0x02B9 0x02C6 0x02C9 0x02CB 0x02CE 0x0775 0x0778 0x077A 0x077D 0x0DBD 0x0DC1 0x0DC4 0x0DC6 0x0DD8 0x0DE8 0x0DF1 0x0E01 0x0E0D 0x0E19 0x0E25 0x0E31 0x0E3A 0x0E43 0x0E4C 0x0E5D 0x0E67 0x0E70 0x0E7C 0x0E7E 0x0E80 0x0E84 0x0E8C 0x0E92 0x0E9A 0x0E9C 0x0E9E 0x0EA2 0x0EAA 0x0EB7 0x0EE8 0x0EF2 0x0EFC 0x0F03 0x0F0A 0x0F13 0x0F1C 0x0F20 0x0F24 0x0F2A 0x0F2D 0x0F34 0x0F37 0x0F3C 0x0F45 0x0F48 0x0F4E
2.70,0x14,read,0x004,FSR,direct,2,0x67,0x000B
2.70,0x14,read,0x00A,PCLATH,direct,13,0x00 0x08,0x0008 0x0042 0x0043 0x019B 0x019C 0x0F44 0x0F47 0x0F4D
2.70,0x14,read,0x00B,INTCON,direct,4,0x54,0x0019 0x001B
2.70,0x14,read,0x00C,PIR1,direct,19,0x59 0x5B,0x0021 0x0027 0x019A 0x02A7 0x02BF 0x02C3 0x02D1 0x0772 0x0780
2.70,0x14,read,0x020,RAM_0x020,direct,2,0x00,0x0035
2.70,0x14,read,0x021,RAM_0x021,direct,2,0xA3 0xB3,0x0037
2.70,0x14,read,0x022,RAM_0x022,direct,2,0x67,0x0029
2.70,0x14,read,0x023,RAM_0x023,direct,2,0x00,0x002B
2.70,0x14,read,0x024,RAM_0x024,direct,2,0x77,0x002D
2.70,0x14,read,0x025,RAM_0x025,direct,2,0x24,0x002F
2.70,0x14,read,0x026,RAM_0x026,direct,2,0x00,0x0031
2.70,0x14,read,0x027,RAM_0x027,direct,2,0x00,0x0033
2.70,0x14,read,0x030,RAM_0x030,direct,1,0x00,0x0F25
2.70,0x14,read,0x031,RAM_0x031,direct,2,0xCF 0xD0,0x018B
2.70,0x14,read,0x038,RAM_0x038,direct,2,0x00,0x0195
2.70,0x14,read,0x03E,RAM_0x03E,direct,1,0x1F,0x0E7F
2.70,0x14,read,0x04C,RAM_0x04C,direct,2,0x00,0x018F
2.70,0x14,read,0x051,RAM_0x051,direct,2,0x00,0x02BC 0x0DC2
2.70,0x14,read,0x05D,RAM_0x05D,direct,1,0x00,0x0E9D
2.70,0x14,read,0x062,RAM_0x062,direct,2,0x00,0x0F2E 0x0F38
2.70,0x14,read,0x067,RAM_0x067,indirect,1,0x00,0x0F33
2.70,0x14,read,0x077,RAM_0x077,direct,2,0x00,0x000D
2.70,0x14,read,0x078,RAM_0x078,direct,2,0x77,0x000F
2.70,0x14,read,0x079,RAM_0x079,direct,2,0x24,0x0011
2.70,0x14,read,0x07A,RAM_0x07A,direct,2,0x00,0x0013
2.70,0x14,read,0x07B,RAM_0x07B,direct,2,0x00,0x0015
2.70,0x14,read,0x07E,RAM_0x07E,direct,1,0x0F,0x0F22
2.70,0x14,read,0x07F,RAM_0x07F,direct,4,0x03 0x09 0x30 0x90,0x0039 0x003A
2.70,0x14,read,0x08C,PIE1,indirect,4,0x22,0x001F 0x0025
2.70,0x14,read,0x0A0,RAM_0x0A0,direct,36,0x14,0x0DBE 0x0DC5 0x0DCD 0x0DD6 0x0DE6 0x0DEF 0x0DFF 0x0E0B 0x0E17 0x0E23 0x0E2F 0x0E38 0x0E41 0x0E4A 0x0E5B 0x0E65 0x0E6E 0x0E7A 0x0E82 0x0E8A 0x0E90 0x0E98 0x0EA0 0x0EA8 0x0EB5 0x0EE6 0x0EF0 0x0EFA 0x0F01 0x0F08 0x0F11 0x0F1A 0x0F1E 0x0F2C 0x0F36 0x0F49
2.70,0x14,read,0x0C8,RAM_0x0C8,direct,1,0x00,0x0F4B
2.70,0x14,read,0x0C9,RAM_0x0C9,direct,1,0x00,0x0F42
2.70,0x14,read,0x0CA,RAM_0x0CA,direct,3,0x14 0x1C 0x30,0x0F2B 0x0F3D 0x0F40
2.70,0x14,read,0x0CB,RAM_0x0CB,direct,2,0x7A,0x0DC0 0x0F3E
2.70,0x14,read,0x0D3,RAM_0x0D3,direct,1,0x30,0x02C7
2.70,0x14,read,0x0D4,RAM_0x0D4,direct,2,0x00 0x14,0x02CC 0x0776
2.70,0x14,read,0x0D5,RAM_0x0D5,direct,1,0x00,0x077B
2.70,0x14,read,0x0D6,RAM_0x0D6,direct,8,0x00 0x14 0x30,0x02AE 0x02B7
2.70,0x14,read,0x0D7,RAM_0x0D7,direct,8,0x00 0x01 0x03 0x41,0x02B1 0x02B2
2.70,0x14,read,0x0D8,RAM_0x0D8,direct,24,0x00 0x01 0x03 0x04 0x14 0x30,0x0299 0x029A 0x02A3
2.70,0x14,read,0x0D9,RAM_0x0D9,direct,8,0x30 0x31 0x33 0x34,0x02A5
2.70,0x14,write,0x003,STATUS,direct,64,0x00 0x04 0x18 0x1A 0x1B 0x1C 0x1E 0x1F 0x38 0x3A 0x3B 0x3C 0x3E 0x3F,0x0006 0x0017 0x0018 0x0038 0x0298 0x02A6 0x02AD 0x02B4 0x02B6 0x02B9 0x02C6 0x02C9 0x02CB 0x02CE 0x0775 0x0778 0x077A 0x077D 0x0DBD 0x0DC1 0x0DC4 0x0E7E 0x0E80 0x0E9C 0x0E9E 0x0F24 0x0F2A 0x0F2D 0x0F34 0x0F37 0x0F3C 0x0F45 0x0F48 0x0F4E
2.70,0x14,write,0x004,FSR,direct,7,0x67 0x8C,0x001E 0x0024 0x002A 0x0F32
2.70,0x14,write,0x00A,PCLATH,direct,15,0x00 0x08,0x000A 0x0036 0x0042 0x0043 0x019B 0x019C 0x0F44 0x0F47 0x0F4D
2.70,0x14,write,0x00C,PIR1,direct,2,0x59,0x019A
2.70,0x14,write,0x019,TXREG,direct,13,0x0A 0x30 0x31 0x33 0x34 0x44 0x54 0x57,0x02AB 0x02C1 0x02C5 0x02D3 0x0774 0x0782
2.70,0x14,write,0x020,RAM_0x020,direct,2,0x00,0x0009
2.70,0x14,write,0x021,RAM_0x021,direct,2,0xA3 0xB3,0x0007
2.70,0x14,write,0x022,RAM_0x022,direct,2,0x67,0x000C
2.70,0x14,write,0x023,RAM_0x023,direct,2,0x00,0x000E
2.70,0x14,write,0x024,RAM_0x024,direct,2,0x77,0x0010
2.70,0x14,write,0x025,RAM_0x025,direct,2,0x24,0x0012
2.70,0x14,write,0x026,RAM_0x026,direct,2,0x00,0x0014
2.70,0x14,write,0x027,RAM_0x027,direct,2,0x00,0x0016
2.70,0x14,write,0x031,RAM_0x031,direct,2,0xD0 0xD1,0x018B
2.70,0x14,write,0x038,RAM_0x038,direct,2,0x00,0x0195
2.70,0x14,write,0x077,RAM_0x077,direct,2,0x00,0x002C
2.70,0x14,write,0x078,RAM_0x078,direct,2,0x77,0x002E
2.70,0x14,write,0x079,RAM_0x079,direct,2,0x24,0x0030
2.70,0x14,write,0x07A,RAM_0x07A,direct,2,0x00,0x0032
2.70,0x14,write,0x07B,RAM_0x07B,direct,2,0x00,0x0034
2.70,0x14,write,0x07F,RAM_0x07F,direct,4,0x03 0x09 0x30 0x90,0x0004 0x0039
2.70,0x14,write,0x0A0,RAM_0x0A0,direct,1,0x14,0x0DC5
2.70,0x14,write,0x0C8,RAM_0x0C8,direct,2,0x00 0x1F,0x0E81 0x0E9F
2.70,0x14,write,0x0C9,RAM_0x0C9,direct,1,0x00,0x0F35
2.70,0x14,write,0x0CA,RAM_0x0CA,direct,3,0x14 0x1C 0x30,0x0DBF 0x0F2B 0x0F3D
2.70,0x14,write,0x0CB,RAM_0x0CB,direct,1,0x7A,0x0DC0
2.70,0x14,write,0x0D3,RAM_0x0D3,direct,1,0x30,0x0F41
2.70,0x14,write,0x0D4,RAM_0x0D4,direct,2,0x00 0x14,0x0F43 0x0F4A
2.70,0x14,write,0x0D5,RAM_0x0D5,direct,1,0x00,0x0F4C
2.70,0x14,write,0x0D6,RAM_0x0D6,direct,4,0x00 0x14 0x30,0x02C8 0x02CD 0x0777 0x077C
2.70,0x14,write,0x0D7,RAM_0x0D7,direct,8,0x00 0x01 0x03 0x41,0x02AF 0x02B1
2.70,0x14,write,0x0D8,RAM_0x0D8,direct,16,0x00 0x01 0x03 0x04 0x14 0x30,0x0299 0x02B3 0x02B8
2.70,0x14,write,0x0D9,RAM_0x0D9,direct,8,0x30 0x31 0x33 0x34,0x02A4
2.70,0x15,read,0x003,STATUS,direct,103,0x04 0x18 0x1A 0x1B 0x1C 0x1E 0x1F 0x38 0x3A 0x3B 0x3C 0x3E 0x3F,0x0005 0x0017 0x0018 0x0196 0x0298 0x029C 0x02A6 0x02AD 0x02B4 0x02B6 0x02B9 0x02C6 0x02C9 0x02CB 0x02CE 0x0775 0x0778 0x077A 0x077D 0x0DBD 0x0DC1 0x0DC4 0x0DC6 0x0DD8 0x0DE8 0x0DF1 0x0E01 0x0E0D 0x0E19 0x0E25 0x0E31 0x0E3A 0x0E43 0x0E4C 0x0E5D 0x0E67 0x0E70 0x0E7C 0x0E7E 0x0E80 0x0E84 0x0E8C 0x0E92 0x0E9A 0x0EA2 0x0EA4 0x0EA6 0x0EAA 0x0EB7 0x0EE8 0x0EF2 0x0EFC 0x0F03 0x0F0A 0x0F13 0x0F1C 0x0F20 0x0F24 0x0F2A 0x0F2D 0x0F34 0x0F37 0x0F3C 0x0F45 0x0F48 0x0F4E
2.70,0x15,read,0x004,FSR,direct,2,0x68,0x000B
2.70,0x15,read,0x00A,PCLATH,direct,13,0x00 0x08,0x0008 0x0042 0x0043 0x019B 0x019C 0x0F44 0x0F47 0x0F4D
2.70,0x15,read,0x00B,INTCON,direct,4,0x54,0x0019 0x001B
2.70,0x15,read,0x00C,PIR1,direct,19,0x59 0x5B,0x0021 0x0027 0x019A 0x02A7 0x02BF 0x02C3 0x02D1 0x0772 0x0780
2.70,0x15,read,0x020,RAM_0x020,direct,2,0x00,0x0035
2.70,0x15,read,0x021,RAM_0x021,direct,2,0xA3 0xB3,0x0037
2.70,0x15,read,0x022,RAM_0x022,direct,2,0x68,0x0029
2.70,0x15,read,0x023,RAM_0x023,direct,2,0x00,0x002B
2.70,0x15,read,0x024,RAM_0x024,direct,2,0x77,0x002D
2.70,0x15,read,0x025,RAM_0x025,direct,2,0x24,0x002F
2.70,0x15,read,0x026,RAM_0x026,direct,2,0x00,0x0031
2.70,0x15,read,0x027,RAM_0x027,direct,2,0x00,0x0033
2.70,0x15,read,0x030,RAM_0x030,direct,1,0x00,0x0F25
2.70,0x15,read,0x031,RAM_0x031,direct,2,0xCF 0xD0,0x018B
2.70,0x15,read,0x038,RAM_0x038,direct,2,0x00,0x0195
2.70,0x15,read,0x03E,RAM_0x03E,direct,1,0x1F,0x0E7F
2.70,0x15,read,0x04C,RAM_0x04C,direct,2,0x00,0x018F
2.70,0x15,read,0x051,RAM_0x051,direct,2,0x00,0x02BC 0x0DC2
2.70,0x15,read,0x058,RAM_0x058,direct,1,0x00,0x0EA5
2.70,0x15,read,0x062,RAM_0x062,direct,2,0x00,0x0F2E 0x0F38
2.70,0x15,read,0x068,RAM_0x068,indirect,1,0x00,0x0F33
2.70,0x15,read,0x077,RAM_0x077,direct,2,0x00,0x000D
2.70,0x15,read,0x078,RAM_0x078,direct,2,0x77,0x000F
2.70,0x15,read,0x079,RAM_0x079,direct,2,0x24,0x0011
2.70,0x15,read,0x07A,RAM_0x07A,direct,2,0x00,0x0013
2.70,0x15,read,0x07B,RAM_0x07B,direct,2,0x00,0x0015
2.70,0x15,read,0x07E,RAM_0x07E,direct,1,0x0F,0x0F22
2.70,0x15,read,0x07F,RAM_0x07F,direct,4,0x09 0x23 0x32 0x90,0x0039 0x003A
2.70,0x15,read,0x08C,PIE1,indirect,4,0x22,0x001F 0x0025
2.70,0x15,read,0x0A0,RAM_0x0A0,direct,36,0x15,0x0DBE 0x0DC5 0x0DCD 0x0DD6 0x0DE6 0x0DEF 0x0DFF 0x0E0B 0x0E17 0x0E23 0x0E2F 0x0E38 0x0E41 0x0E4A 0x0E5B 0x0E65 0x0E6E 0x0E7A 0x0E82 0x0E8A 0x0E90 0x0E98 0x0EA0 0x0EA8 0x0EB5 0x0EE6 0x0EF0 0x0EFA 0x0F01 0x0F08 0x0F11 0x0F1A 0x0F1E 0x0F2C 0x0F36 0x0F49
2.70,0x15,read,0x0C8,RAM_0x0C8,direct,1,0x00,0x0F4B
2.70,0x15,read,0x0C9,RAM_0x0C9,direct,1,0x00,0x0F42
2.70,0x15,read,0x0CA,RAM_0x0CA,direct,3,0x15 0x1D 0x32,0x0F2B 0x0F3D 0x0F40
2.70,0x15,read,0x0CB,RAM_0x0CB,direct,2,0x7A,0x0DC0 0x0F3E
2.70,0x15,read,0x0D3,RAM_0x0D3,direct,1,0x32,0x02C7
2.70,0x15,read,0x0D4,RAM_0x0D4,direct,2,0x00 0x15,0x02CC 0x0776
2.70,0x15,read,0x0D5,RAM_0x0D5,direct,1,0x00,0x077B
2.70,0x15,read,0x0D6,RAM_0x0D6,direct,8,0x00 0x15 0x32,0x02AE 0x02B7
2.70,0x15,read,0x0D7,RAM_0x0D7,direct,8,0x00 0x01 0x03 0x23 0x51,0x02B1 0x02B2
2.70,0x15,read,0x0D8,RAM_0x0D8,direct,24,0x00 0x01 0x02 0x03 0x05 0x15 0x32,0x0299 0x029A 0x02A3
2.70,0x15,read,0x0D9,RAM_0x0D9,direct,8,0x30 0x31 0x32 0x33 0x35,0x02A5
2.70,0x15,write,0x003,STATUS,direct,64,0x00 0x04 0x18 0x1A 0x1B 0x1C 0x1E 0x1F 0x38 0x3A 0x3B 0x3C 0x3E 0x3F,0x0006 0x0017 0x0018 0x0038 0x0298 0x02A6 0x02AD 0x02B4 0x02B6 0x02B9 0x02C6 0x02C9 0x02CB 0x02CE 0x0775 0x0778 0x077A 0x077D 0x0DBD 0x0DC1 0x0DC4 0x0E7E 0x0E80 0x0EA4 0x0EA6 0x0F24 0x0F2A 0x0F2D 0x0F34 0x0F37 0x0F3C 0x0F45 0x0F48 0x0F4E
2.70,0x15,write,0x004,FSR,direct,7,0x68 0x8C,0x001E 0x0024 0x002A 0x0F32
2.70,0x15,write,0x00A,PCLATH,direct,15,0x00 0x08,0x000A 0x0036 0x0042 0x0043 0x019B 0x019C 0x0F44 0x0F47 0x0F4D
2.70,0x15,write,0x00C,PIR1,direct,2,0x59,0x019A
2.70,0x15,write,0x019,TXREG,direct,13,0x0A 0x30 0x31 0x32 0x33 0x35 0x44 0x54 0x57,0x02AB 0x02C1 0x02C5 0x02D3 0x0774 0x0782
2.70,0x15,write,0x020,RAM_0x020,direct,2,0x00,0x0009
2.70,0x15,write,0x021,RAM_0x021,direct,2,0xA3 0xB3,0x0007
2.70,0x15,write,0x022,RAM_0x022,direct,2,0x68,0x000C
2.70,0x15,write,0x023,RAM_0x023,direct,2,0x00,0x000E
2.70,0x15,write,0x024,RAM_0x024,direct,2,0x77,0x0010
2.70,0x15,write,0x025,RAM_0x025,direct,2,0x24,0x0012
2.70,0x15,write,0x026,RAM_0x026,direct,2,0x00,0x0014
2.70,0x15,write,0x027,RAM_0x027,direct,2,0x00,0x0016
2.70,0x15,write,0x031,RAM_0x031,direct,2,0xD0 0xD1,0x018B
2.70,0x15,write,0x038,RAM_0x038,direct,2,0x00,0x0195
2.70,0x15,write,0x077,RAM_0x077,direct,2,0x00,0x002C
2.70,0x15,write,0x078,RAM_0x078,direct,2,0x77,0x002E
2.70,0x15,write,0x079,RAM_0x079,direct,2,0x24,0x0030
2.70,0x15,write,0x07A,RAM_0x07A,direct,2,0x00,0x0032
2.70,0x15,write,0x07B,RAM_0x07B,direct,2,0x00,0x0034
2.70,0x15,write,0x07F,RAM_0x07F,direct,4,0x09 0x23 0x32 0x90,0x0004 0x0039
2.70,0x15,write,0x0A0,RAM_0x0A0,direct,1,0x15,0x0DC5
2.70,0x15,write,0x0C8,RAM_0x0C8,direct,2,0x00 0x1F,0x0E81 0x0EA7
2.70,0x15,write,0x0C9,RAM_0x0C9,direct,1,0x00,0x0F35
2.70,0x15,write,0x0CA,RAM_0x0CA,direct,3,0x15 0x1D 0x32,0x0DBF 0x0F2B 0x0F3D
2.70,0x15,write,0x0CB,RAM_0x0CB,direct,1,0x7A,0x0DC0
2.70,0x15,write,0x0D3,RAM_0x0D3,direct,1,0x32,0x0F41
2.70,0x15,write,0x0D4,RAM_0x0D4,direct,2,0x00 0x15,0x0F43 0x0F4A
2.70,0x15,write,0x0D5,RAM_0x0D5,direct,1,0x00,0x0F4C
2.70,0x15,write,0x0D6,RAM_0x0D6,direct,4,0x00 0x15 0x32,0x02C8 0x02CD 0x0777 0x077C
2.70,0x15,write,0x0D7,RAM_0x0D7,direct,8,0x00 0x01 0x03 0x23 0x51,0x02AF 0x02B1
2.70,0x15,write,0x0D8,RAM_0x0D8,direct,16,0x00 0x01 0x02 0x03 0x05 0x15 0x32,0x0299 0x02B3 0x02B8
2.70,0x15,write,0x0D9,RAM_0x0D9,direct,8,0x30 0x31 0x32 0x33 0x35,0x02A4
2.70,0x16,read,0x003,STATUS,direct,113,0x04 0x18 0x1A 0x1B 0x1C 0x1E 0x1F 0x38 0x3A 0x3B 0x3C 0x3E 0x3F 0x58 0x78,0x0005 0x0017 0x0018 0x0196 0x0298 0x029C 0x02A6 0x02AD 0x02B4 0x02B6 0x02B9 0x02C6 0x02C9 0x02CB 0x02CE 0x03D3 0x03D5 0x03D6 0x03D8 0x03D9 0x03DB 0x03DE 0x03E0 0x03E1 0x03E5 0x0775 0x0778 0x077A 0x077D 0x0DBD 0x0DC1 0x0DC4 0x0DC6 0x0DD8 0x0DE8 0x0DF1 0x0E01 0x0E0D 0x0E19 0x0E25 0x0E31 0x0E3A 0x0E43 0x0E4C 0x0E5D 0x0E67 0x0E70 0x0E7C 0x0E7E 0x0E80 0x0E84 0x0E8C 0x0E92 0x0E9A 0x0EA2 0x0EAA 0x0EAF 0x0EB3 0x0EB7 0x0EE8 0x0EF2 0x0EFC 0x0F03 0x0F0A 0x0F13 0x0F1C 0x0F20 0x0F24 0x0F2A 0x0F2D 0x0F34 0x0F37 0x0F3C 0x0F45 0x0F48 0x0F4E
2.70,0x16,read,0x004,FSR,direct,2,0x69,0x000B
2.70,0x16,read,0x00A,PCLATH,direct,15,0x00 0x08,0x0008 0x0042 0x0043 0x019B 0x019C 0x0EAE 0x0EB1 0x0F44 0x0F47 0x0F4D
2.70,0x16,read,0x00B,INTCON,direct,4,0x54,0x0019 0x001B
2.70,0x16,read,0x00C,PIR1,direct,19,0x59 0x5B,0x0021 0x0027 0x019A 0x02A7 0x02BF 0x02C3 0x02D1 0x0772 0x0780
2.70,0x16,read,0x020,RAM_0x020,direct,2,0x00 0x08,0x0035
2.70,0x16,read,0x021,RAM_0x021,direct,2,0x83 0xC1,0x0037
2.70,0x16,read,0x022,RAM_0x022,direct,2,0x69,0x0029
2.70,0x16,read,0x023,RAM_0x023,direct,2,0x00,0x002B
2.70,0x16,read,0x024,RAM_0x024,direct,2,0x9C,0x002D
2.70,0x16,read,0x025,RAM_0x025,direct,2,0x24,0x002F
2.70,0x16,read,0x026,RAM_0x026,direct,2,0x00,0x0031
2.70,0x16,read,0x027,RAM_0x027,direct,2,0x00,0x0033
2.70,0x16,read,0x030,RAM_0x030,direct,1,0x00,0x0F25
2.70,0x16,read,0x031,RAM_0x031,direct,2,0xCF 0xD0,0x018B
2.70,0x16,read,0x038,RAM_0x038,direct,2,0x00,0x0195
2.70,0x16,read,0x03E,RAM_0x03E,direct,1,0x1F,0x0E7F
2.70,0x16,read,0x04C,RAM_0x04C,direct,2,0x00,0x018F
2.70,0x16,read,0x051,RAM_0x051,direct,3,0x00,0x02BC 0x03D0 0x0DC2
2.70,0x16,read,0x062,RAM_0x062,direct,2,0x00,0x0F2E 0x0F38
2.70,0x16,read,0x069,RAM_0x069,indirect,1,0x00,0x0F33
2.70,0x16,read,0x077,RAM_0x077,direct,2,0x00,0x000D
2.70,0x16,read,0x078,RAM_0x078,direct,3,0x9C,0x000F 0x0EB2
2.70,0x16,read,0x079,RAM_0x079,direct,2,0x24,0x0011
2.70,0x16,read,0x07A,RAM_0x07A,direct,2,0x00,0x0013
2.70,0x16,read,0x07B,RAM_0x07B,direct,2,0x00,0x0015
2.70,0x16,read,0x07E,RAM_0x07E,direct,1,0x0F,0x0F22
2.70,0x16,read,0x07F,RAM_0x07F,direct,4,0x00 0x36 0x63,0x0039 0x003A
2.70,0x16,read,0x08C,PIE1,indirect,4,0x22,0x001F 0x0025
2.70,0x16,read,0x0A0,RAM_0x0A0,direct,36,0x16,0x0DBE 0x0DC5 0x0DCD 0x0DD6 0x0DE6 0x0DEF 0x0DFF 0x0E0B 0x0E17 0x0E23 0x0E2F 0x0E38 0x0E41 0x0E4A 0x0E5B 0x0E65 0x0E6E 0x0E7A 0x0E82 0x0E8A 0x0E90 0x0E98 0x0EA0 0x0EA8 0x0EB5 0x0EE6 0x0EF0 0x0EFA 0x0F01 0x0F08 0x0F11 0x0F1A 0x0F1E 0x0F2C 0x0F36 0x0F49
2.70,0x16,read,0x0C8,RAM_0x0C8,direct,1,0x9C,0x0F4B
2.70,0x16,read,0x0C9,RAM_0x0C9,direct,1,0x00,0x0F42
2.70,0x16,read,0x0CA,RAM_0x0CA,direct,3,0x16 0x1E 0x34,0x0F2B 0x0F3D 0x0F40
2.70,0x16,read,0x0CB,RAM_0x0CB,direct,2,0x7A,0x0DC0 0x0F3E
2.70,0x16,read,0x0D3,RAM_0x0D3,direct,1,0x34,0x02C7
2.70,0x16,read,0x0D4,RAM_0x0D4,direct,2,0x00 0x16,0x02CC 0x0776
2.70,0x16,read,0x0D5,RAM_0x0D5,direct,1,0x9C,0x077B
2.70,0x16,read,0x0D6,RAM_0x0D6,direct,8,0x00 0x16 0x34 0x9C,0x02AE 0x02B7
2.70,0x16,read,0x0D7,RAM_0x0D7,direct,8,0x00 0x01 0x03 0x09 0x43 0x61 0xC9,0x02B1 0x02B2
2.70,0x16,read,0x0D8,RAM_0x0D8,direct,24,0x00 0x01 0x03 0x04 0x06 0x09 0x0C 0x16 0x34 0x9C,0x0299 0x029A 0x029F 0x02A3
2.70,0x16,read,0x0D9,RAM_0x0D9,direct,8,0x30 0x31 0x33 0x34 0x36 0x39 0x63,0x02A5
2.70,0x16,read,0x0DA,RAM_0x0DA,direct,2,0x6A 0x9A,0x03D4 0x03D7
2.70,0x16,read,0x0DB,RAM_0x0DB,direct,1,0x9C,0x03E3
2.70,0x16,read,0x10C,EEDATA,direct,1,0x9C,0x03DF
2.70,0x16,read,0x18C,EECON1,direct,2,0x00,0x03DC 0x03DD
2.70,0x16,write,0x003,STATUS,direct,74,0x00 0x04 0x18 0x1A 0x1B 0x1C 0x1E 0x1F 0x38 0x3A 0x3B 0x3C 0x3E 0x3F 0x58 0x78,0x0006 0x0017 0x0018 0x0038 0x0298 0x02A6 0x02AD 0x02B4 0x02B6 0x02B9 0x02C6 0x02C9 0x02CB 0x02CE 0x03D3 0x03D5 0x03D6 0x03D8 0x03D9 0x03DB 0x03DE 0x03E0 0x03E1 0x03E5 0x0775 0x0778 0x077A 0x077D 0x0DBD 0x0DC1 0x0DC4 0x0E7E 0x0E80 0x0EAF 0x0EB3 0x0F24 0x0F2A 0x0F2D 0x0F34 0x0F37 0x0F3C 0x0F45 0x0F48 0x0F4E
2.70,0x16,write,0x004,FSR,direct,7,0x69 0x8C,0x001E 0x0024 0x002A 0x0F32
2.70,0x16,write,0x00A,PCLATH,direct,17,0x00 0x08,0x000A 0x0036 0x0042 0x0043 0x019B 0x019C 0x0EAE 0x0EB1 0x0F44 0x0F47 0x0F4D
2.70,0x16,write,0x00C,PIR1,direct,2,0x59,0x019A
2.70,0x16,write,0x019,TXREG,direct,13,0x0A 0x30 0x31 0x33 0x34 0x36 0x39 0x44 0x54 0x57 0x63,0x02AB 0x02C1 0x02C5 0x02D3 0x0774 0x0782
2.70,0x16,write,0x020,RAM_0x020,direct,2,0x00 0x08,0x0009
2.70,0x16,write,0x021,RAM_0x021,direct,2,0x83 0xC1,0x0007
2.70,0x16,write,0x022,RAM_0x022,direct,2,0x69,0x000C
2.70,0x16,write,0x023,RAM_0x023,direct,2,0x00,0x000E
2.70,0x16,write,0x024,RAM_0x024,direct,2,0x9C,0x0010
2.70,0x16,write,0x025,RAM_0x025,direct,2,0x24,0x0012
2.70,0x16,write,0x026,RAM_0x026,direct,2,0x00,0x0014
2.70,0x16,write,0x027,RAM_0x027,direct,2,0x00,0x0016
2.70,0x16,write,0x031,RAM_0x031,direct,2,0xD0 0xD1,0x018B
2.70,0x16,write,0x038,RAM_0x038,direct,2,0x00,0x0195
2.70,0x16,write,0x077,RAM_0x077,direct,2,0x00,0x002C
2.70,0x16,write,0x078,RAM_0x078,direct,3,0x9C,0x002E 0x03E4
2.70,0x16,write,0x079,RAM_0x079,direct,2,0x24,0x0030
2.70,0x16,write,0x07A,RAM_0x07A,direct,2,0x00,0x0032
2.70,0x16,write,0x07B,RAM_0x07B,direct,2,0x00,0x0034
2.70,0x16,write,0x07F,RAM_0x07F,direct,4,0x00 0x36 0x63,0x0004 0x0039
2.70,0x16,write,0x0A0,RAM_0x0A0,direct,1,0x16,0x0DC5
2.70,0x16,write,0x0C8,RAM_0x0C8,direct,2,0x1F 0x9C,0x0E81 0x0EB4
2.70,0x16,write,0x0C9,RAM_0x0C9,direct,1,0x00,0x0F35
2.70,0x16,write,0x0CA,RAM_0x0CA,direct,3,0x16 0x1E 0x34,0x0DBF 0x0F2B 0x0F3D
2.70,0x16,write,0x0CB,RAM_0x0CB,direct,1,0x7A,0x0DC0
2.70,0x16,write,0x0D3,RAM_0x0D3,direct,1,0x34,0x0F41
2.70,0x16,write,0x0D4,RAM_0x0D4,direct,2,0x00 0x16,0x0F43 0x0F4A
2.70,0x16,write,0x0D5,RAM_0x0D5,direct,1,0x9C,0x0F4C
2.70,0x16,write,0x0D6,RAM_0x0D6,direct,4,0x00 0x16 0x34 0x9C,0x02C8 0x02CD 0x0777 0x077C
2.70,0x16,write,0x0D7,RAM_0x0D7,direct,8,0x00 0x01 0x03 0x09 0x43 0x61 0xC9,0x02AF 0x02B1
2.70,0x16,write,0x0D8,RAM_0x0D8,direct,16,0x00 0x01 0x03 0x04 0x06 0x09 0x0C 0x16 0x34 0x9C,0x0299 0x02B3 0x02B8
2.70,0x16,write,0x0D9,RAM_0x0D9,direct,8,0x30 0x31 0x33 0x34 0x36 0x39 0x63,0x02A0 0x02A4
2.70,0x16,write,0x0DA,RAM_0x0DA,direct,2,0x6A 0x9A,0x03D4 0x0EAD
2.70,0x16,write,0x0DB,RAM_0x0DB,direct,1,0x9C,0x03E2
2.70,0x16,write,0x10D,EEADR,direct,1,0x9A,0x03DA
2.70,0x16,write,0x18C,EECON1,direct,2,0x00 0x01,0x03DC 0x03DD
2.70,0x17,read,0x002,PCL,direct,2,0x49,0x0048
2.70,0x17,read,0x003,STATUS,direct,318,0x04 0x18 0x1A 0x1B 0x1C 0x1E 0x1F 0x38 0x39 0x3A 0x3B 0x3C 0x3D 0x3E 0x3F 0x58 0x78,0x0005 0x0017 0x0018 0x0196 0x0298 0x029C 0x02A6 0x02AD 0x02B4 0x02B6 0x02B9 0x02C6 0x02C9 0x02CB 0x02CE 0x03BA 0x03C0 0x03C4 0x03CE 0x03D3 0x03D5 0x03D6 0x03D8 0x03D9 0x03DB 0x03DE 0x03E0 0x03E1 0x03E5 0x03E7 0x03F0 0x03F8 0x03FD 0x0406 0x040C 0x0411 0x0418 0x0420 0x04A6 0x04A8 0x04AB 0x04AF 0x04B6 0x04BA 0x04C8 0x0775 0x0778 0x077A 0x077D 0x08CC 0x08D0 0x08D4 0x08D8 0x08E5 0x0914 0x0916 0x0919 0x0922 0x0925 0x092F 0x09CA 0x09CF 0x09D3 0x09D7 0x09E1 0x09E2 0x09E8 0x09EB 0x09EF 0x09F3 0x09F7 0x09FA 0x0A08 0x0A0A 0x0A0C 0x0A0E 0x0A20 0x0A22 0x0A24 0x0A26 0x0A2D 0x0A36 0x0A3E 0x0A42 0x0DBD 0x0DC1 0x0DC4 0x0DC6 0x0DD8 0x0DE8 0x0DF1 0x0E01 0x0E0D 0x0E19 0x0E25 0x0E31 0x0E3A 0x0E43 0x0E4C 0x0E5D 0x0E67 0x0E70 0x0E7C 0x0E7E 0x0E80 0x0E84 0x0E8C 0x0E92 0x0E9A 0x0EA2 0x0EAA 0x0EB7 0x0EB9 0x0EBC 0x0EC5 0x0EC9 0x0ED2 0x0ED6 0x0EE8 0x0EF2 0x0EFC 0x0F03 0x0F0A 0x0F13 0x0F1C 0x0F20 0x0F24 0x0F2A 0x0F2D 0x0F34 0x0F37 0x0F3C 0x0F45 0x0F48 0x0F4E
2.70,0x17,read,0x004,FSR,direct,7,0x6A 0xCE,0x000B
2.70,0x17,read,0x00A,PCLATH,direct,60,0x00 0x08,0x0008 0x0042 0x0043 0x0045 0x0046 0x0047 0x019B 0x019C 0x08CF 0x08D2 0x0921 0x0924 0x092E 0x0931 0x09E7 0x09EA 0x09EE 0x09F1 0x0A2C 0x0A2F 0x0EC4 0x0EC7 0x0ED1 0x0ED4 0x0F44 0x0F47 0x0F4D
2.70,0x17,read,0x00B,INTCON,direct,14,0x54,0x0019 0x001B
2.70,0x17,read,0x00C,PIR1,direct,34,0x59 0x5B,0x0021 0x0027 0x019A 0x02A7 0x02BF 0x02C3 0x02D1 0x0772 0x0780
2.70,0x17,read,0x020,RAM_0x020,direct,7,0x00 0x08,0x0035
2.70,0x17,read,0x021,RAM_0x021,direct,7,0x83 0xA3 0xC3 0xF1 0xF3,0x0037
2.70,0x17,read,0x022,RAM_0x022,direct,7,0x6A 0xCE,0x0029
2.70,0x17,read,0x023,RAM_0x023,direct,7,0x00 0x01 0x0A,0x002B
2.70,0x17,read,0x024,RAM_0x024,direct,7,0x00 0x28 0x51 0xC1,0x002D
2.70,0x17,read,0x025,RAM_0x025,direct,7,0x00 0x24 0x2A 0x7D,0x002F
2.70,0x17,read,0x026,RAM_0x026,direct,7,0x00 0x40,0x0031
2.70,0x17,read,0x027,RAM_0x027,direct,7,0x00,0x0033
2.70,0x17,read,0x030,RAM_0x030,direct,1,0x00,0x0F25
2.70,0x17,read,0x031,RAM_0x031,direct,7,0xCF 0xD0 0xD1 0xD2 0xD3 0xD4 0xD5,0x018B
2.70,0x17,read,0x038,RAM_0x038,direct,7,0x00,0x0195
2.70,0x17,read,0x039,RAM_0x039,direct,1,0x00,0x0A25
2.70,0x17,read,0x03A,RAM_0x03A,direct,2,0x00,0x0A09 0x0A21
2.70,0x17,read,0x03E,RAM_0x03E,direct,1,0x1F,0x0E7F
2.70,0x17,read,0x04C,RAM_0x04C,direct,9,0x00,0x018F 0x09D1 0x09D8
2.70,0x17,read,0x051,RAM_0x051,direct,5,0x00,0x02BC 0x03D0 0x0DC2
2.70,0x17,read,0x062,RAM_0x062,direct,2,0x00,0x0F2E 0x0F38
2.70,0x17,read,0x06A,RAM_0x06A,indirect,1,0x00,0x0F33
2.70,0x17,read,0x077,RAM_0x077,direct,74,0x00 0x01 0x03 0x07 0x0A 0x0F 0x19 0x1F 0x32 0x3E 0x40 0x64 0x7D 0x80,0x000D 0x03C3 0x03C9 0x03F6 0x0404 0x04B2 0x04B9 0x0A3D
2.70,0x17,read,0x078,RAM_0x078,direct,48,0x00 0x01 0x02 0x04 0x09 0x12 0x19 0x1C 0x23 0x24 0x28 0x30 0x32 0x46 0x48 0x51 0x64 0x80 0x8C 0x91 0xBE 0xC1,0x000F 0x03CB 0x04C3 0x08D3 0x0918 0x092A 0x0932 0x09FC 0x0A32 0x0EBB 0x0EC8 0x0ED8
2.70,0x17,read,0x079,RAM_0x079,direct,47,0x00 0x01 0x02 0x04 0x09 0x12 0x24 0x2A 0x3E 0x40 0x54 0x7D 0x80 0xA0 0xA8 0xD0 0xE8 0xF4 0xFA,0x0011 0x03CA 0x04C4 0x0928 0x09F9 0x0A30 0x0A35 0x0ED5 0x0EDF 0x0EE1 0x0EE2
2.70,0x17,read,0x07A,RAM_0x07A,direct,75,0x00 0x40 0x80,0x0013 0x03C7 0x03C8 0x03F7 0x0405 0x04B3 0x04B5 0x0EDE 0x0EE0
2.70,0x17,read,0x07B,RAM_0x07B,direct,7,0x00,0x0015
2.70,0x17,read,0x07E,RAM_0x07E,direct,2,0x0F,0x08CA 0x0F22
2.70,0x17,read,0x07F,RAM_0x07F,direct,14,0x00 0x04 0x06 0x17 0x40 0x60 0x71 0xBE 0xEB,0x0039 0x003A
2.70,0x17,read,0x08C,PIE1,indirect,14,0x22,0x001F 0x0025
2.70,0x17,read,0x0A0,RAM_0x0A0,direct,36,0x17,0x0DBE 0x0DC5 0x0DCD 0x0DD6 0x0DE6 0x0DEF 0x0DFF 0x0E0B 0x0E17 0x0E23 0x0E2F 0x0E38 0x0E41 0x0E4A 0x0E5B 0x0E65 0x0E6E 0x0E7A 0x0E82 0x0E8A 0x0E90 0x0E98 0x0EA0 0x0EA8 0x0EB5 0x0EE6 0x0EF0 0x0EFA 0x0F01 0x0F08 0x0F11 0x0F1A 0x0F1E 0x0F2C 0x0F36 0x0F49
2.70,0x17,read,0x0A1,RAM_0x0A1,direct,1,0x2A,0x0EE4
2.70,0x17,read,0x0C8,RAM_0x0C8,direct,1,0x2A,0x0F4B
2.70,0x17,read,0x0C9,RAM_0x0C9,direct,1,0x00,0x0F42
2.70,0x17,read,0x0CA,RAM_0x0CA,direct,3,0x17 0x1F 0x36,0x0F2B 0x0F3D 0x0F40
2.70,0x17,read,0x0CB,RAM_0x0CB,direct,2,0x7A,0x0DC0 0x0F3E
2.70,0x17,read,0x0CC,RAM_0x0CC,direct,2,0x12 0x1C,0x0A3F 0x0A40
2.70,0x17,read,0x0CD,RAM_0x0CD,direct,7,0x00 0x38 0x70 0xE0,0x09D5 0x09E3 0x09ED 0x0EBE 0x0EBF 0x0EC1 0x0ECC
2.70,0x17,read,0x0CE,RAM_0x0CE,direct,3,0x00 0x51 0xC1,0x09E6 0x0ECF 0x0EDC
2.70,0x17,read,0x0CF,RAM_0x0CF,direct,7,0x01 0x40 0xA0 0xD0 0xE8 0xF4 0xFA,0x0A03 0x0A05 0x0A19 0x0A1B 0x0A1D 0x0A2A 0x0EDA
2.70,0x17,read,0x0D0,RAM_0x0D0,direct,9,0x00 0x07 0x0F 0x1F 0x20 0x41 0x83,0x0A02 0x0A04 0x0A07 0x0A0B 0x0A18 0x0A1A 0x0A1C 0x0A1F 0x0A28
2.70,0x17,read,0x0D1,RAM_0x0D1,direct,3,0x12 0x80,0x09CB 0x09F5 0x0A00
2.70,0x17,read,0x0D2,RAM_0x0D2,direct,3,0x28 0x3E,0x09CD 0x09F4 0x09FE
2.70,0x17,read,0x0D3,RAM_0x0D3,direct,1,0x36,0x02C7
2.70,0x17,read,0x0D4,RAM_0x0D4,direct,18,0x00 0x17,0x02CC 0x04B0 0x0776
2.70,0x17,read,0x0D5,RAM_0x0D5,direct,18,0x00 0x2A 0x64,0x04B1 0x077B 0x091F
2.70,0x17,read,0x0D6,RAM_0x0D6,direct,42,0x00 0x01 0x02 0x05 0x0A 0x14 0x17 0x20 0x28 0x2A 0x36 0x40 0x50 0x64 0x80 0x90 0xA0 0xFA,0x02AE 0x02B7 0x03BF 0x04AA 0x04B8 0x08CD
2.70,0x17,read,0x0D7,RAM_0x0D7,direct,43,0x00 0x01 0x02 0x03 0x19 0x20 0x23 0x32 0x40 0x46 0x63 0x64 0x71 0x80 0x8C 0x90 0x91 0xA2 0xBE 0xC8,0x02B1 0x02B2 0x03BE 0x04A7 0x04B4 0x08D6 0x08DC
2.70,0x17,read,0x0D8,RAM_0x0D8,direct,42,0x00 0x01 0x02 0x03 0x04 0x05 0x06 0x07 0x08 0x09 0x0A 0x0B 0x0C 0x0D 0x0E 0x0F 0x10 0x17 0x2A 0x36 0x64,0x0299 0x029A 0x029F 0x02A3 0x03C2 0x04C5
2.70,0x17,read,0x0D9,RAM_0x0D9,direct,10,0x00 0x30 0x31 0x32 0x33 0x36 0x37 0x61,0x02A5 0x03C6
2.70,0x17,read,0x0DA,RAM_0x0DA,direct,41,0x01 0x02 0x03 0x04 0x05 0x06 0x07 0x08 0x09 0x0A 0x0B 0x0C 0x0D 0x0E 0x0F 0x10 0x1C 0x38 0x64 0x6B 0x6E 0x70 0x94 0x9B 0x9E 0xE0,0x03CC 0x03D4 0x03D7 0x03FA 0x0400 0x040E
2.70,0x17,read,0x0DB,RAM_0x0DB,direct,15,0x00 0x30 0xBE 0xC1,0x03E3 0x03FC 0x03FE 0x040D
2.70,0x17,read,0x0DC,RAM_0x0DC,direct,8,0xC1,0x03F2
2.70,0x17,read,0x0DE,RAM_0x0DE,direct,4,0x00 0x50 0x51 0xE0,0x03FB 0x041C
2.70,0x17,read,0x0DF,RAM_0x0DF,direct,4,0x00 0x01,0x03FF 0x041E
2.70,0x17,read,0x0E0,RAM_0x0E0,direct,22,0x01 0x02 0x04 0x08 0x10 0x20 0x40 0x80,0x03F3 0x0408 0x040A 0x0419
2.70,0x17,read,0x0E1,RAM_0x0E1,direct,14,0x00 0x04 0x08 0x0A 0x0C 0x0D 0x0E,0x0409 0x040B 0x040F
2.70,0x17,read,0x0E2,RAM_0x0E2,direct,17,0x00 0x01 0x02 0x03 0x04 0x05 0x06 0x07 0x08,0x03EE 0x041A
2.70,0x17,read,0x10C,EEDATA,direct,3,0x30 0xBE 0xC1,0x03DF
2.70,0x17,read,0x18C,EECON1,direct,6,0x00,0x03DC 0x03DD
2.70,0x17,write,0x002,PCL,direct,2,0x49,0x0048
2.70,0x17,write,0x003,STATUS,direct,187,0x00 0x04 0x18 0x1A 0x1C 0x1E 0x1F 0x38 0x3A 0x3B 0x3C 0x3E 0x3F 0x58 0x78,0x0006 0x0017 0x0018 0x0038 0x0298 0x02A6 0x02AD 0x02B4 0x02B6 0x02B9 0x02C6 0x02C9 0x02CB 0x02CE 0x03BA 0x03CE 0x03D3 0x03D5 0x03D6 0x03D8 0x03D9 0x03DB 0x03DE 0x03E0 0x03E1 0x03E5 0x03E7 0x040C 0x0418 0x0420 0x04A6 0x04AF 0x04C8 0x0775 0x0778 0x077A 0x077D 0x08CC 0x08D0 0x08D4 0x08E5 0x0914 0x0916 0x0919 0x0922 0x0925 0x092F 0x09CA 0x09CF 0x09D3 0x09D7 0x09E1 0x09E2 0x09E8 0x09EB 0x09EF 0x09F3 0x09F7 0x09FA 0x0A08 0x0A0A 0x0A20 0x0A22 0x0A24 0x0A26 0x0A2D 0x0A3E 0x0A42 0x0DBD 0x0DC1 0x0DC4 0x0E7E 0x0E80 0x0EB9 0x0EBC 0x0EC5 0x0EC9 0x0ED2 0x0ED6 0x0F24 0x0F2A 0x0F2D 0x0F34 0x0F37 0x0F3C 0x0F45 0x0F48 0x0F4E
2.70,0x17,write,0x004,FSR,direct,22,0x6A 0x8C 0xCE,0x001E 0x0024 0x002A 0x0F32
2.70,0x17,write,0x00A,PCLATH,direct,67,0x00 0x08,0x000A 0x0036 0x0042 0x0043 0x0045 0x0046 0x0047 0x019B 0x019C 0x08CF 0x08D2 0x0921 0x0924 0x092E 0x0931 0x09E7 0x09EA 0x09EE 0x09F1 0x0A2C 0x0A2F 0x0EC4 0x0EC7 0x0ED1 0x0ED4 0x0F44 0x0F47 0x0F4D
2.70,0x17,write,0x00C,PIR1,direct,7,0x59,0x019A
2.70,0x17,write,0x019,TXREG,direct,13,0x0A 0x30 0x31 0x32 0x33 0x36 0x37 0x44 0x54 0x57 0x61,0x02AB 0x02C1 0x02C5 0x02D3 0x0774 0x0782
2.70,0x17,write,0x020,RAM_0x020,direct,7,0x00 0x08,0x0009
2.70,0x17,write,0x021,RAM_0x021,direct,7,0x83 0xA3 0xC3 0xF1 0xF3,0x0007
2.70,0x17,write,0x022,RAM_0x022,direct,7,0x6A 0xCE,0x000C
2.70,0x17,write,0x023,RAM_0x023,direct,7,0x00 0x01 0x0A,0x000E
2.70,0x17,write,0x024,RAM_0x024,direct,7,0x00 0x28 0x51 0xC1,0x0010
2.70,0x17,write,0x025,RAM_0x025,direct,7,0x00 0x24 0x2A 0x7D,0x0012
2.70,0x17,write,0x026,RAM_0x026,direct,7,0x00 0x40,0x0014
2.70,0x17,write,0x027,RAM_0x027,direct,7,0x00,0x0016
2.70,0x17,write,0x031,RAM_0x031,direct,7,0xD0 0xD1 0xD2 0xD3 0xD4 0xD5 0xD6,0x018B
2.70,0x17,write,0x038,RAM_0x038,direct,7,0x00,0x0195
2.70,0x17,write,0x077,RAM_0x077,direct,60,0x00 0x01 0x03 0x07 0x0A 0x0F 0x19 0x1F 0x32 0x3E 0x40 0x64 0x7D 0x80,0x002C 0x03BC 0x03C3 0x03C9 0x03F4 0x0402 0x04A4 0x04B2 0x0A34
2.70,0x17,write,0x078,RAM_0x078,direct,48,0x00 0x01 0x02 0x04 0x09 0x12 0x19 0x1C 0x23 0x24 0x28 0x30 0x32 0x46 0x48 0x51 0x64 0x80 0x8C 0x91 0xBE 0xC1,0x002E 0x03CB 0x03E4 0x041D 0x04A2 0x04C3 0x08DD 0x09CC 0x09F2 0x0A41
2.70,0x17,write,0x079,RAM_0x079,direct,45,0x00 0x01 0x02 0x04 0x09 0x12 0x24 0x2A 0x3E 0x40 0x54 0x7D 0x80 0xA0 0xA8 0xD0 0xE8 0xF4 0xFA,0x0030 0x03CA 0x041F 0x04A3 0x04C4 0x09CE 0x0EDD 0x0EDF 0x0EE1
2.70,0x17,write,0x07A,RAM_0x07A,direct,64,0x00 0x40 0x80,0x0032 0x03BD 0x03C7 0x03C8 0x03F5 0x0403 0x04A5 0x04B3 0x0A31 0x0A3C 0x0EDB 0x0EDE 0x0EE0
2.70,0x17,write,0x07B,RAM_0x07B,direct,7,0x00,0x0034
2.70,0x17,write,0x07F,RAM_0x07F,direct,14,0x00 0x04 0x06 0x17 0x40 0x60 0x71 0xBE 0xEB,0x0004 0x0039
2.70,0x17,write,0x0A0,RAM_0x0A0,direct,1,0x17,0x0DC5
2.70,0x17,write,0x0A1,RAM_0x0A1,direct,1,0x2A,0x0EE3
2.70,0x17,write,0x0C8,RAM_0x0C8,direct,2,0x1F 0x2A,0x0E81 0x0EE5
2.70,0x17,write,0x0C9,RAM_0x0C9,direct,1,0x00,0x0F35
2.70,0x17,write,0x0CA,RAM_0x0CA,direct,3,0x17 0x1F 0x36,0x0DBF 0x0F2B 0x0F3D
2.70,0x17,write,0x0CB,RAM_0x0CB,direct,1,0x7A,0x0DC0
2.70,0x17,write,0x0CC,RAM_0x0CC,direct,2,0x12 0x1C,0x09F6 0x0A3F
2.70,0x17,write,0x0CD,RAM_0x0CD,direct,5,0x00 0x38 0x70 0xE0,0x09D4 0x0EBD 0x0EBE 0x0EBF 0x0EC1
2.70,0x17,write,0x0CE,RAM_0x0CE,direct,3,0x00 0x51 0xC1,0x09D6 0x0ECA 0x0ED9
2.70,0x17,write,0x0CF,RAM_0x0CF,direct,7,0x01 0x40 0xA0 0xD0 0xE8 0xF4 0xFA,0x0A01 0x0A03 0x0A05 0x0A19 0x0A1B 0x0A1D 0x0ED7
2.70,0x17,write,0x0D0,RAM_0x0D0,direct,8,0x00 0x07 0x0F 0x1F 0x20 0x41 0x83,0x09FF 0x0A02 0x0A04 0x0A07 0x0A18 0x0A1A 0x0A1C 0x0A1F
2.70,0x17,write,0x0D1,RAM_0x0D1,direct,3,0x12 0x80,0x092B 0x09E5 0x09FD
2.70,0x17,write,0x0D2,RAM_0x0D2,direct,3,0x28 0x3E,0x0929 0x09EC 0x09FB
2.70,0x17,write,0x0D3,RAM_0x0D3,direct,2,0x00 0x36,0x0927 0x0F41
2.70,0x17,write,0x0D4,RAM_0x0D4,direct,20,0x00 0x17,0x04B0 0x0926 0x0A27 0x0F43 0x0F4A
2.70,0x17,write,0x0D5,RAM_0x0D5,direct,19,0x00 0x2A 0x64,0x04B1 0x091A 0x0A23 0x0F4C
2.70,0x17,write,0x0D6,RAM_0x0D6,direct,23,0x00 0x01 0x02 0x05 0x0A 0x14 0x17 0x20 0x28 0x2A 0x36 0x40 0x50 0x64 0x80 0x90 0xA0 0xC8 0xFA,0x02C8 0x02CD 0x03BF 0x0777 0x077C 0x0915 0x091D 0x0A2B
2.70,0x17,write,0x0D7,RAM_0x0D7,direct,28,0x00 0x01 0x02 0x03 0x19 0x20 0x23 0x32 0x40 0x46 0x48 0x63 0x64 0x71 0x80 0x8C 0x90 0x91 0xA2 0xBE 0xC8,0x02AF 0x02B1 0x03BE 0x08D5 0x08DB 0x091B 0x0A29
2.70,0x17,write,0x0D8,RAM_0x0D8,direct,34,0x00 0x01 0x02 0x03 0x04 0x05 0x06 0x07 0x08 0x09 0x0A 0x0B 0x0C 0x0D 0x0E 0x0F 0x10 0x17 0x2A 0x36 0x64,0x0299 0x02B3 0x02B8 0x04AE 0x04C5 0x0920
2.70,0x17,write,0x0D9,RAM_0x0D9,direct,9,0x00 0x30 0x31 0x32 0x33 0x36 0x37 0x61,0x02A0 0x02A4 0x091E
2.70,0x17,write,0x0DA,RAM_0x0DA,direct,32,0x00 0x01 0x02 0x03 0x04 0x05 0x06 0x07 0x08 0x09 0x0A 0x0B 0x0C 0x0D 0x0E 0x0F 0x10 0x1C 0x38 0x64 0x6B 0x6E 0x70 0x94 0x9B 0x9E 0xE0,0x03BB 0x03CC 0x03D4 0x040E 0x08CE 0x092D 0x0EC3 0x0ECD
2.70,0x17,write,0x0DB,RAM_0x0DB,direct,12,0x00 0x30 0xBE 0xC1,0x03E2 0x040D 0x0ECB
2.70,0x17,write,0x0DC,RAM_0x0DC,direct,1,0xC1,0x0ED0
2.70,0x17,write,0x0DD,RAM_0x0DD,direct,1,0x00,0x0ECE
2.70,0x17,write,0x0DE,RAM_0x0DE,direct,4,0x00 0x50 0x51 0xE0,0x03EA 0x03FB
2.70,0x17,write,0x0DF,RAM_0x0DF,direct,4,0x00 0x01,0x03E9 0x03FF
2.70,0x17,write,0x0E0,RAM_0x0E0,direct,9,0x00 0x01 0x02 0x04 0x08 0x10 0x20 0x40 0x80,0x03EC 0x0419
2.70,0x17,write,0x0E1,RAM_0x0E1,direct,7,0x00 0x04 0x08 0x0A 0x0C 0x0D 0x0E,0x03E8 0x0409 0x040B
2.70,0x17,write,0x0E2,RAM_0x0E2,direct,9,0x00 0x01 0x02 0x03 0x04 0x05 0x06 0x07 0x08,0x03ED 0x041A
2.70,0x17,write,0x10D,EEADR,direct,3,0x94 0x9B 0x9E,0x03DA
2.70,0x17,write,0x18C,EECON1,direct,6,0x00 0x01,0x03DC 0x03DD
2.70,0x18,read,0x003,STATUS,direct,165,0x04 0x18 0x1A 0x1B 0x1C 0x1F 0x38 0x3A 0x3B 0x3C 0x3D 0x3F 0x58 0x78,0x0005 0x0017 0x0018 0x0196 0x0298 0x029C 0x02A6 0x02AD 0x02B4 0x02B6 0x02B9 0x03BA 0x03C0 0x03C4 0x03CE 0x03D3 0x03D5 0x03D6 0x03D8 0x03D9 0x03DB 0x03DE 0x03E0 0x03E1 0x03E5 0x0775 0x0778 0x077A 0x077D 0x08CC 0x08D0 0x08D4 0x08D8 0x08E5 0x0914 0x0916 0x0919 0x0922 0x0925 0x092F 0x09CA 0x09CF 0x0D55 0x0D5B 0x0D64 0x0D6A 0x0D74 0x0D7C 0x0D7F 0x0D8B 0x0D8D 0x0D90 0x0D9E 0x0DA0 0x0DA2 0x0DA4 0x0DB2 0x0DBD 0x0DC1 0x0DC4 0x0DC6 0x0DD8 0x0DE8 0x0DF1 0x0E01 0x0E0D 0x0E19 0x0E25 0x0E31 0x0E3A 0x0E43 0x0E4C 0x0E5D 0x0E67 0x0E70 0x0E7C 0x0E7E 0x0E80 0x0E84 0x0E8C 0x0E92 0x0E9A 0x0EA2 0x0EAA 0x0EB7 0x0EE8 0x0EEA 0x0EED 0x0EF2 0x0EFC 0x0F03 0x0F0A 0x0F13 0x0F1C 0x0F20 0x0F4E
2.70,0x18,read,0x004,FSR,direct,3,0x66 0x6A,0x000B
2.70,0x18,read,0x00A,PCLATH,direct,22,0x00 0x08,0x0008 0x0042 0x0043 0x019B 0x019C 0x08CF 0x08D2 0x0921 0x0924 0x092E 0x0931 0x0F4D
2.70,0x18,read,0x00B,INTCON,direct,6,0x54,0x0019 0x001B
2.70,0x18,read,0x00C,PIR1,direct,15,0x59 0x5B,0x0021 0x0027 0x019A 0x02A7 0x0772 0x0780
2.70,0x18,read,0x020,RAM_0x020,direct,3,0x00 0x08,0x0035
2.70,0x18,read,0x021,RAM_0x021,direct,3,0x83 0xC3 0xF3,0x0037
2.70,0x18,read,0x022,RAM_0x022,direct,3,0x66 0x6A,0x0029
2.70,0x18,read,0x023,RAM_0x023,direct,3,0x00,0x002B
2.70,0x18,read,0x024,RAM_0x024,direct,3,0x19 0x77 0x80,0x002D
2.70,0x18,read,0x025,RAM_0x025,direct,3,0x09 0x24 0x3E,0x002F
2.70,0x18,read,0x026,RAM_0x026,direct,3,0x00,0x0031
2.70,0x18,read,0x027,RAM_0x027,direct,3,0x00,0x0033
2.70,0x18,read,0x031,RAM_0x031,direct,3,0xCF 0xD0 0xD1,0x018B
2.70,0x18,read,0x038,RAM_0x038,direct,3,0x00,0x0195
2.70,0x18,read,0x03A,RAM_0x03A,direct,1,0x00,0x0D9F
2.70,0x18,read,0x03E,RAM_0x03E,direct,1,0x1F,0x0E7F
2.70,0x18,read,0x04C,RAM_0x04C,direct,3,0x00,0x018F
2.70,0x18,read,0x050,RAM_0x050,direct,1,0x00,0x0D75
2.70,0x18,read,0x051,RAM_0x051,direct,3,0x00,0x03D0 0x0DC2
2.70,0x18,read,0x063,RAM_0x063,indirect,1,0x00,0x0D60
2.70,0x18,read,0x064,RAM_0x064,indirect,1,0x00,0x0D60
2.70,0x18,read,0x065,RAM_0x065,indirect,1,0x00,0x0D60
2.70,0x18,read,0x066,RAM_0x066,indirect,1,0x00,0x0D60
2.70,0x18,read,0x067,RAM_0x067,indirect,1,0x00,0x0D60
2.70,0x18,read,0x068,RAM_0x068,indirect,1,0x00,0x0D60
2.70,0x18,read,0x069,RAM_0x069,indirect,1,0x00,0x0D60
2.70,0x18,read,0x06A,RAM_0x06A,indirect,1,0x00,0x0D60
2.70,0x18,read,0x075,RAM_0x075,direct,1,0x07,0x0D89
2.70,0x18,read,0x076,RAM_0x076,direct,2,0x00,0x0D72 0x0D8A
2.70,0x18,read,0x077,RAM_0x077,direct,21,0x00 0x01 0x03 0x07 0x0F 0x19 0x1F 0x32 0x3E 0x64 0x7D,0x000D 0x03C3 0x03C9
2.70,0x18,read,0x078,RAM_0x078,direct,25,0x00 0x01 0x02 0x04 0x09 0x12 0x19 0x23 0x24 0x30 0x32 0x46 0x48 0x64 0x70 0x77 0x80 0x8C 0x91 0xBE,0x000F 0x03CB 0x08D3 0x0918 0x092A 0x0932 0x0D92 0x0EEC
2.70,0x18,read,0x079,RAM_0x079,direct,21,0x00 0x01 0x02 0x04 0x09 0x12 0x24 0x3E 0x40 0x7D 0x80 0xA0 0xD0 0xE8 0xF4 0xFA,0x0011 0x03CA 0x0928 0x0D8F
2.70,0x18,read,0x07A,RAM_0x07A,direct,21,0x00,0x0013 0x03C7 0x03C8
2.70,0x18,read,0x07B,RAM_0x07B,direct,3,0x00,0x0015
2.70,0x18,read,0x07E,RAM_0x07E,direct,1,0x0F,0x08CA
2.70,0x18,read,0x07F,RAM_0x07F,direct,6,0x00 0x01 0x10 0x3E 0xE3,0x0039 0x003A
2.70,0x18,read,0x08C,PIE1,indirect,6,0x22,0x001F 0x0025
2.70,0x18,read,0x0A0,RAM_0x0A0,direct,34,0x18,0x0DBE 0x0DC5 0x0DCD 0x0DD6 0x0DE6 0x0DEF 0x0DFF 0x0E0B 0x0E17 0x0E23 0x0E2F 0x0E38 0x0E41 0x0E4A 0x0E5B 0x0E65 0x0E6E 0x0E7A 0x0E82 0x0E8A 0x0E90 0x0E98 0x0EA0 0x0EA8 0x0EB5 0x0EE6 0x0EF0 0x0EFA 0x0F01 0x0F08 0x0F11 0x0F1A 0x0F1E 0x0F49
2.70,0x18,read,0x0C8,RAM_0x0C8,direct,1,0x70,0x0F4B
2.70,0x18,read,0x0CB,RAM_0x0CB,direct,3,0x7A 0x7B,0x0DC0 0x0EEF 0x0F3E
2.70,0x18,read,0x0CC,RAM_0x0CC,direct,25,0x00 0x01 0x02 0x03 0x04 0x05 0x06 0x07 0x08,0x0D59 0x0D5E 0x0D6E
2.70,0x18,read,0x0CD,RAM_0x0CD,direct,10,0x00,0x0D69 0x0D71 0x0D7D
2.70,0x18,read,0x0CE,RAM_0x0CE,direct,9,0x00 0xFF,0x0D62 0x0D70
2.70,0x18,read,0x0CF,RAM_0x0CF,direct,17,0x00,0x0D63 0x0D66 0x0D68
2.70,0x18,read,0x0D0,RAM_0x0D0,direct,1,0x80,0x0D96
2.70,0x18,read,0x0D1,RAM_0x0D1,direct,2,0x3E 0x80,0x09CB 0x0D94
2.70,0x18,read,0x0D2,RAM_0x0D2,direct,3,0x3E 0x40 0xA0,0x09CD 0x0D99 0x0D9B
2.70,0x18,read,0x0D3,RAM_0x0D3,direct,4,0x07 0x0F 0x1F,0x0D98 0x0D9A 0x0D9D 0x0DA1
2.70,0x18,read,0x0D4,RAM_0x0D4,direct,1,0x18,0x0776
2.70,0x18,read,0x0D5,RAM_0x0D5,direct,2,0x64 0x70,0x077B 0x091F
2.70,0x18,read,0x0D6,RAM_0x0D6,direct,21,0x00 0x01 0x02 0x05 0x0A 0x14 0x18 0x20 0x28 0x40 0x50 0x64 0x70 0x80 0x90 0xA0,0x02AE 0x02B7 0x03BF 0x08CD
2.70,0x18,read,0x0D7,RAM_0x0D7,direct,22,0x00 0x01 0x07 0x19 0x20 0x23 0x32 0x40 0x46 0x64 0x80 0x81 0x8C 0x90 0x91 0xBE 0xC8,0x02B1 0x02B2 0x03BE 0x08D6 0x08DC
2.70,0x18,read,0x0D8,RAM_0x0D8,direct,14,0x00 0x01 0x07 0x08 0x18 0x64 0x70,0x0299 0x029A 0x02A3 0x03C2
2.70,0x18,read,0x0D9,RAM_0x0D9,direct,6,0x00 0x30 0x31 0x37 0x38,0x02A5 0x03C6
2.70,0x18,read,0x0DA,RAM_0x0DA,direct,20,0x01 0x02 0x03 0x04 0x05 0x06 0x07 0x08 0x09 0x0A 0x0B 0x0C 0x0D 0x0E 0x0F 0x10 0x64 0x6E 0x94 0x9E,0x03CC 0x03D4 0x03D7
2.70,0x18,read,0x0DB,RAM_0x0DB,direct,2,0x30 0xBE,0x03E3
2.70,0x18,read,0x10C,EEDATA,direct,2,0x30 0xBE,0x03DF
2.70,0x18,read,0x18C,EECON1,direct,4,0x00,0x03DC 0x03DD
2.70,0x18,write,0x003,STATUS,direct,82,0x00 0x04 0x18 0x1A 0x1B 0x1C 0x1F 0x38 0x3A 0x3B 0x3C 0x3F 0x58 0x78,0x0006 0x0017 0x0018 0x0038 0x0298 0x02A6 0x02AD 0x02B4 0x02B6 0x02B9 0x03BA 0x03CE 0x03D3 0x03D5 0x03D6 0x03D8 0x03D9 0x03DB 0x03DE 0x03E0 0x03E1 0x03E5 0x0775 0x0778 0x077A 0x077D 0x08CC 0x08D0 0x08D4 0x08E5 0x0914 0x0916 0x0919 0x0922 0x0925 0x092F 0x09CA 0x09CF 0x0D55 0x0D74 0x0D7C 0x0D8D 0x0D90 0x0D9E 0x0DA0 0x0DB2 0x0DBD 0x0DC1 0x0DC4 0x0E7E 0x0E80 0x0EEA 0x0EED 0x0F4E
2.70,0x18,write,0x004,FSR,direct,17,0x63 0x64 0x65 0x66 0x67 0x68 0x69 0x6A 0x8C,0x001E 0x0024 0x002A 0x0D5F
2.70,0x18,write,0x00A,PCLATH,direct,25,0x00 0x08,0x000A 0x0036 0x0042 0x0043 0x019B 0x019C 0x08CF 0x08D2 0x0921 0x0924 0x092E 0x0931 0x0F4D
2.70,0x18,write,0x00C,PIR1,direct,3,0x59,0x019A
2.70,0x18,write,0x019,TXREG,direct,6,0x0A 0x30 0x31 0x37 0x38 0x54,0x02AB 0x0774 0x0782
2.70,0x18,write,0x020,RAM_0x020,direct,3,0x00 0x08,0x0009
2.70,0x18,write,0x021,RAM_0x021,direct,3,0x83 0xC3 0xF3,0x0007
2.70,0x18,write,0x022,RAM_0x022,direct,3,0x66 0x6A,0x000C
2.70,0x18,write,0x023,RAM_0x023,direct,3,0x00,0x000E
2.70,0x18,write,0x024,RAM_0x024,direct,3,0x19 0x77 0x80,0x0010
2.70,0x18,write,0x025,RAM_0x025,direct,3,0x09 0x24 0x3E,0x0012
2.70,0x18,write,0x026,RAM_0x026,direct,3,0x00,0x0014
2.70,0x18,write,0x027,RAM_0x027,direct,3,0x00,0x0016
2.70,0x18,write,0x031,RAM_0x031,direct,3,0xD0 0xD1 0xD2,0x018B
2.70,0x18,write,0x038,RAM_0x038,direct,3,0x00,0x0195
2.70,0x18,write,0x077,RAM_0x077,direct,22,0x00 0x01 0x03 0x07 0x0F 0x19 0x1F 0x32 0x3E 0x64 0x7D,0x002C 0x03BC 0x03C3 0x03C9
2.70,0x18,write,0x078,RAM_0x078,direct,24,0x00 0x01 0x02 0x04 0x09 0x12 0x19 0x23 0x24 0x30 0x32 0x46 0x48 0x64 0x70 0x77 0x80 0x8C 0x91 0xBE,0x002E 0x03CB 0x03E4 0x08DD 0x09CC 0x0DAF
2.70,0x18,write,0x079,RAM_0x079,direct,21,0x00 0x01 0x02 0x04 0x08 0x09 0x12 0x24 0x3E 0x40 0x7D 0x80 0xA0 0xD0 0xE8 0xF4 0xFA,0x0030 0x03CA 0x09CE 0x0DB1
2.70,0x18,write,0x07A,RAM_0x07A,direct,22,0x00,0x0032 0x03BD 0x03C7 0x03C8
2.70,0x18,write,0x07B,RAM_0x07B,direct,3,0x00,0x0034
2.70,0x18,write,0x07F,RAM_0x07F,direct,6,0x00 0x01 0x10 0x3E 0xE3,0x0004 0x0039
2.70,0x18,write,0x0A0,RAM_0x0A0,direct,1,0x18,0x0DC5
2.70,0x18,write,0x0C8,RAM_0x0C8,direct,2,0x1F 0x70,0x0E81 0x0EEE
2.70,0x18,write,0x0CA,RAM_0x0CA,direct,1,0x18,0x0DBF
2.70,0x18,write,0x0CB,RAM_0x0CB,direct,2,0x7A 0x7B,0x0DC0 0x0EEF
2.70,0x18,write,0x0CC,RAM_0x0CC,direct,10,0x00 0x01 0x02 0x03 0x04 0x05 0x06 0x07 0x08,0x0D58 0x0D6E 0x0D73
2.70,0x18,write,0x0CD,RAM_0x0CD,direct,2,0x00,0x0D57 0x0D71
2.70,0x18,write,0x0CE,RAM_0x0CE,direct,2,0x00 0xFF,0x0D56 0x0D67
2.70,0x18,write,0x0CF,RAM_0x0CF,direct,8,0x00,0x0D61
2.70,0x18,write,0x0D0,RAM_0x0D0,direct,1,0x80,0x0D93
2.70,0x18,write,0x0D1,RAM_0x0D1,direct,2,0x3E 0x80,0x092B 0x0D91
2.70,0x18,write,0x0D2,RAM_0x0D2,direct,4,0x3E 0x40 0xA0 0xD0,0x0929 0x0D97 0x0D99 0x0D9B
2.70,0x18,write,0x0D3,RAM_0x0D3,direct,5,0x00 0x07 0x0F 0x1F,0x0927 0x0D95 0x0D98 0x0D9A 0x0D9D
2.70,0x18,write,0x0D4,RAM_0x0D4,direct,2,0x00 0x18,0x0926 0x0F4A
2.70,0x18,write,0x0D5,RAM_0x0D5,direct,2,0x64 0x70,0x091A 0x0F4C
2.70,0x18,write,0x0D6,RAM_0x0D6,direct,20,0x00 0x01 0x02 0x05 0x0A 0x14 0x18 0x20 0x28 0x40 0x50 0x64 0x70 0x80 0x90 0xA0 0xC8,0x03BF 0x0777 0x077C 0x0915 0x091D
2.70,0x18,write,0x0D7,RAM_0x0D7,direct,23,0x00 0x01 0x07 0x19 0x20 0x23 0x32 0x40 0x46 0x48 0x64 0x80 0x81 0x8C 0x90 0x91 0xBE 0xC8,0x02AF 0x02B1 0x03BE 0x08D5 0x08DB 0x091B
2.70,0x18,write,0x0D8,RAM_0x0D8,direct,9,0x00 0x01 0x07 0x08 0x18 0x64 0x70,0x0299 0x02B3 0x02B8 0x0920
2.70,0x18,write,0x0D9,RAM_0x0D9,direct,5,0x00 0x30 0x31 0x37 0x38,0x02A4 0x091E
2.70,0x18,write,0x0DA,RAM_0x0DA,direct,21,0x00 0x01 0x02 0x03 0x04 0x05 0x06 0x07 0x08 0x09 0x0A 0x0B 0x0C 0x0D 0x0E 0x0F 0x10 0x64 0x6E 0x94 0x9E,0x03BB 0x03CC 0x03D4 0x08CE 0x092D
2.70,0x18,write,0x0DB,RAM_0x0DB,direct,2,0x30 0xBE,0x03E2
2.70,0x18,write,0x10D,EEADR,direct,2,0x94 0x9E,0x03DA
2.70,0x18,write,0x18C,EECON1,direct,4,0x00 0x01,0x03DC 0x03DD
2.70,0x19,read,0x002,PCL,direct,2,0x49,0x0048
2.70,0x19,read,0x003,STATUS,direct,206,0x04 0x18 0x1A 0x1B 0x1C 0x1E 0x1F 0x38 0x3A 0x3B 0x3C 0x3D 0x3E 0x3F 0x58 0x78,0x0005 0x0017 0x0018 0x0196 0x0298 0x029C 0x02A6 0x02AD 0x02B4 0x02B6 0x02B9 0x03BA 0x03C0 0x03C4 0x03CE 0x03D3 0x03D5 0x03D6 0x03D8 0x03D9 0x03DB 0x03DE 0x03E0 0x03E1 0x03E5 0x04A6 0x04A8 0x04AB 0x04AF 0x04B6 0x04BA 0x04C8 0x0775 0x0778 0x077A 0x077D 0x08CC 0x08D0 0x08D4 0x08D8 0x08E5 0x0914 0x0916 0x0919 0x0922 0x0925 0x092F 0x09CA 0x09CF 0x09D3 0x09D7 0x09E1 0x09E2 0x09E8 0x09EB 0x09EF 0x09F3 0x09F7 0x09FA 0x0A08 0x0A0A 0x0A0C 0x0A0E 0x0A20 0x0A22 0x0A24 0x0A26 0x0A2D 0x0A36 0x0A3E 0x0A42 0x0DBD 0x0DC1 0x0DC4 0x0DC6 0x0DD8 0x0DE8 0x0DF1 0x0E01 0x0E0D 0x0E19 0x0E25 0x0E31 0x0E3A 0x0E43 0x0E4C 0x0E5D 0x0E67 0x0E70 0x0E7C 0x0E7E 0x0E80 0x0E84 0x0E8C 0x0E92 0x0E9A 0x0EA2 0x0EAA 0x0EB7 0x0EE8 0x0EF2 0x0EF4 0x0EF7 0x0EFC 0x0F03 0x0F0A 0x0F13 0x0F1C 0x0F20 0x0F4E
2.70,0x19,read,0x004,FSR,direct,4,0xCE,0x000B
2.70,0x19,read,0x00A,PCLATH,direct,39,0x00 0x08,0x0008 0x0042 0x0043 0x0045 0x0046 0x0047 0x019B 0x019C 0x08CF 0x08D2 0x0921 0x0924 0x092E 0x0931 0x09E7 0x09EA 0x09EE 0x09F1 0x0A2C 0x0A2F 0x0F4D
2.70,0x19,read,0x00B,INTCON,direct,8,0x54,0x0019 0x001B
2.70,0x19,read,0x00C,PIR1,direct,18,0x59 0x5B,0x0021 0x0027 0x019A 0x02A7 0x0772 0x0780
2.70,0x19,read,0x020,RAM_0x020,direct,4,0x00 0x08,0x0035
2.70,0x19,read,0x021,RAM_0x021,direct,4,0x87 0xC1 0xC3 0xD3,0x0037
2.70,0x19,read,0x022,RAM_0x022,direct,4,0xCE,0x0029
2.70,0x19,read,0x023,RAM_0x023,direct,4,0x00,0x002B
2.70,0x19,read,0x024,RAM_0x024,direct,4,0x00 0x28,0x002D
2.70,0x19,read,0x025,RAM_0x025,direct,4,0x00 0x24 0xFA,0x002F
2.70,0x19,read,0x026,RAM_0x026,direct,4,0x00,0x0031
2.70,0x19,read,0x027,RAM_0x027,direct,4,0x00,0x0033
2.70,0x19,read,0x031,RAM_0x031,direct,4,0xCF 0xD0 0xD1 0xD2,0x018B
2.70,0x19,read,0x038,RAM_0x038,direct,4,0x00,0x0195
2.70,0x19,read,0x039,RAM_0x039,direct,1,0x00,0x0A25
2.70,0x19,read,0x03A,RAM_0x03A,direct,2,0x00,0x0A09 0x0A21
2.70,0x19,read,0x03E,RAM_0x03E,direct,1,0x1F,0x0E7F
2.70,0x19,read,0x04C,RAM_0x04C,direct,6,0x00,0x018F 0x09D1 0x09D8
2.70,0x19,read,0x051,RAM_0x051,direct,3,0x00,0x03D0 0x0DC2
2.70,0x19,read,0x077,RAM_0x077,direct,55,0x00 0x01 0x03 0x07 0x0A 0x0F 0x19 0x1F 0x32 0x3E 0x64 0x7D,0x000D 0x03C3 0x03C9 0x04B2 0x04B9 0x0A3D
2.70,0x19,read,0x078,RAM_0x078,direct,43,0x00 0x01 0x02 0x04 0x09 0x12 0x19 0x1C 0x23 0x24 0x28 0x30 0x32 0x46 0x48 0x64 0x80 0x8C 0x91 0xBE,0x000F 0x03CB 0x04C3 0x08D3 0x0918 0x092A 0x0932 0x09FC 0x0A32 0x0EF6
2.70,0x19,read,0x079,RAM_0x079,direct,40,0x00 0x01 0x02 0x04 0x09 0x12 0x24 0x3E 0x40 0x7D 0x80 0xA0 0xD0 0xE8 0xF4 0xFA,0x0011 0x03CA 0x04C4 0x0928 0x09F9 0x0A30 0x0A35
2.70,0x19,read,0x07A,RAM_0x07A,direct,54,0x00,0x0013 0x03C7 0x03C8 0x04B3 0x04B5
2.70,0x19,read,0x07B,RAM_0x07B,direct,4,0x00,0x0015
2.70,0x19,read,0x07E,RAM_0x07E,direct,1,0x0F,0x08CA
2.70,0x19,read,0x07F,RAM_0x07F,direct,8,0x00 0x49 0x94,0x0039 0x003A
2.70,0x19,read,0x08C,PIE1,indirect,8,0x22,0x001F 0x0025
2.70,0x19,read,0x0A0,RAM_0x0A0,direct,34,0x19,0x0DBE 0x0DC5 0x0DCD 0x0DD6 0x0DE6 0x0DEF 0x0DFF 0x0E0B 0x0E17 0x0E23 0x0E2F 0x0E38 0x0E41 0x0E4A 0x0E5B 0x0E65 0x0E6E 0x0E7A 0x0E82 0x0E8A 0x0E90 0x0E98 0x0EA0 0x0EA8 0x0EB5 0x0EE6 0x0EF0 0x0EFA 0x0F01 0x0F08 0x0F11 0x0F1A 0x0F1E 0x0F49
2.70,0x19,read,0x0C8,RAM_0x0C8,direct,1,0x1C,0x0F4B
2.70,0x19,read,0x0CB,RAM_0x0CB,direct,3,0x7A 0x7B,0x0DC0 0x0EF9 0x0F3E
2.70,0x19,read,0x0CC,RAM_0x0CC,direct,2,0x12 0x1C,0x0A3F 0x0A40
2.70,0x19,read,0x0CD,RAM_0x0CD,direct,3,0x00,0x09D5 0x09E3 0x09ED
2.70,0x19,read,0x0CE,RAM_0x0CE,direct,1,0x00,0x09E6
2.70,0x19,read,0x0CF,RAM_0x0CF,direct,6,0x40 0xA0 0xD0 0xE8 0xF4 0xFA,0x0A03 0x0A05 0x0A19 0x0A1B 0x0A1D 0x0A2A
2.70,0x19,read,0x0D0,RAM_0x0D0,direct,9,0x00 0x07 0x0F 0x1F 0x20 0x41 0x83,0x0A02 0x0A04 0x0A07 0x0A0B 0x0A18 0x0A1A 0x0A1C 0x0A1F 0x0A28
2.70,0x19,read,0x0D1,RAM_0x0D1,direct,3,0x12 0x80,0x09CB 0x09F5 0x0A00
2.70,0x19,read,0x0D2,RAM_0x0D2,direct,3,0x28 0x3E,0x09CD 0x09F4 0x09FE
2.70,0x19,read,0x0D4,RAM_0x0D4,direct,17,0x00 0x19,0x04B0 0x0776
2.70,0x19,read,0x0D5,RAM_0x0D5,direct,18,0x00 0x1C 0x64,0x04B1 0x077B 0x091F
2.70,0x19,read,0x0D6,RAM_0x0D6,direct,38,0x00 0x01 0x02 0x05 0x0A 0x14 0x19 0x1C 0x20 0x28 0x40 0x50 0x64 0x80 0x90 0xA0 0xFA,0x02AE 0x02B7 0x03BF 0x04AA 0x04B8 0x08CD
2.70,0x19,read,0x0D7,RAM_0x0D7,direct,39,0x00 0x01 0x19 0x20 0x23 0x32 0x40 0x46 0x64 0x80 0x8C 0x90 0x91 0xBE 0xC1 0xC8,0x02B1 0x02B2 0x03BE 0x04A7 0x04B4 0x08D6 0x08DC
2.70,0x19,read,0x0D8,RAM_0x0D8,direct,30,0x01 0x02 0x03 0x04 0x05 0x06 0x07 0x08 0x09 0x0A 0x0B 0x0C 0x0D 0x0E 0x0F 0x10 0x19 0x1C 0x64,0x0299 0x029A 0x029F 0x02A3 0x03C2 0x04C5
2.70,0x19,read,0x0D9,RAM_0x0D9,direct,6,0x00 0x31 0x39 0x63,0x02A5 0x03C6
2.70,0x19,read,0x0DA,RAM_0x0DA,direct,20,0x01 0x02 0x03 0x04 0x05 0x06 0x07 0x08 0x09 0x0A 0x0B 0x0C 0x0D 0x0E 0x0F 0x10 0x64 0x6E 0x94 0x9E,0x03CC 0x03D4 0x03D7
2.70,0x19,read,0x0DB,RAM_0x0DB,direct,2,0x30 0xBE,0x03E3
2.70,0x19,read,0x10C,EEDATA,direct,2,0x30 0xBE,0x03DF
2.70,0x19,read,0x18C,EECON1,direct,4,0x00,0x03DC 0x03DD
2.70,0x19,write,0x002,PCL,direct,2,0x49,0x0048
2.70,0x19,write,0x003,STATUS,direct,115,0x00 0x04 0x18 0x1A 0x1C 0x1E 0x1F 0x38 0x3A 0x3B 0x3C 0x3D 0x3E 0x3F 0x58 0x78,0x0006 0x0017 0x0018 0x0038 0x0298 0x02A6 0x02AD 0x02B4 0x02B6 0x02B9 0x03BA 0x03CE 0x03D3 0x03D5 0x03D6 0x03D8 0x03D9 0x03DB 0x03DE 0x03E0 0x03E1 0x03E5 0x04A6 0x04AF 0x04C8 0x0775 0x0778 0x077A 0x077D 0x08CC 0x08D0 0x08D4 0x08E5 0x0914 0x0916 0x0919 0x0922 0x0925 0x092F 0x09CA 0x09CF 0x09D3 0x09D7 0x09E1 0x09E2 0x09E8 0x09EB 0x09EF 0x09F3 0x09F7 0x09FA 0x0A08 0x0A0A 0x0A20 0x0A22 0x0A24 0x0A26 0x0A2D 0x0A3E 0x0A42 0x0DBD 0x0DC1 0x0DC4 0x0E7E 0x0E80 0x0EF4 0x0EF7 0x0F4E
2.70,0x19,write,0x004,FSR,direct,12,0x8C 0xCE,0x001E 0x0024 0x002A
2.70,0x19,write,0x00A,PCLATH,direct,43,0x00 0x08,0x000A 0x0036 0x0042 0x0043 0x0045 0x0046 0x0047 0x019B 0x019C 0x08CF 0x08D2 0x0921 0x0924 0x092E 0x0931 0x09E7 0x09EA 0x09EE 0x09F1 0x0A2C 0x0A2F 0x0F4D
2.70,0x19,write,0x00C,PIR1,direct,4,0x59,0x019A
2.70,0x19,write,0x019,TXREG,direct,6,0x0A 0x31 0x39 0x54 0x63,0x02AB 0x0774 0x0782
2.70,0x19,write,0x020,RAM_0x020,direct,4,0x00 0x08,0x0009
2.70,0x19,write,0x021,RAM_0x021,direct,4,0x87 0xC1 0xC3 0xD3,0x0007
2.70,0x19,write,0x022,RAM_0x022,direct,4,0xCE,0x000C
2.70,0x19,write,0x023,RAM_0x023,direct,4,0x00,0x000E
2.70,0x19,write,0x024,RAM_0x024,direct,4,0x00 0x28,0x0010
2.70,0x19,write,0x025,RAM_0x025,direct,4,0x00 0x24 0xFA,0x0012
2.70,0x19,write,0x026,RAM_0x026,direct,4,0x00,0x0014
2.70,0x19,write,0x027,RAM_0x027,direct,4,0x00,0x0016
2.70,0x19,write,0x031,RAM_0x031,direct,4,0xD0 0xD1 0xD2 0xD3,0x018B
2.70,0x19,write,0x038,RAM_0x038,direct,4,0x00,0x0195
2.70,0x19,write,0x077,RAM_0x077,direct,41,0x00 0x01 0x03 0x07 0x0A 0x0F 0x19 0x1F 0x32 0x3E 0x64 0x7D,0x002C 0x03BC 0x03C3 0x03C9 0x04A4 0x04B2 0x0A34
2.70,0x19,write,0x078,RAM_0x078,direct,43,0x00 0x01 0x02 0x04 0x09 0x12 0x19 0x1C 0x23 0x24 0x28 0x30 0x32 0x46 0x48 0x64 0x80 0x8C 0x91 0xBE,0x002E 0x03CB 0x03E4 0x04A2 0x04C3 0x08DD 0x09CC 0x09F2 0x0A41
2.70,0x19,write,0x079,RAM_0x079,direct,38,0x00 0x01 0x02 0x04 0x09 0x12 0x24 0x3E 0x40 0x7D 0x80 0xA0 0xD0 0xE8 0xF4 0xFA,0x0030 0x03CA 0x04A3 0x04C4 0x09CE
2.70,0x19,write,0x07A,RAM_0x07A,direct,42,0x00,0x0032 0x03BD 0x03C7 0x03C8 0x04A5 0x04B3 0x0A31 0x0A3C
2.70,0x19,write,0x07B,RAM_0x07B,direct,4,0x00,0x0034
2.70,0x19,write,0x07F,RAM_0x07F,direct,8,0x00 0x49 0x94,0x0004 0x0039
2.70,0x19,write,0x0A0,RAM_0x0A0,direct,1,0x19,0x0DC5
2.70,0x19,write,0x0C8,RAM_0x0C8,direct,2,0x1C 0x1F,0x0E81 0x0EF8
2.70,0x19,write,0x0CA,RAM_0x0CA,direct,1,0x19,0x0DBF
2.70,0x19,write,0x0CB,RAM_0x0CB,direct,2,0x7A 0x7B,0x0DC0 0x0EF9
2.70,0x19,write,0x0CC,RAM_0x0CC,direct,2,0x12 0x1C,0x09F6 0x0A3F
2.70,0x19,write,0x0CD,RAM_0x0CD,direct,1,0x00,0x09D4
2.70,0x19,write,0x0CE,RAM_0x0CE,direct,1,0x00,0x09D6
2.70,0x19,write,0x0CF,RAM_0x0CF,direct,6,0x40 0xA0 0xD0 0xE8 0xF4 0xFA,0x0A01 0x0A03 0x0A05 0x0A19 0x0A1B 0x0A1D
2.70,0x19,write,0x0D0,RAM_0x0D0,direct,8,0x00 0x07 0x0F 0x1F 0x20 0x41 0x83,0x09FF 0x0A02 0x0A04 0x0A07 0x0A18 0x0A1A 0x0A1C 0x0A1F
2.70,0x19,write,0x0D1,RAM_0x0D1,direct,3,0x12 0x80,0x092B 0x09E5 0x09FD
2.70,0x19,write,0x0D2,RAM_0x0D2,direct,3,0x28 0x3E,0x0929 0x09EC 0x09FB
2.70,0x19,write,0x0D3,RAM_0x0D3,direct,1,0x00,0x0927
2.70,0x19,write,0x0D4,RAM_0x0D4,direct,19,0x00 0x19,0x04B0 0x0926 0x0A27 0x0F4A
2.70,0x19,write,0x0D5,RAM_0x0D5,direct,19,0x00 0x1C 0x64,0x04B1 0x091A 0x0A23 0x0F4C
2.70,0x19,write,0x0D6,RAM_0x0D6,direct,21,0x00 0x01 0x02 0x05 0x0A 0x14 0x19 0x1C 0x20 0x28 0x40 0x50 0x64 0x80 0x90 0xA0 0xC8 0xFA,0x03BF 0x0777 0x077C 0x0915 0x091D 0x0A2B
2.70,0x19,write,0x0D7,RAM_0x0D7,direct,24,0x00 0x01 0x19 0x20 0x23 0x32 0x40 0x46 0x48 0x64 0x80 0x8C 0x90 0x91 0xBE 0xC1 0xC8,0x02AF 0x02B1 0x03BE 0x08D5 0x08DB 0x091B 0x0A29
2.70,0x19,write,0x0D8,RAM_0x0D8,direct,26,0x00 0x01 0x02 0x03 0x04 0x05 0x06 0x07 0x08 0x09 0x0A 0x0B 0x0C 0x0D 0x0E 0x0F 0x10 0x19 0x1C 0x64,0x0299 0x02B3 0x02B8 0x04AE 0x04C5 0x0920
2.70,0x19,write,0x0D9,RAM_0x0D9,direct,5,0x00 0x31 0x39 0x63,0x02A0 0x02A4 0x091E
2.70,0x19,write,0x0DA,RAM_0x0DA,direct,21,0x00 0x01 0x02 0x03 0x04 0x05 0x06 0x07 0x08 0x09 0x0A 0x0B 0x0C 0x0D 0x0E 0x0F 0x10 0x64 0x6E 0x94 0x9E,0x03BB 0x03CC 0x03D4 0x08CE 0x092D
2.70,0x19,write,0x0DB,RAM_0x0DB,direct,2,0x30 0xBE,0x03E2
2.70,0x19,write,0x10D,EEADR,direct,2,0x94 0x9E,0x03DA
2.70,0x19,write,0x18C,EECON1,direct,4,0x00 0x01,0x03DC 0x03DD
2.70,0x1A,read,0x003,STATUS,direct,65,0x04 0x18 0x1A 0x1C 0x1E 0x38 0x3A 0x3B 0x3C 0x3E 0x3F,0x0005 0x0017 0x0018 0x0196 0x0298 0x029C 0x02A6 0x02AD 0x02B4 0x02B6 0x02B9 0x0775 0x0778 0x077A 0x077D 0x0DBD 0x0DC1 0x0DC4 0x0DC6 0x0DD8 0x0DE8 0x0DF1 0x0E01 0x0E0D 0x0E19 0x0E25 0x0E31 0x0E3A 0x0E43 0x0E4C 0x0E5D 0x0E67 0x0E70 0x0E7C 0x0E7E 0x0E80 0x0E84 0x0E8C 0x0E92 0x0E9A 0x0EA2 0x0EAA 0x0EB7 0x0EE8 0x0EF2 0x0EFC 0x0F03 0x0F0A 0x0F13 0x0F1C 0x0F20 0x0F4E
2.70,0x1A,read,0x004,FSR,direct,1,0xCE,0x000B
2.70,0x1A,read,0x00A,PCLATH,direct,6,0x00 0x08,0x0008 0x0042 0x0043 0x019B 0x019C 0x0F4D
2.70,0x1A,read,0x00B,INTCON,direct,2,0x54,0x0019 0x001B
2.70,0x1A,read,0x00C,PIR1,direct,9,0x59 0x5B,0x0021 0x0027 0x019A 0x02A7 0x0772 0x0780
2.70,0x1A,read,0x020,RAM_0x020,direct,1,0x00,0x0035
2.70,0x1A,read,0x021,RAM_0x021,direct,1,0x81,0x0037
2.70,0x1A,read,0x022,RAM_0x022,direct,1,0xCE,0x0029
2.70,0x1A,read,0x023,RAM_0x023,direct,1,0x00,0x002B
2.70,0x1A,read,0x024,RAM_0x024,direct,1,0x77,0x002D
2.70,0x1A,read,0x025,RAM_0x025,direct,1,0x24,0x002F
2.70,0x1A,read,0x026,RAM_0x026,direct,1,0x00,0x0031
2.70,0x1A,read,0x027,RAM_0x027,direct,1,0x00,0x0033
2.70,0x1A,read,0x031,RAM_0x031,direct,1,0xCF,0x018B
2.70,0x1A,read,0x038,RAM_0x038,direct,1,0x00,0x0195
2.70,0x1A,read,0x03E,RAM_0x03E,direct,1,0x1F,0x0E7F
2.70,0x1A,read,0x04C,RAM_0x04C,direct,1,0x00,0x018F
2.70,0x1A,read,0x051,RAM_0x051,direct,1,0x00,0x0DC2
2.70,0x1A,read,0x077,RAM_0x077,direct,1,0x00,0x000D
2.70,0x1A,read,0x078,RAM_0x078,direct,1,0x77,0x000F
2.70,0x1A,read,0x079,RAM_0x079,direct,1,0x24,0x0011
2.70,0x1A,read,0x07A,RAM_0x07A,direct,1,0x00,0x0013
2.70,0x1A,read,0x07B,RAM_0x07B,direct,1,0x00,0x0015
2.70,0x1A,read,0x07F,RAM_0x07F,direct,2,0x00,0x0039 0x003A
2.70,0x1A,read,0x08C,PIE1,indirect,2,0x22,0x001F 0x0025
2.70,0x1A,read,0x0A0,RAM_0x0A0,direct,34,0x1A,0x0DBE 0x0DC5 0x0DCD 0x0DD6 0x0DE6 0x0DEF 0x0DFF 0x0E0B 0x0E17 0x0E23 0x0E2F 0x0E38 0x0E41 0x0E4A 0x0E5B 0x0E65 0x0E6E 0x0E7A 0x0E82 0x0E8A 0x0E90 0x0E98 0x0EA0 0x0EA8 0x0EB5 0x0EE6 0x0EF0 0x0EFA 0x0F01 0x0F08 0x0F11 0x0F1A 0x0F1E 0x0F49
2.70,0x1A,read,0x0C7,RAM_0x0C7,direct,1,0x00,0x0EFE
2.70,0x1A,read,0x0C8,RAM_0x0C8,direct,1,0x00,0x0F4B
2.70,0x1A,read,0x0CB,RAM_0x0CB,direct,3,0x7A 0x7B,0x0DC0 0x0F00 0x0F3E
2.70,0x1A,read,0x0D4,RAM_0x0D4,direct,1,0x1A,0x0776
2.70,0x1A,read,0x0D5,RAM_0x0D5,direct,1,0x00,0x077B
2.70,0x1A,read,0x0D6,RAM_0x0D6,direct,4,0x00 0x1A,0x02AE 0x02B7
2.70,0x1A,read,0x0D7,RAM_0x0D7,direct,4,0x00 0x01 0xA1,0x02B1 0x02B2
2.70,0x1A,read,0x0D8,RAM_0x0D8,direct,12,0x00 0x01 0x0A 0x1A,0x0299 0x029A 0x029F 0x02A3
2.70,0x1A,read,0x0D9,RAM_0x0D9,direct,4,0x30 0x31 0x61,0x02A5
2.70,0x1A,write,0x003,STATUS,direct,30,0x00 0x04 0x18 0x1A 0x1C 0x1E 0x38 0x3A 0x3C 0x3E,0x0006 0x0017 0x0018 0x0038 0x0298 0x02A6 0x02AD 0x02B4 0x02B6 0x02B9 0x0775 0x0778 0x077A 0x077D 0x0DBD 0x0DC1 0x0DC4 0x0E7E 0x0E80 0x0F4E
2.70,0x1A,write,0x004,FSR,direct,3,0x8C 0xCE,0x001E 0x0024 0x002A
2.70,0x1A,write,0x00A,PCLATH,direct,7,0x00,0x000A 0x0036 0x0042 0x0043 0x019B 0x019C 0x0F4D
2.70,0x1A,write,0x00C,PIR1,direct,1,0x59,0x019A
2.70,0x1A,write,0x019,TXREG,direct,6,0x0A 0x30 0x31 0x54 0x61,0x02AB 0x0774 0x0782
2.70,0x1A,write,0x020,RAM_0x020,direct,1,0x00,0x0009
2.70,0x1A,write,0x021,RAM_0x021,direct,1,0x81,0x0007
2.70,0x1A,write,0x022,RAM_0x022,direct,1,0xCE,0x000C
2.70,0x1A,write,0x023,RAM_0x023,direct,1,0x00,0x000E
2.70,0x1A,write,0x024,RAM_0x024,direct,1,0x77,0x0010
2.70,0x1A,write,0x025,RAM_0x025,direct,1,0x24,0x0012
2.70,0x1A,write,0x026,RAM_0x026,direct,1,0x00,0x0014
2.70,0x1A,write,0x027,RAM_0x027,direct,1,0x00,0x0016
2.70,0x1A,write,0x031,RAM_0x031,direct,1,0xD0,0x018B
2.70,0x1A,write,0x038,RAM_0x038,direct,1,0x00,0x0195
2.70,0x1A,write,0x077,RAM_0x077,direct,1,0x00,0x002C
2.70,0x1A,write,0x078,RAM_0x078,direct,1,0x77,0x002E
2.70,0x1A,write,0x079,RAM_0x079,direct,1,0x24,0x0030
2.70,0x1A,write,0x07A,RAM_0x07A,direct,1,0x00,0x0032
2.70,0x1A,write,0x07B,RAM_0x07B,direct,1,0x00,0x0034
2.70,0x1A,write,0x07F,RAM_0x07F,direct,2,0x00,0x0004 0x0039
2.70,0x1A,write,0x0A0,RAM_0x0A0,direct,1,0x1A,0x0DC5
2.70,0x1A,write,0x0C8,RAM_0x0C8,direct,2,0x00 0x1F,0x0E81 0x0EFF
2.70,0x1A,write,0x0CA,RAM_0x0CA,direct,1,0x1A,0x0DBF
2.70,0x1A,write,0x0CB,RAM_0x0CB,direct,2,0x7A 0x7B,0x0DC0 0x0F00
2.70,0x1A,write,0x0D4,RAM_0x0D4,direct,1,0x1A,0x0F4A
2.70,0x1A,write,0x0D5,RAM_0x0D5,direct,1,0x00,0x0F4C
2.70,0x1A,write,0x0D6,RAM_0x0D6,direct,2,0x00 0x1A,0x0777 0x077C
2.70,0x1A,write,0x0D7,RAM_0x0D7,direct,4,0x00 0x01 0xA1,0x02AF 0x02B1
2.70,0x1A,write,0x0D8,RAM_0x0D8,direct,8,0x00 0x01 0x0A 0x1A,0x0299 0x02B3 0x02B8
2.70,0x1A,write,0x0D9,RAM_0x0D9,direct,4,0x30 0x31 0x61,0x02A0 0x02A4
2.70,0x1B,read,0x003,STATUS,direct,65,0x04 0x18 0x1A 0x1C 0x1E 0x38 0x3A 0x3B 0x3C 0x3E 0x3F,0x0005 0x0017 0x0018 0x0196 0x0298 0x029C 0x02A6 0x02AD 0x02B4 0x02B6 0x02B9 0x0775 0x0778 0x077A 0x077D 0x0DBD 0x0DC1 0x0DC4 0x0DC6 0x0DD8 0x0DE8 0x0DF1 0x0E01 0x0E0D 0x0E19 0x0E25 0x0E31 0x0E3A 0x0E43 0x0E4C 0x0E5D 0x0E67 0x0E70 0x0E7C 0x0E7E 0x0E80 0x0E84 0x0E8C 0x0E92 0x0E9A 0x0EA2 0x0EAA 0x0EB7 0x0EE8 0x0EF2 0x0EFC 0x0F03 0x0F0A 0x0F13 0x0F1C 0x0F20 0x0F4E
2.70,0x1B,read,0x004,FSR,direct,1,0xCE,0x000B
2.70,0x1B,read,0x00A,PCLATH,direct,6,0x00 0x08,0x0008 0x0042 0x0043 0x019B 0x019C 0x0F4D
2.70,0x1B,read,0x00B,INTCON,direct,2,0x54,0x0019 0x001B
2.70,0x1B,read,0x00C,PIR1,direct,9,0x59 0x5B,0x0021 0x0027 0x019A 0x02A7 0x0772 0x0780
2.70,0x1B,read,0x020,RAM_0x020,direct,1,0x00,0x0035
2.70,0x1B,read,0x021,RAM_0x021,direct,1,0x81,0x0037
2.70,0x1B,read,0x022,RAM_0x022,direct,1,0xCE,0x0029
2.70,0x1B,read,0x023,RAM_0x023,direct,1,0x00,0x002B
2.70,0x1B,read,0x024,RAM_0x024,direct,1,0x77,0x002D
2.70,0x1B,read,0x025,RAM_0x025,direct,1,0x24,0x002F
2.70,0x1B,read,0x026,RAM_0x026,direct,1,0x00,0x0031
2.70,0x1B,read,0x027,RAM_0x027,direct,1,0x00,0x0033
2.70,0x1B,read,0x031,RAM_0x031,direct,1,0xCF,0x018B
2.70,0x1B,read,0x038,RAM_0x038,direct,1,0x00,0x0195
2.70,0x1B,read,0x03E,RAM_0x03E,direct,1,0x1F,0x0E7F
2.70,0x1B,read,0x04C,RAM_0x04C,direct,1,0x00,0x018F
2.70,0x1B,read,0x051,RAM_0x051,direct,1,0x00,0x0DC2
2.70,0x1B,read,0x077,RAM_0x077,direct,1,0x00,0x000D
2.70,0x1B,read,0x078,RAM_0x078,direct,1,0x77,0x000F
2.70,0x1B,read,0x079,RAM_0x079,direct,1,0x24,0x0011
2.70,0x1B,read,0x07A,RAM_0x07A,direct,1,0x00,0x0013
2.70,0x1B,read,0x07B,RAM_0x07B,direct,1,0x00,0x0015
2.70,0x1B,read,0x07F,RAM_0x07F,direct,2,0x00,0x0039 0x003A
2.70,0x1B,read,0x08C,PIE1,indirect,2,0x22,0x001F 0x0025
2.70,0x1B,read,0x0A0,RAM_0x0A0,direct,34,0x1B,0x0DBE 0x0DC5 0x0DCD 0x0DD6 0x0DE6 0x0DEF 0x0DFF 0x0E0B 0x0E17 0x0E23 0x0E2F 0x0E38 0x0E41 0x0E4A 0x0E5B 0x0E65 0x0E6E 0x0E7A 0x0E82 0x0E8A 0x0E90 0x0E98 0x0EA0 0x0EA8 0x0EB5 0x0EE6 0x0EF0 0x0EFA 0x0F01 0x0F08 0x0F11 0x0F1A 0x0F1E 0x0F49
2.70,0x1B,read,0x0C6,RAM_0x0C6,direct,1,0x00,0x0F05
2.70,0x1B,read,0x0C8,RAM_0x0C8,direct,1,0x00,0x0F4B
2.70,0x1B,read,0x0CB,RAM_0x0CB,direct,3,0x7A 0x7B,0x0DC0 0x0F07 0x0F3E
2.70,0x1B,read,0x0D4,RAM_0x0D4,direct,1,0x1B,0x0776
2.70,0x1B,read,0x0D5,RAM_0x0D5,direct,1,0x00,0x077B
2.70,0x1B,read,0x0D6,RAM_0x0D6,direct,4,0x00 0x1B,0x02AE 0x02B7
2.70,0x1B,read,0x0D7,RAM_0x0D7,direct,4,0x00 0x01 0xB1,0x02B1 0x02B2
2.70,0x1B,read,0x0D8,RAM_0x0D8,direct,12,0x00 0x01 0x0B 0x1B,0x0299 0x029A 0x029F 0x02A3
2.70,0x1B,read,0x0D9,RAM_0x0D9,direct,4,0x30 0x31 0x62,0x02A5
2.70,0x1B,write,0x003,STATUS,direct,30,0x00 0x04 0x18 0x1A 0x1C 0x1E 0x38 0x3A 0x3C 0x3E,0x0006 0x0017 0x0018 0x0038 0x0298 0x02A6 0x02AD 0x02B4 0x02B6 0x02B9 0x0775 0x0778 0x077A 0x077D 0x0DBD 0x0DC1 0x0DC4 0x0E7E 0x0E80 0x0F4E
2.70,0x1B,write,0x004,FSR,direct,3,0x8C 0xCE,0x001E 0x0024 0x002A
2.70,0x1B,write,0x00A,PCLATH,direct,7,0x00,0x000A 0x0036 0x0042 0x0043 0x019B 0x019C 0x0F4D
2.70,0x1B,write,0x00C,PIR1,direct,1,0x59,0x019A
2.70,0x1B,write,0x019,TXREG,direct,6,0x0A 0x30 0x31 0x54 0x62,0x02AB 0x0774 0x0782
2.70,0x1B,write,0x020,RAM_0x020,direct,1,0x00,0x0009
2.70,0x1B,write,0x021,RAM_0x021,direct,1,0x81,0x0007
2.70,0x1B,write,0x022,RAM_0x022,direct,1,0xCE,0x000C
2.70,0x1B,write,0x023,RAM_0x023,direct,1,0x00,0x000E
2.70,0x1B,write,0x024,RAM_0x024,direct,1,0x77,0x0010
2.70,0x1B,write,0x025,RAM_0x025,direct,1,0x24,0x0012
2.70,0x1B,write,0x026,RAM_0x026,direct,1,0x00,0x0014
2.70,0x1B,write,0x027,RAM_0x027,direct,1,0x00,0x0016
2.70,0x1B,write,0x031,RAM_0x031,direct,1,0xD0,0x018B
2.70,0x1B,write,0x038,RAM_0x038,direct,1,0x00,0x0195
2.70,0x1B,write,0x077,RAM_0x077,direct,1,0x00,0x002C
2.70,0x1B,write,0x078,RAM_0x078,direct,1,0x77,0x002E
2.70,0x1B,write,0x079,RAM_0x079,direct,1,0x24,0x0030
2.70,0x1B,write,0x07A,RAM_0x07A,direct,1,0x00,0x0032
2.70,0x1B,write,0x07B,RAM_0x07B,direct,1,0x00,0x0034
2.70,0x1B,write,0x07F,RAM_0x07F,direct,2,0x00,0x0004 0x0039
2.70,0x1B,write,0x0A0,RAM_0x0A0,direct,1,0x1B,0x0DC5
2.70,0x1B,write,0x0C8,RAM_0x0C8,direct,2,0x00 0x1F,0x0E81 0x0F06
2.70,0x1B,write,0x0CA,RAM_0x0CA,direct,1,0x1B,0x0DBF
2.70,0x1B,write,0x0CB,RAM_0x0CB,direct,2,0x7A 0x7B,0x0DC0 0x0F07
2.70,0x1B,write,0x0D4,RAM_0x0D4,direct,1,0x1B,0x0F4A
2.70,0x1B,write,0x0D5,RAM_0x0D5,direct,1,0x00,0x0F4C
2.70,0x1B,write,0x0D6,RAM_0x0D6,direct,2,0x00 0x1B,0x0777 0x077C
2.70,0x1B,write,0x0D7,RAM_0x0D7,direct,4,0x00 0x01 0xB1,0x02AF 0x02B1
2.70,0x1B,write,0x0D8,RAM_0x0D8,direct,8,0x00 0x01 0x0B 0x1B,0x0299 0x02B3 0x02B8
2.70,0x1B,write,0x0D9,RAM_0x0D9,direct,4,0x30 0x31 0x62,0x02A0 0x02A4
2.70,0x1C,read,0x003,STATUS,direct,67,0x04 0x18 0x1A 0x1B 0x38 0x3A 0x3B 0x3F,0x0005 0x0017 0x0018 0x0196 0x0298 0x029C 0x02A6 0x02AD 0x02B4 0x02B6 0x02B9 0x0775 0x0778 0x077A 0x077D 0x0DBD 0x0DC1 0x0DC4 0x0DC6 0x0DD8 0x0DE8 0x0DF1 0x0E01 0x0E0D 0x0E19 0x0E25 0x0E31 0x0E3A 0x0E43 0x0E4C 0x0E5D 0x0E67 0x0E70 0x0E7C 0x0E7E 0x0E80 0x0E84 0x0E8C 0x0E92 0x0E9A 0x0EA2 0x0EAA 0x0EB7 0x0EE8 0x0EF2 0x0EFC 0x0F03 0x0F0A 0x0F0C 0x0F0E 0x0F13 0x0F1C 0x0F20 0x0F4E
2.70,0x1C,read,0x004,FSR,direct,1,0xCE,0x000B
2.70,0x1C,read,0x00A,PCLATH,direct,6,0x00 0x08,0x0008 0x0042 0x0043 0x019B 0x019C 0x0F4D
2.70,0x1C,read,0x00B,INTCON,direct,2,0x54,0x0019 0x001B
2.70,0x1C,read,0x00C,PIR1,direct,9,0x59 0x5B,0x0021 0x0027 0x019A 0x02A7 0x0772 0x0780
2.70,0x1C,read,0x020,RAM_0x020,direct,1,0x00,0x0035
2.70,0x1C,read,0x021,RAM_0x021,direct,1,0x81,0x0037
2.70,0x1C,read,0x022,RAM_0x022,direct,1,0xCE,0x0029
2.70,0x1C,read,0x023,RAM_0x023,direct,1,0x00,0x002B
2.70,0x1C,read,0x024,RAM_0x024,direct,1,0x77,0x002D
2.70,0x1C,read,0x025,RAM_0x025,direct,1,0x24,0x002F
2.70,0x1C,read,0x026,RAM_0x026,direct,1,0x00,0x0031
2.70,0x1C,read,0x027,RAM_0x027,direct,1,0x00,0x0033
2.70,0x1C,read,0x031,RAM_0x031,direct,1,0xCF,0x018B
2.70,0x1C,read,0x038,RAM_0x038,direct,1,0x00,0x0195
2.70,0x1C,read,0x03E,RAM_0x03E,direct,1,0x1F,0x0E7F
2.70,0x1C,read,0x040,RAM_0x040,direct,1,0x24,0x0F0D
2.70,0x1C,read,0x04C,RAM_0x04C,direct,1,0x00,0x018F
2.70,0x1C,read,0x051,RAM_0x051,direct,1,0x00,0x0DC2
2.70,0x1C,read,0x077,RAM_0x077,direct,1,0x00,0x000D
2.70,0x1C,read,0x078,RAM_0x078,direct,1,0x77,0x000F
2.70,0x1C,read,0x079,RAM_0x079,direct,1,0x24,0x0011
2.70,0x1C,read,0x07A,RAM_0x07A,direct,1,0x00,0x0013
2.70,0x1C,read,0x07B,RAM_0x07B,direct,1,0x00,0x0015
2.70,0x1C,read,0x07F,RAM_0x07F,direct,2,0x13 0x31,0x0039 0x003A
2.70,0x1C,read,0x08C,PIE1,indirect,2,0x22,0x001F 0x0025
2.70,0x1C,read,0x0A0,RAM_0x0A0,direct,34,0x1C,0x0DBE 0x0DC5 0x0DCD 0x0DD6 0x0DE6 0x0DEF 0x0DFF 0x0E0B 0x0E17 0x0E23 0x0E2F 0x0E38 0x0E41 0x0E4A 0x0E5B 0x0E65 0x0E6E 0x0E7A 0x0E82 0x0E8A 0x0E90 0x0E98 0x0EA0 0x0EA8 0x0EB5 0x0EE6 0x0EF0 0x0EFA 0x0F01 0x0F08 0x0F11 0x0F1A 0x0F1E 0x0F49
2.70,0x1C,read,0x0C8,RAM_0x0C8,direct,1,0x24,0x0F4B
2.70,0x1C,read,0x0CB,RAM_0x0CB,direct,3,0x7A 0x7B,0x0DC0 0x0F10 0x0F3E
2.70,0x1C,read,0x0D4,RAM_0x0D4,direct,1,0x1C,0x0776
2.70,0x1C,read,0x0D5,RAM_0x0D5,direct,1,0x24,0x077B
2.70,0x1C,read,0x0D6,RAM_0x0D6,direct,4,0x1C 0x24,0x02AE 0x02B7
2.70,0x1C,read,0x0D7,RAM_0x0D7,direct,4,0x01 0x02 0x42 0xC1,0x02B1 0x02B2
2.70,0x1C,read,0x0D8,RAM_0x0D8,direct,12,0x01 0x02 0x04 0x0C 0x1C 0x24,0x0299 0x029A 0x029F 0x02A3
2.70,0x1C,read,0x0D9,RAM_0x0D9,direct,4,0x31 0x32 0x34 0x63,0x02A5
2.70,0x1C,write,0x003,STATUS,direct,32,0x00 0x04 0x18 0x1A 0x1F 0x38 0x3A 0x3B,0x0006 0x0017 0x0018 0x0038 0x0298 0x02A6 0x02AD 0x02B4 0x02B6 0x02B9 0x0775 0x0778 0x077A 0x077D 0x0DBD 0x0DC1 0x0DC4 0x0E7E 0x0E80 0x0F0C 0x0F0E 0x0F4E
2.70,0x1C,write,0x004,FSR,direct,3,0x8C 0xCE,0x001E 0x0024 0x002A
2.70,0x1C,write,0x00A,PCLATH,direct,7,0x00,0x000A 0x0036 0x0042 0x0043 0x019B 0x019C 0x0F4D
2.70,0x1C,write,0x00C,PIR1,direct,1,0x59,0x019A
2.70,0x1C,write,0x019,TXREG,direct,6,0x0A 0x31 0x32 0x34 0x54 0x63,0x02AB 0x0774 0x0782
2.70,0x1C,write,0x020,RAM_0x020,direct,1,0x00,0x0009
2.70,0x1C,write,0x021,RAM_0x021,direct,1,0x81,0x0007
2.70,0x1C,write,0x022,RAM_0x022,direct,1,0xCE,0x000C
2.70,0x1C,write,0x023,RAM_0x023,direct,1,0x00,0x000E
2.70,0x1C,write,0x024,RAM_0x024,direct,1,0x77,0x0010
2.70,0x1C,write,0x025,RAM_0x025,direct,1,0x24,0x0012
2.70,0x1C,write,0x026,RAM_0x026,direct,1,0x00,0x0014
2.70,0x1C,write,0x027,RAM_0x027,direct,1,0x00,0x0016
2.70,0x1C,write,0x031,RAM_0x031,direct,1,0xD0,0x018B
2.70,0x1C,write,0x038,RAM_0x038,direct,1,0x00,0x0195
2.70,0x1C,write,0x077,RAM_0x077,direct,1,0x00,0x002C
2.70,0x1C,write,0x078,RAM_0x078,direct,1,0x77,0x002E
2.70,0x1C,write,0x079,RAM_0x079,direct,1,0x24,0x0030
2.70,0x1C,write,0x07A,RAM_0x07A,direct,1,0x00,0x0032
2.70,0x1C,write,0x07B,RAM_0x07B,direct,1,0x00,0x0034
2.70,0x1C,write,0x07F,RAM_0x07F,direct,2,0x13 0x31,0x0004 0x0039
2.70,0x1C,write,0x0A0,RAM_0x0A0,direct,1,0x1C,0x0DC5
2.70,0x1C,write,0x0C8,RAM_0x0C8,direct,2,0x1F 0x24,0x0E81 0x0F0F
2.70,0x1C,write,0x0CA,RAM_0x0CA,direct,1,0x1C,0x0DBF
2.70,0x1C,write,0x0CB,RAM_0x0CB,direct,2,0x7A 0x7B,0x0DC0 0x0F10
2.70,0x1C,write,0x0D4,RAM_0x0D4,direct,1,0x1C,0x0F4A
2.70,0x1C,write,0x0D5,RAM_0x0D5,direct,1,0x24,0x0F4C
2.70,0x1C,write,0x0D6,RAM_0x0D6,direct,2,0x1C 0x24,0x0777 0x077C
2.70,0x1C,write,0x0D7,RAM_0x0D7,direct,4,0x01 0x02 0x42 0xC1,0x02AF 0x02B1
2.70,0x1C,write,0x0D8,RAM_0x0D8,direct,8,0x01 0x02 0x04 0x0C 0x1C 0x24,0x0299 0x02B3 0x02B8
2.70,0x1C,write,0x0D9,RAM_0x0D9,direct,4,0x31 0x32 0x34 0x63,0x02A0 0x02A4
2.70,0x1D,read,0x003,STATUS,direct,67,0x04 0x18 0x1A 0x1B 0x38 0x3A 0x3B 0x3F,0x0005 0x0017 0x0018 0x0196 0x0298 0x029C 0x02A6 0x02AD 0x02B4 0x02B6 0x02B9 0x0775 0x0778 0x077A 0x077D 0x0DBD 0x0DC1 0x0DC4 0x0DC6 0x0DD8 0x0DE8 0x0DF1 0x0E01 0x0E0D 0x0E19 0x0E25 0x0E31 0x0E3A 0x0E43 0x0E4C 0x0E5D 0x0E67 0x0E70 0x0E7C 0x0E7E 0x0E80 0x0E84 0x0E8C 0x0E92 0x0E9A 0x0EA2 0x0EAA 0x0EB7 0x0EE8 0x0EF2 0x0EFC 0x0F03 0x0F0A 0x0F13 0x0F15 0x0F17 0x0F1C 0x0F20 0x0F4E
2.70,0x1D,read,0x004,FSR,direct,1,0xCE,0x000B
2.70,0x1D,read,0x00A,PCLATH,direct,6,0x00 0x08,0x0008 0x0042 0x0043 0x019B 0x019C 0x0F4D
2.70,0x1D,read,0x00B,INTCON,direct,2,0x54,0x0019 0x001B
2.70,0x1D,read,0x00C,PIR1,direct,9,0x59 0x5B,0x0021 0x0027 0x019A 0x02A7 0x0772 0x0780
2.70,0x1D,read,0x020,RAM_0x020,direct,1,0x00,0x0035
2.70,0x1D,read,0x021,RAM_0x021,direct,1,0x81,0x0037
2.70,0x1D,read,0x022,RAM_0x022,direct,1,0xCE,0x0029
2.70,0x1D,read,0x023,RAM_0x023,direct,1,0x00,0x002B
2.70,0x1D,read,0x024,RAM_0x024,direct,1,0x77,0x002D
2.70,0x1D,read,0x025,RAM_0x025,direct,1,0x24,0x002F
2.70,0x1D,read,0x026,RAM_0x026,direct,1,0x00,0x0031
2.70,0x1D,read,0x027,RAM_0x027,direct,1,0x00,0x0033
2.70,0x1D,read,0x031,RAM_0x031,direct,1,0xCF,0x018B
2.70,0x1D,read,0x038,RAM_0x038,direct,1,0x00,0x0195
2.70,0x1D,read,0x03E,RAM_0x03E,direct,1,0x1F,0x0E7F
2.70,0x1D,read,0x03F,RAM_0x03F,direct,1,0x2C,0x0F16
2.70,0x1D,read,0x04C,RAM_0x04C,direct,1,0x00,0x018F
2.70,0x1D,read,0x051,RAM_0x051,direct,1,0x00,0x0DC2
2.70,0x1D,read,0x077,RAM_0x077,direct,1,0x00,0x000D
2.70,0x1D,read,0x078,RAM_0x078,direct,1,0x77,0x000F
2.70,0x1D,read,0x079,RAM_0x079,direct,1,0x24,0x0011
2.70,0x1D,read,0x07A,RAM_0x07A,direct,1,0x00,0x0013
2.70,0x1D,read,0x07B,RAM_0x07B,direct,1,0x00,0x0015
2.70,0x1D,read,0x07F,RAM_0x07F,direct,2,0x13 0x31,0x0039 0x003A
2.70,0x1D,read,0x08C,PIE1,indirect,2,0x22,0x001F 0x0025
2.70,0x1D,read,0x0A0,RAM_0x0A0,direct,34,0x1D,0x0DBE 0x0DC5 0x0DCD 0x0DD6 0x0DE6 0x0DEF 0x0DFF 0x0E0B 0x0E17 0x0E23 0x0E2F 0x0E38 0x0E41 0x0E4A 0x0E5B 0x0E65 0x0E6E 0x0E7A 0x0E82 0x0E8A 0x0E90 0x0E98 0x0EA0 0x0EA8 0x0EB5 0x0EE6 0x0EF0 0x0EFA 0x0F01 0x0F08 0x0F11 0x0F1A 0x0F1E 0x0F49
2.70,0x1D,read,0x0C8,RAM_0x0C8,direct,1,0x2C,0x0F4B
2.70,0x1D,read,0x0CB,RAM_0x0CB,direct,3,0x7A 0x7B,0x0DC0 0x0F19 0x0F3E
2.70,0x1D,read,0x0D4,RAM_0x0D4,direct,1,0x1D,0x0776
2.70,0x1D,read,0x0D5,RAM_0x0D5,direct,1,0x2C,0x077B
2.70,0x1D,read,0x0D6,RAM_0x0D6,direct,4,0x1D 0x2C,0x02AE 0x02B7
2.70,0x1D,read,0x0D7,RAM_0x0D7,direct,4,0x01 0x02 0xC2 0xD1,0x02B1 0x02B2
2.70,0x1D,read,0x0D8,RAM_0x0D8,direct,12,0x01 0x02 0x0C 0x0D 0x1D 0x2C,0x0299 0x029A 0x029F 0x02A3
2.70,0x1D,read,0x0D9,RAM_0x0D9,direct,4,0x31 0x32 0x63 0x64,0x02A5
2.70,0x1D,write,0x003,STATUS,direct,32,0x00 0x04 0x18 0x1A 0x1F 0x38 0x3A 0x3B,0x0006 0x0017 0x0018 0x0038 0x0298 0x02A6 0x02AD 0x02B4 0x02B6 0x02B9 0x0775 0x0778 0x077A 0x077D 0x0DBD 0x0DC1 0x0DC4 0x0E7E 0x0E80 0x0F15 0x0F17 0x0F4E
2.70,0x1D,write,0x004,FSR,direct,3,0x8C 0xCE,0x001E 0x0024 0x002A
2.70,0x1D,write,0x00A,PCLATH,direct,7,0x00,0x000A 0x0036 0x0042 0x0043 0x019B 0x019C 0x0F4D
2.70,0x1D,write,0x00C,PIR1,direct,1,0x59,0x019A
2.70,0x1D,write,0x019,TXREG,direct,6,0x0A 0x31 0x32 0x54 0x63 0x64,0x02AB 0x0774 0x0782
2.70,0x1D,write,0x020,RAM_0x020,direct,1,0x00,0x0009
2.70,0x1D,write,0x021,RAM_0x021,direct,1,0x81,0x0007
2.70,0x1D,write,0x022,RAM_0x022,direct,1,0xCE,0x000C
2.70,0x1D,write,0x023,RAM_0x023,direct,1,0x00,0x000E
2.70,0x1D,write,0x024,RAM_0x024,direct,1,0x77,0x0010
2.70,0x1D,write,0x025,RAM_0x025,direct,1,0x24,0x0012
2.70,0x1D,write,0x026,RAM_0x026,direct,1,0x00,0x0014
2.70,0x1D,write,0x027,RAM_0x027,direct,1,0x00,0x0016
2.70,0x1D,write,0x031,RAM_0x031,direct,1,0xD0,0x018B
2.70,0x1D,write,0x038,RAM_0x038,direct,1,0x00,0x0195
2.70,0x1D,write,0x077,RAM_0x077,direct,1,0x00,0x002C
2.70,0x1D,write,0x078,RAM_0x078,direct,1,0x77,0x002E
2.70,0x1D,write,0x079,RAM_0x079,direct,1,0x24,0x0030
2.70,0x1D,write,0x07A,RAM_0x07A,direct,1,0x00,0x0032
2.70,0x1D,write,0x07B,RAM_0x07B,direct,1,0x00,0x0034
2.70,0x1D,write,0x07F,RAM_0x07F,direct,2,0x13 0x31,0x0004 0x0039
2.70,0x1D,write,0x0A0,RAM_0x0A0,direct,1,0x1D,0x0DC5
2.70,0x1D,write,0x0C8,RAM_0x0C8,direct,2,0x1F 0x2C,0x0E81 0x0F18
2.70,0x1D,write,0x0CA,RAM_0x0CA,direct,1,0x1D,0x0DBF
2.70,0x1D,write,0x0CB,RAM_0x0CB,direct,2,0x7A 0x7B,0x0DC0 0x0F19
2.70,0x1D,write,0x0D4,RAM_0x0D4,direct,1,0x1D,0x0F4A
2.70,0x1D,write,0x0D5,RAM_0x0D5,direct,1,0x2C,0x0F4C
2.70,0x1D,write,0x0D6,RAM_0x0D6,direct,2,0x1D 0x2C,0x0777 0x077C
2.70,0x1D,write,0x0D7,RAM_0x0D7,direct,4,0x01 0x02 0xC2 0xD1,0x02AF 0x02B1
2.70,0x1D,write,0x0D8,RAM_0x0D8,direct,8,0x01 0x02 0x0C 0x0D 0x1D 0x2C,0x0299 0x02B3 0x02B8
2.70,0x1D,write,0x0D9,RAM_0x0D9,direct,4,0x31 0x32 0x63 0x64,0x02A0 0x02A4
2.71,0x00,read,0x003,STATUS,direct,93,0x04 0x18 0x1C 0x1F 0x38 0x3B 0x3C 0x3F,0x0005 0x0017 0x0018 0x0196 0x0298 0x029C 0x02A6 0x02AD 0x02B4 0x02B6 0x02B9 0x02C6 0x02C9 0x02CB 0x02CE 0x0775 0x0778 0x077A 0x077D 0x0DA6 0x0DAA 0x0DAD 0x0DAF 0x0DC1 0x0DD1 0x0DDA 0x0DEA 0x0DF6 0x0E02 0x0E0B 0x0E17 0x0E20 0x0E29 0x0E32 0x0E43 0x0E4D 0x0E56 0x0E62 0x0E6A 0x0E72 0x0E78 0x0E80 0x0E88 0x0E90 0x0E98 0x0EA0 0x0EA9 0x0EB3 0x0EBA 0x0EC1 0x0ECA 0x0ED3 0x0F02 0x0F10 0x0F13 0x0F19
2.71,0x00,read,0x004,FSR,direct,2,0xCE,0x000B
2.71,0x00,read,0x00A,PCLATH,direct,13,0x00 0x08,0x0008 0x0042 0x0043 0x019B 0x019C 0x0F0F 0x0F12 0x0F18
2.71,0x00,read,0x00B,INTCON,direct,4,0x54,0x0019 0x001B
2.71,0x00,read,0x00C,PIR1,direct,19,0x59 0x5B,0x0021 0x0027 0x019A 0x02A7 0x02BF 0x02C3 0x02D1 0x0772 0x0780
2.71,0x00,read,0x020,RAM_0x020,direct,2,0x00,0x0035
2.71,0x00,read,0x021,RAM_0x021,direct,2,0x81,0x0037
2.71,0x00,read,0x022,RAM_0x022,direct,2,0xCE,0x0029
2.71,0x00,read,0x023,RAM_0x023,direct,2,0x00,0x002B
2.71,0x00,read,0x024,RAM_0x024,direct,2,0x77,0x002D
2.71,0x00,read,0x025,RAM_0x025,direct,2,0x24,0x002F
2.71,0x00,read,0x026,RAM_0x026,direct,2,0x00,0x0031
2.71,0x00,read,0x027,RAM_0x027,direct,2,0x00,0x0033
2.71,0x00,read,0x031,RAM_0x031,direct,2,0xCF 0xD0,0x018B
2.71,0x00,read,0x038,RAM_0x038,direct,2,0x00,0x0195
2.71,0x00,read,0x04C,RAM_0x04C,direct,2,0x00,0x018F
2.71,0x00,read,0x051,RAM_0x051,direct,2,0x00,0x02BC 0x0DAB
2.71,0x00,read,0x077,RAM_0x077,direct,2,0x00,0x000D
2.71,0x00,read,0x078,RAM_0x078,direct,2,0x77,0x000F
2.71,0x00,read,0x079,RAM_0x079,direct,2,0x24,0x0011
2.71,0x00,read,0x07A,RAM_0x07A,direct,2,0x00,0x0013
2.71,0x00,read,0x07B,RAM_0x07B,direct,2,0x00,0x0015
2.71,0x00,read,0x07E,RAM_0x07E,direct,1,0x0F,0x0DB4
2.71,0x00,read,0x07F,RAM_0x07F,direct,4,0x03 0x13 0x30 0x31,0x0039 0x003A
2.71,0x00,read,0x08C,PIE1,indirect,4,0x22,0x001F 0x0025
2.71,0x00,read,0x0A0,RAM_0x0A0,direct,34,0x00,0x0DA7 0x0DAE 0x0DB6 0x0DBF 0x0DCF 0x0DD8 0x0DE8 0x0DF4 0x0E00 0x0E09 0x0E15 0x0E1E 0x0E27 0x0E30 0x0E41 0x0E4B 0x0E54 0x0E60 0x0E68 0x0E70 0x0E76 0x0E7E 0x0E86 0x0E8E 0x0E96 0x0E9E 0x0EA7 0x0EB1 0x0EB8 0x0EBF 0x0EC8 0x0ED1 0x0F00 0x0F14
2.71,0x00,read,0x0A2,RAM_0x0A2,direct,1,0x41,0x0DB1
2.71,0x00,read,0x0C8,RAM_0x0C8,direct,1,0x41,0x0F16
2.71,0x00,read,0x0C9,RAM_0x0C9,direct,1,0x00,0x0F0D
2.71,0x00,read,0x0CA,RAM_0x0CA,direct,1,0x00,0x0F0B
2.71,0x00,read,0x0CB,RAM_0x0CB,direct,2,0x7A,0x0DA9 0x0F09
2.71,0x00,read,0x0D3,RAM_0x0D3,direct,1,0x00,0x02C7
2.71,0x00,read,0x0D4,RAM_0x0D4,direct,2,0x00,0x02CC 0x0776
2.71,0x00,read,0x0D5,RAM_0x0D5,direct,1,0x41,0x077B
2.71,0x00,read,0x0D6,RAM_0x0D6,direct,8,0x00 0x41,0x02AE 0x02B7
2.71,0x00,read,0x0D7,RAM_0x0D7,direct,8,0x00 0x04 0x14,0x02B1 0x02B2
2.71,0x00,read,0x0D8,RAM_0x0D8,direct,24,0x00 0x01 0x04 0x41,0x0299 0x029A 0x02A3
2.71,0x00,read,0x0D9,RAM_0x0D9,direct,8,0x30 0x31 0x34,0x02A5
2.71,0x00,write,0x003,STATUS,direct,54,0x00 0x04 0x18 0x1C 0x1F 0x38 0x3C 0x3F,0x0006 0x0017 0x0018 0x0038 0x0298 0x02A6 0x02AD 0x02B4 0x02B6 0x02B9 0x02C6 0x02C9 0x02CB 0x02CE 0x0775 0x0778 0x077A 0x077D 0x0DA6 0x0DAA 0x0DAD 0x0F10 0x0F13 0x0F19
2.71,0x00,write,0x004,FSR,direct,6,0x8C 0xCE,0x001E 0x0024 0x002A
2.71,0x00,write,0x00A,PCLATH,direct,15,0x00 0x08,0x000A 0x0036 0x0042 0x0043 0x019B 0x019C 0x0F0F 0x0F12 0x0F18
2.71,0x00,write,0x00C,PIR1,direct,2,0x59,0x019A
2.71,0x00,write,0x019,TXREG,direct,13,0x0A 0x30 0x31 0x34 0x44 0x54 0x57,0x02AB 0x02C1 0x02C5 0x02D3 0x0774 0x0782
2.71,0x00,write,0x020,RAM_0x020,direct,2,0x00,0x0009
2.71,0x00,write,0x021,RAM_0x021,direct,2,0x81,0x0007
2.71,0x00,write,0x022,RAM_0x022,direct,2,0xCE,0x000C
2.71,0x00,write,0x023,RAM_0x023,direct,2,0x00,0x000E
2.71,0x00,write,0x024,RAM_0x024,direct,2,0x77,0x0010
2.71,0x00,write,0x025,RAM_0x025,direct,2,0x24,0x0012
2.71,0x00,write,0x026,RAM_0x026,direct,2,0x00,0x0014
2.71,0x00,write,0x027,RAM_0x027,direct,2,0x00,0x0016
2.71,0x00,write,0x031,RAM_0x031,direct,2,0xD0 0xD1,0x018B
2.71,0x00,write,0x038,RAM_0x038,direct,2,0x00,0x0195
2.71,0x00,write,0x077,RAM_0x077,direct,2,0x00,0x002C
2.71,0x00,write,0x078,RAM_0x078,direct,2,0x77,0x002E
2.71,0x00,write,0x079,RAM_0x079,direct,2,0x24,0x0030
2.71,0x00,write,0x07A,RAM_0x07A,direct,2,0x00,0x0032
2.71,0x00,write,0x07B,RAM_0x07B,direct,2,0x00,0x0034
2.71,0x00,write,0x07F,RAM_0x07F,direct,4,0x03 0x13 0x30 0x31,0x0004 0x0039
2.71,0x00,write,0x0A0,RAM_0x0A0,direct,1,0x00,0x0DAE
2.71,0x00,write,0x0C8,RAM_0x0C8,direct,1,0x41,0x0DB2
2.71,0x00,write,0x0C9,RAM_0x0C9,direct,1,0x00,0x0DB3
2.71,0x00,write,0x0CA,RAM_0x0CA,direct,1,0x00,0x0DA8
2.71,0x00,write,0x0CB,RAM_0x0CB,direct,1,0x7A,0x0DA9
2.71,0x00,write,0x0D3,RAM_0x0D3,direct,1,0x00,0x0F0C
2.71,0x00,write,0x0D4,RAM_0x0D4,direct,2,0x00,0x0F0E 0x0F15
2.71,0x00,write,0x0D5,RAM_0x0D5,direct,1,0x41,0x0F17
2.71,0x00,write,0x0D6,RAM_0x0D6,direct,4,0x00 0x41,0x02C8 0x02CD 0x0777 0x077C
2.71,0x00,write,0x0D7,RAM_0x0D7,direct,8,0x00 0x04 0x14,0x02AF 0x02B1
2.71,0x00,write,0x0D8,RAM_0x0D8,direct,16,0x00 0x01 0x04 0x41,0x0299 0x02B3 0x02B8
2.71,0x00,write,0x0D9,RAM_0x0D9,direct,8,0x30 0x31 0x34,0x02A4
2.71,0x01,read,0x003,STATUS,direct,95,0x04 0x18 0x1B 0x1C 0x1F 0x38 0x3B 0x3C 0x3F,0x0005 0x0017 0x0018 0x0196 0x0298 0x029C 0x02A6 0x02AD 0x02B4 0x02B6 0x02B9 0x02C6 0x02C9 0x02CB 0x02CE 0x0775 0x0778 0x077A 0x077D 0x0DA6 0x0DAA 0x0DAD 0x0DAF 0x0DB8 0x0DBA 0x0DC1 0x0DD1 0x0DDA 0x0DEA 0x0DF6 0x0E02 0x0E0B 0x0E17 0x0E20 0x0E29 0x0E32 0x0E43 0x0E4D 0x0E56 0x0E62 0x0E6A 0x0E72 0x0E78 0x0E80 0x0E88 0x0E90 0x0E98 0x0EA0 0x0EA9 0x0EB3 0x0EBA 0x0EC1 0x0ECA 0x0ED3 0x0F02 0x0F10 0x0F13 0x0F19
2.71,0x01,read,0x004,FSR,direct,2,0xCE,0x000B
2.71,0x01,read,0x00A,PCLATH,direct,13,0x00 0x08,0x0008 0x0042 0x0043 0x019B 0x019C 0x0F0F 0x0F12 0x0F18
2.71,0x01,read,0x00B,INTCON,direct,4,0x54,0x0019 0x001B
2.71,0x01,read,0x00C,PIR1,direct,19,0x59 0x5B,0x0021 0x0027 0x019A 0x02A7 0x02BF 0x02C3 0x02D1 0x0772 0x0780
2.71,0x01,read,0x020,RAM_0x020,direct,2,0x00,0x0035
2.71,0x01,read,0x021,RAM_0x021,direct,2,0x81 0x83,0x0037
2.71,0x01,read,0x022,RAM_0x022,direct,2,0xCE,0x0029
2.71,0x01,read,0x023,RAM_0x023,direct,2,0x00,0x002B
2.71,0x01,read,0x024,RAM_0x024,direct,2,0x77,0x002D
2.71,0x01,read,0x025,RAM_0x025,direct,2,0x24,0x002F
2.71,0x01,read,0x026,RAM_0x026,direct,2,0x00,0x0031
2.71,0x01,read,0x027,RAM_0x027,direct,2,0x00,0x0033
2.71,0x01,read,0x031,RAM_0x031,direct,2,0xCF 0xD0,0x018B
2.71,0x01,read,0x038,RAM_0x038,direct,2,0x00,0x0195
2.71,0x01,read,0x04C,RAM_0x04C,direct,2,0x00,0x018F
2.71,0x01,read,0x051,RAM_0x051,direct,2,0x00,0x02BC 0x0DAB
2.71,0x01,read,0x057,RAM_0x057,direct,1,0x00,0x0DB9
2.71,0x01,read,0x077,RAM_0x077,direct,2,0x00,0x000D
2.71,0x01,read,0x078,RAM_0x078,direct,2,0x77,0x000F
2.71,0x01,read,0x079,RAM_0x079,direct,2,0x24,0x0011
2.71,0x01,read,0x07A,RAM_0x07A,direct,2,0x00,0x0013
2.71,0x01,read,0x07B,RAM_0x07B,direct,2,0x00,0x0015
2.71,0x01,read,0x07E,RAM_0x07E,direct,1,0x0F,0x0DBD
2.71,0x01,read,0x07F,RAM_0x07F,direct,4,0x03 0x30,0x0039 0x003A
2.71,0x01,read,0x08C,PIE1,indirect,4,0x22,0x001F 0x0025
2.71,0x01,read,0x0A0,RAM_0x0A0,direct,34,0x01,0x0DA7 0x0DAE 0x0DB6 0x0DBF 0x0DCF 0x0DD8 0x0DE8 0x0DF4 0x0E00 0x0E09 0x0E15 0x0E1E 0x0E27 0x0E30 0x0E41 0x0E4B 0x0E54 0x0E60 0x0E68 0x0E70 0x0E76 0x0E7E 0x0E86 0x0E8E 0x0E96 0x0E9E 0x0EA7 0x0EB1 0x0EB8 0x0EBF 0x0EC8 0x0ED1 0x0F00 0x0F14
2.71,0x01,read,0x0C8,RAM_0x0C8,direct,1,0x00,0x0F16
2.71,0x01,read,0x0C9,RAM_0x0C9,direct,1,0x00,0x0F0D
2.71,0x01,read,0x0CA,RAM_0x0CA,direct,1,0x01,0x0F0B
2.71,0x01,read,0x0CB,RAM_0x0CB,direct,2,0x7A,0x0DA9 0x0F09
2.71,0x01,read,0x0D3,RAM_0x0D3,direct,1,0x01,0x02C7
2.71,0x01,read,0x0D4,RAM_0x0D4,direct,2,0x00 0x01,0x02CC 0x0776
2.71,0x01,read,0x0D5,RAM_0x0D5,direct,1,0x00,0x077B
2.71,0x01,read,0x0D6,RAM_0x0D6,direct,8,0x00 0x01,0x02AE 0x02B7
2.71,0x01,read,0x0D7,RAM_0x0D7,direct,8,0x00 0x10,0x02B1 0x02B2
2.71,0x01,read,0x0D8,RAM_0x0D8,direct,24,0x00 0x01,0x0299 0x029A 0x02A3
2.71,0x01,read,0x0D9,RAM_0x0D9,direct,8,0x30 0x31,0x02A5
2.71,0x01,write,0x003,STATUS,direct,56,0x00 0x04 0x18 0x1B 0x1C 0x1F 0x38 0x3B 0x3C 0x3F,0x0006 0x0017 0x0018 0x0038 0x0298 0x02A6 0x02AD 0x02B4 0x02B6 0x02B9 0x02C6 0x02C9 0x02CB 0x02CE 0x0775 0x0778 0x077A 0x077D 0x0DA6 0x0DAA 0x0DAD 0x0DB8 0x0DBA 0x0F10 0x0F13 0x0F19
2.71,0x01,write,0x004,FSR,direct,6,0x8C 0xCE,0x001E 0x0024 0x002A
2.71,0x01,write,0x00A,PCLATH,direct,15,0x00 0x08,0x000A 0x0036 0x0042 0x0043 0x019B 0x019C 0x0F0F 0x0F12 0x0F18
2.71,0x01,write,0x00C,PIR1,direct,2,0x59,0x019A
2.71,0x01,write,0x019,TXREG,direct,13,0x0A 0x30 0x31 0x44 0x54 0x57,0x02AB 0x02C1 0x02C5 0x02D3 0x0774 0x0782
2.71,0x01,write,0x020,RAM_0x020,direct,2,0x00,0x0009
2.71,0x01,write,0x021,RAM_0x021,direct,2,0x81 0x83,0x0007
2.71,0x01,write,0x022,RAM_0x022,direct,2,0xCE,0x000C
2.71,0x01,write,0x023,RAM_0x023,direct,2,0x00,0x000E
2.71,0x01,write,0x024,RAM_0x024,direct,2,0x77,0x0010
2.71,0x01,write,0x025,RAM_0x025,direct,2,0x24,0x0012
2.71,0x01,write,0x026,RAM_0x026,direct,2,0x00,0x0014
2.71,0x01,write,0x027,RAM_0x027,direct,2,0x00,0x0016
2.71,0x01,write,0x031,RAM_0x031,direct,2,0xD0 0xD1,0x018B
2.71,0x01,write,0x038,RAM_0x038,direct,2,0x00,0x0195
2.71,0x01,write,0x077,RAM_0x077,direct,2,0x00,0x002C
2.71,0x01,write,0x078,RAM_0x078,direct,2,0x77,0x002E
2.71,0x01,write,0x079,RAM_0x079,direct,2,0x24,0x0030
2.71,0x01,write,0x07A,RAM_0x07A,direct,2,0x00,0x0032
2.71,0x01,write,0x07B,RAM_0x07B,direct,2,0x00,0x0034
2.71,0x01,write,0x07F,RAM_0x07F,direct,4,0x03 0x30,0x0004 0x0039
2.71,0x01,write,0x0A0,RAM_0x0A0,direct,1,0x01,0x0DAE
2.71,0x01,write,0x0C8,RAM_0x0C8,direct,1,0x00,0x0DBB
2.71,0x01,write,0x0C9,RAM_0x0C9,direct,1,0x00,0x0DBC
2.71,0x01,write,0x0CA,RAM_0x0CA,direct,1,0x01,0x0DA8
2.71,0x01,write,0x0CB,RAM_0x0CB,direct,1,0x7A,0x0DA9
2.71,0x01,write,0x0D3,RAM_0x0D3,direct,1,0x01,0x0F0C
2.71,0x01,write,0x0D4,RAM_0x0D4,direct,2,0x00 0x01,0x0F0E 0x0F15
2.71,0x01,write,0x0D5,RAM_0x0D5,direct,1,0x00,0x0F17
2.71,0x01,write,0x0D6,RAM_0x0D6,direct,4,0x00 0x01,0x02C8 0x02CD 0x0777 0x077C
2.71,0x01,write,0x0D7,RAM_0x0D7,direct,8,0x00 0x10,0x02AF 0x02B1
2.71,0x01,write,0x0D8,RAM_0x0D8,direct,16,0x00 0x01,0x0299 0x02B3 0x02B8
2.71,0x01,write,0x0D9,RAM_0x0D9,direct,8,0x30 0x31,0x02A4
2.71,0x02,read,0x003,STATUS,direct,97,0x04 0x18 0x1B 0x1C 0x1F 0x38 0x39 0x3B 0x3C 0x3F,0x0005 0x0017 0x0018 0x0196 0x0298 0x029C 0x02A6 0x02AD 0x02B4 0x02B6 0x02B9 0x02C6 0x02C9 0x02CB 0x02CE 0x0775 0x0778 0x077A 0x077D 0x0DA6 0x0DAA 0x0DAD 0x0DAF 0x0DC1 0x0DC3 0x0DC5 0x0DC8 0x0DCE 0x0DD1 0x0DDA 0x0DEA 0x0DF6 0x0E02 0x0E0B 0x0E17 0x0E20 0x0E29 0x0E32 0x0E43 0x0E4D 0x0E56 0x0E62 0x0E6A 0x0E72 0x0E78 0x0E80 0x0E88 0x0E90 0x0E98 0x0EA0 0x0EA9 0x0EB3 0x0EBA 0x0EC1 0x0ECA 0x0ED3 0x0F02 0x0F10 0x0F13 0x0F19
2.71,0x02,read,0x004,FSR,direct,2,0xCE,0x000B
2.71,0x02,read,0x00A,PCLATH,direct,13,0x00 0x08,0x0008 0x0042 0x0043 0x019B 0x019C 0x0F0F 0x0F12 0x0F18
2.71,0x02,read,0x00B,INTCON,direct,4,0x54,0x0019 0x001B
2.71,0x02,read,0x00C,PIR1,direct,19,0x59 0x5B,0x0021 0x0027 0x019A 0x02A7 0x02BF 0x02C3 0x02D1 0x0772 0x0780
2.71,0x02,read,0x020,RAM_0x020,direct,2,0x00,0x0035
2.71,0x02,read,0x021,RAM_0x021,direct,2,0x83 0xB3,0x0037
2.71,0x02,read,0x022,RAM_0x022,direct,2,0xCE,0x0029
2.71,0x02,read,0x023,RAM_0x023,direct,2,0x00,0x002B
2.71,0x02,read,0x024,RAM_0x024,direct,2,0x77,0x002D
2.71,0x02,read,0x025,RAM_0x025,direct,2,0x24,0x002F
2.71,0x02,read,0x026,RAM_0x026,direct,2,0x00,0x0031
2.71,0x02,read,0x027,RAM_0x027,direct,2,0x00,0x0033
2.71,0x02,read,0x02E,RAM_0x02E,direct,1,0x00,0x0DC4
2.71,0x02,read,0x030,RAM_0x030,direct,1,0x00,0x0DC9
2.71,0x02,read,0x031,RAM_0x031,direct,2,0xCF 0xD0,0x018B
2.71,0x02,read,0x038,RAM_0x038,direct,2,0x00,0x0195
2.71,0x02,read,0x04C,RAM_0x04C,direct,2,0x00,0x018F
2.71,0x02,read,0x051,RAM_0x051,direct,2,0x00,0x02BC 0x0DAB
2.71,0x02,read,0x077,RAM_0x077,direct,2,0x00,0x000D
2.71,0x02,read,0x078,RAM_0x078,direct,2,0x77,0x000F
2.71,0x02,read,0x079,RAM_0x079,direct,2,0x24,0x0011
2.71,0x02,read,0x07A,RAM_0x07A,direct,2,0x00,0x0013
2.71,0x02,read,0x07B,RAM_0x07B,direct,2,0x00,0x0015
2.71,0x02,read,0x07F,RAM_0x07F,direct,4,0x03 0x09 0x30 0x90,0x0039 0x003A
2.71,0x02,read,0x08C,PIE1,indirect,4,0x22,0x001F 0x0025
2.71,0x02,read,0x0A0,RAM_0x0A0,direct,34,0x02,0x0DA7 0x0DAE 0x0DB6 0x0DBF 0x0DCF 0x0DD8 0x0DE8 0x0DF4 0x0E00 0x0E09 0x0E15 0x0E1E 0x0E27 0x0E30 0x0E41 0x0E4B 0x0E54 0x0E60 0x0E68 0x0E70 0x0E76 0x0E7E 0x0E86 0x0E8E 0x0E96 0x0E9E 0x0EA7 0x0EB1 0x0EB8 0x0EBF 0x0EC8 0x0ED1 0x0F00 0x0F14
2.71,0x02,read,0x0C8,RAM_0x0C8,direct,1,0x00,0x0F16
2.71,0x02,read,0x0C9,RAM_0x0C9,direct,1,0x00,0x0F0D
2.71,0x02,read,0x0CA,RAM_0x0CA,direct,1,0x02,0x0F0B
2.71,0x02,read,0x0CB,RAM_0x0CB,direct,2,0x7A,0x0DA9 0x0F09
2.71,0x02,read,0x0D3,RAM_0x0D3,direct,1,0x02,0x02C7
2.71,0x02,read,0x0D4,RAM_0x0D4,direct,2,0x00 0x02,0x02CC 0x0776
2.71,0x02,read,0x0D5,RAM_0x0D5,direct,1,0x00,0x077B
2.71,0x02,read,0x0D6,RAM_0x0D6,direct,8,0x00 0x02,0x02AE 0x02B7
2.71,0x02,read,0x0D7,RAM_0x0D7,direct,8,0x00 0x20,0x02B1 0x02B2
2.71,0x02,read,0x0D8,RAM_0x0D8,direct,24,0x00 0x02,0x0299 0x029A 0x02A3
2.71,0x02,read,0x0D9,RAM_0x0D9,direct,8,0x30 0x32,0x02A5
2.71,0x02,write,0x003,STATUS,direct,58,0x00 0x04 0x18 0x1B 0x1C 0x1F 0x38 0x3B 0x3C 0x3F,0x0006 0x0017 0x0018 0x0038 0x0298 0x02A6 0x02AD 0x02B4 0x02B6 0x02B9 0x02C6 0x02C9 0x02CB 0x02CE 0x0775 0x0778 0x077A 0x077D 0x0DA6 0x0DAA 0x0DAD 0x0DC3 0x0DC5 0x0DC8 0x0DCE 0x0F10 0x0F13 0x0F19
2.71,0x02,write,0x004,FSR,direct,6,0x8C 0xCE,0x001E 0x0024 0x002A
2.71,0x02,write,0x00A,PCLATH,direct,15,0x00 0x08,0x000A 0x0036 0x0042 0x0043 0x019B 0x019C 0x0F0F 0x0F12 0x0F18
2.71,0x02,write,0x00C,PIR1,direct,2,0x59,0x019A
2.71,0x02,write,0x019,TXREG,direct,13,0x0A 0x30 0x32 0x44 0x54 0x57,0x02AB 0x02C1 0x02C5 0x02D3 0x0774 0x0782
2.71,0x02,write,0x020,RAM_0x020,direct,2,0x00,0x0009
2.71,0x02,write,0x021,RAM_0x021,direct,2,0x83 0xB3,0x0007
2.71,0x02,write,0x022,RAM_0x022,direct,2,0xCE,0x000C
2.71,0x02,write,0x023,RAM_0x023,direct,2,0x00,0x000E
2.71,0x02,write,0x024,RAM_0x024,direct,2,0x77,0x0010
2.71,0x02,write,0x025,RAM_0x025,direct,2,0x24,0x0012
2.71,0x02,write,0x026,RAM_0x026,direct,2,0x00,0x0014
2.71,0x02,write,0x027,RAM_0x027,direct,2,0x00,0x0016
2.71,0x02,write,0x031,RAM_0x031,direct,2,0xD0 0xD1,0x018B
2.71,0x02,write,0x038,RAM_0x038,direct,2,0x00,0x0195
2.71,0x02,write,0x077,RAM_0x077,direct,2,0x00,0x002C
2.71,0x02,write,0x078,RAM_0x078,direct,2,0x77,0x002E
2.71,0x02,write,0x079,RAM_0x079,direct,2,0x24,0x0030
2.71,0x02,write,0x07A,RAM_0x07A,direct,2,0x00,0x0032
2.71,0x02,write,0x07B,RAM_0x07B,direct,2,0x00,0x0034
2.71,0x02,write,0x07F,RAM_0x07F,direct,4,0x03 0x09 0x30 0x90,0x0004 0x0039
2.71,0x02,write,0x0A0,RAM_0x0A0,direct,1,0x02,0x0DAE
2.71,0x02,write,0x0C8,RAM_0x0C8,direct,1,0x00,0x0DC6
2.71,0x02,write,0x0C9,RAM_0x0C9,direct,1,0x00,0x0DC7
2.71,0x02,write,0x0CA,RAM_0x0CA,direct,1,0x02,0x0DA8
2.71,0x02,write,0x0CB,RAM_0x0CB,direct,1,0x7A,0x0DA9
2.71,0x02,write,0x0D3,RAM_0x0D3,direct,1,0x02,0x0F0C
2.71,0x02,write,0x0D4,RAM_0x0D4,direct,2,0x00 0x02,0x0F0E 0x0F15
2.71,0x02,write,0x0D5,RAM_0x0D5,direct,1,0x00,0x0F17
2.71,0x02,write,0x0D6,RAM_0x0D6,direct,4,0x00 0x02,0x02C8 0x02CD 0x0777 0x077C
2.71,0x02,write,0x0D7,RAM_0x0D7,direct,8,0x00 0x20,0x02AF 0x02B1
2.71,0x02,write,0x0D8,RAM_0x0D8,direct,16,0x00 0x02,0x0299 0x02B3 0x02B8
2.71,0x02,write,0x0D9,RAM_0x0D9,direct,8,0x30 0x32,0x02A4
2.71,0x03,read,0x003,STATUS,direct,95,0x04 0x18 0x1B 0x1C 0x1F 0x38 0x39 0x3B 0x3C 0x3F,0x0005 0x0017 0x0018 0x0196 0x0298 0x029C 0x02A6 0x02AD 0x02B4 0x02B6 0x02B9 0x02C6 0x02C9 0x02CB 0x02CE 0x0775 0x0778 0x077A 0x077D 0x0DA6 0x0DAA 0x0DAD 0x0DAF 0x0DC1 0x0DD1 0x0DD3 0x0DD5 0x0DDA 0x0DEA 0x0DF6 0x0E02 0x0E0B 0x0E17 0x0E20 0x0E29 0x0E32 0x0E43 0x0E4D 0x0E56 0x0E62 0x0E6A 0x0E72 0x0E78 0x0E80 0x0E88 0x0E90 0x0E98 0x0EA0 0x0EA9 0x0EB3 0x0EBA 0x0EC1 0x0ECA 0x0ED3 0x0F02 0x0F10 0x0F13 0x0F19
2.71,0x03,read,0x004,FSR,direct,2,0xCE,0x000B
2.71,0x03,read,0x00A,PCLATH,direct,13,0x00 0x08,0x0008 0x0042 0x0043 0x019B 0x019C 0x0F0F 0x0F12 0x0F18
2.71,0x03,read,0x00B,INTCON,direct,4,0x54,0x0019 0x001B
2.71,0x03,read,0x00C,PIR1,direct,19,0x59 0x5B,0x0021 0x0027 0x019A 0x02A7 0x02BF 0x02C3 0x02D1 0x0772 0x0780
2.71,0x03,read,0x020,RAM_0x020,direct,2,0x00,0x0035
2.71,0x03,read,0x021,RAM_0x021,direct,2,0x81 0x83,0x0037
2.71,0x03,read,0x022,RAM_0x022,direct,2,0xCE,0x0029
2.71,0x03,read,0x023,RAM_0x023,direct,2,0x00,0x002B
2.71,0x03,read,0x024,RAM_0x024,direct,2,0x77,0x002D
2.71,0x03,read,0x025,RAM_0x025,direct,2,0x24,0x002F
2.71,0x03,read,0x026,RAM_0x026,direct,2,0x00,0x0031
2.71,0x03,read,0x027,RAM_0x027,direct,2,0x00,0x0033
2.71,0x03,read,0x02F,RAM_0x02F,direct,1,0x00,0x0DD4
2.71,0x03,read,0x031,RAM_0x031,direct,2,0xCF 0xD0,0x018B
2.71,0x03,read,0x038,RAM_0x038,direct,2,0x00,0x0195
2.71,0x03,read,0x04C,RAM_0x04C,direct,2,0x00,0x018F
2.71,0x03,read,0x051,RAM_0x051,direct,2,0x00,0x02BC 0x0DAB
2.71,0x03,read,0x077,RAM_0x077,direct,2,0x00,0x000D
2.71,0x03,read,0x078,RAM_0x078,direct,2,0x77,0x000F
2.71,0x03,read,0x079,RAM_0x079,direct,2,0x24,0x0011
2.71,0x03,read,0x07A,RAM_0x07A,direct,2,0x00,0x0013
2.71,0x03,read,0x07B,RAM_0x07B,direct,2,0x00,0x0015
2.71,0x03,read,0x07F,RAM_0x07F,direct,4,0x03 0x30,0x0039 0x003A
2.71,0x03,read,0x08C,PIE1,indirect,4,0x22,0x001F 0x0025
2.71,0x03,read,0x0A0,RAM_0x0A0,direct,34,0x03,0x0DA7 0x0DAE 0x0DB6 0x0DBF 0x0DCF 0x0DD8 0x0DE8 0x0DF4 0x0E00 0x0E09 0x0E15 0x0E1E 0x0E27 0x0E30 0x0E41 0x0E4B 0x0E54 0x0E60 0x0E68 0x0E70 0x0E76 0x0E7E 0x0E86 0x0E8E 0x0E96 0x0E9E 0x0EA7 0x0EB1 0x0EB8 0x0EBF 0x0EC8 0x0ED1 0x0F00 0x0F14
2.71,0x03,read,0x0C8,RAM_0x0C8,direct,1,0x00,0x0F16
2.71,0x03,read,0x0C9,RAM_0x0C9,direct,1,0x00,0x0F0D
2.71,0x03,read,0x0CA,RAM_0x0CA,direct,1,0x03,0x0F0B
2.71,0x03,read,0x0CB,RAM_0x0CB,direct,2,0x7A,0x0DA9 0x0F09
2.71,0x03,read,0x0D3,RAM_0x0D3,direct,1,0x03,0x02C7
2.71,0x03,read,0x0D4,RAM_0x0D4,direct,2,0x00 0x03,0x02CC 0x0776
2.71,0x03,read,0x0D5,RAM_0x0D5,direct,1,0x00,0x077B
2.71,0x03,read,0x0D6,RAM_0x0D6,direct,8,0x00 0x03,0x02AE 0x02B7
2.71,0x03,read,0x0D7,RAM_0x0D7,direct,8,0x00 0x30,0x02B1 0x02B2
2.71,0x03,read,0x0D8,RAM_0x0D8,direct,24,0x00 0x03,0x0299 0x029A 0x02A3
2.71,0x03,read,0x0D9,RAM_0x0D9,direct,8,0x30 0x33,0x02A5
2.71,0x03,write,0x003,STATUS,direct,56,0x00 0x04 0x18 0x1B 0x1C 0x1F 0x38 0x3B 0x3C 0x3F,0x0006 0x0017 0x0018 0x0038 0x0298 0x02A6 0x02AD 0x02B4 0x02B6 0x02B9 0x02C6 0x02C9 0x02CB 0x02CE 0x0775 0x0778 0x077A 0x077D 0x0DA6 0x0DAA 0x0DAD 0x0DD3 0x0DD5 0x0F10 0x0F13 0x0F19
2.71,0x03,write,0x004,FSR,direct,6,0x8C 0xCE,0x001E 0x0024 0x002A
2.71,0x03,write,0x00A,PCLATH,direct,15,0x00 0x08,0x000A 0x0036 0x0042 0x0043 0x019B 0x019C 0x0F0F 0x0F12 0x0F18
2.71,0x03,write,0x00C,PIR1,direct,2,0x59,0x019A
2.71,0x03,write,0x019,TXREG,direct,13,0x0A 0x30 0x33 0x44 0x54 0x57,0x02AB 0x02C1 0x02C5 0x02D3 0x0774 0x0782
2.71,0x03,write,0x020,RAM_0x020,direct,2,0x00,0x0009
2.71,0x03,write,0x021,RAM_0x021,direct,2,0x81 0x83,0x0007
2.71,0x03,write,0x022,RAM_0x022,direct,2,0xCE,0x000C
2.71,0x03,write,0x023,RAM_0x023,direct,2,0x00,0x000E
2.71,0x03,write,0x024,RAM_0x024,direct,2,0x77,0x0010
2.71,0x03,write,0x025,RAM_0x025,direct,2,0x24,0x0012
2.71,0x03,write,0x026,RAM_0x026,direct,2,0x00,0x0014
2.71,0x03,write,0x027,RAM_0x027,direct,2,0x00,0x0016
2.71,0x03,write,0x031,RAM_0x031,direct,2,0xD0 0xD1,0x018B
2.71,0x03,write,0x038,RAM_0x038,direct,2,0x00,0x0195
2.71,0x03,write,0x077,RAM_0x077,direct,2,0x00,0x002C
2.71,0x03,write,0x078,RAM_0x078,direct,2,0x77,0x002E
2.71,0x03,write,0x079,RAM_0x079,direct,2,0x24,0x0030
2.71,0x03,write,0x07A,RAM_0x07A,direct,2,0x00,0x0032
2.71,0x03,write,0x07B,RAM_0x07B,direct,2,0x00,0x0034
2.71,0x03,write,0x07F,RAM_0x07F,direct,4,0x03 0x30,0x0004 0x0039
2.71,0x03,write,0x0A0,RAM_0x0A0,direct,1,0x03,0x0DAE
2.71,0x03,write,0x0C8,RAM_0x0C8,direct,1,0x00,0x0DD6
2.71,0x03,write,0x0C9,RAM_0x0C9,direct,1,0x00,0x0DD7
2.71,0x03,write,0x0CA,RAM_0x0CA,direct,1,0x03,0x0DA8
2.71,0x03,write,0x0CB,RAM_0x0CB,direct,1,0x7A,0x0DA9
2.71,0x03,write,0x0D3,RAM_0x0D3,direct,1,0x03,0x0F0C
2.71,0x03,write,0x0D4,RAM_0x0D4,direct,2,0x00 0x03,0x0F0E 0x0F15
2.71,0x03,write,0x0D5,RAM_0x0D5,direct,1,0x00,0x0F17
2.71,0x03,write,0x0D6,RAM_0x0D6,direct,4,0x00 0x03,0x02C8 0x02CD 0x0777 0x077C
2.71,0x03,write,0x0D7,RAM_0x0D7,direct,8,0x00 0x30,0x02AF 0x02B1
2.71,0x03,write,0x0D8,RAM_0x0D8,direct,16,0x00 0x03,0x0299 0x02B3 0x02B8
2.71,0x03,write,0x0D9,RAM_0x0D9,direct,8,0x30 0x33,0x02A4
2.71,0x04,read,0x003,STATUS,direct,97,0x04 0x18 0x1B 0x1C 0x1F 0x38 0x39 0x3B 0x3C 0x3F,0x0005 0x0017 0x0018 0x0196 0x0298 0x029C 0x02A6 0x02AD 0x02B4 0x02B6 0x02B9 0x02C6 0x02C9 0x02CB 0x02CE 0x0775 0x0778 0x077A 0x077D 0x0DA6 0x0DAA 0x0DAD 0x0DAF 0x0DC1 0x0DD1 0x0DDA 0x0DDC 0x0DDE 0x0DE1 0x0DE7 0x0DEA 0x0DF6 0x0E02 0x0E0B 0x0E17 0x0E20 0x0E29 0x0E32 0x0E43 0x0E4D 0x0E56 0x0E62 0x0E6A 0x0E72 0x0E78 0x0E80 0x0E88 0x0E90 0x0E98 0x0EA0 0x0EA9 0x0EB3 0x0EBA 0x0EC1 0x0ECA 0x0ED3 0x0F02 0x0F10 0x0F13 0x0F19
2.71,0x04,read,0x004,FSR,direct,2,0xCE,0x000B
2.71,0x04,read,0x00A,PCLATH,direct,13,0x00 0x08,0x0008 0x0042 0x0043 0x019B 0x019C 0x0F0F 0x0F12 0x0F18
2.71,0x04,read,0x00B,INTCON,direct,4,0x54,0x0019 0x001B
2.71,0x04,read,0x00C,PIR1,direct,19,0x59 0x5B,0x0021 0x0027 0x019A 0x02A7 0x02BF 0x02C3 0x02D1 0x0772 0x0780
2.71,0x04,read,0x020,RAM_0x020,direct,2,0x00,0x0035
2.71,0x04,read,0x021,RAM_0x021,direct,2,0x83 0xB3,0x0037
2.71,0x04,read,0x022,RAM_0x022,direct,2,0xCE,0x0029
2.71,0x04,read,0x023,RAM_0x023,direct,2,0x00,0x002B
2.71,0x04,read,0x024,RAM_0x024,direct,2,0x77,0x002D
2.71,0x04,read,0x025,RAM_0x025,direct,2,0x24,0x002F
2.71,0x04,read,0x026,RAM_0x026,direct,2,0x00,0x0031
2.71,0x04,read,0x027,RAM_0x027,direct,2,0x00,0x0033
2.71,0x04,read,0x031,RAM_0x031,direct,2,0xCF 0xD0,0x018B
2.71,0x04,read,0x034,RAM_0x034,direct,1,0x00,0x0DDD
2.71,0x04,read,0x038,RAM_0x038,direct,2,0x00,0x0195
2.71,0x04,read,0x04C,RAM_0x04C,direct,2,0x00,0x018F
2.71,0x04,read,0x050,RAM_0x050,direct,1,0x00,0x0DE2
2.71,0x04,read,0x051,RAM_0x051,direct,2,0x00,0x02BC 0x0DAB
2.71,0x04,read,0x077,RAM_0x077,direct,2,0x00,0x000D
2.71,0x04,read,0x078,RAM_0x078,direct,2,0x77,0x000F
2.71,0x04,read,0x079,RAM_0x079,direct,2,0x24,0x0011
2.71,0x04,read,0x07A,RAM_0x07A,direct,2,0x00,0x0013
2.71,0x04,read,0x07B,RAM_0x07B,direct,2,0x00,0x0015
2.71,0x04,read,0x07F,RAM_0x07F,direct,4,0x03 0x09 0x30 0x90,0x0039 0x003A
2.71,0x04,read,0x08C,PIE1,indirect,4,0x22,0x001F 0x0025
2.71,0x04,read,0x0A0,RAM_0x0A0,direct,34,0x04,0x0DA7 0x0DAE 0x0DB6 0x0DBF 0x0DCF 0x0DD8 0x0DE8 0x0DF4 0x0E00 0x0E09 0x0E15 0x0E1E 0x0E27 0x0E30 0x0E41 0x0E4B 0x0E54 0x0E60 0x0E68 0x0E70 0x0E76 0x0E7E 0x0E86 0x0E8E 0x0E96 0x0E9E 0x0EA7 0x0EB1 0x0EB8 0x0EBF 0x0EC8 0x0ED1 0x0F00 0x0F14
2.71,0x04,read,0x0C8,RAM_0x0C8,direct,1,0x00,0x0F16
2.71,0x04,read,0x0C9,RAM_0x0C9,direct,1,0x00,0x0F0D
2.71,0x04,read,0x0CA,RAM_0x0CA,direct,1,0x04,0x0F0B
2.71,0x04,read,0x0CB,RAM_0x0CB,direct,2,0x7A,0x0DA9 0x0F09
2.71,0x04,read,0x0D3,RAM_0x0D3,direct,1,0x04,0x02C7
2.71,0x04,read,0x0D4,RAM_0x0D4,direct,2,0x00 0x04,0x02CC 0x0776
2.71,0x04,read,0x0D5,RAM_0x0D5,direct,1,0x00,0x077B
2.71,0x04,read,0x0D6,RAM_0x0D6,direct,8,0x00 0x04,0x02AE 0x02B7
2.71,0x04,read,0x0D7,RAM_0x0D7,direct,8,0x00 0x40,0x02B1 0x02B2
2.71,0x04,read,0x0D8,RAM_0x0D8,direct,24,0x00 0x04,0x0299 0x029A 0x02A3
2.71,0x04,read,0x0D9,RAM_0x0D9,direct,8,0x30 0x34,0x02A5
2.71,0x04,write,0x003,STATUS,direct,58,0x00 0x04 0x18 0x1B 0x1C 0x1F 0x38 0x3B 0x3C 0x3F,0x0006 0x0017 0x0018 0x0038 0x0298 0x02A6 0x02AD 0x02B4 0x02B6 0x02B9 0x02C6 0x02C9 0x02CB 0x02CE 0x0775 0x0778 0x077A 0x077D 0x0DA6 0x0DAA 0x0DAD 0x0DDC 0x0DDE 0x0DE1 0x0DE7 0x0F10 0x0F13 0x0F19
2.71,0x04,write,0x004,FSR,direct,6,0x8C 0xCE,0x001E 0x0024 0x002A
2.71,0x04,write,0x00A,PCLATH,direct,15,0x00 0x08,0x000A 0x0036 0x0042 0x0043 0x019B 0x019C 0x0F0F 0x0F12 0x0F18
2.71,0x04,write,0x00C,PIR1,direct,2,0x59,0x019A
2.71,0x04,write,0x019,TXREG,direct,13,0x0A 0x30 0x34 0x44 0x54 0x57,0x02AB 0x02C1 0x02C5 0x02D3 0x0774 0x0782
2.71,0x04,write,0x020,RAM_0x020,direct,2,0x00,0x0009
2.71,0x04,write,0x021,RAM_0x021,direct,2,0x83 0xB3,0x0007
2.71,0x04,write,0x022,RAM_0x022,direct,2,0xCE,0x000C
2.71,0x04,write,0x023,RAM_0x023,direct,2,0x00,0x000E
2.71,0x04,write,0x024,RAM_0x024,direct,2,0x77,0x0010
2.71,0x04,write,0x025,RAM_0x025,direct,2,0x24,0x0012
2.71,0x04,write,0x026,RAM_0x026,direct,2,0x00,0x0014
2.71,0x04,write,0x027,RAM_0x027,direct,2,0x00,0x0016
2.71,0x04,write,0x031,RAM_0x031,direct,2,0xD0 0xD1,0x018B
2.71,0x04,write,0x038,RAM_0x038,direct,2,0x00,0x0195
2.71,0x04,write,0x077,RAM_0x077,direct,2,0x00,0x002C
2.71,0x04,write,0x078,RAM_0x078,direct,2,0x77,0x002E
2.71,0x04,write,0x079,RAM_0x079,direct,2,0x24,0x0030
2.71,0x04,write,0x07A,RAM_0x07A,direct,2,0x00,0x0032
2.71,0x04,write,0x07B,RAM_0x07B,direct,2,0x00,0x0034
2.71,0x04,write,0x07F,RAM_0x07F,direct,4,0x03 0x09 0x30 0x90,0x0004 0x0039
2.71,0x04,write,0x0A0,RAM_0x0A0,direct,1,0x04,0x0DAE
2.71,0x04,write,0x0C8,RAM_0x0C8,direct,1,0x00,0x0DDF
2.71,0x04,write,0x0C9,RAM_0x0C9,direct,1,0x00,0x0DE0
2.71,0x04,write,0x0CA,RAM_0x0CA,direct,1,0x04,0x0DA8
2.71,0x04,write,0x0CB,RAM_0x0CB,direct,1,0x7A,0x0DA9
2.71,0x04,write,0x0D3,RAM_0x0D3,direct,1,0x04,0x0F0C
2.71,0x04,write,0x0D4,RAM_0x0D4,direct,2,0x00 0x04,0x0F0E 0x0F15
2.71,0x04,write,0x0D5,RAM_0x0D5,direct,1,0x00,0x0F17
2.71,0x04,write,0x0D6,RAM_0x0D6,direct,4,0x00 0x04,0x02C8 0x02CD 0x0777 0x077C
2.71,0x04,write,0x0D7,RAM_0x0D7,direct,8,0x00 0x40,0x02AF 0x02B1
2.71,0x04,write,0x0D8,RAM_0x0D8,direct,16,0x00 0x04,0x0299 0x02B3 0x02B8
2.71,0x04,write,0x0D9,RAM_0x0D9,direct,8,0x30 0x34,0x02A4
2.71,0x05,read,0x003,STATUS,direct,97,0x04 0x18 0x1B 0x1C 0x1F 0x38 0x39 0x3B 0x3C 0x3F,0x0005 0x0017 0x0018 0x0196 0x0298 0x029C 0x02A6 0x02AD 0x02B4 0x02B6 0x02B9 0x02C6 0x02C9 0x02CB 0x02CE 0x0775 0x0778 0x077A 0x077D 0x0DA6 0x0DAA 0x0DAD 0x0DAF 0x0DC1 0x0DD1 0x0DDA 0x0DEA 0x0DEC 0x0DEE 0x0DF0 0x0DF2 0x0DF6 0x0E02 0x0E0B 0x0E17 0x0E20 0x0E29 0x0E32 0x0E43 0x0E4D 0x0E56 0x0E62 0x0E6A 0x0E72 0x0E78 0x0E80 0x0E88 0x0E90 0x0E98 0x0EA0 0x0EA9 0x0EB3 0x0EBA 0x0EC1 0x0ECA 0x0ED3 0x0F02 0x0F10 0x0F13 0x0F19
2.71,0x05,read,0x004,FSR,direct,2,0xCE,0x000B
2.71,0x05,read,0x00A,PCLATH,direct,13,0x00 0x08,0x0008 0x0042 0x0043 0x019B 0x019C 0x0F0F 0x0F12 0x0F18
2.71,0x05,read,0x00B,INTCON,direct,4,0x54,0x0019 0x001B
2.71,0x05,read,0x00C,PIR1,direct,19,0x59 0x5B,0x0021 0x0027 0x019A 0x02A7 0x02BF 0x02C3 0x02D1 0x0772 0x0780
2.71,0x05,read,0x020,RAM_0x020,direct,2,0x00,0x0035
2.71,0x05,read,0x021,RAM_0x021,direct,2,0x83 0xB3,0x0037
2.71,0x05,read,0x022,RAM_0x022,direct,2,0xCE,0x0029
2.71,0x05,read,0x023,RAM_0x023,direct,2,0x00,0x002B
2.71,0x05,read,0x024,RAM_0x024,direct,2,0x77,0x002D
2.71,0x05,read,0x025,RAM_0x025,direct,2,0x24,0x002F
2.71,0x05,read,0x026,RAM_0x026,direct,2,0x00,0x0031
2.71,0x05,read,0x027,RAM_0x027,direct,2,0x00,0x0033
2.71,0x05,read,0x031,RAM_0x031,direct,2,0xCF 0xD0,0x018B
2.71,0x05,read,0x037,RAM_0x037,direct,1,0x00,0x0DED
2.71,0x05,read,0x038,RAM_0x038,direct,2,0x00,0x0195
2.71,0x05,read,0x04C,RAM_0x04C,direct,2,0x00,0x018F
2.71,0x05,read,0x051,RAM_0x051,direct,2,0x00,0x02BC 0x0DAB
2.71,0x05,read,0x062,RAM_0x062,direct,1,0x00,0x0DF1
2.71,0x05,read,0x077,RAM_0x077,direct,2,0x00,0x000D
2.71,0x05,read,0x078,RAM_0x078,direct,2,0x77,0x000F
2.71,0x05,read,0x079,RAM_0x079,direct,2,0x24,0x0011
2.71,0x05,read,0x07A,RAM_0x07A,direct,2,0x00,0x0013
2.71,0x05,read,0x07B,RAM_0x07B,direct,2,0x00,0x0015
2.71,0x05,read,0x07F,RAM_0x07F,direct,4,0x03 0x30,0x0039 0x003A
2.71,0x05,read,0x08C,PIE1,indirect,4,0x22,0x001F 0x0025
2.71,0x05,read,0x0A0,RAM_0x0A0,direct,34,0x05,0x0DA7 0x0DAE 0x0DB6 0x0DBF 0x0DCF 0x0DD8 0x0DE8 0x0DF4 0x0E00 0x0E09 0x0E15 0x0E1E 0x0E27 0x0E30 0x0E41 0x0E4B 0x0E54 0x0E60 0x0E68 0x0E70 0x0E76 0x0E7E 0x0E86 0x0E8E 0x0E96 0x0E9E 0x0EA7 0x0EB1 0x0EB8 0x0EBF 0x0EC8 0x0ED1 0x0F00 0x0F14
2.71,0x05,read,0x0C8,RAM_0x0C8,direct,1,0x00,0x0F16
2.71,0x05,read,0x0C9,RAM_0x0C9,direct,1,0x00,0x0F0D
2.71,0x05,read,0x0CA,RAM_0x0CA,direct,1,0x05,0x0F0B
2.71,0x05,read,0x0CB,RAM_0x0CB,direct,2,0x7A,0x0DA9 0x0F09
2.71,0x05,read,0x0D3,RAM_0x0D3,direct,1,0x05,0x02C7
2.71,0x05,read,0x0D4,RAM_0x0D4,direct,2,0x00 0x05,0x02CC 0x0776
2.71,0x05,read,0x0D5,RAM_0x0D5,direct,1,0x00,0x077B
2.71,0x05,read,0x0D6,RAM_0x0D6,direct,8,0x00 0x05,0x02AE 0x02B7
2.71,0x05,read,0x0D7,RAM_0x0D7,direct,8,0x00 0x50,0x02B1 0x02B2
2.71,0x05,read,0x0D8,RAM_0x0D8,direct,24,0x00 0x05,0x0299 0x029A 0x02A3
2.71,0x05,read,0x0D9,RAM_0x0D9,direct,8,0x30 0x35,0x02A5
2.71,0x05,write,0x003,STATUS,direct,58,0x00 0x04 0x18 0x1B 0x1C 0x1F 0x38 0x3B 0x3C 0x3F,0x0006 0x0017 0x0018 0x0038 0x0298 0x02A6 0x02AD 0x02B4 0x02B6 0x02B9 0x02C6 0x02C9 0x02CB 0x02CE 0x0775 0x0778 0x077A 0x077D 0x0DA6 0x0DAA 0x0DAD 0x0DEC 0x0DEE 0x0DF0 0x0DF2 0x0F10 0x0F13 0x0F19
2.71,0x05,write,0x004,FSR,direct,6,0x8C 0xCE,0x001E 0x0024 0x002A
2.71,0x05,write,0x00A,PCLATH,direct,15,0x00 0x08,0x000A 0x0036 0x0042 0x0043 0x019B 0x019C 0x0F0F 0x0F12 0x0F18
2.71,0x05,write,0x00C,PIR1,direct,2,0x59,0x019A
2.71,0x05,write,0x019,TXREG,direct,13,0x0A 0x30 0x35 0x44 0x54 0x57,0x02AB 0x02C1 0x02C5 0x02D3 0x0774 0x0782
2.71,0x05,write,0x020,RAM_0x020,direct,2,0x00,0x0009
2.71,0x05,write,0x021,RAM_0x021,direct,2,0x83 0xB3,0x0007
2.71,0x05,write,0x022,RAM_0x022,direct,2,0xCE,0x000C
2.71,0x05,write,0x023,RAM_0x023,direct,2,0x00,0x000E
2.71,0x05,write,0x024,RAM_0x024,direct,2,0x77,0x0010
2.71,0x05,write,0x025,RAM_0x025,direct,2,0x24,0x0012
2.71,0x05,write,0x026,RAM_0x026,direct,2,0x00,0x0014
2.71,0x05,write,0x027,RAM_0x027,direct,2,0x00,0x0016
2.71,0x05,write,0x031,RAM_0x031,direct,2,0xD0 0xD1,0x018B
2.71,0x05,write,0x038,RAM_0x038,direct,2,0x00,0x0195
2.71,0x05,write,0x077,RAM_0x077,direct,2,0x00,0x002C
2.71,0x05,write,0x078,RAM_0x078,direct,2,0x77,0x002E
2.71,0x05,write,0x079,RAM_0x079,direct,2,0x24,0x0030
2.71,0x05,write,0x07A,RAM_0x07A,direct,2,0x00,0x0032
2.71,0x05,write,0x07B,RAM_0x07B,direct,2,0x00,0x0034
2.71,0x05,write,0x07F,RAM_0x07F,direct,4,0x03 0x30,0x0004 0x0039
2.71,0x05,write,0x0A0,RAM_0x0A0,direct,1,0x05,0x0DAE
2.71,0x05,write,0x0C8,RAM_0x0C8,direct,1,0x00,0x0DEF
2.71,0x05,write,0x0C9,RAM_0x0C9,direct,1,0x00,0x0DF3
2.71,0x05,write,0x0CA,RAM_0x0CA,direct,1,0x05,0x0DA8
2.71,0x05,write,0x0CB,RAM_0x0CB,direct,1,0x7A,0x0DA9
2.71,0x05,write,0x0D3,RAM_0x0D3,direct,1,0x05,0x0F0C
2.71,0x05,write,0x0D4,RAM_0x0D4,direct,2,0x00 0x05,0x0F0E 0x0F15
2.71,0x05,write,0x0D5,RAM_0x0D5,direct,1,0x00,0x0F17
2.71,0x05,write,0x0D6,RAM_0x0D6,direct,4,0x00 0x05,0x02C8 0x02CD 0x0777 0x077C
2.71,0x05,write,0x0D7,RAM_0x0D7,direct,8,0x00 0x50,0x02AF 0x02B1
2.71,0x05,write,0x0D8,RAM_0x0D8,direct,16,0x00 0x05,0x0299 0x02B3 0x02B8
2.71,0x05,write,0x0D9,RAM_0x0D9,direct,8,0x30 0x35,0x02A4
2.71,0x06,read,0x003,STATUS,direct,97,0x04 0x18 0x1B 0x1C 0x1F 0x38 0x39 0x3B 0x3C 0x3F,0x0005 0x0017 0x0018 0x0196 0x0298 0x029C 0x02A6 0x02AD 0x02B4 0x02B6 0x02B9 0x02C6 0x02C9 0x02CB 0x02CE 0x0775 0x0778 0x077A 0x077D 0x0DA6 0x0DAA 0x0DAD 0x0DAF 0x0DC1 0x0DD1 0x0DDA 0x0DEA 0x0DF6 0x0DF8 0x0DFA 0x0DFC 0x0DFE 0x0E02 0x0E0B 0x0E17 0x0E20 0x0E29 0x0E32 0x0E43 0x0E4D 0x0E56 0x0E62 0x0E6A 0x0E72 0x0E78 0x0E80 0x0E88 0x0E90 0x0E98 0x0EA0 0x0EA9 0x0EB3 0x0EBA 0x0EC1 0x0ECA 0x0ED3 0x0F02 0x0F10 0x0F13 0x0F19
2.71,0x06,read,0x004,FSR,direct,2,0xCE,0x000B
2.71,0x06,read,0x00A,PCLATH,direct,13,0x00 0x08,0x0008 0x0042 0x0043 0x019B 0x019C 0x0F0F 0x0F12 0x0F18
2.71,0x06,read,0x00B,INTCON,direct,4,0x54,0x0019 0x001B
2.71,0x06,read,0x00C,PIR1,direct,19,0x59 0x5B,0x0021 0x0027 0x019A 0x02A7 0x02BF 0x02C3 0x02D1 0x0772 0x0780
2.71,0x06,read,0x020,RAM_0x020,direct,2,0x00,0x0035
2.71,0x06,read,0x021,RAM_0x021,direct,2,0x83 0xF3,0x0037
2.71,0x06,read,0x022,RAM_0x022,direct,2,0xCE,0x0029
2.71,0x06,read,0x023,RAM_0x023,direct,2,0x00,0x002B
2.71,0x06,read,0x024,RAM_0x024,direct,2,0x77,0x002D
2.71,0x06,read,0x025,RAM_0x025,direct,2,0x24,0x002F
2.71,0x06,read,0x026,RAM_0x026,direct,2,0x00,0x0031
2.71,0x06,read,0x027,RAM_0x027,direct,2,0x00,0x0033
2.71,0x06,read,0x029,RAM_0x029,direct,1,0x19,0x0DF9
2.71,0x06,read,0x031,RAM_0x031,direct,2,0xCF 0xD0,0x018B
2.71,0x06,read,0x038,RAM_0x038,direct,2,0x00,0x0195
2.71,0x06,read,0x04C,RAM_0x04C,direct,2,0x00,0x018F
2.71,0x06,read,0x051,RAM_0x051,direct,2,0x00,0x02BC 0x0DAB
2.71,0x06,read,0x06B,RAM_0x06B,direct,1,0x00,0x0DFD
2.71,0x06,read,0x077,RAM_0x077,direct,2,0x00,0x000D
2.71,0x06,read,0x078,RAM_0x078,direct,2,0x77,0x000F
2.71,0x06,read,0x079,RAM_0x079,direct,2,0x24,0x0011
2.71,0x06,read,0x07A,RAM_0x07A,direct,2,0x00,0x0013
2.71,0x06,read,0x07B,RAM_0x07B,direct,2,0x00,0x0015
2.71,0x06,read,0x07F,RAM_0x07F,direct,4,0x03 0x30,0x0039 0x003A
2.71,0x06,read,0x08C,PIE1,indirect,4,0x22,0x001F 0x0025
2.71,0x06,read,0x0A0,RAM_0x0A0,direct,34,0x06,0x0DA7 0x0DAE 0x0DB6 0x0DBF 0x0DCF 0x0DD8 0x0DE8 0x0DF4 0x0E00 0x0E09 0x0E15 0x0E1E 0x0E27 0x0E30 0x0E41 0x0E4B 0x0E54 0x0E60 0x0E68 0x0E70 0x0E76 0x0E7E 0x0E86 0x0E8E 0x0E96 0x0E9E 0x0EA7 0x0EB1 0x0EB8 0x0EBF 0x0EC8 0x0ED1 0x0F00 0x0F14
2.71,0x06,read,0x0C8,RAM_0x0C8,direct,1,0x19,0x0F16
2.71,0x06,read,0x0C9,RAM_0x0C9,direct,1,0x00,0x0F0D
2.71,0x06,read,0x0CA,RAM_0x0CA,direct,1,0x06,0x0F0B
2.71,0x06,read,0x0CB,RAM_0x0CB,direct,2,0x7A,0x0DA9 0x0F09
2.71,0x06,read,0x0D3,RAM_0x0D3,direct,1,0x06,0x02C7
2.71,0x06,read,0x0D4,RAM_0x0D4,direct,2,0x00 0x06,0x02CC 0x0776
2.71,0x06,read,0x0D5,RAM_0x0D5,direct,1,0x19,0x077B
2.71,0x06,read,0x0D6,RAM_0x0D6,direct,8,0x00 0x06 0x19,0x02AE 0x02B7
2.71,0x06,read,0x0D7,RAM_0x0D7,direct,8,0x00 0x01 0x60 0x91,0x02B1 0x02B2
2.71,0x06,read,0x0D8,RAM_0x0D8,direct,24,0x00 0x01 0x06 0x09 0x19,0x0299 0x029A 0x02A3
2.71,0x06,read,0x0D9,RAM_0x0D9,direct,8,0x30 0x31 0x36 0x39,0x02A5
2.71,0x06,write,0x003,STATUS,direct,58,0x00 0x04 0x18 0x1B 0x1C 0x1F 0x38 0x3B 0x3C 0x3F,0x0006 0x0017 0x0018 0x0038 0x0298 0x02A6 0x02AD 0x02B4 0x02B6 0x02B9 0x02C6 0x02C9 0x02CB 0x02CE 0x0775 0x0778 0x077A 0x077D 0x0DA6 0x0DAA 0x0DAD 0x0DF8 0x0DFA 0x0DFC 0x0DFE 0x0F10 0x0F13 0x0F19
2.71,0x06,write,0x004,FSR,direct,6,0x8C 0xCE,0x001E 0x0024 0x002A
2.71,0x06,write,0x00A,PCLATH,direct,15,0x00 0x08,0x000A 0x0036 0x0042 0x0043 0x019B 0x019C 0x0F0F 0x0F12 0x0F18
2.71,0x06,write,0x00C,PIR1,direct,2,0x59,0x019A
2.71,0x06,write,0x019,TXREG,direct,13,0x0A 0x30 0x31 0x36 0x39 0x44 0x54 0x57,0x02AB 0x02C1 0x02C5 0x02D3 0x0774 0x0782
2.71,0x06,write,0x020,RAM_0x020,direct,2,0x00,0x0009
2.71,0x06,write,0x021,RAM_0x021,direct,2,0x83 0xF3,0x0007
2.71,0x06,write,0x022,RAM_0x022,direct,2,0xCE,0x000C
2.71,0x06,write,0x023,RAM_0x023,direct,2,0x00,0x000E
2.71,0x06,write,0x024,RAM_0x024,direct,2,0x77,0x0010
2.71,0x06,write,0x025,RAM_0x025,direct,2,0x24,0x0012
2.71,0x06,write,0x026,RAM_0x026,direct,2,0x00,0x0014
2.71,0x06,write,0x027,RAM_0x027,direct,2,0x00,0x0016
2.71,0x06,write,0x031,RAM_0x031,direct,2,0xD0 0xD1,0x018B
2.71,0x06,write,0x038,RAM_0x038,direct,2,0x00,0x0195
2.71,0x06,write,0x077,RAM_0x077,direct,2,0x00,0x002C
2.71,0x06,write,0x078,RAM_0x078,direct,2,0x77,0x002E
2.71,0x06,write,0x079,RAM_0x079,direct,2,0x24,0x0030
2.71,0x06,write,0x07A,RAM_0x07A,direct,2,0x00,0x0032
2.71,0x06,write,0x07B,RAM_0x07B,direct,2,0x00,0x0034
2.71,0x06,write,0x07F,RAM_0x07F,direct,4,0x03 0x30,0x0004 0x0039
2.71,0x06,write,0x0A0,RAM_0x0A0,direct,1,0x06,0x0DAE
2.71,0x06,write,0x0C8,RAM_0x0C8,direct,1,0x19,0x0DFB
2.71,0x06,write,0x0C9,RAM_0x0C9,direct,1,0x00,0x0DFF
2.71,0x06,write,0x0CA,RAM_0x0CA,direct,1,0x06,0x0DA8
2.71,0x06,write,0x0CB,RAM_0x0CB,direct,1,0x7A,0x0DA9
2.71,0x06,write,0x0D3,RAM_0x0D3,direct,1,0x06,0x0F0C
2.71,0x06,write,0x0D4,RAM_0x0D4,direct,2,0x00 0x06,0x0F0E 0x0F15
2.71,0x06,write,0x0D5,RAM_0x0D5,direct,1,0x19,0x0F17
2.71,0x06,write,0x0D6,RAM_0x0D6,direct,4,0x00 0x06 0x19,0x02C8 0x02CD 0x0777 0x077C
2.71,0x06,write,0x0D7,RAM_0x0D7,direct,8,0x00 0x01 0x60 0x91,0x02AF 0x02B1
2.71,0x06,write,0x0D8,RAM_0x0D8,direct,16,0x00 0x01 0x06 0x09 0x19,0x0299 0x02B3 0x02B8
2.71,0x06,write,0x0D9,RAM_0x0D9,direct,8,0x30 0x31 0x36 0x39,0x02A4
2.71,0x07,read,0x003,STATUS,direct,65,0x04 0x18 0x1B 0x1C 0x1F 0x38 0x39 0x3B 0x3C 0x3F,0x0005 0x0017 0x0018 0x0196 0x0298 0x029C 0x02A6 0x02AD 0x02B4 0x02B6 0x02B9 0x0775 0x0778 0x077A 0x077D 0x0DA6 0x0DAA 0x0DAD 0x0DAF 0x0DC1 0x0DD1 0x0DDA 0x0DEA 0x0DF6 0x0E02 0x0E04 0x0E06 0x0E0B 0x0E17 0x0E20 0x0E29 0x0E32 0x0E43 0x0E4D 0x0E56 0x0E62 0x0E6A 0x0E72 0x0E78 0x0E80 0x0E88 0x0E90 0x0E98 0x0EA0 0x0EA9 0x0EB3 0x0EBA 0x0EC1 0x0ECA 0x0ED3 0x0F02 0x0F19
2.71,0x07,read,0x004,FSR,direct,1,0xCE,0x000B
2.71,0x07,read,0x00A,PCLATH,direct,6,0x00 0x08,0x0008 0x0042 0x0043 0x019B 0x019C 0x0F18
2.71,0x07,read,0x00B,INTCON,direct,2,0x54,0x0019 0x001B
2.71,0x07,read,0x00C,PIR1,direct,9,0x59 0x5B,0x0021 0x0027 0x019A 0x02A7 0x0772 0x0780
2.71,0x07,read,0x020,RAM_0x020,direct,1,0x00,0x0035
2.71,0x07,read,0x021,RAM_0x021,direct,1,0x81,0x0037
2.71,0x07,read,0x022,RAM_0x022,direct,1,0xCE,0x0029
2.71,0x07,read,0x023,RAM_0x023,direct,1,0x00,0x002B
2.71,0x07,read,0x024,RAM_0x024,direct,1,0x77,0x002D
2.71,0x07,read,0x025,RAM_0x025,direct,1,0x24,0x002F
2.71,0x07,read,0x026,RAM_0x026,direct,1,0x00,0x0031
2.71,0x07,read,0x027,RAM_0x027,direct,1,0x00,0x0033
2.71,0x07,read,0x031,RAM_0x031,direct,1,0xCF,0x018B
2.71,0x07,read,0x038,RAM_0x038,direct,1,0x00,0x0195
2.71,0x07,read,0x048,RAM_0x048,direct,1,0x00,0x0E05
2.71,0x07,read,0x04C,RAM_0x04C,direct,1,0x00,0x018F
2.71,0x07,read,0x051,RAM_0x051,direct,1,0x00,0x0DAB
2.71,0x07,read,0x077,RAM_0x077,direct,1,0x00,0x000D
2.71,0x07,read,0x078,RAM_0x078,direct,1,0x77,0x000F
2.71,0x07,read,0x079,RAM_0x079,direct,1,0x24,0x0011
2.71,0x07,read,0x07A,RAM_0x07A,direct,1,0x00,0x0013
2.71,0x07,read,0x07B,RAM_0x07B,direct,1,0x00,0x0015
2.71,0x07,read,0x07F,RAM_0x07F,direct,2,0x00,0x0039 0x003A
2.71,0x07,read,0x08C,PIE1,indirect,2,0x22,0x001F 0x0025
2.71,0x07,read,0x0A0,RAM_0x0A0,direct,34,0x07,0x0DA7 0x0DAE 0x0DB6 0x0DBF 0x0DCF 0x0DD8 0x0DE8 0x0DF4 0x0E00 0x0E09 0x0E15 0x0E1E 0x0E27 0x0E30 0x0E41 0x0E4B 0x0E54 0x0E60 0x0E68 0x0E70 0x0E76 0x0E7E 0x0E86 0x0E8E 0x0E96 0x0E9E 0x0EA7 0x0EB1 0x0EB8 0x0EBF 0x0EC8 0x0ED1 0x0F00 0x0F14
2.71,0x07,read,0x0C8,RAM_0x0C8,direct,1,0x00,0x0F16
2.71,0x07,read,0x0CB,RAM_0x0CB,direct,3,0x7A 0x7B,0x0DA9 0x0E08 0x0F09
2.71,0x07,read,0x0D4,RAM_0x0D4,direct,1,0x07,0x0776
2.71,0x07,read,0x0D5,RAM_0x0D5,direct,1,0x00,0x077B
2.71,0x07,read,0x0D6,RAM_0x0D6,direct,4,0x00 0x07,0x02AE 0x02B7
2.71,0x07,read,0x0D7,RAM_0x0D7,direct,4,0x00 0x70,0x02B1 0x02B2
2.71,0x07,read,0x0D8,RAM_0x0D8,direct,12,0x00 0x07,0x0299 0x029A 0x02A3
2.71,0x07,read,0x0D9,RAM_0x0D9,direct,4,0x30 0x37,0x02A5
2.71,0x07,write,0x003,STATUS,direct,30,0x00 0x04 0x18 0x1B 0x1C 0x1F 0x38 0x3B 0x3C 0x3F,0x0006 0x0017 0x0018 0x0038 0x0298 0x02A6 0x02AD 0x02B4 0x02B6 0x02B9 0x0775 0x0778 0x077A 0x077D 0x0DA6 0x0DAA 0x0DAD 0x0E04 0x0E06 0x0F19
2.71,0x07,write,0x004,FSR,direct,3,0x8C 0xCE,0x001E 0x0024 0x002A
2.71,0x07,write,0x00A,PCLATH,direct,7,0x00,0x000A 0x0036 0x0042 0x0043 0x019B 0x019C 0x0F18
2.71,0x07,write,0x00C,PIR1,direct,1,0x59,0x019A
2.71,0x07,write,0x019,TXREG,direct,6,0x0A 0x30 0x37 0x54,0x02AB 0x0774 0x0782
2.71,0x07,write,0x020,RAM_0x020,direct,1,0x00,0x0009
2.71,0x07,write,0x021,RAM_0x021,direct,1,0x81,0x0007
2.71,0x07,write,0x022,RAM_0x022,direct,1,0xCE,0x000C
2.71,0x07,write,0x023,RAM_0x023,direct,1,0x00,0x000E
2.71,0x07,write,0x024,RAM_0x024,direct,1,0x77,0x0010
2.71,0x07,write,0x025,RAM_0x025,direct,1,0x24,0x0012
2.71,0x07,write,0x026,RAM_0x026,direct,1,0x00,0x0014
2.71,0x07,write,0x027,RAM_0x027,direct,1,0x00,0x0016
2.71,0x07,write,0x031,RAM_0x031,direct,1,0xD0,0x018B
2.71,0x07,write,0x038,RAM_0x038,direct,1,0x00,0x0195
2.71,0x07,write,0x077,RAM_0x077,direct,1,0x00,0x002C
2.71,0x07,write,0x078,RAM_0x078,direct,1,0x77,0x002E
2.71,0x07,write,0x079,RAM_0x079,direct,1,0x24,0x0030
2.71,0x07,write,0x07A,RAM_0x07A,direct,1,0x00,0x0032
2.71,0x07,write,0x07B,RAM_0x07B,direct,1,0x00,0x0034
2.71,0x07,write,0x07F,RAM_0x07F,direct,2,0x00,0x0004 0x0039
2.71,0x07,write,0x0A0,RAM_0x0A0,direct,1,0x07,0x0DAE
2.71,0x07,write,0x0C8,RAM_0x0C8,direct,1,0x00,0x0E07
2.71,0x07,write,0x0CA,RAM_0x0CA,direct,1,0x07,0x0DA8
2.71,0x07,write,0x0CB,RAM_0x0CB,direct,2,0x7A 0x7B,0x0DA9 0x0E08
2.71,0x07,write,0x0D4,RAM_0x0D4,direct,1,0x07,0x0F15
2.71,0x07,write,0x0D5,RAM_0x0D5,direct,1,0x00,0x0F17
2.71,0x07,write,0x0D6,RAM_0x0D6,direct,2,0x00 0x07,0x0777 0x077C
2.71,0x07,write,0x0D7,RAM_0x0D7,direct,4,0x00 0x70,0x02AF 0x02B1
2.71,0x07,write,0x0D8,RAM_0x0D8,direct,8,0x00 0x07,0x0299 0x02B3 0x02B8
2.71,0x07,write,0x0D9,RAM_0x0D9,direct,4,0x30 0x37,0x02A4
2.71,0x08,read,0x003,STATUS,direct,97,0x04 0x18 0x1B 0x1C 0x1F 0x38 0x39 0x3B 0x3C 0x3F,0x0005 0x0017 0x0018 0x0196 0x0298 0x029C 0x02A6 0x02AD 0x02B4 0x02B6 0x02B9 0x02C6 0x02C9 0x02CB 0x02CE 0x0775 0x0778 0x077A 0x077D 0x0DA6 0x0DAA 0x0DAD 0x0DAF 0x0DC1 0x0DD1 0x0DDA 0x0DEA 0x0DF6 0x0E02 0x0E0B 0x0E0D 0x0E0F 0x0E11 0x0E13 0x0E17 0x0E20 0x0E29 0x0E32 0x0E43 0x0E4D 0x0E56 0x0E62 0x0E6A 0x0E72 0x0E78 0x0E80 0x0E88 0x0E90 0x0E98 0x0EA0 0x0EA9 0x0EB3 0x0EBA 0x0EC1 0x0ECA 0x0ED3 0x0F02 0x0F10 0x0F13 0x0F19
2.71,0x08,read,0x004,FSR,direct,2,0xCE,0x000B
2.71,0x08,read,0x00A,PCLATH,direct,13,0x00 0x08,0x0008 0x0042 0x0043 0x019B 0x019C 0x0F0F 0x0F12 0x0F18
2.71,0x08,read,0x00B,INTCON,direct,4,0x54,0x0019 0x001B
2.71,0x08,read,0x00C,PIR1,direct,19,0x59 0x5B,0x0021 0x0027 0x019A 0x02A7 0x02BF 0x02C3 0x02D1 0x0772 0x0780
2.71,0x08,read,0x020,RAM_0x020,direct,2,0x00,0x0035
2.71,0x08,read,0x021,RAM_0x021,direct,2,0x83 0xB3,0x0037
2.71,0x08,read,0x022,RAM_0x022,direct,2,0xCE,0x0029
2.71,0x08,read,0x023,RAM_0x023,direct,2,0x00,0x002B
2.71,0x08,read,0x024,RAM_0x024,direct,2,0x77,0x002D
2.71,0x08,read,0x025,RAM_0x025,direct,2,0x24,0x002F
2.71,0x08,read,0x026,RAM_0x026,direct,2,0x00,0x0031
2.71,0x08,read,0x027,RAM_0x027,direct,2,0x00,0x0033
2.71,0x08,read,0x02D,RAM_0x02D,direct,1,0x07,0x0E0E
2.71,0x08,read,0x031,RAM_0x031,direct,2,0xCF 0xD0,0x018B
2.71,0x08,read,0x038,RAM_0x038,direct,2,0x00,0x0195
2.71,0x08,read,0x04C,RAM_0x04C,direct,2,0x00,0x018F
2.71,0x08,read,0x051,RAM_0x051,direct,2,0x00,0x02BC 0x0DAB
2.71,0x08,read,0x06C,RAM_0x06C,direct,1,0x00,0x0E12
2.71,0x08,read,0x077,RAM_0x077,direct,2,0x00,0x000D
2.71,0x08,read,0x078,RAM_0x078,direct,2,0x77,0x000F
2.71,0x08,read,0x079,RAM_0x079,direct,2,0x24,0x0011
2.71,0x08,read,0x07A,RAM_0x07A,direct,2,0x00,0x0013
2.71,0x08,read,0x07B,RAM_0x07B,direct,2,0x00,0x0015
2.71,0x08,read,0x07F,RAM_0x07F,direct,4,0x03 0x30,0x0039 0x003A
2.71,0x08,read,0x08C,PIE1,indirect,4,0x22,0x001F 0x0025
2.71,0x08,read,0x0A0,RAM_0x0A0,direct,34,0x08,0x0DA7 0x0DAE 0x0DB6 0x0DBF 0x0DCF 0x0DD8 0x0DE8 0x0DF4 0x0E00 0x0E09 0x0E15 0x0E1E 0x0E27 0x0E30 0x0E41 0x0E4B 0x0E54 0x0E60 0x0E68 0x0E70 0x0E76 0x0E7E 0x0E86 0x0E8E 0x0E96 0x0E9E 0x0EA7 0x0EB1 0x0EB8 0x0EBF 0x0EC8 0x0ED1 0x0F00 0x0F14
2.71,0x08,read,0x0C8,RAM_0x0C8,direct,1,0x07,0x0F16
2.71,0x08,read,0x0C9,RAM_0x0C9,direct,1,0x00,0x0F0D
2.71,0x08,read,0x0CA,RAM_0x0CA,direct,1,0x08,0x0F0B
2.71,0x08,read,0x0CB,RAM_0x0CB,direct,2,0x7A,0x0DA9 0x0F09
2.71,0x08,read,0x0D3,RAM_0x0D3,direct,1,0x08,0x02C7
2.71,0x08,read,0x0D4,RAM_0x0D4,direct,2,0x00 0x08,0x02CC 0x0776
2.71,0x08,read,0x0D5,RAM_0x0D5,direct,1,0x07,0x077B
2.71,0x08,read,0x0D6,RAM_0x0D6,direct,8,0x00 0x07 0x08,0x02AE 0x02B7
2.71,0x08,read,0x0D7,RAM_0x0D7,direct,8,0x00 0x70 0x80,0x02B1 0x02B2
2.71,0x08,read,0x0D8,RAM_0x0D8,direct,24,0x00 0x07 0x08,0x0299 0x029A 0x02A3
2.71,0x08,read,0x0D9,RAM_0x0D9,direct,8,0x30 0x37 0x38,0x02A5
2.71,0x08,write,0x003,STATUS,direct,58,0x00 0x04 0x18 0x1B 0x1C 0x1F 0x38 0x3B 0x3C 0x3F,0x0006 0x0017 0x0018 0x0038 0x0298 0x02A6 0x02AD 0x02B4 0x02B6 0x02B9 0x02C6 0x02C9 0x02CB 0x02CE 0x0775 0x0778 0x077A 0x077D 0x0DA6 0x0DAA 0x0DAD 0x0E0D 0x0E0F 0x0E11 0x0E13 0x0F10 0x0F13 0x0F19
2.71,0x08,write,0x004,FSR,direct,6,0x8C 0xCE,0x001E 0x0024 0x002A
2.71,0x08,write,0x00A,PCLATH,direct,15,0x00 0x08,0x000A 0x0036 0x0042 0x0043 0x019B 0x019C 0x0F0F 0x0F12 0x0F18
2.71,0x08,write,0x00C,PIR1,direct,2,0x59,0x019A
2.71,0x08,write,0x019,TXREG,direct,13,0x0A 0x30 0x37 0x38 0x44 0x54 0x57,0x02AB 0x02C1 0x02C5 0x02D3 0x0774 0x0782
2.71,0x08,write,0x020,RAM_0x020,direct,2,0x00,0x0009
2.71,0x08,write,0x021,RAM_0x021,direct,2,0x83 0xB3,0x0007
2.71,0x08,write,0x022,RAM_0x022,direct,2,0xCE,0x000C
2.71,0x08,write,0x023,RAM_0x023,direct,2,0x00,0x000E
2.71,0x08,write,0x024,RAM_0x024,direct,2,0x77,0x0010
2.71,0x08,write,0x025,RAM_0x025,direct,2,0x24,0x0012
2.71,0x08,write,0x026,RAM_0x026,direct,2,0x00,0x0014
2.71,0x08,write,0x027,RAM_0x027,direct,2,0x00,0x0016
2.71,0x08,write,0x031,RAM_0x031,direct,2,0xD0 0xD1,0x018B
2.71,0x08,write,0x038,RAM_0x038,direct,2,0x00,0x0195
2.71,0x08,write,0x077,RAM_0x077,direct,2,0x00,0x002C
2.71,0x08,write,0x078,RAM_0x078,direct,2,0x77,0x002E
2.71,0x08,write,0x079,RAM_0x079,direct,2,0x24,0x0030
2.71,0x08,write,0x07A,RAM_0x07A,direct,2,0x00,0x0032
2.71,0x08,write,0x07B,RAM_0x07B,direct,2,0x00,0x0034
2.71,0x08,write,0x07F,RAM_0x07F,direct,4,0x03 0x30,0x0004 0x0039
2.71,0x08,write,0x0A0,RAM_0x0A0,direct,1,0x08,0x0DAE
2.71,0x08,write,0x0C8,RAM_0x0C8,direct,1,0x07,0x0E10
2.71,0x08,write,0x0C9,RAM_0x0C9,direct,1,0x00,0x0E14
2.71,0x08,write,0x0CA,RAM_0x0CA,direct,1,0x08,0x0DA8
2.71,0x08,write,0x0CB,RAM_0x0CB,direct,1,0x7A,0x0DA9
2.71,0x08,write,0x0D3,RAM_0x0D3,direct,1,0x08,0x0F0C
2.71,0x08,write,0x0D4,RAM_0x0D4,direct,2,0x00 0x08,0x0F0E 0x0F15
2.71,0x08,write,0x0D5,RAM_0x0D5,direct,1,0x07,0x0F17
2.71,0x08,write,0x0D6,RAM_0x0D6,direct,4,0x00 0x07 0x08,0x02C8 0x02CD 0x0777 0x077C
2.71,0x08,write,0x0D7,RAM_0x0D7,direct,8,0x00 0x70 0x80,0x02AF 0x02B1
2.71,0x08,write,0x0D8,RAM_0x0D8,direct,16,0x00 0x07 0x08,0x0299 0x02B3 0x02B8
2.71,0x08,write,0x0D9,RAM_0x0D9,direct,8,0x30 0x37 0x38,0x02A4
2.71,0x09,read,0x003,STATUS,direct,65,0x04 0x18 0x1B 0x1C 0x1F 0x38 0x39 0x3B 0x3C 0x3F,0x0005 0x0017 0x0018 0x0196 0x0298 0x029C 0x02A6 0x02AD 0x02B4 0x02B6 0x02B9 0x0775 0x0778 0x077A 0x077D 0x0DA6 0x0DAA 0x0DAD 0x0DAF 0x0DC1 0x0DD1 0x0DDA 0x0DEA 0x0DF6 0x0E02 0x0E0B 0x0E17 0x0E19 0x0E1B 0x0E20 0x0E29 0x0E32 0x0E43 0x0E4D 0x0E56 0x0E62 0x0E6A 0x0E72 0x0E78 0x0E80 0x0E88 0x0E90 0x0E98 0x0EA0 0x0EA9 0x0EB3 0x0EBA 0x0EC1 0x0ECA 0x0ED3 0x0F02 0x0F19
2.71,0x09,read,0x004,FSR,direct,1,0xCE,0x000B
2.71,0x09,read,0x00A,PCLATH,direct,6,0x00 0x08,0x0008 0x0042 0x0043 0x019B 0x019C 0x0F18
2.71,0x09,read,0x00B,INTCON,direct,2,0x54,0x0019 0x001B
2.71,0x09,read,0x00C,PIR1,direct,9,0x59 0x5B,0x0021 0x0027 0x019A 0x02A7 0x0772 0x0780
2.71,0x09,read,0x020,RAM_0x020,direct,1,0x00,0x0035
2.71,0x09,read,0x021,RAM_0x021,direct,1,0x81,0x0037
2.71,0x09,read,0x022,RAM_0x022,direct,1,0xCE,0x0029
2.71,0x09,read,0x023,RAM_0x023,direct,1,0x00,0x002B
2.71,0x09,read,0x024,RAM_0x024,direct,1,0x77,0x002D
2.71,0x09,read,0x025,RAM_0x025,direct,1,0x24,0x002F
2.71,0x09,read,0x026,RAM_0x026,direct,1,0x00,0x0031
2.71,0x09,read,0x027,RAM_0x027,direct,1,0x00,0x0033
2.71,0x09,read,0x031,RAM_0x031,direct,1,0xCF,0x018B
2.71,0x09,read,0x038,RAM_0x038,direct,1,0x00,0x0195
2.71,0x09,read,0x04C,RAM_0x04C,direct,2,0x00,0x018F 0x0E1A
2.71,0x09,read,0x051,RAM_0x051,direct,1,0x00,0x0DAB
2.71,0x09,read,0x077,RAM_0x077,direct,1,0x00,0x000D
2.71,0x09,read,0x078,RAM_0x078,direct,1,0x77,0x000F
2.71,0x09,read,0x079,RAM_0x079,direct,1,0x24,0x0011
2.71,0x09,read,0x07A,RAM_0x07A,direct,1,0x00,0x0013
2.71,0x09,read,0x07B,RAM_0x07B,direct,1,0x00,0x0015
2.71,0x09,read,0x07F,RAM_0x07F,direct,2,0x00,0x0039 0x003A
2.71,0x09,read,0x08C,PIE1,indirect,2,0x22,0x001F 0x0025
2.71,0x09,read,0x0A0,RAM_0x0A0,direct,34,0x09,0x0DA7 0x0DAE 0x0DB6 0x0DBF 0x0DCF 0x0DD8 0x0DE8 0x0DF4 0x0E00 0x0E09 0x0E15 0x0E1E 0x0E27 0x0E30 0x0E41 0x0E4B 0x0E54 0x0E60 0x0E68 0x0E70 0x0E76 0x0E7E 0x0E86 0x0E8E 0x0E96 0x0E9E 0x0EA7 0x0EB1 0x0EB8 0x0EBF 0x0EC8 0x0ED1 0x0F00 0x0F14
2.71,0x09,read,0x0C8,RAM_0x0C8,direct,1,0x00,0x0F16
2.71,0x09,read,0x0CB,RAM_0x0CB,direct,3,0x7A 0x7B,0x0DA9 0x0E1D 0x0F09
2.71,0x09,read,0x0D4,RAM_0x0D4,direct,1,0x09,0x0776
2.71,0x09,read,0x0D5,RAM_0x0D5,direct,1,0x00,0x077B
2.71,0x09,read,0x0D6,RAM_0x0D6,direct,4,0x00 0x09,0x02AE 0x02B7
2.71,0x09,read,0x0D7,RAM_0x0D7,direct,4,0x00 0x90,0x02B1 0x02B2
2.71,0x09,read,0x0D8,RAM_0x0D8,direct,12,0x00 0x09,0x0299 0x029A 0x02A3
2.71,0x09,read,0x0D9,RAM_0x0D9,direct,4,0x30 0x39,0x02A5
2.71,0x09,write,0x003,STATUS,direct,30,0x00 0x04 0x18 0x1B 0x1C 0x1F 0x38 0x3B 0x3C 0x3F,0x0006 0x0017 0x0018 0x0038 0x0298 0x02A6 0x02AD 0x02B4 0x02B6 0x02B9 0x0775 0x0778 0x077A 0x077D 0x0DA6 0x0DAA 0x0DAD 0x0E19 0x0E1B 0x0F19
2.71,0x09,write,0x004,FSR,direct,3,0x8C 0xCE,0x001E 0x0024 0x002A
2.71,0x09,write,0x00A,PCLATH,direct,7,0x00,0x000A 0x0036 0x0042 0x0043 0x019B 0x019C 0x0F18
2.71,0x09,write,0x00C,PIR1,direct,1,0x59,0x019A
2.71,0x09,write,0x019,TXREG,direct,6,0x0A 0x30 0x39 0x54,0x02AB 0x0774 0x0782
2.71,0x09,write,0x020,RAM_0x020,direct,1,0x00,0x0009
2.71,0x09,write,0x021,RAM_0x021,direct,1,0x81,0x0007
2.71,0x09,write,0x022,RAM_0x022,direct,1,0xCE,0x000C
2.71,0x09,write,0x023,RAM_0x023,direct,1,0x00,0x000E
2.71,0x09,write,0x024,RAM_0x024,direct,1,0x77,0x0010
2.71,0x09,write,0x025,RAM_0x025,direct,1,0x24,0x0012
2.71,0x09,write,0x026,RAM_0x026,direct,1,0x00,0x0014
2.71,0x09,write,0x027,RAM_0x027,direct,1,0x00,0x0016
2.71,0x09,write,0x031,RAM_0x031,direct,1,0xD0,0x018B
2.71,0x09,write,0x038,RAM_0x038,direct,1,0x00,0x0195
2.71,0x09,write,0x077,RAM_0x077,direct,1,0x00,0x002C
2.71,0x09,write,0x078,RAM_0x078,direct,1,0x77,0x002E
2.71,0x09,write,0x079,RAM_0x079,direct,1,0x24,0x0030
2.71,0x09,write,0x07A,RAM_0x07A,direct,1,0x00,0x0032
2.71,0x09,write,0x07B,RAM_0x07B,direct,1,0x00,0x0034
2.71,0x09,write,0x07F,RAM_0x07F,direct,2,0x00,0x0004 0x0039
2.71,0x09,write,0x0A0,RAM_0x0A0,direct,1,0x09,0x0DAE
2.71,0x09,write,0x0C8,RAM_0x0C8,direct,1,0x00,0x0E1C
2.71,0x09,write,0x0CA,RAM_0x0CA,direct,1,0x09,0x0DA8
2.71,0x09,write,0x0CB,RAM_0x0CB,direct,2,0x7A 0x7B,0x0DA9 0x0E1D
2.71,0x09,write,0x0D4,RAM_0x0D4,direct,1,0x09,0x0F15
2.71,0x09,write,0x0D5,RAM_0x0D5,direct,1,0x00,0x0F17
2.71,0x09,write,0x0D6,RAM_0x0D6,direct,2,0x00 0x09,0x0777 0x077C
2.71,0x09,write,0x0D7,RAM_0x0D7,direct,4,0x00 0x90,0x02AF 0x02B1
2.71,0x09,write,0x0D8,RAM_0x0D8,direct,8,0x00 0x09,0x0299 0x02B3 0x02B8
2.71,0x09,write,0x0D9,RAM_0x0D9,direct,4,0x30 0x39,0x02A4
2.71,0x0A,read,0x003,STATUS,direct,65,0x04 0x18 0x1A 0x1B 0x1C 0x1E 0x1F 0x38 0x39 0x3A 0x3B 0x3C 0x3E 0x3F,0x0005 0x0017 0x0018 0x0196 0x0298 0x029C 0x02A6 0x02AD 0x02B4 0x02B6 0x02B9 0x0775 0x0778 0x077A 0x077D 0x0DA6 0x0DAA 0x0DAD 0x0DAF 0x0DC1 0x0DD1 0x0DDA 0x0DEA 0x0DF6 0x0E02 0x0E0B 0x0E17 0x0E20 0x0E22 0x0E24 0x0E29 0x0E32 0x0E43 0x0E4D 0x0E56 0x0E62 0x0E6A 0x0E72 0x0E78 0x0E80 0x0E88 0x0E90 0x0E98 0x0EA0 0x0EA9 0x0EB3 0x0EBA 0x0EC1 0x0ECA 0x0ED3 0x0F02 0x0F19
2.71,0x0A,read,0x004,FSR,direct,1,0xCE,0x000B
2.71,0x0A,read,0x00A,PCLATH,direct,6,0x00 0x08,0x0008 0x0042 0x0043 0x019B 0x019C 0x0F18
2.71,0x0A,read,0x00B,INTCON,direct,2,0x54,0x0019 0x001B
2.71,0x0A,read,0x00C,PIR1,direct,9,0x59 0x5B,0x0021 0x0027 0x019A 0x02A7 0x0772 0x0780
2.71,0x0A,read,0x020,RAM_0x020,direct,1,0x00,0x0035
2.71,0x0A,read,0x021,RAM_0x021,direct,1,0x81,0x0037
2.71,0x0A,read,0x022,RAM_0x022,direct,1,0xCE,0x0029
2.71,0x0A,read,0x023,RAM_0x023,direct,1,0x00,0x002B
2.71,0x0A,read,0x024,RAM_0x024,direct,1,0x77,0x002D
2.71,0x0A,read,0x025,RAM_0x025,direct,1,0x24,0x002F
2.71,0x0A,read,0x026,RAM_0x026,direct,1,0x00,0x0031
2.71,0x0A,read,0x027,RAM_0x027,direct,1,0x00,0x0033
2.71,0x0A,read,0x031,RAM_0x031,direct,1,0xCF,0x018B
2.71,0x0A,read,0x038,RAM_0x038,direct,1,0x00,0x0195
2.71,0x0A,read,0x03A,RAM_0x03A,direct,1,0x00,0x0E23
2.71,0x0A,read,0x04C,RAM_0x04C,direct,1,0x00,0x018F
2.71,0x0A,read,0x051,RAM_0x051,direct,1,0x00,0x0DAB
2.71,0x0A,read,0x077,RAM_0x077,direct,1,0x00,0x000D
2.71,0x0A,read,0x078,RAM_0x078,direct,1,0x77,0x000F
2.71,0x0A,read,0x079,RAM_0x079,direct,1,0x24,0x0011
2.71,0x0A,read,0x07A,RAM_0x07A,direct,1,0x00,0x0013
2.71,0x0A,read,0x07B,RAM_0x07B,direct,1,0x00,0x0015
2.71,0x0A,read,0x07F,RAM_0x07F,direct,2,0x00,0x0039 0x003A
2.71,0x0A,read,0x08C,PIE1,indirect,2,0x22,0x001F 0x0025
2.71,0x0A,read,0x0A0,RAM_0x0A0,direct,34,0x0A,0x0DA7 0x0DAE 0x0DB6 0x0DBF 0x0DCF 0x0DD8 0x0DE8 0x0DF4 0x0E00 0x0E09 0x0E15 0x0E1E 0x0E27 0x0E30 0x0E41 0x0E4B 0x0E54 0x0E60 0x0E68 0x0E70 0x0E76 0x0E7E 0x0E86 0x0E8E 0x0E96 0x0E9E 0x0EA7 0x0EB1 0x0EB8 0x0EBF 0x0EC8 0x0ED1 0x0F00 0x0F14
2.71,0x0A,read,0x0C8,RAM_0x0C8,direct,1,0x00,0x0F16
2.71,0x0A,read,0x0CB,RAM_0x0CB,direct,3,0x7A 0x7B,0x0DA9 0x0E26 0x0F09
2.71,0x0A,read,0x0D4,RAM_0x0D4,direct,1,0x0A,0x0776
2.71,0x0A,read,0x0D5,RAM_0x0D5,direct,1,0x00,0x077B
2.71,0x0A,read,0x0D6,RAM_0x0D6,direct,4,0x00 0x0A,0x02AE 0x02B7
2.71,0x0A,read,0x0D7,RAM_0x0D7,direct,4,0x00 0xA0,0x02B1 0x02B2
2.71,0x0A,read,0x0D8,RAM_0x0D8,direct,12,0x00 0x0A,0x0299 0x029A 0x029F 0x02A3
2.71,0x0A,read,0x0D9,RAM_0x0D9,direct,4,0x30 0x61,0x02A5
2.71,0x0A,write,0x003,STATUS,direct,30,0x00 0x04 0x18 0x1A 0x1B 0x1C 0x1E 0x1F 0x38 0x3A 0x3B 0x3C 0x3E 0x3F,0x0006 0x0017 0x0018 0x0038 0x0298 0x02A6 0x02AD 0x02B4 0x02B6 0x02B9 0x0775 0x0778 0x077A 0x077D 0x0DA6 0x0DAA 0x0DAD 0x0E22 0x0E24 0x0F19
2.71,0x0A,write,0x004,FSR,direct,3,0x8C 0xCE,0x001E 0x0024 0x002A
2.71,0x0A,write,0x00A,PCLATH,direct,7,0x00,0x000A 0x0036 0x0042 0x0043 0x019B 0x019C 0x0F18
2.71,0x0A,write,0x00C,PIR1,direct,1,0x59,0x019A
2.71,0x0A,write,0x019,TXREG,direct,6,0x0A 0x30 0x54 0x61,0x02AB 0x0774 0x0782
2.71,0x0A,write,0x020,RAM_0x020,direct,1,0x00,0x0009
2.71,0x0A,write,0x021,RAM_0x021,direct,1,0x81,0x0007
2.71,0x0A,write,0x022,RAM_0x022,direct,1,0xCE,0x000C
2.71,0x0A,write,0x023,RAM_0x023,direct,1,0x00,0x000E
2.71,0x0A,write,0x024,RAM_0x024,direct,1,0x77,0x0010
2.71,0x0A,write,0x025,RAM_0x025,direct,1,0x24,0x0012
2.71,0x0A,write,0x026,RAM_0x026,direct,1,0x00,0x0014
2.71,0x0A,write,0x027,RAM_0x027,direct,1,0x00,0x0016
2.71,0x0A,write,0x031,RAM_0x031,direct,1,0xD0,0x018B
2.71,0x0A,write,0x038,RAM_0x038,direct,1,0x00,0x0195
2.71,0x0A,write,0x077,RAM_0x077,direct,1,0x00,0x002C
2.71,0x0A,write,0x078,RAM_0x078,direct,1,0x77,0x002E
2.71,0x0A,write,0x079,RAM_0x079,direct,1,0x24,0x0030
2.71,0x0A,write,0x07A,RAM_0x07A,direct,1,0x00,0x0032
2.71,0x0A,write,0x07B,RAM_0x07B,direct,1,0x00,0x0034
2.71,0x0A,write,0x07F,RAM_0x07F,direct,2,0x00,0x0004 0x0039
2.71,0x0A,write,0x0A0,RAM_0x0A0,direct,1,0x0A,0x0DAE
2.71,0x0A,write,0x0C8,RAM_0x0C8,direct,1,0x00,0x0E25
2.71,0x0A,write,0x0CA,RAM_0x0CA,direct,1,0x0A,0x0DA8
2.71,0x0A,write,0x0CB,RAM_0x0CB,direct,2,0x7A 0x7B,0x0DA9 0x0E26
2.71,0x0A,write,0x0D4,RAM_0x0D4,direct,1,0x0A,0x0F15
2.71,0x0A,write,0x0D5,RAM_0x0D5,direct,1,0x00,0x0F17
2.71,0x0A,write,0x0D6,RAM_0x0D6,direct,2,0x00 0x0A,0x0777 0x077C
2.71,0x0A,write,0x0D7,RAM_0x0D7,direct,4,0x00 0xA0,0x02AF 0x02B1
2.71,0x0A,write,0x0D8,RAM_0x0D8,direct,8,0x00 0x0A,0x0299 0x02B3 0x02B8
2.71,0x0A,write,0x0D9,RAM_0x0D9,direct,4,0x30 0x61,0x02A0 0x02A4
2.71,0x0B,read,0x003,STATUS,direct,65,0x04 0x18 0x1A 0x1B 0x1C 0x1E 0x1F 0x38 0x39 0x3A 0x3B 0x3C 0x3E 0x3F,0x0005 0x0017 0x0018 0x0196 0x0298 0x029C 0x02A6 0x02AD 0x02B4 0x02B6 0x02B9 0x0775 0x0778 0x077A 0x077D 0x0DA6 0x0DAA 0x0DAD 0x0DAF 0x0DC1 0x0DD1 0x0DDA 0x0DEA 0x0DF6 0x0E02 0x0E0B 0x0E17 0x0E20 0x0E29 0x0E2B 0x0E2D 0x0E32 0x0E43 0x0E4D 0x0E56 0x0E62 0x0E6A 0x0E72 0x0E78 0x0E80 0x0E88 0x0E90 0x0E98 0x0EA0 0x0EA9 0x0EB3 0x0EBA 0x0EC1 0x0ECA 0x0ED3 0x0F02 0x0F19
2.71,0x0B,read,0x004,FSR,direct,1,0xCE,0x000B
2.71,0x0B,read,0x00A,PCLATH,direct,6,0x00 0x08,0x0008 0x0042 0x0043 0x019B 0x019C 0x0F18
2.71,0x0B,read,0x00B,INTCON,direct,2,0x54,0x0019 0x001B
2.71,0x0B,read,0x00C,PIR1,direct,9,0x59 0x5B,0x0021 0x0027 0x019A 0x02A7 0x0772 0x0780
2.71,0x0B,read,0x020,RAM_0x020,direct,1,0x00,0x0035
2.71,0x0B,read,0x021,RAM_0x021,direct,1,0x81,0x0037
2.71,0x0B,read,0x022,RAM_0x022,direct,1,0xCE,0x0029
2.71,0x0B,read,0x023,RAM_0x023,direct,1,0x00,0x002B
2.71,0x0B,read,0x024,RAM_0x024,direct,1,0x77,0x002D
2.71,0x0B,read,0x025,RAM_0x025,direct,1,0x24,0x002F
2.71,0x0B,read,0x026,RAM_0x026,direct,1,0x00,0x0031
2.71,0x0B,read,0x027,RAM_0x027,direct,1,0x00,0x0033
2.71,0x0B,read,0x031,RAM_0x031,direct,1,0xCF,0x018B
2.71,0x0B,read,0x038,RAM_0x038,direct,1,0x00,0x0195
2.71,0x0B,read,0x039,RAM_0x039,direct,1,0x00,0x0E2C
2.71,0x0B,read,0x04C,RAM_0x04C,direct,1,0x00,0x018F
2.71,0x0B,read,0x051,RAM_0x051,direct,1,0x00,0x0DAB
2.71,0x0B,read,0x077,RAM_0x077,direct,1,0x00,0x000D
2.71,0x0B,read,0x078,RAM_0x078,direct,1,0x77,0x000F
2.71,0x0B,read,0x079,RAM_0x079,direct,1,0x24,0x0011
2.71,0x0B,read,0x07A,RAM_0x07A,direct,1,0x00,0x0013
2.71,0x0B,read,0x07B,RAM_0x07B,direct,1,0x00,0x0015
2.71,0x0B,read,0x07F,RAM_0x07F,direct,2,0x00,0x0039 0x003A
2.71,0x0B,read,0x08C,PIE1,indirect,2,0x22,0x001F 0x0025
2.71,0x0B,read,0x0A0,RAM_0x0A0,direct,34,0x0B,0x0DA7 0x0DAE 0x0DB6 0x0DBF 0x0DCF 0x0DD8 0x0DE8 0x0DF4 0x0E00 0x0E09 0x0E15 0x0E1E 0x0E27 0x0E30 0x0E41 0x0E4B 0x0E54 0x0E60 0x0E68 0x0E70 0x0E76 0x0E7E 0x0E86 0x0E8E 0x0E96 0x0E9E 0x0EA7 0x0EB1 0x0EB8 0x0EBF 0x0EC8 0x0ED1 0x0F00 0x0F14
2.71,0x0B,read,0x0C8,RAM_0x0C8,direct,1,0x00,0x0F16
2.71,0x0B,read,0x0CB,RAM_0x0CB,direct,3,0x7A 0x7B,0x0DA9 0x0E2F 0x0F09
2.71,0x0B,read,0x0D4,RAM_0x0D4,direct,1,0x0B,0x0776
2.71,0x0B,read,0x0D5,RAM_0x0D5,direct,1,0x00,0x077B
2.71,0x0B,read,0x0D6,RAM_0x0D6,direct,4,0x00 0x0B,0x02AE 0x02B7
2.71,0x0B,read,0x0D7,RAM_0x0D7,direct,4,0x00 0xB0,0x02B1 0x02B2
2.71,0x0B,read,0x0D8,RAM_0x0D8,direct,12,0x00 0x0B,0x0299 0x029A 0x029F 0x02A3
2.71,0x0B,read,0x0D9,RAM_0x0D9,direct,4,0x30 0x62,0x02A5
2.71,0x0B,write,0x003,STATUS,direct,30,0x00 0x04 0x18 0x1A 0x1B 0x1C 0x1E 0x1F 0x38 0x3A 0x3B 0x3C 0x3E 0x3F,0x0006 0x0017 0x0018 0x0038 0x0298 0x02A6 0x02AD 0x02B4 0x02B6 0x02B9 0x0775 0x0778 0x077A 0x077D 0x0DA6 0x0DAA 0x0DAD 0x0E2B 0x0E2D 0x0F19
2.71,0x0B,write,0x004,FSR,direct,3,0x8C 0xCE,0x001E 0x0024 0x002A
2.71,0x0B,write,0x00A,PCLATH,direct,7,0x00,0x000A 0x0036 0x0042 0x0043 0x019B 0x019C 0x0F18
2.71,0x0B,write,0x00C,PIR1,direct,1,0x59,0x019A
2.71,0x0B,write,0x019,TXREG,direct,6,0x0A 0x30 0x54 0x62,0x02AB 0x0774 0x0782
2.71,0x0B,write,0x020,RAM_0x020,direct,1,0x00,0x0009
2.71,0x0B,write,0x021,RAM_0x021,direct,1,0x81,0x0007
2.71,0x0B,write,0x022,RAM_0x022,direct,1,0xCE,0x000C
2.71,0x0B,write,0x023,RAM_0x023,direct,1,0x00,0x000E
2.71,0x0B,write,0x024,RAM_0x024,direct,1,0x77,0x0010
2.71,0x0B,write,0x025,RAM_0x025,direct,1,0x24,0x0012
2.71,0x0B,write,0x026,RAM_0x026,direct,1,0x00,0x0014
2.71,0x0B,write,0x027,RAM_0x027,direct,1,0x00,0x0016
2.71,0x0B,write,0x031,RAM_0x031,direct,1,0xD0,0x018B
2.71,0x0B,write,0x038,RAM_0x038,direct,1,0x00,0x0195
2.71,0x0B,write,0x077,RAM_0x077,direct,1,0x00,0x002C
2.71,0x0B,write,0x078,RAM_0x078,direct,1,0x77,0x002E
2.71,0x0B,write,0x079,RAM_0x079,direct,1,0x24,0x0030
2.71,0x0B,write,0x07A,RAM_0x07A,direct,1,0x00,0x0032
2.71,0x0B,write,0x07B,RAM_0x07B,direct,1,0x00,0x0034
2.71,0x0B,write,0x07F,RAM_0x07F,direct,2,0x00,0x0004 0x0039
2.71,0x0B,write,0x0A0,RAM_0x0A0,direct,1,0x0B,0x0DAE
2.71,0x0B,write,0x0C8,RAM_0x0C8,direct,1,0x00,0x0E2E
2.71,0x0B,write,0x0CA,RAM_0x0CA,direct,1,0x0B,0x0DA8
2.71,0x0B,write,0x0CB,RAM_0x0CB,direct,2,0x7A 0x7B,0x0DA9 0x0E2F
2.71,0x0B,write,0x0D4,RAM_0x0D4,direct,1,0x0B,0x0F15
2.71,0x0B,write,0x0D5,RAM_0x0D5,direct,1,0x00,0x0F17
2.71,0x0B,write,0x0D6,RAM_0x0D6,direct,2,0x00 0x0B,0x0777 0x077C
2.71,0x0B,write,0x0D7,RAM_0x0D7,direct,4,0x00 0xB0,0x02AF 0x02B1
2.71,0x0B,write,0x0D8,RAM_0x0D8,direct,8,0x00 0x0B,0x0299 0x02B3 0x02B8
2.71,0x0B,write,0x0D9,RAM_0x0D9,direct,4,0x30 0x62,0x02A0 0x02A4
2.71,0x0C,read,0x003,STATUS,direct,154,0x04 0x18 0x1A 0x1B 0x1C 0x1E 0x1F 0x38 0x39 0x3A 0x3B 0x3C 0x3D 0x3E 0x3F 0x58 0x78,0x0005 0x0017 0x0018 0x0196 0x0298 0x029C 0x02A6 0x02AD 0x02B4 0x02B6 0x02B9 0x02C6 0x02C9 0x02CB 0x02CE 0x03BA 0x03C0 0x03C4 0x03CE 0x03D3 0x03D5 0x03D6 0x03D8 0x03D9 0x03DB 0x03DE 0x03E0 0x03E1 0x03E5 0x0775 0x0778 0x077A 0x077D 0x08CC 0x08D0 0x08D4 0x08D8 0x08E5 0x0914 0x0916 0x0919 0x0922 0x0925 0x092F 0x09CA 0x09CF 0x0DA6 0x0DAA 0x0DAD 0x0DAF 0x0DC1 0x0DD1 0x0DDA 0x0DEA 0x0DF6 0x0E02 0x0E0B 0x0E17 0x0E20 0x0E29 0x0E32 0x0E34 0x0E37 0x0E3D 0x0E3F 0x0E43 0x0E4D 0x0E56 0x0E62 0x0E6A 0x0E72 0x0E78 0x0E80 0x0E88 0x0E90 0x0E98 0x0EA0 0x0EA9 0x0EB3 0x0EBA 0x0EC1 0x0ECA 0x0ED3 0x0F02 0x0F10 0x0F13 0x0F19
2.71,0x0C,read,0x004,FSR,direct,3,0xCE,0x000B
2.71,0x0C,read,0x00A,PCLATH,direct,24,0x00 0x08,0x0008 0x0042 0x0043 0x019B 0x019C 0x08CF 0x08D2 0x0921 0x0924 0x092E 0x0931 0x0F0F 0x0F12 0x0F18
2.71,0x0C,read,0x00B,INTCON,direct,6,0x54,0x0019 0x001B
2.71,0x0C,read,0x00C,PIR1,direct,22,0x59 0x5B,0x0021 0x0027 0x019A 0x02A7 0x02BF 0x02C3 0x02D1 0x0772 0x0780
2.71,0x0C,read,0x020,RAM_0x020,direct,3,0x00 0x08,0x0035
2.71,0x0C,read,0x021,RAM_0x021,direct,3,0x83 0x93,0x0037
2.71,0x0C,read,0x022,RAM_0x022,direct,3,0xCE,0x0029
2.71,0x0C,read,0x023,RAM_0x023,direct,3,0x00 0x64,0x002B
2.71,0x0C,read,0x024,RAM_0x024,direct,3,0x23 0x80,0x002D
2.71,0x0C,read,0x025,RAM_0x025,direct,3,0x01 0x3E,0x002F
2.71,0x0C,read,0x026,RAM_0x026,direct,3,0x00,0x0031
2.71,0x0C,read,0x027,RAM_0x027,direct,3,0x00,0x0033
2.71,0x0C,read,0x031,RAM_0x031,direct,3,0xCF 0xD0 0xD1,0x018B
2.71,0x0C,read,0x038,RAM_0x038,direct,3,0x00,0x0195
2.71,0x0C,read,0x04C,RAM_0x04C,direct,3,0x00,0x018F
2.71,0x0C,read,0x051,RAM_0x051,direct,4,0x00,0x02BC 0x03D0 0x0DAB
2.71,0x0C,read,0x06D,RAM_0x06D,direct,1,0x00,0x0E3E
2.71,0x0C,read,0x077,RAM_0x077,direct,21,0x00 0x01 0x03 0x07 0x0F 0x19 0x1F 0x32 0x3E 0x64 0x7D,0x000D 0x03C3 0x03C9
2.71,0x0C,read,0x078,RAM_0x078,direct,24,0x00 0x01 0x02 0x04 0x09 0x12 0x19 0x23 0x24 0x30 0x32 0x46 0x48 0x64 0x80 0x8C 0x91 0xBE,0x000F 0x03CB 0x08D3 0x0918 0x092A 0x0932 0x0E39
2.71,0x0C,read,0x079,RAM_0x079,direct,21,0x00 0x01 0x02 0x04 0x09 0x12 0x24 0x3E 0x40 0x7D 0x80 0xA0 0xD0 0xE8 0xF4 0xFA,0x0011 0x03CA 0x0928 0x0E36
2.71,0x0C,read,0x07A,RAM_0x07A,direct,21,0x00,0x0013 0x03C7 0x03C8
2.71,0x0C,read,0x07B,RAM_0x07B,direct,3,0x00,0x0015
2.71,0x0C,read,0x07E,RAM_0x07E,direct,1,0x0F,0x08CA
2.71,0x0C,read,0x07F,RAM_0x07F,direct,6,0x06 0x0C 0x46 0x60 0x64 0xC0,0x0039 0x003A
2.71,0x0C,read,0x08C,PIE1,indirect,6,0x22,0x001F 0x0025
2.71,0x0C,read,0x0A0,RAM_0x0A0,direct,34,0x0C,0x0DA7 0x0DAE 0x0DB6 0x0DBF 0x0DCF 0x0DD8 0x0DE8 0x0DF4 0x0E00 0x0E09 0x0E15 0x0E1E 0x0E27 0x0E30 0x0E41 0x0E4B 0x0E54 0x0E60 0x0E68 0x0E70 0x0E76 0x0E7E 0x0E86 0x0E8E 0x0E96 0x0E9E 0x0EA7 0x0EB1 0x0EB8 0x0EBF 0x0EC8 0x0ED1 0x0F00 0x0F14
2.71,0x0C,read,0x0C8,RAM_0x0C8,direct,1,0x3E,0x0F16
2.71,0x0C,read,0x0C9,RAM_0x0C9,direct,1,0x00,0x0F0D
2.71,0x0C,read,0x0CA,RAM_0x0CA,direct,1,0x0C,0x0F0B
2.71,0x0C,read,0x0CB,RAM_0x0CB,direct,2,0x7A,0x0DA9 0x0F09
2.71,0x0C,read,0x0CD,RAM_0x0CD,direct,1,0x3E,0x0E3B
2.71,0x0C,read,0x0D1,RAM_0x0D1,direct,1,0x80,0x09CB
2.71,0x0C,read,0x0D2,RAM_0x0D2,direct,1,0x3E,0x09CD
2.71,0x0C,read,0x0D3,RAM_0x0D3,direct,1,0x0C,0x02C7
2.71,0x0C,read,0x0D4,RAM_0x0D4,direct,2,0x00 0x0C,0x02CC 0x0776
2.71,0x0C,read,0x0D5,RAM_0x0D5,direct,2,0x3E 0x64,0x077B 0x091F
2.71,0x0C,read,0x0D6,RAM_0x0D6,direct,25,0x00 0x01 0x02 0x05 0x0A 0x0C 0x14 0x20 0x28 0x3E 0x40 0x50 0x64 0x80 0x90 0xA0,0x02AE 0x02B7 0x03BF 0x08CD
2.71,0x0C,read,0x0D7,RAM_0x0D7,direct,26,0x00 0x03 0x19 0x20 0x23 0x32 0x40 0x46 0x64 0x80 0x8C 0x90 0x91 0xBE 0xC0 0xC8 0xE3,0x02B1 0x02B2 0x03BE 0x08D6 0x08DC
2.71,0x0C,read,0x0D8,RAM_0x0D8,direct,26,0x00 0x03 0x0C 0x0E 0x3E 0x64,0x0299 0x029A 0x029F 0x02A3 0x03C2
2.71,0x0C,read,0x0D9,RAM_0x0D9,direct,10,0x00 0x30 0x33 0x63 0x65,0x02A5 0x03C6
2.71,0x0C,read,0x0DA,RAM_0x0DA,direct,20,0x01 0x02 0x03 0x04 0x05 0x06 0x07 0x08 0x09 0x0A 0x0B 0x0C 0x0D 0x0E 0x0F 0x10 0x64 0x6E 0x94 0x9E,0x03CC 0x03D4 0x03D7
2.71,0x0C,read,0x0DB,RAM_0x0DB,direct,2,0x30 0xBE,0x03E3
2.71,0x0C,read,0x10C,EEDATA,direct,2,0x30 0xBE,0x03DF
2.71,0x0C,read,0x18C,EECON1,direct,4,0x00,0x03DC 0x03DD
2.71,0x0C,write,0x003,STATUS,direct,96,0x00 0x04 0x18 0x1A 0x1B 0x1C 0x1E 0x1F 0x38 0x39 0x3A 0x3B 0x3C 0x3E 0x3F 0x58 0x78,0x0006 0x0017 0x0018 0x0038 0x0298 0x02A6 0x02AD 0x02B4 0x02B6 0x02B9 0x02C6 0x02C9 0x02CB 0x02CE 0x03BA 0x03CE 0x03D3 0x03D5 0x03D6 0x03D8 0x03D9 0x03DB 0x03DE 0x03E0 0x03E1 0x03E5 0x0775 0x0778 0x077A 0x077D 0x08CC 0x08D0 0x08D4 0x08E5 0x0914 0x0916 0x0919 0x0922 0x0925 0x092F 0x09CA 0x09CF 0x0DA6 0x0DAA 0x0DAD 0x0E34 0x0E37 0x0E3D 0x0E3F 0x0F10 0x0F13 0x0F19
2.71,0x0C,write,0x004,FSR,direct,9,0x8C 0xCE,0x001E 0x0024 0x002A
2.71,0x0C,write,0x00A,PCLATH,direct,27,0x00 0x08,0x000A 0x0036 0x0042 0x0043 0x019B 0x019C 0x08CF 0x08D2 0x0921 0x0924 0x092E 0x0931 0x0F0F 0x0F12 0x0F18
2.71,0x0C,write,0x00C,PIR1,direct,3,0x59,0x019A
2.71,0x0C,write,0x019,TXREG,direct,13,0x0A 0x30 0x33 0x44 0x54 0x57 0x63 0x65,0x02AB 0x02C1 0x02C5 0x02D3 0x0774 0x0782
2.71,0x0C,write,0x020,RAM_0x020,direct,3,0x00 0x08,0x0009
2.71,0x0C,write,0x021,RAM_0x021,direct,3,0x83 0x93,0x0007
2.71,0x0C,write,0x022,RAM_0x022,direct,3,0xCE,0x000C
2.71,0x0C,write,0x023,RAM_0x023,direct,3,0x00 0x64,0x000E
2.71,0x0C,write,0x024,RAM_0x024,direct,3,0x23 0x80,0x0010
2.71,0x0C,write,0x025,RAM_0x025,direct,3,0x01 0x3E,0x0012
2.71,0x0C,write,0x026,RAM_0x026,direct,3,0x00,0x0014
2.71,0x0C,write,0x027,RAM_0x027,direct,3,0x00,0x0016
2.71,0x0C,write,0x031,RAM_0x031,direct,3,0xD0 0xD1 0xD2,0x018B
2.71,0x0C,write,0x038,RAM_0x038,direct,3,0x00,0x0195
2.71,0x0C,write,0x077,RAM_0x077,direct,22,0x00 0x01 0x03 0x07 0x0F 0x19 0x1F 0x32 0x3E 0x64 0x7D,0x002C 0x03BC 0x03C3 0x03C9
2.71,0x0C,write,0x078,RAM_0x078,direct,23,0x00 0x01 0x02 0x04 0x09 0x12 0x19 0x23 0x24 0x30 0x32 0x46 0x48 0x64 0x80 0x8C 0x91 0xBE,0x002E 0x03CB 0x03E4 0x08DD 0x09CC
2.71,0x0C,write,0x079,RAM_0x079,direct,20,0x00 0x01 0x02 0x04 0x09 0x12 0x3E 0x40 0x7D 0x80 0xA0 0xD0 0xE8 0xF4 0xFA,0x0030 0x03CA 0x09CE
2.71,0x0C,write,0x07A,RAM_0x07A,direct,22,0x00,0x0032 0x03BD 0x03C7 0x03C8
2.71,0x0C,write,0x07B,RAM_0x07B,direct,3,0x00,0x0034
2.71,0x0C,write,0x07F,RAM_0x07F,direct,6,0x06 0x0C 0x46 0x60 0x64 0xC0,0x0004 0x0039
2.71,0x0C,write,0x0A0,RAM_0x0A0,direct,1,0x0C,0x0DAE
2.71,0x0C,write,0x0C8,RAM_0x0C8,direct,1,0x3E,0x0E3C
2.71,0x0C,write,0x0C9,RAM_0x0C9,direct,1,0x00,0x0E40
2.71,0x0C,write,0x0CA,RAM_0x0CA,direct,1,0x0C,0x0DA8
2.71,0x0C,write,0x0CB,RAM_0x0CB,direct,1,0x7A,0x0DA9
2.71,0x0C,write,0x0CC,RAM_0x0CC,direct,1,0x80,0x0E3A
2.71,0x0C,write,0x0CD,RAM_0x0CD,direct,1,0x3E,0x0E38
2.71,0x0C,write,0x0D1,RAM_0x0D1,direct,1,0x80,0x092B
2.71,0x0C,write,0x0D2,RAM_0x0D2,direct,1,0x3E,0x0929
2.71,0x0C,write,0x0D3,RAM_0x0D3,direct,2,0x00 0x0C,0x0927 0x0F0C
2.71,0x0C,write,0x0D4,RAM_0x0D4,direct,3,0x00 0x0C,0x0926 0x0F0E 0x0F15
2.71,0x0C,write,0x0D5,RAM_0x0D5,direct,2,0x3E 0x64,0x091A 0x0F17
2.71,0x0C,write,0x0D6,RAM_0x0D6,direct,22,0x00 0x01 0x02 0x05 0x0A 0x0C 0x14 0x20 0x28 0x3E 0x40 0x50 0x64 0x80 0x90 0xA0 0xC8,0x02C8 0x02CD 0x03BF 0x0777 0x077C 0x0915 0x091D
2.71,0x0C,write,0x0D7,RAM_0x0D7,direct,27,0x00 0x03 0x19 0x20 0x23 0x32 0x40 0x46 0x48 0x64 0x80 0x8C 0x90 0x91 0xBE 0xC0 0xC8 0xE3,0x02AF 0x02B1 0x03BE 0x08D5 0x08DB 0x091B
2.71,0x0C,write,0x0D8,RAM_0x0D8,direct,17,0x00 0x03 0x0C 0x0E 0x3E 0x64,0x0299 0x02B3 0x02B8 0x0920
2.71,0x0C,write,0x0D9,RAM_0x0D9,direct,9,0x00 0x30 0x33 0x63 0x65,0x02A0 0x02A4 0x091E
2.71,0x0C,write,0x0DA,RAM_0x0DA,direct,21,0x00 0x01 0x02 0x03 0x04 0x05 0x06 0x07 0x08 0x09 0x0A 0x0B 0x0C 0x0D 0x0E 0x0F 0x10 0x64 0x6E 0x94 0x9E,0x03BB 0x03CC 0x03D4 0x08CE 0x092D
2.71,0x0C,write,0x0DB,RAM_0x0DB,direct,2,0x30 0xBE,0x03E2
2.71,0x0C,write,0x10D,EEADR,direct,2,0x94 0x9E,0x03DA
2.71,0x0C,write,0x18C,EECON1,direct,4,0x00 0x01,0x03DC 0x03DD
2.71,0x0D,read,0x003,STATUS,direct,122,0x04 0x18 0x1A 0x1B 0x1C 0x1F 0x38 0x39 0x3A 0x3B 0x3C 0x3D 0x3F 0x58 0x78,0x0005 0x0017 0x0018 0x0196 0x0298 0x029C 0x02A6 0x02AD 0x02B4 0x02B6 0x02B9 0x03BA 0x03C0 0x03C4 0x03CE 0x03D3 0x03D5 0x03D6 0x03D8 0x03D9 0x03DB 0x03DE 0x03E0 0x03E1 0x03E5 0x0775 0x0778 0x077A 0x077D 0x08CC 0x08D0 0x08D4 0x08D8 0x08E5 0x0914 0x0916 0x0919 0x0922 0x0925 0x092F 0x09CA 0x09CF 0x0DA6 0x0DAA 0x0DAD 0x0DAF 0x0DC1 0x0DD1 0x0DDA 0x0DEA 0x0DF6 0x0E02 0x0E0B 0x0E17 0x0E20 0x0E29 0x0E32 0x0E43 0x0E45 0x0E48 0x0E4D 0x0E56 0x0E62 0x0E6A 0x0E72 0x0E78 0x0E80 0x0E88 0x0E90 0x0E98 0x0EA0 0x0EA9 0x0EB3 0x0EBA 0x0EC1 0x0ECA 0x0ED3 0x0F02 0x0F19
2.71,0x0D,read,0x004,FSR,direct,2,0xCE,0x000B
2.71,0x0D,read,0x00A,PCLATH,direct,17,0x00 0x08,0x0008 0x0042 0x0043 0x019B 0x019C 0x08CF 0x08D2 0x0921 0x0924 0x092E 0x0931 0x0F18
2.71,0x0D,read,0x00B,INTCON,direct,4,0x54,0x0019 0x001B
2.71,0x0D,read,0x00C,PIR1,direct,12,0x59 0x5B,0x0021 0x0027 0x019A 0x02A7 0x0772 0x0780
2.71,0x0D,read,0x020,RAM_0x020,direct,2,0x00 0x08,0x0035
2.71,0x0D,read,0x021,RAM_0x021,direct,2,0x93 0xD3,0x0037
2.71,0x0D,read,0x022,RAM_0x022,direct,2,0xCE,0x0029
2.71,0x0D,read,0x023,RAM_0x023,direct,2,0x00,0x002B
2.71,0x0D,read,0x024,RAM_0x024,direct,2,0x23 0x80,0x002D
2.71,0x0D,read,0x025,RAM_0x025,direct,2,0x01 0x3E,0x002F
2.71,0x0D,read,0x026,RAM_0x026,direct,2,0x00,0x0031
2.71,0x0D,read,0x027,RAM_0x027,direct,2,0x00,0x0033
2.71,0x0D,read,0x031,RAM_0x031,direct,2,0xCF 0xD0,0x018B
2.71,0x0D,read,0x038,RAM_0x038,direct,2,0x00,0x0195
2.71,0x0D,read,0x04C,RAM_0x04C,direct,2,0x00,0x018F
2.71,0x0D,read,0x051,RAM_0x051,direct,3,0x00,0x03D0 0x0DAB
2.71,0x0D,read,0x077,RAM_0x077,direct,20,0x00 0x01 0x03 0x07 0x0F 0x19 0x1F 0x32 0x3E 0x64 0x7D,0x000D 0x03C3 0x03C9
2.71,0x0D,read,0x078,RAM_0x078,direct,23,0x00 0x01 0x02 0x04 0x09 0x12 0x19 0x23 0x24 0x30 0x32 0x46 0x48 0x64 0x80 0x8C 0x91 0xBE,0x000F 0x03CB 0x08D3 0x0918 0x092A 0x0932 0x0E47
2.71,0x0D,read,0x079,RAM_0x079,direct,19,0x00 0x01 0x02 0x04 0x09 0x12 0x24 0x3E 0x40 0x7D 0x80 0xA0 0xD0 0xE8 0xF4 0xFA,0x0011 0x03CA 0x0928
2.71,0x0D,read,0x07A,RAM_0x07A,direct,20,0x00,0x0013 0x03C7 0x03C8
2.71,0x0D,read,0x07B,RAM_0x07B,direct,2,0x00,0x0015
2.71,0x0D,read,0x07E,RAM_0x07E,direct,1,0x0F,0x08CA
2.71,0x0D,read,0x07F,RAM_0x07F,direct,4,0x01 0x0D 0x10 0xD0,0x0039 0x003A
2.71,0x0D,read,0x08C,PIE1,indirect,4,0x22,0x001F 0x0025
2.71,0x0D,read,0x0A0,RAM_0x0A0,direct,34,0x0D,0x0DA7 0x0DAE 0x0DB6 0x0DBF 0x0DCF 0x0DD8 0x0DE8 0x0DF4 0x0E00 0x0E09 0x0E15 0x0E1E 0x0E27 0x0E30 0x0E41 0x0E4B 0x0E54 0x0E60 0x0E68 0x0E70 0x0E76 0x0E7E 0x0E86 0x0E8E 0x0E96 0x0E9E 0x0EA7 0x0EB1 0x0EB8 0x0EBF 0x0EC8 0x0ED1 0x0F00 0x0F14
2.71,0x0D,read,0x0C8,RAM_0x0C8,direct,1,0x80,0x0F16
2.71,0x0D,read,0x0CB,RAM_0x0CB,direct,3,0x7A 0x7B,0x0DA9 0x0E4A 0x0F09
2.71,0x0D,read,0x0D1,RAM_0x0D1,direct,1,0x80,0x09CB
2.71,0x0D,read,0x0D2,RAM_0x0D2,direct,1,0x3E,0x09CD
2.71,0x0D,read,0x0D4,RAM_0x0D4,direct,1,0x0D,0x0776
2.71,0x0D,read,0x0D5,RAM_0x0D5,direct,2,0x64 0x80,0x077B 0x091F
2.71,0x0D,read,0x0D6,RAM_0x0D6,direct,21,0x00 0x01 0x02 0x05 0x0A 0x0D 0x14 0x20 0x28 0x40 0x50 0x64 0x80 0x90 0xA0,0x02AE 0x02B7 0x03BF 0x08CD
2.71,0x0D,read,0x0D7,RAM_0x0D7,direct,22,0x00 0x08 0x19 0x20 0x23 0x32 0x40 0x46 0x64 0x80 0x8C 0x90 0x91 0xBE 0xC8 0xD0,0x02B1 0x02B2 0x03BE 0x08D6 0x08DC
2.71,0x0D,read,0x0D8,RAM_0x0D8,direct,14,0x00 0x08 0x0D 0x64 0x80,0x0299 0x029A 0x029F 0x02A3 0x03C2
2.71,0x0D,read,0x0D9,RAM_0x0D9,direct,6,0x00 0x30 0x38 0x64,0x02A5 0x03C6
2.71,0x0D,read,0x0DA,RAM_0x0DA,direct,20,0x01 0x02 0x03 0x04 0x05 0x06 0x07 0x08 0x09 0x0A 0x0B 0x0C 0x0D 0x0E 0x0F 0x10 0x64 0x6E 0x94 0x9E,0x03CC 0x03D4 0x03D7
2.71,0x0D,read,0x0DB,RAM_0x0DB,direct,2,0x30 0xBE,0x03E3
2.71,0x0D,read,0x10C,EEDATA,direct,2,0x30 0xBE,0x03DF
2.71,0x0D,read,0x18C,EECON1,direct,4,0x00,0x03DC 0x03DD
2.71,0x0D,write,0x003,STATUS,direct,68,0x00 0x04 0x18 0x1A 0x1B 0x1C 0x1F 0x38 0x39 0x3A 0x3B 0x3C 0x3D 0x3F 0x58 0x78,0x0006 0x0017 0x0018 0x0038 0x0298 0x02A6 0x02AD 0x02B4 0x02B6 0x02B9 0x03BA 0x03CE 0x03D3 0x03D5 0x03D6 0x03D8 0x03D9 0x03DB 0x03DE 0x03E0 0x03E1 0x03E5 0x0775 0x0778 0x077A 0x077D 0x08CC 0x08D0 0x08D4 0x08E5 0x0914 0x0916 0x0919 0x0922 0x0925 0x092F 0x09CA 0x09CF 0x0DA6 0x0DAA 0x0DAD 0x0E45 0x0E48 0x0F19
2.71,0x0D,write,0x004,FSR,direct,6,0x8C 0xCE,0x001E 0x0024 0x002A
2.71,0x0D,write,0x00A,PCLATH,direct,19,0x00 0x08,0x000A 0x0036 0x0042 0x0043 0x019B 0x019C 0x08CF 0x08D2 0x0921 0x0924 0x092E 0x0931 0x0F18
2.71,0x0D,write,0x00C,PIR1,direct,2,0x59,0x019A
2.71,0x0D,write,0x019,TXREG,direct,6,0x0A 0x30 0x38 0x54 0x64,0x02AB 0x0774 0x0782
2.71,0x0D,write,0x020,RAM_0x020,direct,2,0x00 0x08,0x0009
2.71,0x0D,write,0x021,RAM_0x021,direct,2,0x93 0xD3,0x0007
2.71,0x0D,write,0x022,RAM_0x022,direct,2,0xCE,0x000C
2.71,0x0D,write,0x023,RAM_0x023,direct,2,0x00,0x000E
2.71,0x0D,write,0x024,RAM_0x024,direct,2,0x23 0x80,0x0010
2.71,0x0D,write,0x025,RAM_0x025,direct,2,0x01 0x3E,0x0012
2.71,0x0D,write,0x026,RAM_0x026,direct,2,0x00,0x0014
2.71,0x0D,write,0x027,RAM_0x027,direct,2,0x00,0x0016
2.71,0x0D,write,0x031,RAM_0x031,direct,2,0xD0 0xD1,0x018B
2.71,0x0D,write,0x038,RAM_0x038,direct,2,0x00,0x0195
2.71,0x0D,write,0x077,RAM_0x077,direct,21,0x00 0x01 0x03 0x07 0x0F 0x19 0x1F 0x32 0x3E 0x64 0x7D,0x002C 0x03BC 0x03C3 0x03C9
2.71,0x0D,write,0x078,RAM_0x078,direct,22,0x00 0x01 0x02 0x04 0x09 0x12 0x19 0x23 0x24 0x30 0x32 0x46 0x48 0x64 0x80 0x8C 0x91 0xBE,0x002E 0x03CB 0x03E4 0x08DD 0x09CC
2.71,0x0D,write,0x079,RAM_0x079,direct,19,0x00 0x01 0x02 0x04 0x09 0x12 0x3E 0x40 0x7D 0x80 0xA0 0xD0 0xE8 0xF4 0xFA,0x0030 0x03CA 0x09CE
2.71,0x0D,write,0x07A,RAM_0x07A,direct,21,0x00,0x0032 0x03BD 0x03C7 0x03C8
2.71,0x0D,write,0x07B,RAM_0x07B,direct,2,0x00,0x0034
2.71,0x0D,write,0x07F,RAM_0x07F,direct,4,0x01 0x0D 0x10 0xD0,0x0004 0x0039
2.71,0x0D,write,0x0A0,RAM_0x0A0,direct,1,0x0D,0x0DAE
2.71,0x0D,write,0x0C8,RAM_0x0C8,direct,1,0x80,0x0E49
2.71,0x0D,write,0x0CA,RAM_0x0CA,direct,1,0x0D,0x0DA8
2.71,0x0D,write,0x0CB,RAM_0x0CB,direct,2,0x7A 0x7B,0x0DA9 0x0E4A
2.71,0x0D,write,0x0D1,RAM_0x0D1,direct,1,0x80,0x092B
2.71,0x0D,write,0x0D2,RAM_0x0D2,direct,1,0x3E,0x0929
2.71,0x0D,write,0x0D3,RAM_0x0D3,direct,1,0x00,0x0927
2.71,0x0D,write,0x0D4,RAM_0x0D4,direct,2,0x00 0x0D,0x0926 0x0F15
2.71,0x0D,write,0x0D5,RAM_0x0D5,direct,2,0x64 0x80,0x091A 0x0F17
2.71,0x0D,write,0x0D6,RAM_0x0D6,direct,20,0x00 0x01 0x02 0x05 0x0A 0x0D 0x14 0x20 0x28 0x40 0x50 0x64 0x80 0x90 0xA0 0xC8,0x03BF 0x0777 0x077C 0x0915 0x091D
2.71,0x0D,write,0x0D7,RAM_0x0D7,direct,23,0x00 0x08 0x19 0x20 0x23 0x32 0x40 0x46 0x48 0x64 0x80 0x8C 0x90 0x91 0xBE 0xC8 0xD0,0x02AF 0x02B1 0x03BE 0x08D5 0x08DB 0x091B
2.71,0x0D,write,0x0D8,RAM_0x0D8,direct,9,0x00 0x08 0x0D 0x64 0x80,0x0299 0x02B3 0x02B8 0x0920
2.71,0x0D,write,0x0D9,RAM_0x0D9,direct,5,0x00 0x30 0x38 0x64,0x02A0 0x02A4 0x091E
2.71,0x0D,write,0x0DA,RAM_0x0DA,direct,21,0x00 0x01 0x02 0x03 0x04 0x05 0x06 0x07 0x08 0x09 0x0A 0x0B 0x0C 0x0D 0x0E 0x0F 0x10 0x64 0x6E 0x94 0x9E,0x03BB 0x03CC 0x03D4 0x08CE 0x092D
2.71,0x0D,write,0x0DB,RAM_0x0DB,direct,2,0x30 0xBE,0x03E2
2.71,0x0D,write,0x10D,EEADR,direct,2,0x94 0x9E,0x03DA
2.71,0x0D,write,0x18C,EECON1,direct,4,0x00 0x01,0x03DC 0x03DD
2.71,0x0E,read,0x003,STATUS,direct,65,0x04 0x18 0x1A 0x1B 0x1E 0x1F 0x38 0x39 0x3A 0x3B 0x3E 0x3F,0x0005 0x0017 0x0018 0x0196 0x0298 0x029C 0x02A6 0x02AD 0x02B4 0x02B6 0x02B9 0x0775 0x0778 0x077A 0x077D 0x0DA6 0x0DAA 0x0DAD 0x0DAF 0x0DC1 0x0DD1 0x0DDA 0x0DEA 0x0DF6 0x0E02 0x0E0B 0x0E17 0x0E20 0x0E29 0x0E32 0x0E43 0x0E4D 0x0E4F 0x0E51 0x0E56 0x0E62 0x0E6A 0x0E72 0x0E78 0x0E80 0x0E88 0x0E90 0x0E98 0x0EA0 0x0EA9 0x0EB3 0x0EBA 0x0EC1 0x0ECA 0x0ED3 0x0F02 0x0F19
2.71,0x0E,read,0x004,FSR,direct,1,0xCE,0x000B
2.71,0x0E,read,0x00A,PCLATH,direct,6,0x00 0x08,0x0008 0x0042 0x0043 0x019B 0x019C 0x0F18
2.71,0x0E,read,0x00B,INTCON,direct,2,0x54,0x0019 0x001B
2.71,0x0E,read,0x00C,PIR1,direct,9,0x59 0x5B,0x0021 0x0027 0x019A 0x02A7 0x0772 0x0780
2.71,0x0E,read,0x020,RAM_0x020,direct,1,0x00,0x0035
2.71,0x0E,read,0x021,RAM_0x021,direct,1,0x81,0x0037
2.71,0x0E,read,0x022,RAM_0x022,direct,1,0xCE,0x0029
2.71,0x0E,read,0x023,RAM_0x023,direct,1,0x00,0x002B
2.71,0x0E,read,0x024,RAM_0x024,direct,1,0x77,0x002D
2.71,0x0E,read,0x025,RAM_0x025,direct,1,0x24,0x002F
2.71,0x0E,read,0x026,RAM_0x026,direct,1,0x00,0x0031
2.71,0x0E,read,0x027,RAM_0x027,direct,1,0x00,0x0033
2.71,0x0E,read,0x031,RAM_0x031,direct,1,0xCF,0x018B
2.71,0x0E,read,0x038,RAM_0x038,direct,1,0x00,0x0195
2.71,0x0E,read,0x045,RAM_0x045,direct,1,0x05,0x0E50
2.71,0x0E,read,0x04C,RAM_0x04C,direct,1,0x00,0x018F
2.71,0x0E,read,0x051,RAM_0x051,direct,1,0x00,0x0DAB
2.71,0x0E,read,0x077,RAM_0x077,direct,1,0x00,0x000D
2.71,0x0E,read,0x078,RAM_0x078,direct,1,0x77,0x000F
2.71,0x0E,read,0x079,RAM_0x079,direct,1,0x24,0x0011
2.71,0x0E,read,0x07A,RAM_0x07A,direct,1,0x00,0x0013
2.71,0x0E,read,0x07B,RAM_0x07B,direct,1,0x00,0x0015
2.71,0x0E,read,0x07F,RAM_0x07F,direct,2,0x00,0x0039 0x003A
2.71,0x0E,read,0x08C,PIE1,indirect,2,0x22,0x001F 0x0025
2.71,0x0E,read,0x0A0,RAM_0x0A0,direct,34,0x0E,0x0DA7 0x0DAE 0x0DB6 0x0DBF 0x0DCF 0x0DD8 0x0DE8 0x0DF4 0x0E00 0x0E09 0x0E15 0x0E1E 0x0E27 0x0E30 0x0E41 0x0E4B 0x0E54 0x0E60 0x0E68 0x0E70 0x0E76 0x0E7E 0x0E86 0x0E8E 0x0E96 0x0E9E 0x0EA7 0x0EB1 0x0EB8 0x0EBF 0x0EC8 0x0ED1 0x0F00 0x0F14
2.71,0x0E,read,0x0C8,RAM_0x0C8,direct,1,0x05,0x0F16
2.71,0x0E,read,0x0CB,RAM_0x0CB,direct,3,0x7A 0x7B,0x0DA9 0x0E53 0x0F09
2.71,0x0E,read,0x0D4,RAM_0x0D4,direct,1,0x0E,0x0776
2.71,0x0E,read,0x0D5,RAM_0x0D5,direct,1,0x05,0x077B
2.71,0x0E,read,0x0D6,RAM_0x0D6,direct,4,0x05 0x0E,0x02AE 0x02B7
2.71,0x0E,read,0x0D7,RAM_0x0D7,direct,4,0x00 0x50 0xE0,0x02B1 0x02B2
2.71,0x0E,read,0x0D8,RAM_0x0D8,direct,12,0x00 0x05 0x0E,0x0299 0x029A 0x029F 0x02A3
2.71,0x0E,read,0x0D9,RAM_0x0D9,direct,4,0x30 0x35 0x65,0x02A5
2.71,0x0E,write,0x003,STATUS,direct,30,0x00 0x04 0x18 0x1A 0x1B 0x1E 0x1F 0x38 0x3A 0x3B 0x3E 0x3F,0x0006 0x0017 0x0018 0x0038 0x0298 0x02A6 0x02AD 0x02B4 0x02B6 0x02B9 0x0775 0x0778 0x077A 0x077D 0x0DA6 0x0DAA 0x0DAD 0x0E4F 0x0E51 0x0F19
2.71,0x0E,write,0x004,FSR,direct,3,0x8C 0xCE,0x001E 0x0024 0x002A
2.71,0x0E,write,0x00A,PCLATH,direct,7,0x00,0x000A 0x0036 0x0042 0x0043 0x019B 0x019C 0x0F18
2.71,0x0E,write,0x00C,PIR1,direct,1,0x59,0x019A
2.71,0x0E,write,0x019,TXREG,direct,6,0x0A 0x30 0x35 0x54 0x65,0x02AB 0x0774 0x0782
2.71,0x0E,write,0x020,RAM_0x020,direct,1,0x00,0x0009
2.71,0x0E,write,0x021,RAM_0x021,direct,1,0x81,0x0007
2.71,0x0E,write,0x022,RAM_0x022,direct,1,0xCE,0x000C
2.71,0x0E,write,0x023,RAM_0x023,direct,1,0x00,0x000E
2.71,0x0E,write,0x024,RAM_0x024,direct,1,0x77,0x0010
2.71,0x0E,write,0x025,RAM_0x025,direct,1,0x24,0x0012
2.71,0x0E,write,0x026,RAM_0x026,direct,1,0x00,0x0014
2.71,0x0E,write,0x027,RAM_0x027,direct,1,0x00,0x0016
2.71,0x0E,write,0x031,RAM_0x031,direct,1,0xD0,0x018B
2.71,0x0E,write,0x038,RAM_0x038,direct,1,0x00,0x0195
2.71,0x0E,write,0x077,RAM_0x077,direct,1,0x00,0x002C
2.71,0x0E,write,0x078,RAM_0x078,direct,1,0x77,0x002E
2.71,0x0E,write,0x079,RAM_0x079,direct,1,0x24,0x0030
2.71,0x0E,write,0x07A,RAM_0x07A,direct,1,0x00,0x0032
2.71,0x0E,write,0x07B,RAM_0x07B,direct,1,0x00,0x0034
2.71,0x0E,write,0x07F,RAM_0x07F,direct,2,0x00,0x0004 0x0039
2.71,0x0E,write,0x0A0,RAM_0x0A0,direct,1,0x0E,0x0DAE
2.71,0x0E,write,0x0C8,RAM_0x0C8,direct,1,0x05,0x0E52
2.71,0x0E,write,0x0CA,RAM_0x0CA,direct,1,0x0E,0x0DA8
2.71,0x0E,write,0x0CB,RAM_0x0CB,direct,2,0x7A 0x7B,0x0DA9 0x0E53
2.71,0x0E,write,0x0D4,RAM_0x0D4,direct,1,0x0E,0x0F15
2.71,0x0E,write,0x0D5,RAM_0x0D5,direct,1,0x05,0x0F17
2.71,0x0E,write,0x0D6,RAM_0x0D6,direct,2,0x05 0x0E,0x0777 0x077C
2.71,0x0E,write,0x0D7,RAM_0x0D7,direct,4,0x00 0x50 0xE0,0x02AF 0x02B1
2.71,0x0E,write,0x0D8,RAM_0x0D8,direct,8,0x00 0x05 0x0E,0x0299 0x02B3 0x02B8
2.71,0x0E,write,0x0D9,RAM_0x0D9,direct,4,0x30 0x35 0x65,0x02A0 0x02A4
2.71,0x0F,read,0x003,STATUS,direct,97,0x04 0x18 0x1A 0x1B 0x1C 0x1E 0x1F 0x38 0x39 0x3A 0x3B 0x3C 0x3E 0x3F,0x0005 0x0017 0x0018 0x0196 0x0298 0x029C 0x02A6 0x02AD 0x02B4 0x02B6 0x02B9 0x02C6 0x02C9 0x02CB 0x02CE 0x0775 0x0778 0x077A 0x077D 0x0DA6 0x0DAA 0x0DAD 0x0DAF 0x0DC1 0x0DD1 0x0DDA 0x0DEA 0x0DF6 0x0E02 0x0E0B 0x0E17 0x0E20 0x0E29 0x0E32 0x0E43 0x0E4D 0x0E56 0x0E58 0x0E5A 0x0E5C 0x0E5E 0x0E62 0x0E6A 0x0E72 0x0E78 0x0E80 0x0E88 0x0E90 0x0E98 0x0EA0 0x0EA9 0x0EB3 0x0EBA 0x0EC1 0x0ECA 0x0ED3 0x0F02 0x0F10 0x0F13 0x0F19
2.71,0x0F,read,0x004,FSR,direct,2,0xCE,0x000B
2.71,0x0F,read,0x00A,PCLATH,direct,13,0x00 0x08,0x0008 0x0042 0x0043 0x019B 0x019C 0x0F0F 0x0F12 0x0F18
2.71,0x0F,read,0x00B,INTCON,direct,4,0x54,0x0019 0x001B
2.71,0x0F,read,0x00C,PIR1,direct,19,0x59 0x5B,0x0021 0x0027 0x019A 0x02A7 0x02BF 0x02C3 0x02D1 0x0772 0x0780
2.71,0x0F,read,0x020,RAM_0x020,direct,2,0x00,0x0035
2.71,0x0F,read,0x021,RAM_0x021,direct,2,0x83 0xB3,0x0037
2.71,0x0F,read,0x022,RAM_0x022,direct,2,0xCE,0x0029
2.71,0x0F,read,0x023,RAM_0x023,direct,2,0x00,0x002B
2.71,0x0F,read,0x024,RAM_0x024,direct,2,0x77,0x002D
2.71,0x0F,read,0x025,RAM_0x025,direct,2,0x24,0x002F
2.71,0x0F,read,0x026,RAM_0x026,direct,2,0x00,0x0031
2.71,0x0F,read,0x027,RAM_0x027,direct,2,0x00,0x0033
2.71,0x0F,read,0x031,RAM_0x031,direct,2,0xCF 0xD0,0x018B
2.71,0x0F,read,0x038,RAM_0x038,direct,2,0x00,0x0195
2.71,0x0F,read,0x044,RAM_0x044,direct,1,0x14,0x0E59
2.71,0x0F,read,0x04C,RAM_0x04C,direct,2,0x00,0x018F
2.71,0x0F,read,0x051,RAM_0x051,direct,2,0x00,0x02BC 0x0DAB
2.71,0x0F,read,0x060,RAM_0x060,direct,1,0x00,0x0E5D
2.71,0x0F,read,0x077,RAM_0x077,direct,2,0x00,0x000D
2.71,0x0F,read,0x078,RAM_0x078,direct,2,0x77,0x000F
2.71,0x0F,read,0x079,RAM_0x079,direct,2,0x24,0x0011
2.71,0x0F,read,0x07A,RAM_0x07A,direct,2,0x00,0x0013
2.71,0x0F,read,0x07B,RAM_0x07B,direct,2,0x00,0x0015
2.71,0x0F,read,0x07F,RAM_0x07F,direct,4,0x03 0x30,0x0039 0x003A
2.71,0x0F,read,0x08C,PIE1,indirect,4,0x22,0x001F 0x0025
2.71,0x0F,read,0x0A0,RAM_0x0A0,direct,34,0x0F,0x0DA7 0x0DAE 0x0DB6 0x0DBF 0x0DCF 0x0DD8 0x0DE8 0x0DF4 0x0E00 0x0E09 0x0E15 0x0E1E 0x0E27 0x0E30 0x0E41 0x0E4B 0x0E54 0x0E60 0x0E68 0x0E70 0x0E76 0x0E7E 0x0E86 0x0E8E 0x0E96 0x0E9E 0x0EA7 0x0EB1 0x0EB8 0x0EBF 0x0EC8 0x0ED1 0x0F00 0x0F14
2.71,0x0F,read,0x0C8,RAM_0x0C8,direct,1,0x14,0x0F16
2.71,0x0F,read,0x0C9,RAM_0x0C9,direct,1,0x00,0x0F0D
2.71,0x0F,read,0x0CA,RAM_0x0CA,direct,1,0x0F,0x0F0B
2.71,0x0F,read,0x0CB,RAM_0x0CB,direct,2,0x7A,0x0DA9 0x0F09
2.71,0x0F,read,0x0D3,RAM_0x0D3,direct,1,0x0F,0x02C7
2.71,0x0F,read,0x0D4,RAM_0x0D4,direct,2,0x00 0x0F,0x02CC 0x0776
2.71,0x0F,read,0x0D5,RAM_0x0D5,direct,1,0x14,0x077B
2.71,0x0F,read,0x0D6,RAM_0x0D6,direct,8,0x00 0x0F 0x14,0x02AE 0x02B7
2.71,0x0F,read,0x0D7,RAM_0x0D7,direct,8,0x00 0x01 0x41 0xF0,0x02B1 0x02B2
2.71,0x0F,read,0x0D8,RAM_0x0D8,direct,24,0x00 0x01 0x04 0x0F 0x14,0x0299 0x029A 0x029F 0x02A3
2.71,0x0F,read,0x0D9,RAM_0x0D9,direct,8,0x30 0x31 0x34 0x66,0x02A5
2.71,0x0F,write,0x003,STATUS,direct,58,0x00 0x04 0x18 0x1A 0x1B 0x1C 0x1E 0x1F 0x38 0x3A 0x3B 0x3C 0x3E 0x3F,0x0006 0x0017 0x0018 0x0038 0x0298 0x02A6 0x02AD 0x02B4 0x02B6 0x02B9 0x02C6 0x02C9 0x02CB 0x02CE 0x0775 0x0778 0x077A 0x077D 0x0DA6 0x0DAA 0x0DAD 0x0E58 0x0E5A 0x0E5C 0x0E5E 0x0F10 0x0F13 0x0F19
2.71,0x0F,write,0x004,FSR,direct,6,0x8C 0xCE,0x001E 0x0024 0x002A
2.71,0x0F,write,0x00A,PCLATH,direct,15,0x00 0x08,0x000A 0x0036 0x0042 0x0043 0x019B 0x019C 0x0F0F 0x0F12 0x0F18
2.71,0x0F,write,0x00C,PIR1,direct,2,0x59,0x019A
2.71,0x0F,write,0x019,TXREG,direct,13,0x0A 0x30 0x31 0x34 0x44 0x54 0x57 0x66,0x02AB 0x02C1 0x02C5 0x02D3 0x0774 0x0782
2.71,0x0F,write,0x020,RAM_0x020,direct,2,0x00,0x0009
2.71,0x0F,write,0x021,RAM_0x021,direct,2,0x83 0xB3,0x0007
2.71,0x0F,write,0x022,RAM_0x022,direct,2,0xCE,0x000C
2.71,0x0F,write,0x023,RAM_0x023,direct,2,0x00,0x000E
2.71,0x0F,write,0x024,RAM_0x024,direct,2,0x77,0x0010
2.71,0x0F,write,0x025,RAM_0x025,direct,2,0x24,0x0012
2.71,0x0F,write,0x026,RAM_0x026,direct,2,0x00,0x0014
2.71,0x0F,write,0x027,RAM_0x027,direct,2,0x00,0x0016
2.71,0x0F,write,0x031,RAM_0x031,direct,2,0xD0 0xD1,0x018B
2.71,0x0F,write,0x038,RAM_0x038,direct,2,0x00,0x0195
2.71,0x0F,write,0x077,RAM_0x077,direct,2,0x00,0x002C
2.71,0x0F,write,0x078,RAM_0x078,direct,2,0x77,0x002E
2.71,0x0F,write,0x079,RAM_0x079,direct,2,0x24,0x0030
2.71,0x0F,write,0x07A,RAM_0x07A,direct,2,0x00,0x0032
2.71,0x0F,write,0x07B,RAM_0x07B,direct,2,0x00,0x0034
2.71,0x0F,write,0x07F,RAM_0x07F,direct,4,0x03 0x30,0x0004 0x0039
2.71,0x0F,write,0x0A0,RAM_0x0A0,direct,1,0x0F,0x0DAE
2.71,0x0F,write,0x0C8,RAM_0x0C8,direct,1,0x14,0x0E5B
2.71,0x0F,write,0x0C9,RAM_0x0C9,direct,1,0x00,0x0E5F
2.71,0x0F,write,0x0CA,RAM_0x0CA,direct,1,0x0F,0x0DA8
2.71,0x0F,write,0x0CB,RAM_0x0CB,direct,1,0x7A,0x0DA9
2.71,0x0F,write,0x0D3,RAM_0x0D3,direct,1,0x0F,0x0F0C
2.71,0x0F,write,0x0D4,RAM_0x0D4,direct,2,0x00 0x0F,0x0F0E 0x0F15
2.71,0x0F,write,0x0D5,RAM_0x0D5,direct,1,0x14,0x0F17
2.71,0x0F,write,0x0D6,RAM_0x0D6,direct,4,0x00 0x0F 0x14,0x02C8 0x02CD 0x0777 0x077C
2.71,0x0F,write,0x0D7,RAM_0x0D7,direct,8,0x00 0x01 0x41 0xF0,0x02AF 0x02B1
2.71,0x0F,write,0x0D8,RAM_0x0D8,direct,16,0x00 0x01 0x04 0x0F 0x14,0x0299 0x02B3 0x02B8
2.71,0x0F,write,0x0D9,RAM_0x0D9,direct,8,0x30 0x31 0x34 0x66,0x02A0 0x02A4
2.71,0x10,read,0x003,STATUS,direct,66,0x04 0x18 0x1A 0x1B 0x38 0x3A 0x3B,0x0005 0x0017 0x0018 0x0196 0x0298 0x029C 0x02A6 0x02AD 0x02B4 0x02B6 0x02B9 0x0775 0x0778 0x077A 0x077D 0x0DA6 0x0DAA 0x0DAD 0x0DAF 0x0DC1 0x0DD1 0x0DDA 0x0DEA 0x0DF6 0x0E02 0x0E0B 0x0E17 0x0E20 0x0E29 0x0E32 0x0E43 0x0E4D 0x0E56 0x0E62 0x0E64 0x0E66 0x0E6A 0x0E72 0x0E78 0x0E80 0x0E88 0x0E90 0x0E98 0x0EA0 0x0EA9 0x0EB3 0x0EBA 0x0EC1 0x0ECA 0x0ED3 0x0F02 0x0F06 0x0F19
2.71,0x10,read,0x004,FSR,direct,1,0xCE,0x000B
2.71,0x10,read,0x00A,PCLATH,direct,6,0x00 0x08,0x0008 0x0042 0x0043 0x019B 0x019C 0x0F18
2.71,0x10,read,0x00B,INTCON,direct,2,0x54,0x0019 0x001B
2.71,0x10,read,0x00C,PIR1,direct,9,0x59 0x5B,0x0021 0x0027 0x019A 0x02A7 0x0772 0x0780
2.71,0x10,read,0x020,RAM_0x020,direct,1,0x00,0x0035
2.71,0x10,read,0x021,RAM_0x021,direct,1,0x81,0x0037
2.71,0x10,read,0x022,RAM_0x022,direct,1,0xCE,0x0029
2.71,0x10,read,0x023,RAM_0x023,direct,1,0x00,0x002B
2.71,0x10,read,0x024,RAM_0x024,direct,1,0x77,0x002D
2.71,0x10,read,0x025,RAM_0x025,direct,1,0x24,0x002F
2.71,0x10,read,0x026,RAM_0x026,direct,1,0x00,0x0031
2.71,0x10,read,0x027,RAM_0x027,direct,1,0x00,0x0033
2.71,0x10,read,0x031,RAM_0x031,direct,1,0xCF,0x018B
2.71,0x10,read,0x038,RAM_0x038,direct,1,0x00,0x0195
2.71,0x10,read,0x03E,RAM_0x03E,direct,1,0x1F,0x0E65
2.71,0x10,read,0x04C,RAM_0x04C,direct,1,0x00,0x018F
2.71,0x10,read,0x051,RAM_0x051,direct,1,0x00,0x0DAB
2.71,0x10,read,0x077,RAM_0x077,direct,1,0x00,0x000D
2.71,0x10,read,0x078,RAM_0x078,direct,1,0x77,0x000F
2.71,0x10,read,0x079,RAM_0x079,direct,1,0x24,0x0011
2.71,0x10,read,0x07A,RAM_0x07A,direct,1,0x00,0x0013
2.71,0x10,read,0x07B,RAM_0x07B,direct,1,0x00,0x0015
2.71,0x10,read,0x07F,RAM_0x07F,direct,2,0x13 0x31,0x0039 0x003A
2.71,0x10,read,0x08C,PIE1,indirect,2,0x22,0x001F 0x0025
2.71,0x10,read,0x0A0,RAM_0x0A0,direct,35,0x10,0x0DA7 0x0DAE 0x0DB6 0x0DBF 0x0DCF 0x0DD8 0x0DE8 0x0DF4 0x0E00 0x0E09 0x0E15 0x0E1E 0x0E27 0x0E30 0x0E41 0x0E4B 0x0E54 0x0E60 0x0E68 0x0E70 0x0E76 0x0E7E 0x0E86 0x0E8E 0x0E96 0x0E9E 0x0EA7 0x0EB1 0x0EB8 0x0EBF 0x0EC8 0x0ED1 0x0F00 0x0F04 0x0F14
2.71,0x10,read,0x0C8,RAM_0x0C8,direct,1,0x1F,0x0F16
2.71,0x10,read,0x0CB,RAM_0x0CB,direct,3,0x7A 0x7B,0x0DA9 0x0F08 0x0F09
2.71,0x10,read,0x0D4,RAM_0x0D4,direct,1,0x10,0x0776
2.71,0x10,read,0x0D5,RAM_0x0D5,direct,1,0x1F,0x077B
2.71,0x10,read,0x0D6,RAM_0x0D6,direct,4,0x10 0x1F,0x02AE 0x02B7
2.71,0x10,read,0x0D7,RAM_0x0D7,direct,4,0x01 0xF1,0x02B1 0x02B2
2.71,0x10,read,0x0D8,RAM_0x0D8,direct,12,0x00 0x01 0x0F 0x10 0x1F,0x0299 0x029A 0x029F 0x02A3
2.71,0x10,read,0x0D9,RAM_0x0D9,direct,4,0x30 0x31 0x66,0x02A5
2.71,0x10,write,0x003,STATUS,direct,30,0x00 0x04 0x18 0x1A 0x1B 0x38 0x3A 0x3B,0x0006 0x0017 0x0018 0x0038 0x0298 0x02A6 0x02AD 0x02B4 0x02B6 0x02B9 0x0775 0x0778 0x077A 0x077D 0x0DA6 0x0DAA 0x0DAD 0x0E64 0x0E66 0x0F19
2.71,0x10,write,0x004,FSR,direct,3,0x8C 0xCE,0x001E 0x0024 0x002A
2.71,0x10,write,0x00A,PCLATH,direct,7,0x00,0x000A 0x0036 0x0042 0x0043 0x019B 0x019C 0x0F18
2.71,0x10,write,0x00C,PIR1,direct,1,0x59,0x019A
2.71,0x10,write,0x019,TXREG,direct,6,0x0A 0x30 0x31 0x54 0x66,0x02AB 0x0774 0x0782
2.71,0x10,write,0x020,RAM_0x020,direct,1,0x00,0x0009
2.71,0x10,write,0x021,RAM_0x021,direct,1,0x81,0x0007
2.71,0x10,write,0x022,RAM_0x022,direct,1,0xCE,0x000C
2.71,0x10,write,0x023,RAM_0x023,direct,1,0x00,0x000E
2.71,0x10,write,0x024,RAM_0x024,direct,1,0x77,0x0010
2.71,0x10,write,0x025,RAM_0x025,direct,1,0x24,0x0012
2.71,0x10,write,0x026,RAM_0x026,direct,1,0x00,0x0014
2.71,0x10,write,0x027,RAM_0x027,direct,1,0x00,0x0016
2.71,0x10,write,0x031,RAM_0x031,direct,1,0xD0,0x018B
2.71,0x10,write,0x038,RAM_0x038,direct,1,0x00,0x0195
2.71,0x10,write,0x077,RAM_0x077,direct,1,0x00,0x002C
2.71,0x10,write,0x078,RAM_0x078,direct,1,0x77,0x002E
2.71,0x10,write,0x079,RAM_0x079,direct,1,0x24,0x0030
2.71,0x10,write,0x07A,RAM_0x07A,direct,1,0x00,0x0032
2.71,0x10,write,0x07B,RAM_0x07B,direct,1,0x00,0x0034
2.71,0x10,write,0x07F,RAM_0x07F,direct,2,0x13 0x31,0x0004 0x0039
2.71,0x10,write,0x0A0,RAM_0x0A0,direct,1,0x10,0x0DAE
2.71,0x10,write,0x0C8,RAM_0x0C8,direct,1,0x1F,0x0E67
2.71,0x10,write,0x0CA,RAM_0x0CA,direct,1,0x10,0x0DA8
2.71,0x10,write,0x0CB,RAM_0x0CB,direct,2,0x7A 0x7B,0x0DA9 0x0F08
2.71,0x10,write,0x0D4,RAM_0x0D4,direct,1,0x10,0x0F15
2.71,0x10,write,0x0D5,RAM_0x0D5,direct,1,0x1F,0x0F17
2.71,0x10,write,0x0D6,RAM_0x0D6,direct,2,0x10 0x1F,0x0777 0x077C
2.71,0x10,write,0x0D7,RAM_0x0D7,direct,4,0x01 0xF1,0x02AF 0x02B1
2.71,0x10,write,0x0D8,RAM_0x0D8,direct,8,0x00 0x01 0x0F 0x10 0x1F,0x0299 0x02B3 0x02B8
2.71,0x10,write,0x0D9,RAM_0x0D9,direct,4,0x30 0x31 0x66,0x02A0 0x02A4
2.71,0x11,read,0x003,STATUS,direct,68,0x04 0x18 0x1A 0x1B 0x38 0x3A 0x3B 0x3F,0x0005 0x0017 0x0018 0x0196 0x0298 0x029C 0x02A6 0x02AD 0x02B4 0x02B6 0x02B9 0x0775 0x0778 0x077A 0x077D 0x0DA6 0x0DAA 0x0DAD 0x0DAF 0x0DC1 0x0DD1 0x0DDA 0x0DEA 0x0DF6 0x0E02 0x0E0B 0x0E17 0x0E20 0x0E29 0x0E32 0x0E43 0x0E4D 0x0E56 0x0E62 0x0E64 0x0E66 0x0E6A 0x0E6C 0x0E6E 0x0E72 0x0E78 0x0E80 0x0E88 0x0E90 0x0E98 0x0EA0 0x0EA9 0x0EB3 0x0EBA 0x0EC1 0x0ECA 0x0ED3 0x0F02 0x0F06 0x0F19
2.71,0x11,read,0x004,FSR,direct,1,0xCE,0x000B
2.71,0x11,read,0x00A,PCLATH,direct,6,0x00 0x08,0x0008 0x0042 0x0043 0x019B 0x019C 0x0F18
2.71,0x11,read,0x00B,INTCON,direct,2,0x54,0x0019 0x001B
2.71,0x11,read,0x00C,PIR1,direct,9,0x59 0x5B,0x0021 0x0027 0x019A 0x02A7 0x0772 0x0780
2.71,0x11,read,0x020,RAM_0x020,direct,1,0x00,0x0035
2.71,0x11,read,0x021,RAM_0x021,direct,1,0x83,0x0037
2.71,0x11,read,0x022,RAM_0x022,direct,1,0xCE,0x0029
2.71,0x11,read,0x023,RAM_0x023,direct,1,0x00,0x002B
2.71,0x11,read,0x024,RAM_0x024,direct,1,0x77,0x002D
2.71,0x11,read,0x025,RAM_0x025,direct,1,0x24,0x002F
2.71,0x11,read,0x026,RAM_0x026,direct,1,0x00,0x0031
2.71,0x11,read,0x027,RAM_0x027,direct,1,0x00,0x0033
2.71,0x11,read,0x031,RAM_0x031,direct,1,0xCF,0x018B
2.71,0x11,read,0x038,RAM_0x038,direct,1,0x00,0x0195
2.71,0x11,read,0x03D,RAM_0x03D,direct,1,0x18,0x0E6D
2.71,0x11,read,0x03E,RAM_0x03E,direct,1,0x1F,0x0E65
2.71,0x11,read,0x04C,RAM_0x04C,direct,1,0x00,0x018F
2.71,0x11,read,0x051,RAM_0x051,direct,1,0x00,0x0DAB
2.71,0x11,read,0x077,RAM_0x077,direct,1,0x00,0x000D
2.71,0x11,read,0x078,RAM_0x078,direct,1,0x77,0x000F
2.71,0x11,read,0x079,RAM_0x079,direct,1,0x24,0x0011
2.71,0x11,read,0x07A,RAM_0x07A,direct,1,0x00,0x0013
2.71,0x11,read,0x07B,RAM_0x07B,direct,1,0x00,0x0015
2.71,0x11,read,0x07F,RAM_0x07F,direct,2,0x13 0x31,0x0039 0x003A
2.71,0x11,read,0x08C,PIE1,indirect,2,0x22,0x001F 0x0025
2.71,0x11,read,0x0A0,RAM_0x0A0,direct,35,0x11,0x0DA7 0x0DAE 0x0DB6 0x0DBF 0x0DCF 0x0DD8 0x0DE8 0x0DF4 0x0E00 0x0E09 0x0E15 0x0E1E 0x0E27 0x0E30 0x0E41 0x0E4B 0x0E54 0x0E60 0x0E68 0x0E70 0x0E76 0x0E7E 0x0E86 0x0E8E 0x0E96 0x0E9E 0x0EA7 0x0EB1 0x0EB8 0x0EBF 0x0EC8 0x0ED1 0x0F00 0x0F04 0x0F14
2.71,0x11,read,0x0C8,RAM_0x0C8,direct,1,0x18,0x0F16
2.71,0x11,read,0x0CB,RAM_0x0CB,direct,3,0x7A 0x7B,0x0DA9 0x0F08 0x0F09
2.71,0x11,read,0x0D4,RAM_0x0D4,direct,1,0x11,0x0776
2.71,0x11,read,0x0D5,RAM_0x0D5,direct,1,0x18,0x077B
2.71,0x11,read,0x0D6,RAM_0x0D6,direct,4,0x11 0x18,0x02AE 0x02B7
2.71,0x11,read,0x0D7,RAM_0x0D7,direct,4,0x01 0x11 0x81,0x02B1 0x02B2
2.71,0x11,read,0x0D8,RAM_0x0D8,direct,12,0x01 0x08 0x11 0x18,0x0299 0x029A 0x02A3
2.71,0x11,read,0x0D9,RAM_0x0D9,direct,4,0x31 0x38,0x02A5
2.71,0x11,write,0x003,STATUS,direct,32,0x00 0x04 0x18 0x1A 0x1B 0x1F 0x38 0x3A 0x3B,0x0006 0x0017 0x0018 0x0038 0x0298 0x02A6 0x02AD 0x02B4 0x02B6 0x02B9 0x0775 0x0778 0x077A 0x077D 0x0DA6 0x0DAA 0x0DAD 0x0E64 0x0E66 0x0E6C 0x0E6E 0x0F19
2.71,0x11,write,0x004,FSR,direct,3,0x8C 0xCE,0x001E 0x0024 0x002A
2.71,0x11,write,0x00A,PCLATH,direct,7,0x00,0x000A 0x0036 0x0042 0x0043 0x019B 0x019C 0x0F18
2.71,0x11,write,0x00C,PIR1,direct,1,0x59,0x019A
2.71,0x11,write,0x019,TXREG,direct,6,0x0A 0x31 0x38 0x54,0x02AB 0x0774 0x0782
2.71,0x11,write,0x020,RAM_0x020,direct,1,0x00,0x0009
2.71,0x11,write,0x021,RAM_0x021,direct,1,0x83,0x0007
2.71,0x11,write,0x022,RAM_0x022,direct,1,0xCE,0x000C
2.71,0x11,write,0x023,RAM_0x023,direct,1,0x00,0x000E
2.71,0x11,write,0x024,RAM_0x024,direct,1,0x77,0x0010
2.71,0x11,write,0x025,RAM_0x025,direct,1,0x24,0x0012
2.71,0x11,write,0x026,RAM_0x026,direct,1,0x00,0x0014
2.71,0x11,write,0x027,RAM_0x027,direct,1,0x00,0x0016
2.71,0x11,write,0x031,RAM_0x031,direct,1,0xD0,0x018B
2.71,0x11,write,0x038,RAM_0x038,direct,1,0x00,0x0195
2.71,0x11,write,0x077,RAM_0x077,direct,1,0x00,0x002C
2.71,0x11,write,0x078,RAM_0x078,direct,1,0x77,0x002E
2.71,0x11,write,0x079,RAM_0x079,direct,1,0x24,0x0030
2.71,0x11,write,0x07A,RAM_0x07A,direct,1,0x00,0x0032
2.71,0x11,write,0x07B,RAM_0x07B,direct,1,0x00,0x0034
2.71,0x11,write,0x07F,RAM_0x07F,direct,2,0x13 0x31,0x0004 0x0039
2.71,0x11,write,0x0A0,RAM_0x0A0,direct,1,0x11,0x0DAE
2.71,0x11,write,0x0C8,RAM_0x0C8,direct,2,0x18 0x1F,0x0E67 0x0E6F
2.71,0x11,write,0x0CA,RAM_0x0CA,direct,1,0x11,0x0DA8
2.71,0x11,write,0x0CB,RAM_0x0CB,direct,2,0x7A 0x7B,0x0DA9 0x0F08
2.71,0x11,write,0x0D4,RAM_0x0D4,direct,1,0x11,0x0F15
2.71,0x11,write,0x0D5,RAM_0x0D5,direct,1,0x18,0x0F17
2.71,0x11,write,0x0D6,RAM_0x0D6,direct,2,0x11 0x18,0x0777 0x077C
2.71,0x11,write,0x0D7,RAM_0x0D7,direct,4,0x01 0x11 0x81,0x02AF 0x02B1
2.71,0x11,write,0x0D8,RAM_0x0D8,direct,8,0x01 0x08 0x11 0x18,0x0299 0x02B3 0x02B8
2.71,0x11,write,0x0D9,RAM_0x0D9,direct,4,0x31 0x38,0x02A4
2.71,0x12,read,0x003,STATUS,direct,66,0x04 0x18 0x1A 0x1B 0x1C 0x38 0x3A 0x3B 0x3C 0x3F,0x0005 0x0017 0x0018 0x0196 0x0298 0x029C 0x02A6 0x02AD 0x02B4 0x02B6 0x02B9 0x0775 0x0778 0x077A 0x077D 0x0DA6 0x0DAA 0x0DAD 0x0DAF 0x0DC1 0x0DD1 0x0DDA 0x0DEA 0x0DF6 0x0E02 0x0E0B 0x0E17 0x0E20 0x0E29 0x0E32 0x0E43 0x0E4D 0x0E56 0x0E62 0x0E64 0x0E66 0x0E6A 0x0E72 0x0E78 0x0E80 0x0E88 0x0E90 0x0E98 0x0EA0 0x0EA9 0x0EB3 0x0EBA 0x0EC1 0x0ECA 0x0ED3 0x0F02 0x0F06 0x0F19
2.71,0x12,read,0x004,FSR,direct,1,0xCE,0x000B
2.71,0x12,read,0x00A,PCLATH,direct,6,0x00 0x08,0x0008 0x0042 0x0043 0x019B 0x019C 0x0F18
2.71,0x12,read,0x00B,INTCON,direct,2,0x54,0x0019 0x001B
2.71,0x12,read,0x00C,PIR1,direct,9,0x59 0x5B,0x0021 0x0027 0x019A 0x02A7 0x0772 0x0780
2.71,0x12,read,0x020,RAM_0x020,direct,1,0x00,0x0035
2.71,0x12,read,0x021,RAM_0x021,direct,1,0x81,0x0037
2.71,0x12,read,0x022,RAM_0x022,direct,1,0xCE,0x0029
2.71,0x12,read,0x023,RAM_0x023,direct,1,0x00,0x002B
2.71,0x12,read,0x024,RAM_0x024,direct,1,0x77,0x002D
2.71,0x12,read,0x025,RAM_0x025,direct,1,0x24,0x002F
2.71,0x12,read,0x026,RAM_0x026,direct,1,0x00,0x0031
2.71,0x12,read,0x027,RAM_0x027,direct,1,0x00,0x0033
2.71,0x12,read,0x031,RAM_0x031,direct,1,0xCF,0x018B
2.71,0x12,read,0x038,RAM_0x038,direct,1,0x00,0x0195
2.71,0x12,read,0x03E,RAM_0x03E,direct,1,0x1F,0x0E65
2.71,0x12,read,0x04C,RAM_0x04C,direct,1,0x00,0x018F
2.71,0x12,read,0x051,RAM_0x051,direct,1,0x00,0x0DAB
2.71,0x12,read,0x077,RAM_0x077,direct,1,0x00,0x000D
2.71,0x12,read,0x078,RAM_0x078,direct,1,0x77,0x000F
2.71,0x12,read,0x079,RAM_0x079,direct,1,0x24,0x0011
2.71,0x12,read,0x07A,RAM_0x07A,direct,1,0x00,0x0013
2.71,0x12,read,0x07B,RAM_0x07B,direct,1,0x00,0x0015
2.71,0x12,read,0x07E,RAM_0x07E,direct,1,0x0F,0x0E74
2.71,0x12,read,0x07F,RAM_0x07F,direct,2,0x13 0x31,0x0039 0x003A
2.71,0x12,read,0x08C,PIE1,indirect,2,0x22,0x001F 0x0025
2.71,0x12,read,0x0A0,RAM_0x0A0,direct,35,0x12,0x0DA7 0x0DAE 0x0DB6 0x0DBF 0x0DCF 0x0DD8 0x0DE8 0x0DF4 0x0E00 0x0E09 0x0E15 0x0E1E 0x0E27 0x0E30 0x0E41 0x0E4B 0x0E54 0x0E60 0x0E68 0x0E70 0x0E76 0x0E7E 0x0E86 0x0E8E 0x0E96 0x0E9E 0x0EA7 0x0EB1 0x0EB8 0x0EBF 0x0EC8 0x0ED1 0x0F00 0x0F04 0x0F14
2.71,0x12,read,0x0C8,RAM_0x0C8,direct,1,0x0F,0x0F16
2.71,0x12,read,0x0CB,RAM_0x0CB,direct,3,0x7A 0x7B,0x0DA9 0x0F08 0x0F09
2.71,0x12,read,0x0D4,RAM_0x0D4,direct,1,0x12,0x0776
2.71,0x12,read,0x0D5,RAM_0x0D5,direct,1,0x0F,0x077B
2.71,0x12,read,0x0D6,RAM_0x0D6,direct,4,0x0F 0x12,0x02AE 0x02B7
2.71,0x12,read,0x0D7,RAM_0x0D7,direct,4,0x00 0x01 0x21 0xF0,0x02B1 0x02B2
2.71,0x12,read,0x0D8,RAM_0x0D8,direct,12,0x00 0x01 0x02 0x0F 0x12,0x0299 0x029A 0x029F 0x02A3
2.71,0x12,read,0x0D9,RAM_0x0D9,direct,4,0x30 0x31 0x32 0x66,0x02A5
2.71,0x12,write,0x003,STATUS,direct,30,0x00 0x04 0x18 0x1A 0x1B 0x1C 0x38 0x3A 0x3B 0x3C,0x0006 0x0017 0x0018 0x0038 0x0298 0x02A6 0x02AD 0x02B4 0x02B6 0x02B9 0x0775 0x0778 0x077A 0x077D 0x0DA6 0x0DAA 0x0DAD 0x0E64 0x0E66 0x0F19
2.71,0x12,write,0x004,FSR,direct,3,0x8C 0xCE,0x001E 0x0024 0x002A
2.71,0x12,write,0x00A,PCLATH,direct,7,0x00,0x000A 0x0036 0x0042 0x0043 0x019B 0x019C 0x0F18
2.71,0x12,write,0x00C,PIR1,direct,1,0x59,0x019A
2.71,0x12,write,0x019,TXREG,direct,6,0x0A 0x30 0x31 0x32 0x54 0x66,0x02AB 0x0774 0x0782
2.71,0x12,write,0x020,RAM_0x020,direct,1,0x00,0x0009
2.71,0x12,write,0x021,RAM_0x021,direct,1,0x81,0x0007
2.71,0x12,write,0x022,RAM_0x022,direct,1,0xCE,0x000C
2.71,0x12,write,0x023,RAM_0x023,direct,1,0x00,0x000E
2.71,0x12,write,0x024,RAM_0x024,direct,1,0x77,0x0010
2.71,0x12,write,0x025,RAM_0x025,direct,1,0x24,0x0012
2.71,0x12,write,0x026,RAM_0x026,direct,1,0x00,0x0014
2.71,0x12,write,0x027,RAM_0x027,direct,1,0x00,0x0016
2.71,0x12,write,0x031,RAM_0x031,direct,1,0xD0,0x018B
2.71,0x12,write,0x038,RAM_0x038,direct,1,0x00,0x0195
2.71,0x12,write,0x077,RAM_0x077,direct,1,0x00,0x002C
2.71,0x12,write,0x078,RAM_0x078,direct,1,0x77,0x002E
2.71,0x12,write,0x079,RAM_0x079,direct,1,0x24,0x0030
2.71,0x12,write,0x07A,RAM_0x07A,direct,1,0x00,0x0032
2.71,0x12,write,0x07B,RAM_0x07B,direct,1,0x00,0x0034
2.71,0x12,write,0x07F,RAM_0x07F,direct,2,0x13 0x31,0x0004 0x0039
2.71,0x12,write,0x0A0,RAM_0x0A0,direct,1,0x12,0x0DAE
2.71,0x12,write,0x0C8,RAM_0x0C8,direct,2,0x0F 0x1F,0x0E67 0x0E75
2.71,0x12,write,0x0CA,RAM_0x0CA,direct,1,0x12,0x0DA8
2.71,0x12,write,0x0CB,RAM_0x0CB,direct,2,0x7A 0x7B,0x0DA9 0x0F08
2.71,0x12,write,0x0D4,RAM_0x0D4,direct,1,0x12,0x0F15
2.71,0x12,write,0x0D5,RAM_0x0D5,direct,1,0x0F,0x0F17
2.71,0x12,write,0x0D6,RAM_0x0D6,direct,2,0x0F 0x12,0x0777 0x077C
2.71,0x12,write,0x0D7,RAM_0x0D7,direct,4,0x00 0x01 0x21 0xF0,0x02AF 0x02B1
2.71,0x12,write,0x0D8,RAM_0x0D8,direct,8,0x00 0x01 0x02 0x0F 0x12,0x0299 0x02B3 0x02B8
2.71,0x12,write,0x0D9,RAM_0x0D9,direct,4,0x30 0x31 0x32 0x66,0x02A0 0x02A4
2.71,0x13,read,0x003,STATUS,direct,68,0x04 0x18 0x1A 0x1B 0x1C 0x1F 0x38 0x3A 0x3B 0x3C 0x3F,0x0005 0x0017 0x0018 0x0196 0x0298 0x029C 0x02A6 0x02AD 0x02B4 0x02B6 0x02B9 0x0775 0x0778 0x077A 0x077D 0x0DA6 0x0DAA 0x0DAD 0x0DAF 0x0DC1 0x0DD1 0x0DDA 0x0DEA 0x0DF6 0x0E02 0x0E0B 0x0E17 0x0E20 0x0E29 0x0E32 0x0E43 0x0E4D 0x0E56 0x0E62 0x0E64 0x0E66 0x0E6A 0x0E72 0x0E78 0x0E7A 0x0E7C 0x0E80 0x0E88 0x0E90 0x0E98 0x0EA0 0x0EA9 0x0EB3 0x0EBA 0x0EC1 0x0ECA 0x0ED3 0x0F02 0x0F06 0x0F19
2.71,0x13,read,0x004,FSR,direct,1,0xCE,0x000B
2.71,0x13,read,0x00A,PCLATH,direct,6,0x00 0x08,0x0008 0x0042 0x0043 0x019B 0x019C 0x0F18
2.71,0x13,read,0x00B,INTCON,direct,2,0x54,0x0019 0x001B
2.71,0x13,read,0x00C,PIR1,direct,9,0x59 0x5B,0x0021 0x0027 0x019A 0x02A7 0x0772 0x0780
2.71,0x13,read,0x020,RAM_0x020,direct,1,0x00,0x0035
2.71,0x13,read,0x021,RAM_0x021,direct,1,0x83,0x0037
2.71,0x13,read,0x022,RAM_0x022,direct,1,0xCE,0x0029
2.71,0x13,read,0x023,RAM_0x023,direct,1,0x00,0x002B
2.71,0x13,read,0x024,RAM_0x024,direct,1,0x77,0x002D
2.71,0x13,read,0x025,RAM_0x025,direct,1,0x24,0x002F
2.71,0x13,read,0x026,RAM_0x026,direct,1,0x00,0x0031
2.71,0x13,read,0x027,RAM_0x027,direct,1,0x00,0x0033
2.71,0x13,read,0x031,RAM_0x031,direct,1,0xCF,0x018B
2.71,0x13,read,0x038,RAM_0x038,direct,1,0x00,0x0195
2.71,0x13,read,0x03E,RAM_0x03E,direct,1,0x1F,0x0E65
2.71,0x13,read,0x04C,RAM_0x04C,direct,1,0x00,0x018F
2.71,0x13,read,0x04F,RAM_0x04F,direct,1,0x00,0x0E7B
2.71,0x13,read,0x051,RAM_0x051,direct,1,0x00,0x0DAB
2.71,0x13,read,0x077,RAM_0x077,direct,1,0x00,0x000D
2.71,0x13,read,0x078,RAM_0x078,direct,1,0x77,0x000F
2.71,0x13,read,0x079,RAM_0x079,direct,1,0x24,0x0011
2.71,0x13,read,0x07A,RAM_0x07A,direct,1,0x00,0x0013
2.71,0x13,read,0x07B,RAM_0x07B,direct,1,0x00,0x0015
2.71,0x13,read,0x07F,RAM_0x07F,direct,2,0x13 0x31,0x0039 0x003A
2.71,0x13,read,0x08C,PIE1,indirect,2,0x22,0x001F 0x0025
2.71,0x13,read,0x0A0,RAM_0x0A0,direct,35,0x13,0x0DA7 0x0DAE 0x0DB6 0x0DBF 0x0DCF 0x0DD8 0x0DE8 0x0DF4 0x0E00 0x0E09 0x0E15 0x0E1E 0x0E27 0x0E30 0x0E41 0x0E4B 0x0E54 0x0E60 0x0E68 0x0E70 0x0E76 0x0E7E 0x0E86 0x0E8E 0x0E96 0x0E9E 0x0EA7 0x0EB1 0x0EB8 0x0EBF 0x0EC8 0x0ED1 0x0F00 0x0F04 0x0F14
2.71,0x13,read,0x0C8,RAM_0x0C8,direct,1,0x00,0x0F16
2.71,0x13,read,0x0CB,RAM_0x0CB,direct,3,0x7A 0x7B,0x0DA9 0x0F08 0x0F09
2.71,0x13,read,0x0D4,RAM_0x0D4,direct,1,0x13,0x0776
2.71,0x13,read,0x0D5,RAM_0x0D5,direct,1,0x00,0x077B
2.71,0x13,read,0x0D6,RAM_0x0D6,direct,4,0x00 0x13,0x02AE 0x02B7
2.71,0x13,read,0x0D7,RAM_0x0D7,direct,4,0x00 0x01 0x31,0x02B1 0x02B2
2.71,0x13,read,0x0D8,RAM_0x0D8,direct,12,0x00 0x01 0x03 0x13,0x0299 0x029A 0x02A3
2.71,0x13,read,0x0D9,RAM_0x0D9,direct,4,0x30 0x31 0x33,0x02A5
2.71,0x13,write,0x003,STATUS,direct,32,0x00 0x04 0x18 0x1A 0x1B 0x1C 0x1F 0x38 0x3A 0x3B 0x3C 0x3F,0x0006 0x0017 0x0018 0x0038 0x0298 0x02A6 0x02AD 0x02B4 0x02B6 0x02B9 0x0775 0x0778 0x077A 0x077D 0x0DA6 0x0DAA 0x0DAD 0x0E64 0x0E66 0x0E7A 0x0E7C 0x0F19
2.71,0x13,write,0x004,FSR,direct,3,0x8C 0xCE,0x001E 0x0024 0x002A
2.71,0x13,write,0x00A,PCLATH,direct,7,0x00,0x000A 0x0036 0x0042 0x0043 0x019B 0x019C 0x0F18
2.71,0x13,write,0x00C,PIR1,direct,1,0x59,0x019A
2.71,0x13,write,0x019,TXREG,direct,6,0x0A 0x30 0x31 0x33 0x54,0x02AB 0x0774 0x0782
2.71,0x13,write,0x020,RAM_0x020,direct,1,0x00,0x0009
2.71,0x13,write,0x021,RAM_0x021,direct,1,0x83,0x0007
2.71,0x13,write,0x022,RAM_0x022,direct,1,0xCE,0x000C
2.71,0x13,write,0x023,RAM_0x023,direct,1,0x00,0x000E
2.71,0x13,write,0x024,RAM_0x024,direct,1,0x77,0x0010
2.71,0x13,write,0x025,RAM_0x025,direct,1,0x24,0x0012
2.71,0x13,write,0x026,RAM_0x026,direct,1,0x00,0x0014
2.71,0x13,write,0x027,RAM_0x027,direct,1,0x00,0x0016
2.71,0x13,write,0x031,RAM_0x031,direct,1,0xD0,0x018B
2.71,0x13,write,0x038,RAM_0x038,direct,1,0x00,0x0195
2.71,0x13,write,0x077,RAM_0x077,direct,1,0x00,0x002C
2.71,0x13,write,0x078,RAM_0x078,direct,1,0x77,0x002E
2.71,0x13,write,0x079,RAM_0x079,direct,1,0x24,0x0030
2.71,0x13,write,0x07A,RAM_0x07A,direct,1,0x00,0x0032
2.71,0x13,write,0x07B,RAM_0x07B,direct,1,0x00,0x0034
2.71,0x13,write,0x07F,RAM_0x07F,direct,2,0x13 0x31,0x0004 0x0039
2.71,0x13,write,0x0A0,RAM_0x0A0,direct,1,0x13,0x0DAE
2.71,0x13,write,0x0C8,RAM_0x0C8,direct,2,0x00 0x1F,0x0E67 0x0E7D
2.71,0x13,write,0x0CA,RAM_0x0CA,direct,1,0x13,0x0DA8
2.71,0x13,write,0x0CB,RAM_0x0CB,direct,2,0x7A 0x7B,0x0DA9 0x0F08
2.71,0x13,write,0x0D4,RAM_0x0D4,direct,1,0x13,0x0F15
2.71,0x13,write,0x0D5,RAM_0x0D5,direct,1,0x00,0x0F17
2.71,0x13,write,0x0D6,RAM_0x0D6,direct,2,0x00 0x13,0x0777 0x077C
2.71,0x13,write,0x0D7,RAM_0x0D7,direct,4,0x00 0x01 0x31,0x02AF 0x02B1
2.71,0x13,write,0x0D8,RAM_0x0D8,direct,8,0x00 0x01 0x03 0x13,0x0299 0x02B3 0x02B8
2.71,0x13,write,0x0D9,RAM_0x0D9,direct,4,0x30 0x31 0x33,0x02A4
2.71,0x14,read,0x003,STATUS,direct,68,0x04 0x18 0x1A 0x1B 0x1C 0x1F 0x38 0x3A 0x3B 0x3C 0x3F,0x0005 0x0017 0x0018 0x0196 0x0298 0x029C 0x02A6 0x02AD 0x02B4 0x02B6 0x02B9 0x0775 0x0778 0x077A 0x077D 0x0DA6 0x0DAA 0x0DAD 0x0DAF 0x0DC1 0x0DD1 0x0DDA 0x0DEA 0x0DF6 0x0E02 0x0E0B 0x0E17 0x0E20 0x0E29 0x0E32 0x0E43 0x0E4D 0x0E56 0x0E62 0x0E64 0x0E66 0x0E6A 0x0E72 0x0E78 0x0E80 0x0E82 0x0E84 0x0E88 0x0E90 0x0E98 0x0EA0 0x0EA9 0x0EB3 0x0EBA 0x0EC1 0x0ECA 0x0ED3 0x0F02 0x0F06 0x0F19
2.71,0x14,read,0x004,FSR,direct,1,0xCE,0x000B
2.71,0x14,read,0x00A,PCLATH,direct,6,0x00 0x08,0x0008 0x0042 0x0043 0x019B 0x019C 0x0F18
2.71,0x14,read,0x00B,INTCON,direct,2,0x54,0x0019 0x001B
2.71,0x14,read,0x00C,PIR1,direct,9,0x59 0x5B,0x0021 0x0027 0x019A 0x02A7 0x0772 0x0780
2.71,0x14,read,0x020,RAM_0x020,direct,1,0x00,0x0035
2.71,0x14,read,0x021,RAM_0x021,direct,1,0x83,0x0037
2.71,0x14,read,0x022,RAM_0x022,direct,1,0xCE,0x0029
2.71,0x14,read,0x023,RAM_0x023,direct,1,0x00,0x002B
2.71,0x14,read,0x024,RAM_0x024,direct,1,0x77,0x002D
2.71,0x14,read,0x025,RAM_0x025,direct,1,0x24,0x002F
2.71,0x14,read,0x026,RAM_0x026,direct,1,0x00,0x0031
2.71,0x14,read,0x027,RAM_0x027,direct,1,0x00,0x0033
2.71,0x14,read,0x031,RAM_0x031,direct,1,0xCF,0x018B
2.71,0x14,read,0x038,RAM_0x038,direct,1,0x00,0x0195
2.71,0x14,read,0x03E,RAM_0x03E,direct,1,0x1F,0x0E65
2.71,0x14,read,0x04C,RAM_0x04C,direct,1,0x00,0x018F
2.71,0x14,read,0x051,RAM_0x051,direct,1,0x00,0x0DAB
2.71,0x14,read,0x05D,RAM_0x05D,direct,1,0x00,0x0E83
2.71,0x14,read,0x077,RAM_0x077,direct,1,0x00,0x000D
2.71,0x14,read,0x078,RAM_0x078,direct,1,0x77,0x000F
2.71,0x14,read,0x079,RAM_0x079,direct,1,0x24,0x0011
2.71,0x14,read,0x07A,RAM_0x07A,direct,1,0x00,0x0013
2.71,0x14,read,0x07B,RAM_0x07B,direct,1,0x00,0x0015
2.71,0x14,read,0x07F,RAM_0x07F,direct,2,0x13 0x31,0x0039 0x003A
2.71,0x14,read,0x08C,PIE1,indirect,2,0x22,0x001F 0x0025
2.71,0x14,read,0x0A0,RAM_0x0A0,direct,35,0x14,0x0DA7 0x0DAE 0x0DB6 0x0DBF 0x0DCF 0x0DD8 0x0DE8 0x0DF4 0x0E00 0x0E09 0x0E15 0x0E1E 0x0E27 0x0E30 0x0E41 0x0E4B 0x0E54 0x0E60 0x0E68 0x0E70 0x0E76 0x0E7E 0x0E86 0x0E8E 0x0E96 0x0E9E 0x0EA7 0x0EB1 0x0EB8 0x0EBF 0x0EC8 0x0ED1 0x0F00 0x0F04 0x0F14
2.71,0x14,read,0x0C8,RAM_0x0C8,direct,1,0x00,0x0F16
2.71,0x14,read,0x0CB,RAM_0x0CB,direct,3,0x7A 0x7B,0x0DA9 0x0F08 0x0F09
2.71,0x14,read,0x0D4,RAM_0x0D4,direct,1,0x14,0x0776
2.71,0x14,read,0x0D5,RAM_0x0D5,direct,1,0x00,0x077B
2.71,0x14,read,0x0D6,RAM_0x0D6,direct,4,0x00 0x14,0x02AE 0x02B7
2.71,0x14,read,0x0D7,RAM_0x0D7,direct,4,0x00 0x01 0x41,0x02B1 0x02B2
2.71,0x14,read,0x0D8,RAM_0x0D8,direct,12,0x00 0x01 0x04 0x14,0x0299 0x029A 0x02A3
2.71,0x14,read,0x0D9,RAM_0x0D9,direct,4,0x30 0x31 0x34,0x02A5
2.71,0x14,write,0x003,STATUS,direct,32,0x00 0x04 0x18 0x1A 0x1B 0x1C 0x1F 0x38 0x3A 0x3B 0x3C 0x3F,0x0006 0x0017 0x0018 0x0038 0x0298 0x02A6 0x02AD 0x02B4 0x02B6 0x02B9 0x0775 0x0778 0x077A 0x077D 0x0DA6 0x0DAA 0x0DAD 0x0E64 0x0E66 0x0E82 0x0E84 0x0F19
2.71,0x14,write,0x004,FSR,direct,3,0x8C 0xCE,0x001E 0x0024 0x002A
2.71,0x14,write,0x00A,PCLATH,direct,7,0x00,0x000A 0x0036 0x0042 0x0043 0x019B 0x019C 0x0F18
2.71,0x14,write,0x00C,PIR1,direct,1,0x59,0x019A
2.71,0x14,write,0x019,TXREG,direct,6,0x0A 0x30 0x31 0x34 0x54,0x02AB 0x0774 0x0782
2.71,0x14,write,0x020,RAM_0x020,direct,1,0x00,0x0009
2.71,0x14,write,0x021,RAM_0x021,direct,1,0x83,0x0007
2.71,0x14,write,0x022,RAM_0x022,direct,1,0xCE,0x000C
2.71,0x14,write,0x023,RAM_0x023,direct,1,0x00,0x000E
2.71,0x14,write,0x024,RAM_0x024,direct,1,0x77,0x0010
2.71,0x14,write,0x025,RAM_0x025,direct,1,0x24,0x0012
2.71,0x14,write,0x026,RAM_0x026,direct,1,0x00,0x0014
2.71,0x14,write,0x027,RAM_0x027,direct,1,0x00,0x0016
2.71,0x14,write,0x031,RAM_0x031,direct,1,0xD0,0x018B
2.71,0x14,write,0x038,RAM_0x038,direct,1,0x00,0x0195
2.71,0x14,write,0x077,RAM_0x077,direct,1,0x00,0x002C
2.71,0x14,write,0x078,RAM_0x078,direct,1,0x77,0x002E
2.71,0x14,write,0x079,RAM_0x079,direct,1,0x24,0x0030
2.71,0x14,write,0x07A,RAM_0x07A,direct,1,0x00,0x0032
2.71,0x14,write,0x07B,RAM_0x07B,direct,1,0x00,0x0034
2.71,0x14,write,0x07F,RAM_0x07F,direct,2,0x13 0x31,0x0004 0x0039
2.71,0x14,write,0x0A0,RAM_0x0A0,direct,1,0x14,0x0DAE
2.71,0x14,write,0x0C8,RAM_0x0C8,direct,2,0x00 0x1F,0x0E67 0x0E85
2.71,0x14,write,0x0CA,RAM_0x0CA,direct,1,0x14,0x0DA8
2.71,0x14,write,0x0CB,RAM_0x0CB,direct,2,0x7A 0x7B,0x0DA9 0x0F08
2.71,0x14,write,0x0D4,RAM_0x0D4,direct,1,0x14,0x0F15
2.71,0x14,write,0x0D5,RAM_0x0D5,direct,1,0x00,0x0F17
2.71,0x14,write,0x0D6,RAM_0x0D6,direct,2,0x00 0x14,0x0777 0x077C
2.71,0x14,write,0x0D7,RAM_0x0D7,direct,4,0x00 0x01 0x41,0x02AF 0x02B1
2.71,0x14,write,0x0D8,RAM_0x0D8,direct,8,0x00 0x01 0x04 0x14,0x0299 0x02B3 0x02B8
2.71,0x14,write,0x0D9,RAM_0x0D9,direct,4,0x30 0x31 0x34,0x02A4
2.71,0x15,read,0x003,STATUS,direct,68,0x04 0x18 0x1A 0x1B 0x1C 0x1F 0x38 0x3A 0x3B 0x3C 0x3F,0x0005 0x0017 0x0018 0x0196 0x0298 0x029C 0x02A6 0x02AD 0x02B4 0x02B6 0x02B9 0x0775 0x0778 0x077A 0x077D 0x0DA6 0x0DAA 0x0DAD 0x0DAF 0x0DC1 0x0DD1 0x0DDA 0x0DEA 0x0DF6 0x0E02 0x0E0B 0x0E17 0x0E20 0x0E29 0x0E32 0x0E43 0x0E4D 0x0E56 0x0E62 0x0E64 0x0E66 0x0E6A 0x0E72 0x0E78 0x0E80 0x0E88 0x0E8A 0x0E8C 0x0E90 0x0E98 0x0EA0 0x0EA9 0x0EB3 0x0EBA 0x0EC1 0x0ECA 0x0ED3 0x0F02 0x0F06 0x0F19
2.71,0x15,read,0x004,FSR,direct,1,0xCE,0x000B
2.71,0x15,read,0x00A,PCLATH,direct,6,0x00 0x08,0x0008 0x0042 0x0043 0x019B 0x019C 0x0F18
2.71,0x15,read,0x00B,INTCON,direct,2,0x54,0x0019 0x001B
2.71,0x15,read,0x00C,PIR1,direct,9,0x59 0x5B,0x0021 0x0027 0x019A 0x02A7 0x0772 0x0780
2.71,0x15,read,0x020,RAM_0x020,direct,1,0x00,0x0035
2.71,0x15,read,0x021,RAM_0x021,direct,1,0x83,0x0037
2.71,0x15,read,0x022,RAM_0x022,direct,1,0xCE,0x0029
2.71,0x15,read,0x023,RAM_0x023,direct,1,0x00,0x002B
2.71,0x15,read,0x024,RAM_0x024,direct,1,0x77,0x002D
2.71,0x15,read,0x025,RAM_0x025,direct,1,0x24,0x002F
2.71,0x15,read,0x026,RAM_0x026,direct,1,0x00,0x0031
2.71,0x15,read,0x027,RAM_0x027,direct,1,0x00,0x0033
2.71,0x15,read,0x031,RAM_0x031,direct,1,0xCF,0x018B
2.71,0x15,read,0x038,RAM_0x038,direct,1,0x00,0x0195
2.71,0x15,read,0x03E,RAM_0x03E,direct,1,0x1F,0x0E65
2.71,0x15,read,0x04C,RAM_0x04C,direct,1,0x00,0x018F
2.71,0x15,read,0x051,RAM_0x051,direct,1,0x00,0x0DAB
2.71,0x15,read,0x058,RAM_0x058,direct,1,0x00,0x0E8B
2.71,0x15,read,0x077,RAM_0x077,direct,1,0x00,0x000D
2.71,0x15,read,0x078,RAM_0x078,direct,1,0x77,0x000F
2.71,0x15,read,0x079,RAM_0x079,direct,1,0x24,0x0011
2.71,0x15,read,0x07A,RAM_0x07A,direct,1,0x00,0x0013
2.71,0x15,read,0x07B,RAM_0x07B,direct,1,0x00,0x0015
2.71,0x15,read,0x07F,RAM_0x07F,direct,2,0x13 0x31,0x0039 0x003A
2.71,0x15,read,0x08C,PIE1,indirect,2,0x22,0x001F 0x0025
2.71,0x15,read,0x0A0,RAM_0x0A0,direct,35,0x15,0x0DA7 0x0DAE 0x0DB6 0x0DBF 0x0DCF 0x0DD8 0x0DE8 0x0DF4 0x0E00 0x0E09 0x0E15 0x0E1E 0x0E27 0x0E30 0x0E41 0x0E4B 0x0E54 0x0E60 0x0E68 0x0E70 0x0E76 0x0E7E 0x0E86 0x0E8E 0x0E96 0x0E9E 0x0EA7 0x0EB1 0x0EB8 0x0EBF 0x0EC8 0x0ED1 0x0F00 0x0F04 0x0F14
2.71,0x15,read,0x0C8,RAM_0x0C8,direct,1,0x00,0x0F16
2.71,0x15,read,0x0CB,RAM_0x0CB,direct,3,0x7A 0x7B,0x0DA9 0x0F08 0x0F09
2.71,0x15,read,0x0D4,RAM_0x0D4,direct,1,0x15,0x0776
2.71,0x15,read,0x0D5,RAM_0x0D5,direct,1,0x00,0x077B
2.71,0x15,read,0x0D6,RAM_0x0D6,direct,4,0x00 0x15,0x02AE 0x02B7
2.71,0x15,read,0x0D7,RAM_0x0D7,direct,4,0x00 0x01 0x51,0x02B1 0x02B2
2.71,0x15,read,0x0D8,RAM_0x0D8,direct,12,0x00 0x01 0x05 0x15,0x0299 0x029A 0x02A3
2.71,0x15,read,0x0D9,RAM_0x0D9,direct,4,0x30 0x31 0x35,0x02A5
2.71,0x15,write,0x003,STATUS,direct,32,0x00 0x04 0x18 0x1A 0x1B 0x1C 0x1F 0x38 0x3A 0x3B 0x3C 0x3F,0x0006 0x0017 0x0018 0x0038 0x0298 0x02A6 0x02AD 0x02B4 0x02B6 0x02B9 0x0775 0x0778 0x077A 0x077D 0x0DA6 0x0DAA 0x0DAD 0x0E64 0x0E66 0x0E8A 0x0E8C 0x0F19
2.71,0x15,write,0x004,FSR,direct,3,0x8C 0xCE,0x001E 0x0024 0x002A
2.71,0x15,write,0x00A,PCLATH,direct,7,0x00,0x000A 0x0036 0x0042 0x0043 0x019B 0x019C 0x0F18
2.71,0x15,write,0x00C,PIR1,direct,1,0x59,0x019A
2.71,0x15,write,0x019,TXREG,direct,6,0x0A 0x30 0x31 0x35 0x54,0x02AB 0x0774 0x0782
2.71,0x15,write,0x020,RAM_0x020,direct,1,0x00,0x0009
2.71,0x15,write,0x021,RAM_0x021,direct,1,0x83,0x0007
2.71,0x15,write,0x022,RAM_0x022,direct,1,0xCE,0x000C
2.71,0x15,write,0x023,RAM_0x023,direct,1,0x00,0x000E
2.71,0x15,write,0x024,RAM_0x024,direct,1,0x77,0x0010
2.71,0x15,write,0x025,RAM_0x025,direct,1,0x24,0x0012
2.71,0x15,write,0x026,RAM_0x026,direct,1,0x00,0x0014
2.71,0x15,write,0x027,RAM_0x027,direct,1,0x00,0x0016
2.71,0x15,write,0x031,RAM_0x031,direct,1,0xD0,0x018B
2.71,0x15,write,0x038,RAM_0x038,direct,1,0x00,0x0195
2.71,0x15,write,0x077,RAM_0x077,direct,1,0x00,0x002C
2.71,0x15,write,0x078,RAM_0x078,direct,1,0x77,0x002E
2.71,0x15,write,0x079,RAM_0x079,direct,1,0x24,0x0030
2.71,0x15,write,0x07A,RAM_0x07A,direct,1,0x00,0x0032
2.71,0x15,write,0x07B,RAM_0x07B,direct,1,0x00,0x0034
2.71,0x15,write,0x07F,RAM_0x07F,direct,2,0x13 0x31,0x0004 0x0039
2.71,0x15,write,0x0A0,RAM_0x0A0,direct,1,0x15,0x0DAE
2.71,0x15,write,0x0C8,RAM_0x0C8,direct,2,0x00 0x1F,0x0E67 0x0E8D
2.71,0x15,write,0x0CA,RAM_0x0CA,direct,1,0x15,0x0DA8
2.71,0x15,write,0x0CB,RAM_0x0CB,direct,2,0x7A 0x7B,0x0DA9 0x0F08
2.71,0x15,write,0x0D4,RAM_0x0D4,direct,1,0x15,0x0F15
2.71,0x15,write,0x0D5,RAM_0x0D5,direct,1,0x00,0x0F17
2.71,0x15,write,0x0D6,RAM_0x0D6,direct,2,0x00 0x15,0x0777 0x077C
2.71,0x15,write,0x0D7,RAM_0x0D7,direct,4,0x00 0x01 0x51,0x02AF 0x02B1
2.71,0x15,write,0x0D8,RAM_0x0D8,direct,8,0x00 0x01 0x05 0x15,0x0299 0x02B3 0x02B8
2.71,0x15,write,0x0D9,RAM_0x0D9,direct,4,0x30 0x31 0x35,0x02A4
2.71,0x16,read,0x003,STATUS,direct,68,0x04 0x18 0x1A 0x1B 0x1C 0x1F 0x38 0x3A 0x3B 0x3C 0x3F,0x0005 0x0017 0x0018 0x0196 0x0298 0x029C 0x02A6 0x02AD 0x02B4 0x02B6 0x02B9 0x0775 0x0778 0x077A 0x077D 0x0DA6 0x0DAA 0x0DAD 0x0DAF 0x0DC1 0x0DD1 0x0DDA 0x0DEA 0x0DF6 0x0E02 0x0E0B 0x0E17 0x0E20 0x0E29 0x0E32 0x0E43 0x0E4D 0x0E56 0x0E62 0x0E64 0x0E66 0x0E6A 0x0E72 0x0E78 0x0E80 0x0E88 0x0E90 0x0E92 0x0E94 0x0E98 0x0EA0 0x0EA9 0x0EB3 0x0EBA 0x0EC1 0x0ECA 0x0ED3 0x0F02 0x0F06 0x0F19
2.71,0x16,read,0x004,FSR,direct,1,0xCE,0x000B
2.71,0x16,read,0x00A,PCLATH,direct,6,0x00 0x08,0x0008 0x0042 0x0043 0x019B 0x019C 0x0F18
2.71,0x16,read,0x00B,INTCON,direct,2,0x54,0x0019 0x001B
2.71,0x16,read,0x00C,PIR1,direct,9,0x59 0x5B,0x0021 0x0027 0x019A 0x02A7 0x0772 0x0780
2.71,0x16,read,0x020,RAM_0x020,direct,1,0x00,0x0035
2.71,0x16,read,0x021,RAM_0x021,direct,1,0x83,0x0037
2.71,0x16,read,0x022,RAM_0x022,direct,1,0xCE,0x0029
2.71,0x16,read,0x023,RAM_0x023,direct,1,0x00,0x002B
2.71,0x16,read,0x024,RAM_0x024,direct,1,0x77,0x002D
2.71,0x16,read,0x025,RAM_0x025,direct,1,0x24,0x002F
2.71,0x16,read,0x026,RAM_0x026,direct,1,0x00,0x0031
2.71,0x16,read,0x027,RAM_0x027,direct,1,0x00,0x0033
2.71,0x16,read,0x031,RAM_0x031,direct,1,0xCF,0x018B
2.71,0x16,read,0x038,RAM_0x038,direct,1,0x00,0x0195
2.71,0x16,read,0x03E,RAM_0x03E,direct,1,0x1F,0x0E65
2.71,0x16,read,0x04C,RAM_0x04C,direct,1,0x00,0x018F
2.71,0x16,read,0x051,RAM_0x051,direct,1,0x00,0x0DAB
2.71,0x16,read,0x05F,RAM_0x05F,direct,1,0x00,0x0E93
2.71,0x16,read,0x077,RAM_0x077,direct,1,0x00,0x000D
2.71,0x16,read,0x078,RAM_0x078,direct,1,0x77,0x000F
2.71,0x16,read,0x079,RAM_0x079,direct,1,0x24,0x0011
2.71,0x16,read,0x07A,RAM_0x07A,direct,1,0x00,0x0013
2.71,0x16,read,0x07B,RAM_0x07B,direct,1,0x00,0x0015
2.71,0x16,read,0x07F,RAM_0x07F,direct,2,0x13 0x31,0x0039 0x003A
2.71,0x16,read,0x08C,PIE1,indirect,2,0x22,0x001F 0x0025
2.71,0x16,read,0x0A0,RAM_0x0A0,direct,35,0x16,0x0DA7 0x0DAE 0x0DB6 0x0DBF 0x0DCF 0x0DD8 0x0DE8 0x0DF4 0x0E00 0x0E09 0x0E15 0x0E1E 0x0E27 0x0E30 0x0E41 0x0E4B 0x0E54 0x0E60 0x0E68 0x0E70 0x0E76 0x0E7E 0x0E86 0x0E8E 0x0E96 0x0E9E 0x0EA7 0x0EB1 0x0EB8 0x0EBF 0x0EC8 0x0ED1 0x0F00 0x0F04 0x0F14
2.71,0x16,read,0x0C8,RAM_0x0C8,direct,1,0x00,0x0F16
2.71,0x16,read,0x0CB,RAM_0x0CB,direct,3,0x7A 0x7B,0x0DA9 0x0F08 0x0F09
2.71,0x16,read,0x0D4,RAM_0x0D4,direct,1,0x16,0x0776
2.71,0x16,read,0x0D5,RAM_0x0D5,direct,1,0x00,0x077B
2.71,0x16,read,0x0D6,RAM_0x0D6,direct,4,0x00 0x16,0x02AE 0x02B7
2.71,0x16,read,0x0D7,RAM_0x0D7,direct,4,0x00 0x01 0x61,0x02B1 0x02B2
2.71,0x16,read,0x0D8,RAM_0x0D8,direct,12,0x00 0x01 0x06 0x16,0x0299 0x029A 0x02A3
2.71,0x16,read,0x0D9,RAM_0x0D9,direct,4,0x30 0x31 0x36,0x02A5
2.71,0x16,write,0x003,STATUS,direct,32,0x00 0x04 0x18 0x1A 0x1B 0x1C 0x1F 0x38 0x3A 0x3B 0x3C 0x3F,0x0006 0x0017 0x0018 0x0038 0x0298 0x02A6 0x02AD 0x02B4 0x02B6 0x02B9 0x0775 0x0778 0x077A 0x077D 0x0DA6 0x0DAA 0x0DAD 0x0E64 0x0E66 0x0E92 0x0E94 0x0F19
2.71,0x16,write,0x004,FSR,direct,3,0x8C 0xCE,0x001E 0x0024 0x002A
2.71,0x16,write,0x00A,PCLATH,direct,7,0x00,0x000A 0x0036 0x0042 0x0043 0x019B 0x019C 0x0F18
2.71,0x16,write,0x00C,PIR1,direct,1,0x59,0x019A
2.71,0x16,write,0x019,TXREG,direct,6,0x0A 0x30 0x31 0x36 0x54,0x02AB 0x0774 0x0782
2.71,0x16,write,0x020,RAM_0x020,direct,1,0x00,0x0009
2.71,0x16,write,0x021,RAM_0x021,direct,1,0x83,0x0007
2.71,0x16,write,0x022,RAM_0x022,direct,1,0xCE,0x000C
2.71,0x16,write,0x023,RAM_0x023,direct,1,0x00,0x000E
2.71,0x16,write,0x024,RAM_0x024,direct,1,0x77,0x0010
2.71,0x16,write,0x025,RAM_0x025,direct,1,0x24,0x0012
2.71,0x16,write,0x026,RAM_0x026,direct,1,0x00,0x0014
2.71,0x16,write,0x027,RAM_0x027,direct,1,0x00,0x0016
2.71,0x16,write,0x031,RAM_0x031,direct,1,0xD0,0x018B
2.71,0x16,write,0x038,RAM_0x038,direct,1,0x00,0x0195
2.71,0x16,write,0x077,RAM_0x077,direct,1,0x00,0x002C
2.71,0x16,write,0x078,RAM_0x078,direct,1,0x77,0x002E
2.71,0x16,write,0x079,RAM_0x079,direct,1,0x24,0x0030
2.71,0x16,write,0x07A,RAM_0x07A,direct,1,0x00,0x0032
2.71,0x16,write,0x07B,RAM_0x07B,direct,1,0x00,0x0034
2.71,0x16,write,0x07F,RAM_0x07F,direct,2,0x13 0x31,0x0004 0x0039
2.71,0x16,write,0x0A0,RAM_0x0A0,direct,1,0x16,0x0DAE
2.71,0x16,write,0x0C8,RAM_0x0C8,direct,2,0x00 0x1F,0x0E67 0x0E95
2.71,0x16,write,0x0CA,RAM_0x0CA,direct,1,0x16,0x0DA8
2.71,0x16,write,0x0CB,RAM_0x0CB,direct,2,0x7A 0x7B,0x0DA9 0x0F08
2.71,0x16,write,0x0D4,RAM_0x0D4,direct,1,0x16,0x0F15
2.71,0x16,write,0x0D5,RAM_0x0D5,direct,1,0x00,0x0F17
2.71,0x16,write,0x0D6,RAM_0x0D6,direct,2,0x00 0x16,0x0777 0x077C
2.71,0x16,write,0x0D7,RAM_0x0D7,direct,4,0x00 0x01 0x61,0x02AF 0x02B1
2.71,0x16,write,0x0D8,RAM_0x0D8,direct,8,0x00 0x01 0x06 0x16,0x0299 0x02B3 0x02B8
2.71,0x16,write,0x0D9,RAM_0x0D9,direct,4,0x30 0x31 0x36,0x02A4
2.71,0x17,read,0x003,STATUS,direct,68,0x04 0x18 0x1A 0x1B 0x1C 0x1F 0x38 0x3A 0x3B 0x3C 0x3F,0x0005 0x0017 0x0018 0x0196 0x0298 0x029C 0x02A6 0x02AD 0x02B4 0x02B6 0x02B9 0x0775 0x0778 0x077A 0x077D 0x0DA6 0x0DAA 0x0DAD 0x0DAF 0x0DC1 0x0DD1 0x0DDA 0x0DEA 0x0DF6 0x0E02 0x0E0B 0x0E17 0x0E20 0x0E29 0x0E32 0x0E43 0x0E4D 0x0E56 0x0E62 0x0E64 0x0E66 0x0E6A 0x0E72 0x0E78 0x0E80 0x0E88 0x0E90 0x0E98 0x0E9A 0x0E9C 0x0EA0 0x0EA9 0x0EB3 0x0EBA 0x0EC1 0x0ECA 0x0ED3 0x0F02 0x0F06 0x0F19
2.71,0x17,read,0x004,FSR,direct,1,0xCE,0x000B
2.71,0x17,read,0x00A,PCLATH,direct,6,0x00 0x08,0x0008 0x0042 0x0043 0x019B 0x019C 0x0F18
2.71,0x17,read,0x00B,INTCON,direct,2,0x54,0x0019 0x001B
2.71,0x17,read,0x00C,PIR1,direct,9,0x59 0x5B,0x0021 0x0027 0x019A 0x02A7 0x0772 0x0780
2.71,0x17,read,0x020,RAM_0x020,direct,1,0x00,0x0035
2.71,0x17,read,0x021,RAM_0x021,direct,1,0x83,0x0037
2.71,0x17,read,0x022,RAM_0x022,direct,1,0xCE,0x0029
2.71,0x17,read,0x023,RAM_0x023,direct,1,0x00,0x002B
2.71,0x17,read,0x024,RAM_0x024,direct,1,0x77,0x002D
2.71,0x17,read,0x025,RAM_0x025,direct,1,0x24,0x002F
2.71,0x17,read,0x026,RAM_0x026,direct,1,0x00,0x0031
2.71,0x17,read,0x027,RAM_0x027,direct,1,0x00,0x0033
2.71,0x17,read,0x031,RAM_0x031,direct,1,0xCF,0x018B
2.71,0x17,read,0x038,RAM_0x038,direct,1,0x00,0x0195
2.71,0x17,read,0x03E,RAM_0x03E,direct,1,0x1F,0x0E65
2.71,0x17,read,0x04C,RAM_0x04C,direct,1,0x00,0x018F
2.71,0x17,read,0x051,RAM_0x051,direct,1,0x00,0x0DAB
2.71,0x17,read,0x05E,RAM_0x05E,direct,1,0x00,0x0E9B
2.71,0x17,read,0x077,RAM_0x077,direct,1,0x00,0x000D
2.71,0x17,read,0x078,RAM_0x078,direct,1,0x77,0x000F
2.71,0x17,read,0x079,RAM_0x079,direct,1,0x24,0x0011
2.71,0x17,read,0x07A,RAM_0x07A,direct,1,0x00,0x0013
2.71,0x17,read,0x07B,RAM_0x07B,direct,1,0x00,0x0015
2.71,0x17,read,0x07F,RAM_0x07F,direct,2,0x13 0x31,0x0039 0x003A
2.71,0x17,read,0x08C,PIE1,indirect,2,0x22,0x001F 0x0025
2.71,0x17,read,0x0A0,RAM_0x0A0,direct,35,0x17,0x0DA7 0x0DAE 0x0DB6 0x0DBF 0x0DCF 0x0DD8 0x0DE8 0x0DF4 0x0E00 0x0E09 0x0E15 0x0E1E 0x0E27 0x0E30 0x0E41 0x0E4B 0x0E54 0x0E60 0x0E68 0x0E70 0x0E76 0x0E7E 0x0E86 0x0E8E 0x0E96 0x0E9E 0x0EA7 0x0EB1 0x0EB8 0x0EBF 0x0EC8 0x0ED1 0x0F00 0x0F04 0x0F14
2.71,0x17,read,0x0C8,RAM_0x0C8,direct,1,0x00,0x0F16
2.71,0x17,read,0x0CB,RAM_0x0CB,direct,3,0x7A 0x7B,0x0DA9 0x0F08 0x0F09
2.71,0x17,read,0x0D4,RAM_0x0D4,direct,1,0x17,0x0776
2.71,0x17,read,0x0D5,RAM_0x0D5,direct,1,0x00,0x077B
2.71,0x17,read,0x0D6,RAM_0x0D6,direct,4,0x00 0x17,0x02AE 0x02B7
2.71,0x17,read,0x0D7,RAM_0x0D7,direct,4,0x00 0x01 0x71,0x02B1 0x02B2
2.71,0x17,read,0x0D8,RAM_0x0D8,direct,12,0x00 0x01 0x07 0x17,0x0299 0x029A 0x02A3
2.71,0x17,read,0x0D9,RAM_0x0D9,direct,4,0x30 0x31 0x37,0x02A5
2.71,0x17,write,0x003,STATUS,direct,32,0x00 0x04 0x18 0x1A 0x1B 0x1C 0x1F 0x38 0x3A 0x3B 0x3C 0x3F,0x0006 0x0017 0x0018 0x0038 0x0298 0x02A6 0x02AD 0x02B4 0x02B6 0x02B9 0x0775 0x0778 0x077A 0x077D 0x0DA6 0x0DAA 0x0DAD 0x0E64 0x0E66 0x0E9A 0x0E9C 0x0F19
2.71,0x17,write,0x004,FSR,direct,3,0x8C 0xCE,0x001E 0x0024 0x002A
2.71,0x17,write,0x00A,PCLATH,direct,7,0x00,0x000A 0x0036 0x0042 0x0043 0x019B 0x019C 0x0F18
2.71,0x17,write,0x00C,PIR1,direct,1,0x59,0x019A
2.71,0x17,write,0x019,TXREG,direct,6,0x0A 0x30 0x31 0x37 0x54,0x02AB 0x0774 0x0782
2.71,0x17,write,0x020,RAM_0x020,direct,1,0x00,0x0009
2.71,0x17,write,0x021,RAM_0x021,direct,1,0x83,0x0007
2.71,0x17,write,0x022,RAM_0x022,direct,1,0xCE,0x000C
2.71,0x17,write,0x023,RAM_0x023,direct,1,0x00,0x000E
2.71,0x17,write,0x024,RAM_0x024,direct,1,0x77,0x0010
2.71,0x17,write,0x025,RAM_0x025,direct,1,0x24,0x0012
2.71,0x17,write,0x026,RAM_0x026,direct,1,0x00,0x0014
2.71,0x17,write,0x027,RAM_0x027,direct,1,0x00,0x0016
2.71,0x17,write,0x031,RAM_0x031,direct,1,0xD0,0x018B
2.71,0x17,write,0x038,RAM_0x038,direct,1,0x00,0x0195
2.71,0x17,write,0x077,RAM_0x077,direct,1,0x00,0x002C
2.71,0x17,write,0x078,RAM_0x078,direct,1,0x77,0x002E
2.71,0x17,write,0x079,RAM_0x079,direct,1,0x24,0x0030
2.71,0x17,write,0x07A,RAM_0x07A,direct,1,0x00,0x0032
2.71,0x17,write,0x07B,RAM_0x07B,direct,1,0x00,0x0034
2.71,0x17,write,0x07F,RAM_0x07F,direct,2,0x13 0x31,0x0004 0x0039
2.71,0x17,write,0x0A0,RAM_0x0A0,direct,1,0x17,0x0DAE
2.71,0x17,write,0x0C8,RAM_0x0C8,direct,2,0x00 0x1F,0x0E67 0x0E9D
2.71,0x17,write,0x0CA,RAM_0x0CA,direct,1,0x17,0x0DA8
2.71,0x17,write,0x0CB,RAM_0x0CB,direct,2,0x7A 0x7B,0x0DA9 0x0F08
2.71,0x17,write,0x0D4,RAM_0x0D4,direct,1,0x17,0x0F15
2.71,0x17,write,0x0D5,RAM_0x0D5,direct,1,0x00,0x0F17
2.71,0x17,write,0x0D6,RAM_0x0D6,direct,2,0x00 0x17,0x0777 0x077C
2.71,0x17,write,0x0D7,RAM_0x0D7,direct,4,0x00 0x01 0x71,0x02AF 0x02B1
2.71,0x17,write,0x0D8,RAM_0x0D8,direct,8,0x00 0x01 0x07 0x17,0x0299 0x02B3 0x02B8
2.71,0x17,write,0x0D9,RAM_0x0D9,direct,4,0x30 0x31 0x37,0x02A4
2.71,0x18,read,0x003,STATUS,direct,68,0x04 0x18 0x1A 0x1B 0x38 0x3A 0x3B 0x3F,0x0005 0x0017 0x0018 0x0196 0x0298 0x029C 0x02A6 0x02AD 0x02B4 0x02B6 0x02B9 0x0775 0x0778 0x077A 0x077D 0x0DA6 0x0DAA 0x0DAD 0x0DAF 0x0DC1 0x0DD1 0x0DDA 0x0DEA 0x0DF6 0x0E02 0x0E0B 0x0E17 0x0E20 0x0E29 0x0E32 0x0E43 0x0E4D 0x0E56 0x0E62 0x0E64 0x0E66 0x0E6A 0x0E72 0x0E78 0x0E80 0x0E88 0x0E90 0x0E98 0x0EA0 0x0EA2 0x0EA4 0x0EA9 0x0EB3 0x0EBA 0x0EC1 0x0ECA 0x0ED3 0x0F02 0x0F06 0x0F19
2.71,0x18,read,0x004,FSR,direct,1,0xCE,0x000B
2.71,0x18,read,0x00A,PCLATH,direct,6,0x00 0x08,0x0008 0x0042 0x0043 0x019B 0x019C 0x0F18
2.71,0x18,read,0x00B,INTCON,direct,2,0x54,0x0019 0x001B
2.71,0x18,read,0x00C,PIR1,direct,9,0x59 0x5B,0x0021 0x0027 0x019A 0x02A7 0x0772 0x0780
2.71,0x18,read,0x020,RAM_0x020,direct,1,0x00,0x0035
2.71,0x18,read,0x021,RAM_0x021,direct,1,0x83,0x0037
2.71,0x18,read,0x022,RAM_0x022,direct,1,0xCE,0x0029
2.71,0x18,read,0x023,RAM_0x023,direct,1,0x00,0x002B
2.71,0x18,read,0x024,RAM_0x024,direct,1,0x77,0x002D
2.71,0x18,read,0x025,RAM_0x025,direct,1,0x24,0x002F
2.71,0x18,read,0x026,RAM_0x026,direct,1,0x00,0x0031
2.71,0x18,read,0x027,RAM_0x027,direct,1,0x00,0x0033
2.71,0x18,read,0x031,RAM_0x031,direct,1,0xCF,0x018B
2.71,0x18,read,0x033,RAM_0x033,direct,1,0x57,0x0EA3
2.71,0x18,read,0x038,RAM_0x038,direct,1,0x00,0x0195
2.71,0x18,read,0x03E,RAM_0x03E,direct,1,0x1F,0x0E65
2.71,0x18,read,0x04C,RAM_0x04C,direct,1,0x00,0x018F
2.71,0x18,read,0x051,RAM_0x051,direct,1,0x00,0x0DAB
2.71,0x18,read,0x077,RAM_0x077,direct,1,0x00,0x000D
2.71,0x18,read,0x078,RAM_0x078,direct,1,0x77,0x000F
2.71,0x18,read,0x079,RAM_0x079,direct,1,0x24,0x0011
2.71,0x18,read,0x07A,RAM_0x07A,direct,1,0x00,0x0013
2.71,0x18,read,0x07B,RAM_0x07B,direct,1,0x00,0x0015
2.71,0x18,read,0x07F,RAM_0x07F,direct,2,0x13 0x31,0x0039 0x003A
2.71,0x18,read,0x08C,PIE1,indirect,2,0x22,0x001F 0x0025
2.71,0x18,read,0x0A0,RAM_0x0A0,direct,35,0x18,0x0DA7 0x0DAE 0x0DB6 0x0DBF 0x0DCF 0x0DD8 0x0DE8 0x0DF4 0x0E00 0x0E09 0x0E15 0x0E1E 0x0E27 0x0E30 0x0E41 0x0E4B 0x0E54 0x0E60 0x0E68 0x0E70 0x0E76 0x0E7E 0x0E86 0x0E8E 0x0E96 0x0E9E 0x0EA7 0x0EB1 0x0EB8 0x0EBF 0x0EC8 0x0ED1 0x0F00 0x0F04 0x0F14
2.71,0x18,read,0x0C8,RAM_0x0C8,direct,1,0x57,0x0F16
2.71,0x18,read,0x0CB,RAM_0x0CB,direct,3,0x7A 0x7B,0x0DA9 0x0EA6 0x0F09
2.71,0x18,read,0x0D4,RAM_0x0D4,direct,1,0x18,0x0776
2.71,0x18,read,0x0D5,RAM_0x0D5,direct,1,0x57,0x077B
2.71,0x18,read,0x0D6,RAM_0x0D6,direct,4,0x18 0x57,0x02AE 0x02B7
2.71,0x18,read,0x0D7,RAM_0x0D7,direct,4,0x01 0x05 0x75 0x81,0x02B1 0x02B2
2.71,0x18,read,0x0D8,RAM_0x0D8,direct,12,0x01 0x05 0x07 0x08 0x18 0x57,0x0299 0x029A 0x02A3
2.71,0x18,read,0x0D9,RAM_0x0D9,direct,4,0x31 0x35 0x37 0x38,0x02A5
2.71,0x18,write,0x003,STATUS,direct,32,0x00 0x04 0x18 0x1A 0x1F 0x38 0x3A 0x3B,0x0006 0x0017 0x0018 0x0038 0x0298 0x02A6 0x02AD 0x02B4 0x02B6 0x02B9 0x0775 0x0778 0x077A 0x077D 0x0DA6 0x0DAA 0x0DAD 0x0E64 0x0E66 0x0EA2 0x0EA4 0x0F19
2.71,0x18,write,0x004,FSR,direct,3,0x8C 0xCE,0x001E 0x0024 0x002A
2.71,0x18,write,0x00A,PCLATH,direct,7,0x00,0x000A 0x0036 0x0042 0x0043 0x019B 0x019C 0x0F18
2.71,0x18,write,0x00C,PIR1,direct,1,0x59,0x019A
2.71,0x18,write,0x019,TXREG,direct,6,0x0A 0x31 0x35 0x37 0x38 0x54,0x02AB 0x0774 0x0782
2.71,0x18,write,0x020,RAM_0x020,direct,1,0x00,0x0009
2.71,0x18,write,0x021,RAM_0x021,direct,1,0x83,0x0007
2.71,0x18,write,0x022,RAM_0x022,direct,1,0xCE,0x000C
2.71,0x18,write,0x023,RAM_0x023,direct,1,0x00,0x000E
2.71,0x18,write,0x024,RAM_0x024,direct,1,0x77,0x0010
2.71,0x18,write,0x025,RAM_0x025,direct,1,0x24,0x0012
2.71,0x18,write,0x026,RAM_0x026,direct,1,0x00,0x0014
2.71,0x18,write,0x027,RAM_0x027,direct,1,0x00,0x0016
2.71,0x18,write,0x031,RAM_0x031,direct,1,0xD0,0x018B
2.71,0x18,write,0x038,RAM_0x038,direct,1,0x00,0x0195
2.71,0x18,write,0x077,RAM_0x077,direct,1,0x00,0x002C
2.71,0x18,write,0x078,RAM_0x078,direct,1,0x77,0x002E
2.71,0x18,write,0x079,RAM_0x079,direct,1,0x24,0x0030
2.71,0x18,write,0x07A,RAM_0x07A,direct,1,0x00,0x0032
2.71,0x18,write,0x07B,RAM_0x07B,direct,1,0x00,0x0034
2.71,0x18,write,0x07F,RAM_0x07F,direct,2,0x13 0x31,0x0004 0x0039
2.71,0x18,write,0x0A0,RAM_0x0A0,direct,1,0x18,0x0DAE
2.71,0x18,write,0x0C8,RAM_0x0C8,direct,2,0x1F 0x57,0x0E67 0x0EA5
2.71,0x18,write,0x0CA,RAM_0x0CA,direct,1,0x18,0x0DA8
2.71,0x18,write,0x0CB,RAM_0x0CB,direct,2,0x7A 0x7B,0x0DA9 0x0EA6
2.71,0x18,write,0x0D4,RAM_0x0D4,direct,1,0x18,0x0F15
2.71,0x18,write,0x0D5,RAM_0x0D5,direct,1,0x57,0x0F17
2.71,0x18,write,0x0D6,RAM_0x0D6,direct,2,0x18 0x57,0x0777 0x077C
2.71,0x18,write,0x0D7,RAM_0x0D7,direct,4,0x01 0x05 0x75 0x81,0x02AF 0x02B1
2.71,0x18,write,0x0D8,RAM_0x0D8,direct,8,0x01 0x05 0x07 0x08 0x18 0x57,0x0299 0x02B3 0x02B8
2.71,0x18,write,0x0D9,RAM_0x0D9,direct,4,0x31 0x35 0x37 0x38,0x02A4
2.71,0x19,read,0x002,PCL,direct,3,0x49,0x0048
2.71,0x19,read,0x003,STATUS,direct,209,0x04 0x18 0x1A 0x1B 0x1C 0x1E 0x1F 0x38 0x3A 0x3B 0x3C 0x3D 0x3E 0x3F 0x58 0x78,0x0005 0x0017 0x0018 0x0196 0x0298 0x029C 0x02A6 0x02AD 0x02B4 0x02B6 0x02B9 0x03BA 0x03C0 0x03C4 0x03CE 0x03D3 0x03D5 0x03D6 0x03D8 0x03D9 0x03DB 0x03DE 0x03E0 0x03E1 0x03E5 0x04A6 0x04A8 0x04AB 0x04AF 0x04B6 0x04BA 0x04C8 0x0775 0x0778 0x077A 0x077D 0x08CC 0x08D0 0x08D4 0x08D8 0x08E5 0x0914 0x0916 0x0919 0x0922 0x0925 0x092F 0x09CA 0x09CF 0x09D3 0x09D7 0x09E1 0x09E2 0x09E8 0x09EB 0x09EF 0x09F3 0x09F9 0x0A03 0x0A05 0x0A08 0x0A16 0x0A18 0x0A1A 0x0A1C 0x0A2E 0x0A30 0x0A32 0x0A34 0x0A3B 0x0A44 0x0A4C 0x0A50 0x0DA6 0x0DAA 0x0DAD 0x0DAF 0x0DC1 0x0DD1 0x0DDA 0x0DEA 0x0DF6 0x0E02 0x0E0B 0x0E17 0x0E20 0x0E29 0x0E32 0x0E43 0x0E4D 0x0E56 0x0E62 0x0E64 0x0E66 0x0E6A 0x0E72 0x0E78 0x0E80 0x0E88 0x0E90 0x0E98 0x0EA0 0x0EA9 0x0EAB 0x0EAE 0x0EB3 0x0EBA 0x0EC1 0x0ECA 0x0ED3 0x0F02 0x0F06 0x0F19
2.71,0x19,read,0x004,FSR,direct,4,0xCE,0x000B
2.71,0x19,read,0x00A,PCLATH,direct,44,0x00 0x08,0x0008 0x0042 0x0043 0x0045 0x0046 0x0047 0x019B 0x019C 0x08CF 0x08D2 0x0921 0x0924 0x092E 0x0931 0x09E7 0x09EA 0x09EE 0x09F1 0x09F8 0x09FB 0x0A3A 0x0A3D 0x0F18
2.71,0x19,read,0x00B,INTCON,direct,8,0x54,0x0019 0x001B
2.71,0x19,read,0x00C,PIR1,direct,18,0x59 0x5B,0x0021 0x0027 0x019A 0x02A7 0x0772 0x0780
2.71,0x19,read,0x020,RAM_0x020,direct,4,0x00 0x08,0x0035
2.71,0x19,read,0x021,RAM_0x021,direct,4,0x81 0x83 0xC3,0x0037
2.71,0x19,read,0x022,RAM_0x022,direct,4,0xCE,0x0029
2.71,0x19,read,0x023,RAM_0x023,direct,4,0x00 0x03 0x0D,0x002B
2.71,0x19,read,0x024,RAM_0x024,direct,4,0x00 0x02 0x28,0x002D
2.71,0x19,read,0x025,RAM_0x025,direct,4,0x00 0x24 0xE8,0x002F
2.71,0x19,read,0x026,RAM_0x026,direct,4,0x00,0x0031
2.71,0x19,read,0x027,RAM_0x027,direct,4,0x00,0x0033
2.71,0x19,read,0x031,RAM_0x031,direct,4,0xCF 0xD0 0xD1 0xD2,0x018B
2.71,0x19,read,0x038,RAM_0x038,direct,4,0x00,0x0195
2.71,0x19,read,0x039,RAM_0x039,direct,1,0x00,0x0A33
2.71,0x19,read,0x03A,RAM_0x03A,direct,2,0x00,0x0A17 0x0A2F
2.71,0x19,read,0x03E,RAM_0x03E,direct,1,0x1F,0x0E65
2.71,0x19,read,0x04C,RAM_0x04C,direct,6,0x00,0x018F 0x09D1 0x09D8
2.71,0x19,read,0x051,RAM_0x051,direct,3,0x00,0x03D0 0x0DAB
2.71,0x19,read,0x06B,RAM_0x06B,direct,1,0x00,0x09FD
2.71,0x19,read,0x077,RAM_0x077,direct,58,0x00 0x01 0x03 0x07 0x0A 0x0D 0x0F 0x19 0x1F 0x32 0x3E 0x64 0x7D 0x8D 0xD8,0x000D 0x03C3 0x03C9 0x04B2 0x04B9 0x09FF 0x0A01 0x0A02 0x0A4B
2.71,0x19,read,0x078,RAM_0x078,direct,43,0x00 0x01 0x02 0x04 0x09 0x12 0x19 0x23 0x24 0x28 0x29 0x30 0x32 0x46 0x48 0x64 0x80 0x8C 0x91 0xBE,0x000F 0x03CB 0x04C3 0x08D3 0x0918 0x092A 0x0932 0x0A0A 0x0A40 0x0EAD
2.71,0x19,read,0x079,RAM_0x079,direct,40,0x00 0x01 0x02 0x04 0x09 0x12 0x24 0x3E 0x40 0x7D 0x80 0xA0 0xD0 0xE8 0xF4 0xFA,0x0011 0x03CA 0x04C4 0x0928 0x0A07 0x0A3E 0x0A43
2.71,0x19,read,0x07A,RAM_0x07A,direct,54,0x00,0x0013 0x03C7 0x03C8 0x04B3 0x04B5
2.71,0x19,read,0x07B,RAM_0x07B,direct,4,0x00,0x0015
2.71,0x19,read,0x07E,RAM_0x07E,direct,1,0x0F,0x08CA
2.71,0x19,read,0x07F,RAM_0x07F,direct,8,0x00 0x06 0x46 0x60 0x64,0x0039 0x003A
2.71,0x19,read,0x08C,PIE1,indirect,8,0x22,0x001F 0x0025
2.71,0x19,read,0x0A0,RAM_0x0A0,direct,35,0x19,0x0DA7 0x0DAE 0x0DB6 0x0DBF 0x0DCF 0x0DD8 0x0DE8 0x0DF4 0x0E00 0x0E09 0x0E15 0x0E1E 0x0E27 0x0E30 0x0E41 0x0E4B 0x0E54 0x0E60 0x0E68 0x0E70 0x0E76 0x0E7E 0x0E86 0x0E8E 0x0E96 0x0E9E 0x0EA7 0x0EB1 0x0EB8 0x0EBF 0x0EC8 0x0ED1 0x0F00 0x0F04 0x0F14
2.71,0x19,read,0x0C8,RAM_0x0C8,direct,1,0x29,0x0F16
2.71,0x19,read,0x0CB,RAM_0x0CB,direct,3,0x7A 0x7B,0x0DA9 0x0EB0 0x0F09
2.71,0x19,read,0x0CC,RAM_0x0CC,direct,3,0x12 0x1F 0x29,0x0A04 0x0A4D 0x0A4E
2.71,0x19,read,0x0CD,RAM_0x0CD,direct,4,0x00,0x09D5 0x09E3 0x09ED 0x09F7
2.71,0x19,read,0x0CE,RAM_0x0CE,direct,1,0x00,0x09E6
2.71,0x19,read,0x0CF,RAM_0x0CF,direct,6,0x40 0xA0 0xD0 0xE8 0xF4 0xFA,0x0A11 0x0A13 0x0A27 0x0A29 0x0A2B 0x0A38
2.71,0x19,read,0x0D0,RAM_0x0D0,direct,9,0x00 0x07 0x0F 0x1F 0x20 0x41 0x83,0x0A10 0x0A12 0x0A15 0x0A19 0x0A26 0x0A28 0x0A2A 0x0A2D 0x0A36
2.71,0x19,read,0x0D1,RAM_0x0D1,direct,3,0x12 0x80,0x09CB 0x09F5 0x0A0E
2.71,0x19,read,0x0D2,RAM_0x0D2,direct,3,0x28 0x3E,0x09CD 0x09F4 0x0A0C
2.71,0x19,read,0x0D4,RAM_0x0D4,direct,17,0x00 0x19,0x04B0 0x0776
2.71,0x19,read,0x0D5,RAM_0x0D5,direct,18,0x00 0x29 0x64,0x04B1 0x077B 0x091F
2.71,0x19,read,0x0D6,RAM_0x0D6,direct,38,0x00 0x01 0x02 0x05 0x0A 0x14 0x19 0x20 0x28 0x29 0x40 0x50 0x64 0x80 0x90 0xA0 0xFA,0x02AE 0x02B7 0x03BF 0x04AA 0x04B8 0x08CD
2.71,0x19,read,0x0D7,RAM_0x0D7,direct,39,0x00 0x01 0x02 0x19 0x20 0x23 0x32 0x40 0x46 0x64 0x80 0x8C 0x90 0x91 0x92 0xBE 0xC8,0x02B1 0x02B2 0x03BE 0x04A7 0x04B4 0x08D6 0x08DC
2.71,0x19,read,0x0D8,RAM_0x0D8,direct,30,0x01 0x02 0x03 0x04 0x05 0x06 0x07 0x08 0x09 0x0A 0x0B 0x0C 0x0D 0x0E 0x0F 0x10 0x19 0x29 0x64,0x0299 0x029A 0x02A3 0x03C2 0x04C5
2.71,0x19,read,0x0D9,RAM_0x0D9,direct,6,0x00 0x31 0x32 0x39,0x02A5 0x03C6
2.71,0x19,read,0x0DA,RAM_0x0DA,direct,20,0x01 0x02 0x03 0x04 0x05 0x06 0x07 0x08 0x09 0x0A 0x0B 0x0C 0x0D 0x0E 0x0F 0x10 0x64 0x6E 0x94 0x9E,0x03CC 0x03D4 0x03D7
2.71,0x19,read,0x0DB,RAM_0x0DB,direct,2,0x30 0xBE,0x03E3
2.71,0x19,read,0x10C,EEDATA,direct,2,0x30 0xBE,0x03DF
2.71,0x19,read,0x18C,EECON1,direct,4,0x00,0x03DC 0x03DD
2.71,0x19,write,0x002,PCL,direct,3,0x49,0x0048
2.71,0x19,write,0x003,STATUS,direct,117,0x00 0x04 0x18 0x1A 0x1C 0x1E 0x1F 0x38 0x3A 0x3B 0x3C 0x3E 0x3F 0x58 0x78,0x0006 0x0017 0x0018 0x0038 0x0298 0x02A6 0x02AD 0x02B4 0x02B6 0x02B9 0x03BA 0x03CE 0x03D3 0x03D5 0x03D6 0x03D8 0x03D9 0x03DB 0x03DE 0x03E0 0x03E1 0x03E5 0x04A6 0x04AF 0x04C8 0x0775 0x0778 0x077A 0x077D 0x08CC 0x08D0 0x08D4 0x08E5 0x0914 0x0916 0x0919 0x0922 0x0925 0x092F 0x09CA 0x09CF 0x09D3 0x09D7 0x09E1 0x09E2 0x09E8 0x09EB 0x09EF 0x09F3 0x09F9 0x0A03 0x0A05 0x0A08 0x0A16 0x0A18 0x0A2E 0x0A30 0x0A32 0x0A34 0x0A3B 0x0A4C 0x0A50 0x0DA6 0x0DAA 0x0DAD 0x0E64 0x0E66 0x0EAB 0x0EAE 0x0F19
2.71,0x19,write,0x004,FSR,direct,12,0x8C 0xCE,0x001E 0x0024 0x002A
2.71,0x19,write,0x00A,PCLATH,direct,48,0x00 0x08,0x000A 0x0036 0x0042 0x0043 0x0045 0x0046 0x0047 0x019B 0x019C 0x08CF 0x08D2 0x0921 0x0924 0x092E 0x0931 0x09E7 0x09EA 0x09EE 0x09F1 0x09F8 0x09FB 0x0A3A 0x0A3D 0x0F18
2.71,0x19,write,0x00C,PIR1,direct,4,0x59,0x019A
2.71,0x19,write,0x019,TXREG,direct,6,0x0A 0x31 0x32 0x39 0x54,0x02AB 0x0774 0x0782
2.71,0x19,write,0x020,RAM_0x020,direct,4,0x00 0x08,0x0009
2.71,0x19,write,0x021,RAM_0x021,direct,4,0x81 0x83 0xC3,0x0007
2.71,0x19,write,0x022,RAM_0x022,direct,4,0xCE,0x000C
2.71,0x19,write,0x023,RAM_0x023,direct,4,0x00 0x03 0x0D,0x000E
2.71,0x19,write,0x024,RAM_0x024,direct,4,0x00 0x02 0x28,0x0010
2.71,0x19,write,0x025,RAM_0x025,direct,4,0x00 0x24 0xE8,0x0012
2.71,0x19,write,0x026,RAM_0x026,direct,4,0x00,0x0014
2.71,0x19,write,0x027,RAM_0x027,direct,4,0x00,0x0016
2.71,0x19,write,0x031,RAM_0x031,direct,4,0xD0 0xD1 0xD2 0xD3,0x018B
2.71,0x19,write,0x038,RAM_0x038,direct,4,0x00,0x0195
2.71,0x19,write,0x077,RAM_0x077,direct,44,0x00 0x01 0x03 0x07 0x0A 0x0D 0x0F 0x19 0x1F 0x32 0x3E 0x64 0x7D 0x8D 0xD8,0x002C 0x03BC 0x03C3 0x03C9 0x04A4 0x04B2 0x09FE 0x09FF 0x0A01 0x0A42
2.71,0x19,write,0x078,RAM_0x078,direct,44,0x00 0x01 0x02 0x04 0x09 0x12 0x19 0x23 0x24 0x28 0x29 0x30 0x32 0x46 0x48 0x64 0x80 0x8C 0x91 0xBE,0x002E 0x03CB 0x03E4 0x04A2 0x04C3 0x08DD 0x09CC 0x09F2 0x09FC 0x0A4F
2.71,0x19,write,0x079,RAM_0x079,direct,38,0x00 0x01 0x02 0x04 0x09 0x12 0x24 0x3E 0x40 0x7D 0x80 0xA0 0xD0 0xE8 0xF4 0xFA,0x0030 0x03CA 0x04A3 0x04C4 0x09CE
2.71,0x19,write,0x07A,RAM_0x07A,direct,42,0x00,0x0032 0x03BD 0x03C7 0x03C8 0x04A5 0x04B3 0x0A3F 0x0A4A
2.71,0x19,write,0x07B,RAM_0x07B,direct,4,0x00,0x0034
2.71,0x19,write,0x07F,RAM_0x07F,direct,8,0x00 0x06 0x46 0x60 0x64,0x0004 0x0039
2.71,0x19,write,0x0A0,RAM_0x0A0,direct,1,0x19,0x0DAE
2.71,0x19,write,0x0C8,RAM_0x0C8,direct,2,0x1F 0x29,0x0E67 0x0EAF
2.71,0x19,write,0x0CA,RAM_0x0CA,direct,1,0x19,0x0DA8
2.71,0x19,write,0x0CB,RAM_0x0CB,direct,2,0x7A 0x7B,0x0DA9 0x0EB0
2.71,0x19,write,0x0CC,RAM_0x0CC,direct,3,0x12 0x1F 0x29,0x09F6 0x0A04 0x0A4D
2.71,0x19,write,0x0CD,RAM_0x0CD,direct,1,0x00,0x09D4
2.71,0x19,write,0x0CE,RAM_0x0CE,direct,1,0x00,0x09D6
2.71,0x19,write,0x0CF,RAM_0x0CF,direct,6,0x40 0xA0 0xD0 0xE8 0xF4 0xFA,0x0A0F 0x0A11 0x0A13 0x0A27 0x0A29 0x0A2B
2.71,0x19,write,0x0D0,RAM_0x0D0,direct,8,0x00 0x07 0x0F 0x1F 0x20 0x41 0x83,0x0A0D 0x0A10 0x0A12 0x0A15 0x0A26 0x0A28 0x0A2A 0x0A2D
2.71,0x19,write,0x0D1,RAM_0x0D1,direct,3,0x12 0x80,0x092B 0x09E5 0x0A0B
2.71,0x19,write,0x0D2,RAM_0x0D2,direct,3,0x28 0x3E,0x0929 0x09EC 0x0A09
2.71,0x19,write,0x0D3,RAM_0x0D3,direct,1,0x00,0x0927
2.71,0x19,write,0x0D4,RAM_0x0D4,direct,19,0x00 0x19,0x04B0 0x0926 0x0A35 0x0F15
2.71,0x19,write,0x0D5,RAM_0x0D5,direct,19,0x00 0x29 0x64,0x04B1 0x091A 0x0A31 0x0F17
2.71,0x19,write,0x0D6,RAM_0x0D6,direct,21,0x00 0x01 0x02 0x05 0x0A 0x14 0x19 0x20 0x28 0x29 0x40 0x50 0x64 0x80 0x90 0xA0 0xC8 0xFA,0x03BF 0x0777 0x077C 0x0915 0x091D 0x0A39
2.71,0x19,write,0x0D7,RAM_0x0D7,direct,24,0x00 0x01 0x02 0x19 0x20 0x23 0x32 0x40 0x46 0x48 0x64 0x80 0x8C 0x90 0x91 0x92 0xBE 0xC8,0x02AF 0x02B1 0x03BE 0x08D5 0x08DB 0x091B 0x0A37
2.71,0x19,write,0x0D8,RAM_0x0D8,direct,26,0x00 0x01 0x02 0x03 0x04 0x05 0x06 0x07 0x08 0x09 0x0A 0x0B 0x0C 0x0D 0x0E 0x0F 0x10 0x19 0x29 0x64,0x0299 0x02B3 0x02B8 0x04AE 0x04C5 0x0920
2.71,0x19,write,0x0D9,RAM_0x0D9,direct,5,0x00 0x31 0x32 0x39,0x02A4 0x091E
2.71,0x19,write,0x0DA,RAM_0x0DA,direct,21,0x00 0x01 0x02 0x03 0x04 0x05 0x06 0x07 0x08 0x09 0x0A 0x0B 0x0C 0x0D 0x0E 0x0F 0x10 0x64 0x6E 0x94 0x9E,0x03BB 0x03CC 0x03D4 0x08CE 0x092D
2.71,0x19,write,0x0DB,RAM_0x0DB,direct,2,0x30 0xBE,0x03E2
2.71,0x19,write,0x10D,EEADR,direct,2,0x94 0x9E,0x03DA
2.71,0x19,write,0x18C,EECON1,direct,4,0x00 0x01,0x03DC 0x03DD
2.71,0x1A,read,0x003,STATUS,direct,66,0x04 0x18 0x1A 0x1C 0x1E 0x38 0x3A 0x3B 0x3C 0x3E 0x3F,0x0005 0x0017 0x0018 0x0196 0x0298 0x029C 0x02A6 0x02AD 0x02B4 0x02B6 0x02B9 0x0775 0x0778 0x077A 0x077D 0x0DA6 0x0DAA 0x0DAD 0x0DAF 0x0DC1 0x0DD1 0x0DDA 0x0DEA 0x0DF6 0x0E02 0x0E0B 0x0E17 0x0E20 0x0E29 0x0E32 0x0E43 0x0E4D 0x0E56 0x0E62 0x0E64 0x0E66 0x0E6A 0x0E72 0x0E78 0x0E80 0x0E88 0x0E90 0x0E98 0x0EA0 0x0EA9 0x0EB3 0x0EBA 0x0EC1 0x0ECA 0x0ED3 0x0F02 0x0F06 0x0F19
2.71,0x1A,read,0x004,FSR,direct,1,0xCE,0x000B
2.71,0x1A,read,0x00A,PCLATH,direct,6,0x00 0x08,0x0008 0x0042 0x0043 0x019B 0x019C 0x0F18
2.71,0x1A,read,0x00B,INTCON,direct,2,0x54,0x0019 0x001B
2.71,0x1A,read,0x00C,PIR1,direct,9,0x59 0x5B,0x0021 0x0027 0x019A 0x02A7 0x0772 0x0780
2.71,0x1A,read,0x020,RAM_0x020,direct,1,0x00,0x0035
2.71,0x1A,read,0x021,RAM_0x021,direct,1,0x81,0x0037
2.71,0x1A,read,0x022,RAM_0x022,direct,1,0xCE,0x0029
2.71,0x1A,read,0x023,RAM_0x023,direct,1,0x00,0x002B
2.71,0x1A,read,0x024,RAM_0x024,direct,1,0x77,0x002D
2.71,0x1A,read,0x025,RAM_0x025,direct,1,0x24,0x002F
2.71,0x1A,read,0x026,RAM_0x026,direct,1,0x00,0x0031
2.71,0x1A,read,0x027,RAM_0x027,direct,1,0x00,0x0033
2.71,0x1A,read,0x031,RAM_0x031,direct,1,0xCF,0x018B
2.71,0x1A,read,0x038,RAM_0x038,direct,1,0x00,0x0195
2.71,0x1A,read,0x03E,RAM_0x03E,direct,1,0x1F,0x0E65
2.71,0x1A,read,0x04C,RAM_0x04C,direct,1,0x00,0x018F
2.71,0x1A,read,0x051,RAM_0x051,direct,1,0x00,0x0DAB
2.71,0x1A,read,0x077,RAM_0x077,direct,1,0x00,0x000D
2.71,0x1A,read,0x078,RAM_0x078,direct,1,0x77,0x000F
2.71,0x1A,read,0x079,RAM_0x079,direct,1,0x24,0x0011
2.71,0x1A,read,0x07A,RAM_0x07A,direct,1,0x00,0x0013
2.71,0x1A,read,0x07B,RAM_0x07B,direct,1,0x00,0x0015
2.71,0x1A,read,0x07F,RAM_0x07F,direct,2,0x13 0x31,0x0039 0x003A
2.71,0x1A,read,0x08C,PIE1,indirect,2,0x22,0x001F 0x0025
2.71,0x1A,read,0x0A0,RAM_0x0A0,direct,35,0x1A,0x0DA7 0x0DAE 0x0DB6 0x0DBF 0x0DCF 0x0DD8 0x0DE8 0x0DF4 0x0E00 0x0E09 0x0E15 0x0E1E 0x0E27 0x0E30 0x0E41 0x0E4B 0x0E54 0x0E60 0x0E68 0x0E70 0x0E76 0x0E7E 0x0E86 0x0E8E 0x0E96 0x0E9E 0x0EA7 0x0EB1 0x0EB8 0x0EBF 0x0EC8 0x0ED1 0x0F00 0x0F04 0x0F14
2.71,0x1A,read,0x0C7,RAM_0x0C7,direct,1,0x00,0x0EB5
2.71,0x1A,read,0x0C8,RAM_0x0C8,direct,1,0x00,0x0F16
2.71,0x1A,read,0x0CB,RAM_0x0CB,direct,3,0x7A 0x7B,0x0DA9 0x0EB7 0x0F09
2.71,0x1A,read,0x0D4,RAM_0x0D4,direct,1,0x1A,0x0776
2.71,0x1A,read,0x0D5,RAM_0x0D5,direct,1,0x00,0x077B
2.71,0x1A,read,0x0D6,RAM_0x0D6,direct,4,0x00 0x1A,0x02AE 0x02B7
2.71,0x1A,read,0x0D7,RAM_0x0D7,direct,4,0x00 0x01 0xA1,0x02B1 0x02B2
2.71,0x1A,read,0x0D8,RAM_0x0D8,direct,12,0x00 0x01 0x0A 0x1A,0x0299 0x029A 0x029F 0x02A3
2.71,0x1A,read,0x0D9,RAM_0x0D9,direct,4,0x30 0x31 0x61,0x02A5
2.71,0x1A,write,0x003,STATUS,direct,30,0x00 0x04 0x18 0x1A 0x1C 0x1E 0x38 0x3A 0x3C 0x3E,0x0006 0x0017 0x0018 0x0038 0x0298 0x02A6 0x02AD 0x02B4 0x02B6 0x02B9 0x0775 0x0778 0x077A 0x077D 0x0DA6 0x0DAA 0x0DAD 0x0E64 0x0E66 0x0F19
2.71,0x1A,write,0x004,FSR,direct,3,0x8C 0xCE,0x001E 0x0024 0x002A
2.71,0x1A,write,0x00A,PCLATH,direct,7,0x00,0x000A 0x0036 0x0042 0x0043 0x019B 0x019C 0x0F18
2.71,0x1A,write,0x00C,PIR1,direct,1,0x59,0x019A
2.71,0x1A,write,0x019,TXREG,direct,6,0x0A 0x30 0x31 0x54 0x61,0x02AB 0x0774 0x0782
2.71,0x1A,write,0x020,RAM_0x020,direct,1,0x00,0x0009
2.71,0x1A,write,0x021,RAM_0x021,direct,1,0x81,0x0007
2.71,0x1A,write,0x022,RAM_0x022,direct,1,0xCE,0x000C
2.71,0x1A,write,0x023,RAM_0x023,direct,1,0x00,0x000E
2.71,0x1A,write,0x024,RAM_0x024,direct,1,0x77,0x0010
2.71,0x1A,write,0x025,RAM_0x025,direct,1,0x24,0x0012
2.71,0x1A,write,0x026,RAM_0x026,direct,1,0x00,0x0014
2.71,0x1A,write,0x027,RAM_0x027,direct,1,0x00,0x0016
2.71,0x1A,write,0x031,RAM_0x031,direct,1,0xD0,0x018B
2.71,0x1A,write,0x038,RAM_0x038,direct,1,0x00,0x0195
2.71,0x1A,write,0x077,RAM_0x077,direct,1,0x00,0x002C
2.71,0x1A,write,0x078,RAM_0x078,direct,1,0x77,0x002E
2.71,0x1A,write,0x079,RAM_0x079,direct,1,0x24,0x0030
2.71,0x1A,write,0x07A,RAM_0x07A,direct,1,0x00,0x0032
2.71,0x1A,write,0x07B,RAM_0x07B,direct,1,0x00,0x0034
2.71,0x1A,write,0x07F,RAM_0x07F,direct,2,0x13 0x31,0x0004 0x0039
2.71,0x1A,write,0x0A0,RAM_0x0A0,direct,1,0x1A,0x0DAE
2.71,0x1A,write,0x0C8,RAM_0x0C8,direct,2,0x00 0x1F,0x0E67 0x0EB6
2.71,0x1A,write,0x0CA,RAM_0x0CA,direct,1,0x1A,0x0DA8
2.71,0x1A,write,0x0CB,RAM_0x0CB,direct,2,0x7A 0x7B,0x0DA9 0x0EB7
2.71,0x1A,write,0x0D4,RAM_0x0D4,direct,1,0x1A,0x0F15
2.71,0x1A,write,0x0D5,RAM_0x0D5,direct,1,0x00,0x0F17
2.71,0x1A,write,0x0D6,RAM_0x0D6,direct,2,0x00 0x1A,0x0777 0x077C
2.71,0x1A,write,0x0D7,RAM_0x0D7,direct,4,0x00 0x01 0xA1,0x02AF 0x02B1
2.71,0x1A,write,0x0D8,RAM_0x0D8,direct,8,0x00 0x01 0x0A 0x1A,0x0299 0x02B3 0x02B8
2.71,0x1A,write,0x0D9,RAM_0x0D9,direct,4,0x30 0x31 0x61,0x02A0 0x02A4
2.71,0x1B,read,0x003,STATUS,direct,66,0x04 0x18 0x1A 0x1C 0x1E 0x38 0x3A 0x3B 0x3C 0x3E 0x3F,0x0005 0x0017 0x0018 0x0196 0x0298 0x029C 0x02A6 0x02AD 0x02B4 0x02B6 0x02B9 0x0775 0x0778 0x077A 0x077D 0x0DA6 0x0DAA 0x0DAD 0x0DAF 0x0DC1 0x0DD1 0x0DDA 0x0DEA 0x0DF6 0x0E02 0x0E0B 0x0E17 0x0E20 0x0E29 0x0E32 0x0E43 0x0E4D 0x0E56 0x0E62 0x0E64 0x0E66 0x0E6A 0x0E72 0x0E78 0x0E80 0x0E88 0x0E90 0x0E98 0x0EA0 0x0EA9 0x0EB3 0x0EBA 0x0EC1 0x0ECA 0x0ED3 0x0F02 0x0F06 0x0F19
2.71,0x1B,read,0x004,FSR,direct,1,0xCE,0x000B
2.71,0x1B,read,0x00A,PCLATH,direct,6,0x00 0x08,0x0008 0x0042 0x0043 0x019B 0x019C 0x0F18
2.71,0x1B,read,0x00B,INTCON,direct,2,0x54,0x0019 0x001B
2.71,0x1B,read,0x00C,PIR1,direct,9,0x59 0x5B,0x0021 0x0027 0x019A 0x02A7 0x0772 0x0780
2.71,0x1B,read,0x020,RAM_0x020,direct,1,0x00,0x0035
2.71,0x1B,read,0x021,RAM_0x021,direct,1,0x81,0x0037
2.71,0x1B,read,0x022,RAM_0x022,direct,1,0xCE,0x0029
2.71,0x1B,read,0x023,RAM_0x023,direct,1,0x00,0x002B
2.71,0x1B,read,0x024,RAM_0x024,direct,1,0x77,0x002D
2.71,0x1B,read,0x025,RAM_0x025,direct,1,0x24,0x002F
2.71,0x1B,read,0x026,RAM_0x026,direct,1,0x00,0x0031
2.71,0x1B,read,0x027,RAM_0x027,direct,1,0x00,0x0033
2.71,0x1B,read,0x031,RAM_0x031,direct,1,0xCF,0x018B
2.71,0x1B,read,0x038,RAM_0x038,direct,1,0x00,0x0195
2.71,0x1B,read,0x03E,RAM_0x03E,direct,1,0x1F,0x0E65
2.71,0x1B,read,0x04C,RAM_0x04C,direct,1,0x00,0x018F
2.71,0x1B,read,0x051,RAM_0x051,direct,1,0x00,0x0DAB
2.71,0x1B,read,0x077,RAM_0x077,direct,1,0x00,0x000D
2.71,0x1B,read,0x078,RAM_0x078,direct,1,0x77,0x000F
2.71,0x1B,read,0x079,RAM_0x079,direct,1,0x24,0x0011
2.71,0x1B,read,0x07A,RAM_0x07A,direct,1,0x00,0x0013
2.71,0x1B,read,0x07B,RAM_0x07B,direct,1,0x00,0x0015
2.71,0x1B,read,0x07F,RAM_0x07F,direct,2,0x13 0x31,0x0039 0x003A
2.71,0x1B,read,0x08C,PIE1,indirect,2,0x22,0x001F 0x0025
2.71,0x1B,read,0x0A0,RAM_0x0A0,direct,35,0x1B,0x0DA7 0x0DAE 0x0DB6 0x0DBF 0x0DCF 0x0DD8 0x0DE8 0x0DF4 0x0E00 0x0E09 0x0E15 0x0E1E 0x0E27 0x0E30 0x0E41 0x0E4B 0x0E54 0x0E60 0x0E68 0x0E70 0x0E76 0x0E7E 0x0E86 0x0E8E 0x0E96 0x0E9E 0x0EA7 0x0EB1 0x0EB8 0x0EBF 0x0EC8 0x0ED1 0x0F00 0x0F04 0x0F14
2.71,0x1B,read,0x0C6,RAM_0x0C6,direct,1,0x00,0x0EBC
2.71,0x1B,read,0x0C8,RAM_0x0C8,direct,1,0x00,0x0F16
2.71,0x1B,read,0x0CB,RAM_0x0CB,direct,3,0x7A 0x7B,0x0DA9 0x0EBE 0x0F09
2.71,0x1B,read,0x0D4,RAM_0x0D4,direct,1,0x1B,0x0776
2.71,0x1B,read,0x0D5,RAM_0x0D5,direct,1,0x00,0x077B
2.71,0x1B,read,0x0D6,RAM_0x0D6,direct,4,0x00 0x1B,0x02AE 0x02B7
2.71,0x1B,read,0x0D7,RAM_0x0D7,direct,4,0x00 0x01 0xB1,0x02B1 0x02B2
2.71,0x1B,read,0x0D8,RAM_0x0D8,direct,12,0x00 0x01 0x0B 0x1B,0x0299 0x029A 0x029F 0x02A3
2.71,0x1B,read,0x0D9,RAM_0x0D9,direct,4,0x30 0x31 0x62,0x02A5
2.71,0x1B,write,0x003,STATUS,direct,30,0x00 0x04 0x18 0x1A 0x1C 0x1E 0x38 0x3A 0x3C 0x3E,0x0006 0x0017 0x0018 0x0038 0x0298 0x02A6 0x02AD 0x02B4 0x02B6 0x02B9 0x0775 0x0778 0x077A 0x077D 0x0DA6 0x0DAA 0x0DAD 0x0E64 0x0E66 0x0F19
2.71,0x1B,write,0x004,FSR,direct,3,0x8C 0xCE,0x001E 0x0024 0x002A
2.71,0x1B,write,0x00A,PCLATH,direct,7,0x00,0x000A 0x0036 0x0042 0x0043 0x019B 0x019C 0x0F18
2.71,0x1B,write,0x00C,PIR1,direct,1,0x59,0x019A
2.71,0x1B,write,0x019,TXREG,direct,6,0x0A 0x30 0x31 0x54 0x62,0x02AB 0x0774 0x0782
2.71,0x1B,write,0x020,RAM_0x020,direct,1,0x00,0x0009
2.71,0x1B,write,0x021,RAM_0x021,direct,1,0x81,0x0007
2.71,0x1B,write,0x022,RAM_0x022,direct,1,0xCE,0x000C
2.71,0x1B,write,0x023,RAM_0x023,direct,1,0x00,0x000E
2.71,0x1B,write,0x024,RAM_0x024,direct,1,0x77,0x0010
2.71,0x1B,write,0x025,RAM_0x025,direct,1,0x24,0x0012
2.71,0x1B,write,0x026,RAM_0x026,direct,1,0x00,0x0014
2.71,0x1B,write,0x027,RAM_0x027,direct,1,0x00,0x0016
2.71,0x1B,write,0x031,RAM_0x031,direct,1,0xD0,0x018B
2.71,0x1B,write,0x038,RAM_0x038,direct,1,0x00,0x0195
2.71,0x1B,write,0x077,RAM_0x077,direct,1,0x00,0x002C
2.71,0x1B,write,0x078,RAM_0x078,direct,1,0x77,0x002E
2.71,0x1B,write,0x079,RAM_0x079,direct,1,0x24,0x0030
2.71,0x1B,write,0x07A,RAM_0x07A,direct,1,0x00,0x0032
2.71,0x1B,write,0x07B,RAM_0x07B,direct,1,0x00,0x0034
2.71,0x1B,write,0x07F,RAM_0x07F,direct,2,0x13 0x31,0x0004 0x0039
2.71,0x1B,write,0x0A0,RAM_0x0A0,direct,1,0x1B,0x0DAE
2.71,0x1B,write,0x0C8,RAM_0x0C8,direct,2,0x00 0x1F,0x0E67 0x0EBD
2.71,0x1B,write,0x0CA,RAM_0x0CA,direct,1,0x1B,0x0DA8
2.71,0x1B,write,0x0CB,RAM_0x0CB,direct,2,0x7A 0x7B,0x0DA9 0x0EBE
2.71,0x1B,write,0x0D4,RAM_0x0D4,direct,1,0x1B,0x0F15
2.71,0x1B,write,0x0D5,RAM_0x0D5,direct,1,0x00,0x0F17
2.71,0x1B,write,0x0D6,RAM_0x0D6,direct,2,0x00 0x1B,0x0777 0x077C
2.71,0x1B,write,0x0D7,RAM_0x0D7,direct,4,0x00 0x01 0xB1,0x02AF 0x02B1
2.71,0x1B,write,0x0D8,RAM_0x0D8,direct,8,0x00 0x01 0x0B 0x1B,0x0299 0x02B3 0x02B8
2.71,0x1B,write,0x0D9,RAM_0x0D9,direct,4,0x30 0x31 0x62,0x02A0 0x02A4
2.71,0x1C,read,0x003,STATUS,direct,68,0x04 0x18 0x1A 0x1B 0x38 0x3A 0x3B 0x3F,0x0005 0x0017 0x0018 0x0196 0x0298 0x029C 0x02A6 0x02AD 0x02B4 0x02B6 0x02B9 0x0775 0x0778 0x077A 0x077D 0x0DA6 0x0DAA 0x0DAD 0x0DAF 0x0DC1 0x0DD1 0x0DDA 0x0DEA 0x0DF6 0x0E02 0x0E0B 0x0E17 0x0E20 0x0E29 0x0E32 0x0E43 0x0E4D 0x0E56 0x0E62 0x0E64 0x0E66 0x0E6A 0x0E72 0x0E78 0x0E80 0x0E88 0x0E90 0x0E98 0x0EA0 0x0EA9 0x0EB3 0x0EBA 0x0EC1 0x0EC3 0x0EC5 0x0ECA 0x0ED3 0x0F02 0x0F06 0x0F19
2.71,0x1C,read,0x004,FSR,direct,1,0xCE,0x000B
2.71,0x1C,read,0x00A,PCLATH,direct,6,0x00 0x08,0x0008 0x0042 0x0043 0x019B 0x019C 0x0F18
2.71,0x1C,read,0x00B,INTCON,direct,2,0x54,0x0019 0x001B
2.71,0x1C,read,0x00C,PIR1,direct,9,0x59 0x5B,0x0021 0x0027 0x019A 0x02A7 0x0772 0x0780
2.71,0x1C,read,0x020,RAM_0x020,direct,1,0x00,0x0035
2.71,0x1C,read,0x021,RAM_0x021,direct,1,0x83,0x0037
2.71,0x1C,read,0x022,RAM_0x022,direct,1,0xCE,0x0029
2.71,0x1C,read,0x023,RAM_0x023,direct,1,0x00,0x002B
2.71,0x1C,read,0x024,RAM_0x024,direct,1,0x77,0x002D
2.71,0x1C,read,0x025,RAM_0x025,direct,1,0x24,0x002F
2.71,0x1C,read,0x026,RAM_0x026,direct,1,0x00,0x0031
2.71,0x1C,read,0x027,RAM_0x027,direct,1,0x00,0x0033
2.71,0x1C,read,0x031,RAM_0x031,direct,1,0xCF,0x018B
2.71,0x1C,read,0x038,RAM_0x038,direct,1,0x00,0x0195
2.71,0x1C,read,0x03E,RAM_0x03E,direct,1,0x1F,0x0E65
2.71,0x1C,read,0x040,RAM_0x040,direct,1,0x24,0x0EC4
2.71,0x1C,read,0x04C,RAM_0x04C,direct,1,0x00,0x018F
2.71,0x1C,read,0x051,RAM_0x051,direct,1,0x00,0x0DAB
2.71,0x1C,read,0x077,RAM_0x077,direct,1,0x00,0x000D
2.71,0x1C,read,0x078,RAM_0x078,direct,1,0x77,0x000F
2.71,0x1C,read,0x079,RAM_0x079,direct,1,0x24,0x0011
2.71,0x1C,read,0x07A,RAM_0x07A,direct,1,0x00,0x0013
2.71,0x1C,read,0x07B,RAM_0x07B,direct,1,0x00,0x0015
2.71,0x1C,read,0x07F,RAM_0x07F,direct,2,0x13 0x31,0x0039 0x003A
2.71,0x1C,read,0x08C,PIE1,indirect,2,0x22,0x001F 0x0025
2.71,0x1C,read,0x0A0,RAM_0x0A0,direct,35,0x1C,0x0DA7 0x0DAE 0x0DB6 0x0DBF 0x0DCF 0x0DD8 0x0DE8 0x0DF4 0x0E00 0x0E09 0x0E15 0x0E1E 0x0E27 0x0E30 0x0E41 0x0E4B 0x0E54 0x0E60 0x0E68 0x0E70 0x0E76 0x0E7E 0x0E86 0x0E8E 0x0E96 0x0E9E 0x0EA7 0x0EB1 0x0EB8 0x0EBF 0x0EC8 0x0ED1 0x0F00 0x0F04 0x0F14
2.71,0x1C,read,0x0C8,RAM_0x0C8,direct,1,0x24,0x0F16
2.71,0x1C,read,0x0CB,RAM_0x0CB,direct,3,0x7A 0x7B,0x0DA9 0x0EC7 0x0F09
2.71,0x1C,read,0x0D4,RAM_0x0D4,direct,1,0x1C,0x0776
2.71,0x1C,read,0x0D5,RAM_0x0D5,direct,1,0x24,0x077B
2.71,0x1C,read,0x0D6,RAM_0x0D6,direct,4,0x1C 0x24,0x02AE 0x02B7
2.71,0x1C,read,0x0D7,RAM_0x0D7,direct,4,0x01 0x02 0x42 0xC1,0x02B1 0x02B2
2.71,0x1C,read,0x0D8,RAM_0x0D8,direct,12,0x01 0x02 0x04 0x0C 0x1C 0x24,0x0299 0x029A 0x029F 0x02A3
2.71,0x1C,read,0x0D9,RAM_0x0D9,direct,4,0x31 0x32 0x34 0x63,0x02A5
2.71,0x1C,write,0x003,STATUS,direct,32,0x00 0x04 0x18 0x1A 0x1F 0x38 0x3A 0x3B,0x0006 0x0017 0x0018 0x0038 0x0298 0x02A6 0x02AD 0x02B4 0x02B6 0x02B9 0x0775 0x0778 0x077A 0x077D 0x0DA6 0x0DAA 0x0DAD 0x0E64 0x0E66 0x0EC3 0x0EC5 0x0F19
2.71,0x1C,write,0x004,FSR,direct,3,0x8C 0xCE,0x001E 0x0024 0x002A
2.71,0x1C,write,0x00A,PCLATH,direct,7,0x00,0x000A 0x0036 0x0042 0x0043 0x019B 0x019C 0x0F18
2.71,0x1C,write,0x00C,PIR1,direct,1,0x59,0x019A
2.71,0x1C,write,0x019,TXREG,direct,6,0x0A 0x31 0x32 0x34 0x54 0x63,0x02AB 0x0774 0x0782
2.71,0x1C,write,0x020,RAM_0x020,direct,1,0x00,0x0009
2.71,0x1C,write,0x021,RAM_0x021,direct,1,0x83,0x0007
2.71,0x1C,write,0x022,RAM_0x022,direct,1,0xCE,0x000C
2.71,0x1C,write,0x023,RAM_0x023,direct,1,0x00,0x000E
2.71,0x1C,write,0x024,RAM_0x024,direct,1,0x77,0x0010
2.71,0x1C,write,0x025,RAM_0x025,direct,1,0x24,0x0012
2.71,0x1C,write,0x026,RAM_0x026,direct,1,0x00,0x0014
2.71,0x1C,write,0x027,RAM_0x027,direct,1,0x00,0x0016
2.71,0x1C,write,0x031,RAM_0x031,direct,1,0xD0,0x018B
2.71,0x1C,write,0x038,RAM_0x038,direct,1,0x00,0x0195
2.71,0x1C,write,0x077,RAM_0x077,direct,1,0x00,0x002C
2.71,0x1C,write,0x078,RAM_0x078,direct,1,0x77,0x002E
2.71,0x1C,write,0x079,RAM_0x079,direct,1,0x24,0x0030
2.71,0x1C,write,0x07A,RAM_0x07A,direct,1,0x00,0x0032
2.71,0x1C,write,0x07B,RAM_0x07B,direct,1,0x00,0x0034
2.71,0x1C,write,0x07F,RAM_0x07F,direct,2,0x13 0x31,0x0004 0x0039
2.71,0x1C,write,0x0A0,RAM_0x0A0,direct,1,0x1C,0x0DAE
2.71,0x1C,write,0x0C8,RAM_0x0C8,direct,2,0x1F 0x24,0x0E67 0x0EC6
2.71,0x1C,write,0x0CA,RAM_0x0CA,direct,1,0x1C,0x0DA8
2.71,0x1C,write,0x0CB,RAM_0x0CB,direct,2,0x7A 0x7B,0x0DA9 0x0EC7
2.71,0x1C,write,0x0D4,RAM_0x0D4,direct,1,0x1C,0x0F15
2.71,0x1C,write,0x0D5,RAM_0x0D5,direct,1,0x24,0x0F17
2.71,0x1C,write,0x0D6,RAM_0x0D6,direct,2,0x1C 0x24,0x0777 0x077C
2.71,0x1C,write,0x0D7,RAM_0x0D7,direct,4,0x01 0x02 0x42 0xC1,0x02AF 0x02B1
2.71,0x1C,write,0x0D8,RAM_0x0D8,direct,8,0x01 0x02 0x04 0x0C 0x1C 0x24,0x0299 0x02B3 0x02B8
2.71,0x1C,write,0x0D9,RAM_0x0D9,direct,4,0x31 0x32 0x34 0x63,0x02A0 0x02A4
2.71,0x1D,read,0x003,STATUS,direct,68,0x04 0x18 0x1A 0x1B 0x38 0x3A 0x3B 0x3F,0x0005 0x0017 0x0018 0x0196 0x0298 0x029C 0x02A6 0x02AD 0x02B4 0x02B6 0x02B9 0x0775 0x0778 0x077A 0x077D 0x0DA6 0x0DAA 0x0DAD 0x0DAF 0x0DC1 0x0DD1 0x0DDA 0x0DEA 0x0DF6 0x0E02 0x0E0B 0x0E17 0x0E20 0x0E29 0x0E32 0x0E43 0x0E4D 0x0E56 0x0E62 0x0E64 0x0E66 0x0E6A 0x0E72 0x0E78 0x0E80 0x0E88 0x0E90 0x0E98 0x0EA0 0x0EA9 0x0EB3 0x0EBA 0x0EC1 0x0ECA 0x0ECC 0x0ECE 0x0ED3 0x0F02 0x0F06 0x0F19
2.71,0x1D,read,0x004,FSR,direct,1,0xCE,0x000B
2.71,0x1D,read,0x00A,PCLATH,direct,6,0x00 0x08,0x0008 0x0042 0x0043 0x019B 0x019C 0x0F18
2.71,0x1D,read,0x00B,INTCON,direct,2,0x54,0x0019 0x001B
2.71,0x1D,read,0x00C,PIR1,direct,9,0x59 0x5B,0x0021 0x0027 0x019A 0x02A7 0x0772 0x0780
2.71,0x1D,read,0x020,RAM_0x020,direct,1,0x00,0x0035
2.71,0x1D,read,0x021,RAM_0x021,direct,1,0x83,0x0037
2.71,0x1D,read,0x022,RAM_0x022,direct,1,0xCE,0x0029
2.71,0x1D,read,0x023,RAM_0x023,direct,1,0x00,0x002B
2.71,0x1D,read,0x024,RAM_0x024,direct,1,0x77,0x002D
2.71,0x1D,read,0x025,RAM_0x025,direct,1,0x24,0x002F
2.71,0x1D,read,0x026,RAM_0x026,direct,1,0x00,0x0031
2.71,0x1D,read,0x027,RAM_0x027,direct,1,0x00,0x0033
2.71,0x1D,read,0x031,RAM_0x031,direct,1,0xCF,0x018B
2.71,0x1D,read,0x038,RAM_0x038,direct,1,0x00,0x0195
2.71,0x1D,read,0x03E,RAM_0x03E,direct,1,0x1F,0x0E65
2.71,0x1D,read,0x03F,RAM_0x03F,direct,1,0x2C,0x0ECD
2.71,0x1D,read,0x04C,RAM_0x04C,direct,1,0x00,0x018F
2.71,0x1D,read,0x051,RAM_0x051,direct,1,0x00,0x0DAB
2.71,0x1D,read,0x077,RAM_0x077,direct,1,0x00,0x000D
2.71,0x1D,read,0x078,RAM_0x078,direct,1,0x77,0x000F
2.71,0x1D,read,0x079,RAM_0x079,direct,1,0x24,0x0011
2.71,0x1D,read,0x07A,RAM_0x07A,direct,1,0x00,0x0013
2.71,0x1D,read,0x07B,RAM_0x07B,direct,1,0x00,0x0015
2.71,0x1D,read,0x07F,RAM_0x07F,direct,2,0x13 0x31,0x0039 0x003A
2.71,0x1D,read,0x08C,PIE1,indirect,2,0x22,0x001F 0x0025
2.71,0x1D,read,0x0A0,RAM_0x0A0,direct,35,0x1D,0x0DA7 0x0DAE 0x0DB6 0x0DBF 0x0DCF 0x0DD8 0x0DE8 0x0DF4 0x0E00 0x0E09 0x0E15 0x0E1E 0x0E27 0x0E30 0x0E41 0x0E4B 0x0E54 0x0E60 0x0E68 0x0E70 0x0E76 0x0E7E 0x0E86 0x0E8E 0x0E96 0x0E9E 0x0EA7 0x0EB1 0x0EB8 0x0EBF 0x0EC8 0x0ED1 0x0F00 0x0F04 0x0F14
2.71,0x1D,read,0x0C8,RAM_0x0C8,direct,1,0x2C,0x0F16
2.71,0x1D,read,0x0CB,RAM_0x0CB,direct,3,0x7A 0x7B,0x0DA9 0x0ED0 0x0F09
2.71,0x1D,read,0x0D4,RAM_0x0D4,direct,1,0x1D,0x0776
2.71,0x1D,read,0x0D5,RAM_0x0D5,direct,1,0x2C,0x077B
2.71,0x1D,read,0x0D6,RAM_0x0D6,direct,4,0x1D 0x2C,0x02AE 0x02B7
2.71,0x1D,read,0x0D7,RAM_0x0D7,direct,4,0x01 0x02 0xC2 0xD1,0x02B1 0x02B2
2.71,0x1D,read,0x0D8,RAM_0x0D8,direct,12,0x01 0x02 0x0C 0x0D 0x1D 0x2C,0x0299 0x029A 0x029F 0x02A3
2.71,0x1D,read,0x0D9,RAM_0x0D9,direct,4,0x31 0x32 0x63 0x64,0x02A5
2.71,0x1D,write,0x003,STATUS,direct,32,0x00 0x04 0x18 0x1A 0x1F 0x38 0x3A 0x3B,0x0006 0x0017 0x0018 0x0038 0x0298 0x02A6 0x02AD 0x02B4 0x02B6 0x02B9 0x0775 0x0778 0x077A 0x077D 0x0DA6 0x0DAA 0x0DAD 0x0E64 0x0E66 0x0ECC 0x0ECE 0x0F19
2.71,0x1D,write,0x004,FSR,direct,3,0x8C 0xCE,0x001E 0x0024 0x002A
2.71,0x1D,write,0x00A,PCLATH,direct,7,0x00,0x000A 0x0036 0x0042 0x0043 0x019B 0x019C 0x0F18
2.71,0x1D,write,0x00C,PIR1,direct,1,0x59,0x019A
2.71,0x1D,write,0x019,TXREG,direct,6,0x0A 0x31 0x32 0x54 0x63 0x64,0x02AB 0x0774 0x0782
2.71,0x1D,write,0x020,RAM_0x020,direct,1,0x00,0x0009
2.71,0x1D,write,0x021,RAM_0x021,direct,1,0x83,0x0007
2.71,0x1D,write,0x022,RAM_0x022,direct,1,0xCE,0x000C
2.71,0x1D,write,0x023,RAM_0x023,direct,1,0x00,0x000E
2.71,0x1D,write,0x024,RAM_0x024,direct,1,0x77,0x0010
2.71,0x1D,write,0x025,RAM_0x025,direct,1,0x24,0x0012
2.71,0x1D,write,0x026,RAM_0x026,direct,1,0x00,0x0014
2.71,0x1D,write,0x027,RAM_0x027,direct,1,0x00,0x0016
2.71,0x1D,write,0x031,RAM_0x031,direct,1,0xD0,0x018B
2.71,0x1D,write,0x038,RAM_0x038,direct,1,0x00,0x0195
2.71,0x1D,write,0x077,RAM_0x077,direct,1,0x00,0x002C
2.71,0x1D,write,0x078,RAM_0x078,direct,1,0x77,0x002E
2.71,0x1D,write,0x079,RAM_0x079,direct,1,0x24,0x0030
2.71,0x1D,write,0x07A,RAM_0x07A,direct,1,0x00,0x0032
2.71,0x1D,write,0x07B,RAM_0x07B,direct,1,0x00,0x0034
2.71,0x1D,write,0x07F,RAM_0x07F,direct,2,0x13 0x31,0x0004 0x0039
2.71,0x1D,write,0x0A0,RAM_0x0A0,direct,1,0x1D,0x0DAE
2.71,0x1D,write,0x0C8,RAM_0x0C8,direct,2,0x1F 0x2C,0x0E67 0x0ECF
2.71,0x1D,write,0x0CA,RAM_0x0CA,direct,1,0x1D,0x0DA8
2.71,0x1D,write,0x0CB,RAM_0x0CB,direct,2,0x7A 0x7B,0x0DA9 0x0ED0
2.71,0x1D,write,0x0D4,RAM_0x0D4,direct,1,0x1D,0x0F15
2.71,0x1D,write,0x0D5,RAM_0x0D5,direct,1,0x2C,0x0F17
2.71,0x1D,write,0x0D6,RAM_0x0D6,direct,2,0x1D 0x2C,0x0777 0x077C
2.71,0x1D,write,0x0D7,RAM_0x0D7,direct,4,0x01 0x02 0xC2 0xD1,0x02AF 0x02B1
2.71,0x1D,write,0x0D8,RAM_0x0D8,direct,8,0x01 0x02 0x0C 0x0D 0x1D 0x2C,0x0299 0x02B3 0x02B8
2.71,0x1D,write,0x0D9,RAM_0x0D9,direct,4,0x31 0x32 0x63 0x64,0x02A0 0x02A4
2.71,0x1E,read,0x002,PCL,direct,3,0x49,0x0048
2.71,0x1E,read,0x003,STATUS,direct,285,0x04 0x18 0x1A 0x1B 0x1C 0x1E 0x1F 0x38 0x39 0x3A 0x3B 0x3C 0x3D 0x3E 0x3F 0x58 0x78,0x0005 0x0017 0x0018 0x0196 0x0298 0x029C 0x02A6 0x02AD 0x02B4 0x02B6 0x02B9 0x03BA 0x03C0 0x03C4 0x03CE 0x03D3 0x03D5 0x03D6 0x03D8 0x03D9 0x03DB 0x03DE 0x03E0 0x03E1 0x03E5 0x03E7 0x03F0 0x03F8 0x03FD 0x0406 0x040C 0x0411 0x0418 0x0420 0x04A6 0x04A8 0x04AB 0x04AF 0x04B6 0x04BA 0x04C8 0x0775 0x0778 0x077A 0x077D 0x08CC 0x08D0 0x08D4 0x08D8 0x08E5 0x0914 0x0916 0x0919 0x0922 0x0925 0x092F 0x09CA 0x09CF 0x09D3 0x09D7 0x09E1 0x09E2 0x09E8 0x09EB 0x09EF 0x09F3 0x09F9 0x0A03 0x0A05 0x0A08 0x0A16 0x0A18 0x0A1A 0x0A1C 0x0A2E 0x0A30 0x0A32 0x0A34 0x0A3B 0x0A44 0x0A4C 0x0A50 0x0DA6 0x0DAA 0x0DAD 0x0DAF 0x0DC1 0x0DD1 0x0DDA 0x0DEA 0x0DF6 0x0E02 0x0E0B 0x0E17 0x0E20 0x0E29 0x0E32 0x0E43 0x0E4D 0x0E56 0x0E62 0x0E64 0x0E66 0x0E6A 0x0E72 0x0E78 0x0E80 0x0E88 0x0E90 0x0E98 0x0EA0 0x0EA9 0x0EB3 0x0EBA 0x0EC1 0x0ECA 0x0ED3 0x0ED5 0x0ED8 0x0EE0 0x0EE4 0x0EED 0x0EF1 0x0F02 0x0F06 0x0F19
2.71,0x1E,read,0x004,FSR,direct,6,0xCE,0x000B
2.71,0x1E,read,0x00A,PCLATH,direct,58,0x00 0x08,0x0008 0x0042 0x0043 0x0045 0x0046 0x0047 0x019B 0x019C 0x08CF 0x08D2 0x0921 0x0924 0x092E 0x0931 0x09E7 0x09EA 0x09EE 0x09F1 0x09F8 0x09FB 0x0A3A 0x0A3D 0x0EDF 0x0EE2 0x0EEC 0x0EEF 0x0F18
2.71,0x1E,read,0x00B,INTCON,direct,12,0x54,0x0019 0x001B
2.71,0x1E,read,0x00C,PIR1,direct,24,0x59 0x5B,0x0021 0x0027 0x019A 0x02A7 0x0772 0x0780
2.71,0x1E,read,0x020,RAM_0x020,direct,6,0x00 0x08,0x0035
2.71,0x1E,read,0x021,RAM_0x021,direct,6,0x83 0xB3 0xC1 0xC3,0x0037
2.71,0x1E,read,0x022,RAM_0x022,direct,6,0xCE,0x0029
2.71,0x1E,read,0x023,RAM_0x023,direct,6,0x00 0x01 0x0F,0x002B
2.71,0x1E,read,0x024,RAM_0x024,direct,6,0x00 0x09 0x28 0xC1 0xF7,0x002D
2.71,0x1E,read,0x025,RAM_0x025,direct,6,0x00 0x24 0xA0,0x002F
2.71,0x1E,read,0x026,RAM_0x026,direct,6,0x00,0x0031
2.71,0x1E,read,0x027,RAM_0x027,direct,6,0x00,0x0033
2.71,0x1E,read,0x031,RAM_0x031,direct,6,0xCF 0xD0 0xD1 0xD2 0xD3 0xD4,0x018B
2.71,0x1E,read,0x038,RAM_0x038,direct,6,0x00,0x0195
2.71,0x1E,read,0x039,RAM_0x039,direct,1,0x00,0x0A33
2.71,0x1E,read,0x03A,RAM_0x03A,direct,2,0x00,0x0A17 0x0A2F
2.71,0x1E,read,0x03E,RAM_0x03E,direct,1,0x1F,0x0E65
2.71,0x1E,read,0x04C,RAM_0x04C,direct,8,0x00,0x018F 0x09D1 0x09D8
2.71,0x1E,read,0x051,RAM_0x051,direct,4,0x00,0x03D0 0x0DAB
2.71,0x1E,read,0x06B,RAM_0x06B,direct,1,0x00,0x09FD
2.71,0x1E,read,0x077,RAM_0x077,direct,76,0x00 0x01 0x03 0x07 0x0A 0x0D 0x0F 0x19 0x1F 0x32 0x3E 0x40 0x64 0x7D 0x80 0x8D 0xD8,0x000D 0x03C3 0x03C9 0x03F6 0x0404 0x04B2 0x04B9 0x09FF 0x0A01 0x0A02 0x0A4B
2.71,0x1E,read,0x078,RAM_0x078,direct,47,0x00 0x01 0x02 0x04 0x09 0x12 0x19 0x23 0x24 0x28 0x29 0x30 0x32 0x46 0x48 0x64 0x80 0x8C 0x91 0xBE 0xC1 0xF7,0x000F 0x03CB 0x04C3 0x08D3 0x0918 0x092A 0x0932 0x0A0A 0x0A40 0x0ED7 0x0EE3 0x0EF3
2.71,0x1E,read,0x079,RAM_0x079,direct,45,0x00 0x01 0x02 0x04 0x09 0x12 0x24 0x3D 0x3E 0x40 0x7B 0x7D 0x80 0xA0 0xD0 0xE8 0xF4 0xFA,0x0011 0x03CA 0x04C4 0x0928 0x0A07 0x0A3E 0x0A43 0x0EF0 0x0EFA 0x0EFB
2.71,0x1E,read,0x07A,RAM_0x07A,direct,73,0x00,0x0013 0x03C7 0x03C8 0x03F7 0x0405 0x04B3 0x04B5 0x0EF9
2.71,0x1E,read,0x07B,RAM_0x07B,direct,6,0x00,0x0015
2.71,0x1E,read,0x07E,RAM_0x07E,direct,1,0x0F,0x08CA
2.71,0x1E,read,0x07F,RAM_0x07F,direct,12,0x00 0x01 0x06 0x10 0x60,0x0039 0x003A
2.71,0x1E,read,0x08C,PIE1,indirect,12,0x22,0x001F 0x0025
2.71,0x1E,read,0x0A0,RAM_0x0A0,direct,35,0x1E,0x0DA7 0x0DAE 0x0DB6 0x0DBF 0x0DCF 0x0DD8 0x0DE8 0x0DF4 0x0E00 0x0E09 0x0E15 0x0E1E 0x0E27 0x0E30 0x0E41 0x0E4B 0x0E54 0x0E60 0x0E68 0x0E70 0x0E76 0x0E7E 0x0E86 0x0E8E 0x0E96 0x0E9E 0x0EA7 0x0EB1 0x0EB8 0x0EBF 0x0EC8 0x0ED1 0x0F00 0x0F04 0x0F14
2.71,0x1E,read,0x0A1,RAM_0x0A1,direct,1,0x3D,0x0EFD
2.71,0x1E,read,0x0C8,RAM_0x0C8,direct,1,0x3D,0x0F16
2.71,0x1E,read,0x0CB,RAM_0x0CB,direct,3,0x7A 0x7B,0x0DA9 0x0EFF 0x0F09
2.71,0x1E,read,0x0CC,RAM_0x0CC,direct,3,0x12 0x1F 0x29,0x0A04 0x0A4D 0x0A4E
2.71,0x1E,read,0x0CD,RAM_0x0CD,direct,7,0x00 0x52 0xA4,0x09D5 0x09E3 0x09ED 0x09F7 0x0EDA 0x0EDC 0x0EE7
2.71,0x1E,read,0x0CE,RAM_0x0CE,direct,3,0x00 0xC1 0xF7,0x09E6 0x0EEA 0x0EF7
2.71,0x1E,read,0x0CF,RAM_0x0CF,direct,7,0x00 0x40 0xA0 0xD0 0xE8 0xF4 0xFA,0x0A11 0x0A13 0x0A27 0x0A29 0x0A2B 0x0A38 0x0EF5
2.71,0x1E,read,0x0D0,RAM_0x0D0,direct,9,0x00 0x07 0x0F 0x1F 0x20 0x41 0x83,0x0A10 0x0A12 0x0A15 0x0A19 0x0A26 0x0A28 0x0A2A 0x0A2D 0x0A36
2.71,0x1E,read,0x0D1,RAM_0x0D1,direct,3,0x12 0x80,0x09CB 0x09F5 0x0A0E
2.71,0x1E,read,0x0D2,RAM_0x0D2,direct,3,0x28 0x3E,0x09CD 0x09F4 0x0A0C
2.71,0x1E,read,0x0D4,RAM_0x0D4,direct,17,0x00 0x1E,0x04B0 0x0776
2.71,0x1E,read,0x0D5,RAM_0x0D5,direct,18,0x00 0x3D 0x64,0x04B1 0x077B 0x091F
2.71,0x1E,read,0x0D6,RAM_0x0D6,direct,38,0x00 0x01 0x02 0x05 0x0A 0x14 0x1E 0x20 0x28 0x3D 0x40 0x50 0x64 0x80 0x90 0xA0 0xFA,0x02AE 0x02B7 0x03BF 0x04AA 0x04B8 0x08CD
2.71,0x1E,read,0x0D7,RAM_0x0D7,direct,39,0x00 0x01 0x03 0x19 0x20 0x23 0x32 0x40 0x46 0x64 0x80 0x8C 0x90 0x91 0xBE 0xC8 0xD3 0xE1,0x02B1 0x02B2 0x03BE 0x04A7 0x04B4 0x08D6 0x08DC
2.71,0x1E,read,0x0D8,RAM_0x0D8,direct,30,0x01 0x02 0x03 0x04 0x05 0x06 0x07 0x08 0x09 0x0A 0x0B 0x0C 0x0D 0x0E 0x0F 0x10 0x1E 0x3D 0x64,0x0299 0x029A 0x029F 0x02A3 0x03C2 0x04C5
2.71,0x1E,read,0x0D9,RAM_0x0D9,direct,6,0x00 0x31 0x33 0x64 0x65,0x02A5 0x03C6
2.71,0x1E,read,0x0DA,RAM_0x0DA,direct,41,0x01 0x02 0x03 0x04 0x05 0x06 0x07 0x08 0x09 0x0A 0x0B 0x0C 0x0D 0x0E 0x0F 0x10 0x14 0x29 0x52 0x64 0x6B 0x6E 0x94 0x9B 0x9E 0xA4,0x03CC 0x03D4 0x03D7 0x03FA 0x0400 0x040E
2.71,0x1E,read,0x0DB,RAM_0x0DB,direct,14,0x00 0x30 0xBE 0xC1,0x03E3 0x03FC 0x040D
2.71,0x1E,read,0x0DC,RAM_0x0DC,direct,8,0xC1,0x03F2
2.71,0x1E,read,0x0DE,RAM_0x0DE,direct,4,0x00 0xA4 0xF6 0xF7,0x03FB 0x041C
2.71,0x1E,read,0x0DF,RAM_0x0DF,direct,4,0x00,0x03FF 0x041E
2.71,0x1E,read,0x0E0,RAM_0x0E0,direct,22,0x01 0x02 0x04 0x08 0x10 0x20 0x40 0x80,0x03F3 0x0408 0x040A 0x0419
2.71,0x1E,read,0x0E1,RAM_0x0E1,direct,14,0x00 0x20 0x40 0x44 0x48 0x49 0x4A,0x0409 0x040B 0x040F
2.71,0x1E,read,0x0E2,RAM_0x0E2,direct,17,0x00 0x01 0x02 0x03 0x04 0x05 0x06 0x07 0x08,0x03EE 0x041A
2.71,0x1E,read,0x10C,EEDATA,direct,3,0x30 0xBE 0xC1,0x03DF
2.71,0x1E,read,0x18C,EECON1,direct,6,0x00,0x03DC 0x03DD
2.71,0x1E,write,0x002,PCL,direct,3,0x49,0x0048
2.71,0x1E,write,0x003,STATUS,direct,157,0x00 0x04 0x18 0x1A 0x1C 0x1E 0x1F 0x38 0x3A 0x3B 0x3C 0x3E 0x3F 0x58 0x78,0x0006 0x0017 0x0018 0x0038 0x0298 0x02A6 0x02AD 0x02B4 0x02B6 0x02B9 0x03BA 0x03CE 0x03D3 0x03D5 0x03D6 0x03D8 0x03D9 0x03DB 0x03DE 0x03E0 0x03E1 0x03E5 0x03E7 0x040C 0x0418 0x0420 0x04A6 0x04AF 0x04C8 0x0775 0x0778 0x077A 0x077D 0x08CC 0x08D0 0x08D4 0x08E5 0x0914 0x0916 0x0919 0x0922 0x0925 0x092F 0x09CA 0x09CF 0x09D3 0x09D7 0x09E1 0x09E2 0x09E8 0x09EB 0x09EF 0x09F3 0x09F9 0x0A03 0x0A05 0x0A08 0x0A16 0x0A18 0x0A2E 0x0A30 0x0A32 0x0A34 0x0A3B 0x0A4C 0x0A50 0x0DA6 0x0DAA 0x0DAD 0x0E64 0x0E66 0x0ED5 0x0ED8 0x0EE0 0x0EE4 0x0EED 0x0EF1 0x0F19
2.71,0x1E,write,0x004,FSR,direct,18,0x8C 0xCE,0x001E 0x0024 0x002A
2.71,0x1E,write,0x00A,PCLATH,direct,64,0x00 0x08,0x000A 0x0036 0x0042 0x0043 0x0045 0x0046 0x0047 0x019B 0x019C 0x08CF 0x08D2 0x0921 0x0924 0x092E 0x0931 0x09E7 0x09EA 0x09EE 0x09F1 0x09F8 0x09FB 0x0A3A 0x0A3D 0x0EDF 0x0EE2 0x0EEC 0x0EEF 0x0F18
2.71,0x1E,write,0x00C,PIR1,direct,6,0x59,0x019A
2.71,0x1E,write,0x019,TXREG,direct,6,0x0A 0x31 0x33 0x54 0x64 0x65,0x02AB 0x0774 0x0782
2.71,0x1E,write,0x020,RAM_0x020,direct,6,0x00 0x08,0x0009
2.71,0x1E,write,0x021,RAM_0x021,direct,6,0x83 0xB3 0xC1 0xC3,0x0007
2.71,0x1E,write,0x022,RAM_0x022,direct,6,0xCE,0x000C
2.71,0x1E,write,0x023,RAM_0x023,direct,6,0x00 0x01 0x0F,0x000E
2.71,0x1E,write,0x024,RAM_0x024,direct,6,0x00 0x09 0x28 0xC1 0xF7,0x0010
2.71,0x1E,write,0x025,RAM_0x025,direct,6,0x00 0x24 0xA0,0x0012
2.71,0x1E,write,0x026,RAM_0x026,direct,6,0x00,0x0014
2.71,0x1E,write,0x027,RAM_0x027,direct,6,0x00,0x0016
2.71,0x1E,write,0x031,RAM_0x031,direct,6,0xD0 0xD1 0xD2 0xD3 0xD4 0xD5,0x018B
2.71,0x1E,write,0x038,RAM_0x038,direct,6,0x00,0x0195
2.71,0x1E,write,0x077,RAM_0x077,direct,62,0x00 0x01 0x03 0x07 0x0A 0x0D 0x0F 0x19 0x1F 0x32 0x3E 0x40 0x64 0x7D 0x80 0x8D 0xD8,0x002C 0x03BC 0x03C3 0x03C9 0x03F4 0x0402 0x04A4 0x04B2 0x09FE 0x09FF 0x0A01 0x0A42
2.71,0x1E,write,0x078,RAM_0x078,direct,48,0x00 0x01 0x02 0x04 0x09 0x12 0x19 0x23 0x24 0x28 0x29 0x30 0x32 0x46 0x48 0x64 0x80 0x8C 0x91 0xBE 0xC1 0xF7,0x002E 0x03CB 0x03E4 0x041D 0x04A2 0x04C3 0x08DD 0x09CC 0x09F2 0x09FC 0x0A4F
2.71,0x1E,write,0x079,RAM_0x079,direct,43,0x00 0x01 0x02 0x04 0x09 0x12 0x24 0x3D 0x3E 0x40 0x7B 0x7D 0x80 0xA0 0xD0 0xE8 0xF4 0xFA,0x0030 0x03CA 0x041F 0x04A3 0x04C4 0x09CE 0x0EF8 0x0EFA
2.71,0x1E,write,0x07A,RAM_0x07A,direct,62,0x00 0x80,0x0032 0x03BD 0x03C7 0x03C8 0x03F5 0x0403 0x04A5 0x04B3 0x0A3F 0x0A4A 0x0EF6 0x0EF9
2.71,0x1E,write,0x07B,RAM_0x07B,direct,6,0x00,0x0034
2.71,0x1E,write,0x07F,RAM_0x07F,direct,12,0x00 0x01 0x06 0x10 0x60,0x0004 0x0039
2.71,0x1E,write,0x0A0,RAM_0x0A0,direct,1,0x1E,0x0DAE
2.71,0x1E,write,0x0A1,RAM_0x0A1,direct,1,0x3D,0x0EFC
2.71,0x1E,write,0x0C8,RAM_0x0C8,direct,2,0x1F 0x3D,0x0E67 0x0EFE
2.71,0x1E,write,0x0CA,RAM_0x0CA,direct,1,0x1E,0x0DA8
2.71,0x1E,write,0x0CB,RAM_0x0CB,direct,2,0x7A 0x7B,0x0DA9 0x0EFF
2.71,0x1E,write,0x0CC,RAM_0x0CC,direct,3,0x12 0x1F 0x29,0x09F6 0x0A04 0x0A4D
2.71,0x1E,write,0x0CD,RAM_0x0CD,direct,4,0x00 0x52 0xA4,0x09D4 0x0ED9 0x0EDA 0x0EDC
2.71,0x1E,write,0x0CE,RAM_0x0CE,direct,3,0x00 0xC1 0xF7,0x09D6 0x0EE5 0x0EF4
2.71,0x1E,write,0x0CF,RAM_0x0CF,direct,7,0x00 0x40 0xA0 0xD0 0xE8 0xF4 0xFA,0x0A0F 0x0A11 0x0A13 0x0A27 0x0A29 0x0A2B 0x0EF2
2.71,0x1E,write,0x0D0,RAM_0x0D0,direct,8,0x00 0x07 0x0F 0x1F 0x20 0x41 0x83,0x0A0D 0x0A10 0x0A12 0x0A15 0x0A26 0x0A28 0x0A2A 0x0A2D
2.71,0x1E,write,0x0D1,RAM_0x0D1,direct,3,0x12 0x80,0x092B 0x09E5 0x0A0B
2.71,0x1E,write,0x0D2,RAM_0x0D2,direct,3,0x28 0x3E,0x0929 0x09EC 0x0A09
2.71,0x1E,write,0x0D3,RAM_0x0D3,direct,1,0x00,0x0927
2.71,0x1E,write,0x0D4,RAM_0x0D4,direct,19,0x00 0x1E,0x04B0 0x0926 0x0A35 0x0F15
2.71,0x1E,write,0x0D5,RAM_0x0D5,direct,19,0x00 0x3D 0x64,0x04B1 0x091A 0x0A31 0x0F17
2.71,0x1E,write,0x0D6,RAM_0x0D6,direct,21,0x00 0x01 0x02 0x05 0x0A 0x14 0x1E 0x20 0x28 0x3D 0x40 0x50 0x64 0x80 0x90 0xA0 0xC8 0xFA,0x03BF 0x0777 0x077C 0x0915 0x091D 0x0A39
2.71,0x1E,write,0x0D7,RAM_0x0D7,direct,24,0x00 0x01 0x03 0x19 0x20 0x23 0x32 0x40 0x46 0x48 0x64 0x80 0x8C 0x90 0x91 0xBE 0xC8 0xD3 0xE1,0x02AF 0x02B1 0x03BE 0x08D5 0x08DB 0x091B 0x0A37
2.71,0x1E,write,0x0D8,RAM_0x0D8,direct,26,0x00 0x01 0x02 0x03 0x04 0x05 0x06 0x07 0x08 0x09 0x0A 0x0B 0x0C 0x0D 0x0E 0x0F 0x10 0x1E 0x3D 0x64,0x0299 0x02B3 0x02B8 0x04AE 0x04C5 0x0920
2.71,0x1E,write,0x0D9,RAM_0x0D9,direct,5,0x00 0x31 0x33 0x64 0x65,0x02A0 0x02A4 0x091E
2.71,0x1E,write,0x0DA,RAM_0x0DA,direct,32,0x00 0x01 0x02 0x03 0x04 0x05 0x06 0x07 0x08 0x09 0x0A 0x0B 0x0C 0x0D 0x0E 0x0F 0x10 0x14 0x29 0x52 0x64 0x6B 0x6E 0x94 0x9B 0x9E 0xA4,0x03BB 0x03CC 0x03D4 0x040E 0x08CE 0x092D 0x0EDE 0x0EE8
2.71,0x1E,write,0x0DB,RAM_0x0DB,direct,12,0x00 0x30 0xBE 0xC1,0x03E2 0x040D 0x0EE6
2.71,0x1E,write,0x0DC,RAM_0x0DC,direct,1,0xC1,0x0EEB
2.71,0x1E,write,0x0DD,RAM_0x0DD,direct,1,0x00,0x0EE9
2.71,0x1E,write,0x0DE,RAM_0x0DE,direct,4,0x00 0xA4 0xF6 0xF7,0x03EA 0x03FB
2.71,0x1E,write,0x0DF,RAM_0x0DF,direct,4,0x00,0x03E9 0x03FF
2.71,0x1E,write,0x0E0,RAM_0x0E0,direct,9,0x00 0x01 0x02 0x04 0x08 0x10 0x20 0x40 0x80,0x03EC 0x0419
2.71,0x1E,write,0x0E1,RAM_0x0E1,direct,7,0x00 0x20 0x40 0x44 0x48 0x49 0x4A,0x03E8 0x0409 0x040B
2.71,0x1E,write,0x0E2,RAM_0x0E2,direct,9,0x00 0x01 0x02 0x03 0x04 0x05 0x06 0x07 0x08,0x03ED 0x041A
2.71,0x1E,write,0x10D,EEADR,direct,3,0x94 0x9B 0x9E,0x03DA
2.71,0x1E,write,0x18C,EECON1,direct,6,0x00 0x01,0x03DC 0x03DD
